Seed,SubjectLabel,SubjectID,Variant,Metric,Unit,Value
20260821,P0001,1,FiLM-SIREN E130,FullSphereERB,dB,0.91029299688988496
20260821,P0001,1,FiLM-SIREN E130,Contralateral25ERB,dB,1.3835701116172801
20260821,P0001,1,FiLM-SIREN E130,ERBBandILDMean,dB,1.8976327180862427
20260821,P0001,1,FiLM-SIREN E130,ITDWeightedMAE,us,15.816108059594232
20260821,P0001,1,FiLM-SIREN E130,FullSphereLSD,dB,4.0455046387212743
20260821,P0001,1,FiLM-SIREN E130,HFFirstDifferenceMAE,dB/bin,0.57334160804748535
20260821,P0001,1,FiLM-SIREN E130,HFSecondDifferenceMAE,dB/bin^2,0.38214731216430664
20260821,P0001,1,FiLM-SIREN E130,MultiScaleNotchDepthMAE,dB,0.62242406606674194
20260821,P0001,1,FSC E190,FullSphereERB,dB,0.87520054298232997
20260821,P0001,1,FSC E190,Contralateral25ERB,dB,1.36503031402502
20260821,P0001,1,FSC E190,ERBBandILDMean,dB,1.7876070737838745
20260821,P0001,1,FSC E190,ITDWeightedMAE,us,15.801793535016213
20260821,P0001,1,FSC E190,FullSphereLSD,dB,3.8041966862285919
20260821,P0001,1,FSC E190,HFFirstDifferenceMAE,dB/bin,0.48500761389732361
20260821,P0001,1,FSC E190,HFSecondDifferenceMAE,dB/bin^2,0.296272873878479
20260821,P0001,1,FSC E190,MultiScaleNotchDepthMAE,dB,0.54804784059524536
20260822,P0001,1,FiLM-SIREN E130,FullSphereERB,dB,0.90485486729961095
20260822,P0001,1,FiLM-SIREN E130,Contralateral25ERB,dB,1.3891277798150601
20260822,P0001,1,FiLM-SIREN E130,ERBBandILDMean,dB,1.86468505859375
20260822,P0001,1,FiLM-SIREN E130,ITDWeightedMAE,us,15.918293967281194
20260822,P0001,1,FiLM-SIREN E130,FullSphereLSD,dB,4.0603277841442038
20260822,P0001,1,FiLM-SIREN E130,HFFirstDifferenceMAE,dB/bin,0.57035207748413086
20260822,P0001,1,FiLM-SIREN E130,HFSecondDifferenceMAE,dB/bin^2,0.37560358643531799
20260822,P0001,1,FiLM-SIREN E130,MultiScaleNotchDepthMAE,dB,0.6178632378578186
20260822,P0001,1,FSC E190,FullSphereERB,dB,0.87636829928181204
20260822,P0001,1,FSC E190,Contralateral25ERB,dB,1.3684697766332601
20260822,P0001,1,FSC E190,ERBBandILDMean,dB,1.7643001079559326
20260822,P0001,1,FSC E190,ITDWeightedMAE,us,15.938081105103088
20260822,P0001,1,FSC E190,FullSphereLSD,dB,3.8482593232679281
20260822,P0001,1,FSC E190,HFFirstDifferenceMAE,dB/bin,0.48205870389938354
20260822,P0001,1,FSC E190,HFSecondDifferenceMAE,dB/bin^2,0.29172912240028381
20260822,P0001,1,FSC E190,MultiScaleNotchDepthMAE,dB,0.54536342620849609
20260823,P0001,1,FiLM-SIREN E130,FullSphereERB,dB,0.90257954376803196
20260823,P0001,1,FiLM-SIREN E130,Contralateral25ERB,dB,1.35331681401452
20260823,P0001,1,FiLM-SIREN E130,ERBBandILDMean,dB,1.9357755184173584
20260823,P0001,1,FiLM-SIREN E130,ITDWeightedMAE,us,15.819558494830227
20260823,P0001,1,FiLM-SIREN E130,FullSphereLSD,dB,4.0434745875221907
20260823,P0001,1,FiLM-SIREN E130,HFFirstDifferenceMAE,dB/bin,0.56631177663803101
20260823,P0001,1,FiLM-SIREN E130,HFSecondDifferenceMAE,dB/bin^2,0.37014719843864441
20260823,P0001,1,FiLM-SIREN E130,MultiScaleNotchDepthMAE,dB,0.61647111177444458
20260823,P0001,1,FSC E190,FullSphereERB,dB,0.87897872786648201
20260823,P0001,1,FSC E190,Contralateral25ERB,dB,1.3419781890718301
20260823,P0001,1,FSC E190,ERBBandILDMean,dB,1.8378900289535522
20260823,P0001,1,FSC E190,ITDWeightedMAE,us,15.743733612612939
20260823,P0001,1,FSC E190,FullSphereLSD,dB,3.826130679656357
20260823,P0001,1,FSC E190,HFFirstDifferenceMAE,dB/bin,0.48475071787834167
20260823,P0001,1,FSC E190,HFSecondDifferenceMAE,dB/bin^2,0.29412424564361572
20260823,P0001,1,FSC E190,MultiScaleNotchDepthMAE,dB,0.54786854982376099
20260821,P0012,12,FiLM-SIREN E130,FullSphereERB,dB,0.82832887288250101
20260821,P0012,12,FiLM-SIREN E130,Contralateral25ERB,dB,1.1022630252760901
20260821,P0012,12,FiLM-SIREN E130,ERBBandILDMean,dB,1.5892490148544312
20260821,P0012,12,FiLM-SIREN E130,ITDWeightedMAE,us,14.351433197889468
20260821,P0012,12,FiLM-SIREN E130,FullSphereLSD,dB,4.1292279817840196
20260821,P0012,12,FiLM-SIREN E130,HFFirstDifferenceMAE,dB/bin,0.52006047964096069
20260821,P0012,12,FiLM-SIREN E130,HFSecondDifferenceMAE,dB/bin^2,0.33967453241348267
20260821,P0012,12,FiLM-SIREN E130,MultiScaleNotchDepthMAE,dB,0.57337260246276855
20260821,P0012,12,FSC E190,FullSphereERB,dB,0.80365424168419997
20260821,P0012,12,FSC E190,Contralateral25ERB,dB,1.07578771176012
20260821,P0012,12,FSC E190,ERBBandILDMean,dB,1.5330766439437866
20260821,P0012,12,FSC E190,ITDWeightedMAE,us,14.329312590633974
20260821,P0012,12,FSC E190,FullSphereLSD,dB,3.9011796448588152
20260821,P0012,12,FSC E190,HFFirstDifferenceMAE,dB/bin,0.43409585952758789
20260821,P0012,12,FSC E190,HFSecondDifferenceMAE,dB/bin^2,0.25855323672294617
20260821,P0012,12,FSC E190,MultiScaleNotchDepthMAE,dB,0.49797806143760681
20260822,P0012,12,FiLM-SIREN E130,FullSphereERB,dB,0.822154065123883
20260822,P0012,12,FiLM-SIREN E130,Contralateral25ERB,dB,1.11773831522109
20260822,P0012,12,FiLM-SIREN E130,ERBBandILDMean,dB,1.6503670215606689
20260822,P0012,12,FiLM-SIREN E130,ITDWeightedMAE,us,14.238676371162942
20260822,P0012,12,FiLM-SIREN E130,FullSphereLSD,dB,4.1329874825455821
20260822,P0012,12,FiLM-SIREN E130,HFFirstDifferenceMAE,dB/bin,0.51015162467956543
20260822,P0012,12,FiLM-SIREN E130,HFSecondDifferenceMAE,dB/bin^2,0.32066097855567932
20260822,P0012,12,FiLM-SIREN E130,MultiScaleNotchDepthMAE,dB,0.56540727615356445
20260822,P0012,12,FSC E190,FullSphereERB,dB,0.79542699744026901
20260822,P0012,12,FSC E190,Contralateral25ERB,dB,1.0833360897223001
20260822,P0012,12,FSC E190,ERBBandILDMean,dB,1.5945878028869629
20260822,P0012,12,FSC E190,ITDWeightedMAE,us,14.23237991001357
20260822,P0012,12,FSC E190,FullSphereLSD,dB,3.8999275962729349
20260822,P0012,12,FSC E190,HFFirstDifferenceMAE,dB/bin,0.43190595507621765
20260822,P0012,12,FSC E190,HFSecondDifferenceMAE,dB/bin^2,0.25186231732368469
20260822,P0012,12,FSC E190,MultiScaleNotchDepthMAE,dB,0.49687448143959045
20260823,P0012,12,FiLM-SIREN E130,FullSphereERB,dB,0.81356641808326502
20260823,P0012,12,FiLM-SIREN E130,Contralateral25ERB,dB,1.08016824850794
20260823,P0012,12,FiLM-SIREN E130,ERBBandILDMean,dB,1.6584217548370361
20260823,P0012,12,FiLM-SIREN E130,ITDWeightedMAE,us,14.280555756021002
20260823,P0012,12,FiLM-SIREN E130,FullSphereLSD,dB,4.1211624029539298
20260823,P0012,12,FiLM-SIREN E130,HFFirstDifferenceMAE,dB/bin,0.5124201774597168
20260823,P0012,12,FiLM-SIREN E130,HFSecondDifferenceMAE,dB/bin^2,0.32916164398193359
20260823,P0012,12,FiLM-SIREN E130,MultiScaleNotchDepthMAE,dB,0.56403321027755737
20260823,P0012,12,FSC E190,FullSphereERB,dB,0.80153206040079805
20260823,P0012,12,FSC E190,Contralateral25ERB,dB,1.0524463973112701
20260823,P0012,12,FSC E190,ERBBandILDMean,dB,1.6135261058807373
20260823,P0012,12,FSC E190,ITDWeightedMAE,us,14.237843640065529
20260823,P0012,12,FSC E190,FullSphereLSD,dB,3.8758719455923019
20260823,P0012,12,FSC E190,HFFirstDifferenceMAE,dB/bin,0.43256348371505737
20260823,P0012,12,FSC E190,HFSecondDifferenceMAE,dB/bin^2,0.2569335401058197
20260823,P0012,12,FSC E190,MultiScaleNotchDepthMAE,dB,0.49626076221466064
20260821,P0013,13,FiLM-SIREN E130,FullSphereERB,dB,0.79774092948180697
20260821,P0013,13,FiLM-SIREN E130,Contralateral25ERB,dB,1.13633687912099
20260821,P0013,13,FiLM-SIREN E130,ERBBandILDMean,dB,1.62238609790802
20260821,P0013,13,FiLM-SIREN E130,ITDWeightedMAE,us,12.716983096683329
20260821,P0013,13,FiLM-SIREN E130,FullSphereLSD,dB,3.8148155715657373
20260821,P0013,13,FiLM-SIREN E130,HFFirstDifferenceMAE,dB/bin,0.46415320038795471
20260821,P0013,13,FiLM-SIREN E130,HFSecondDifferenceMAE,dB/bin^2,0.28158634901046753
20260821,P0013,13,FiLM-SIREN E130,MultiScaleNotchDepthMAE,dB,0.54808324575424194
20260821,P0013,13,FSC E190,FullSphereERB,dB,0.76921481928054902
20260821,P0013,13,FSC E190,Contralateral25ERB,dB,1.12878695234696
20260821,P0013,13,FSC E190,ERBBandILDMean,dB,1.5383652448654175
20260821,P0013,13,FSC E190,ITDWeightedMAE,us,12.700699699611512
20260821,P0013,13,FSC E190,FullSphereLSD,dB,3.5515811669947275
20260821,P0013,13,FSC E190,HFFirstDifferenceMAE,dB/bin,0.38131657242774963
20260821,P0013,13,FSC E190,HFSecondDifferenceMAE,dB/bin^2,0.20549203455448151
20260821,P0013,13,FSC E190,MultiScaleNotchDepthMAE,dB,0.47179499268531799
20260822,P0013,13,FiLM-SIREN E130,FullSphereERB,dB,0.79002281708204902
20260822,P0013,13,FiLM-SIREN E130,Contralateral25ERB,dB,1.1222092194889299
20260822,P0013,13,FiLM-SIREN E130,ERBBandILDMean,dB,1.6455980539321899
20260822,P0013,13,FiLM-SIREN E130,ITDWeightedMAE,us,12.715185067799025
20260822,P0013,13,FiLM-SIREN E130,FullSphereLSD,dB,3.783673988072457
20260822,P0013,13,FiLM-SIREN E130,HFFirstDifferenceMAE,dB/bin,0.46497315168380737
20260822,P0013,13,FiLM-SIREN E130,HFSecondDifferenceMAE,dB/bin^2,0.28157874941825867
20260822,P0013,13,FiLM-SIREN E130,MultiScaleNotchDepthMAE,dB,0.54818457365036011
20260822,P0013,13,FSC E190,FullSphereERB,dB,0.76109558266483401
20260822,P0013,13,FSC E190,Contralateral25ERB,dB,1.10748551518196
20260822,P0013,13,FSC E190,ERBBandILDMean,dB,1.5366199016571045
20260822,P0013,13,FSC E190,ITDWeightedMAE,us,12.704042114040625
20260822,P0013,13,FSC E190,FullSphereLSD,dB,3.5354941851403936
20260822,P0013,13,FSC E190,HFFirstDifferenceMAE,dB/bin,0.38059929013252258
20260822,P0013,13,FSC E190,HFSecondDifferenceMAE,dB/bin^2,0.20456847548484802
20260822,P0013,13,FSC E190,MultiScaleNotchDepthMAE,dB,0.47108516097068787
20260823,P0013,13,FiLM-SIREN E130,FullSphereERB,dB,0.78402977849982003
20260823,P0013,13,FiLM-SIREN E130,Contralateral25ERB,dB,1.1314398828046599
20260823,P0013,13,FiLM-SIREN E130,ERBBandILDMean,dB,1.6143198013305664
20260823,P0013,13,FiLM-SIREN E130,ITDWeightedMAE,us,12.695683506520993
20260823,P0013,13,FiLM-SIREN E130,FullSphereLSD,dB,3.7705372864790174
20260823,P0013,13,FiLM-SIREN E130,HFFirstDifferenceMAE,dB/bin,0.46332633495330811
20260823,P0013,13,FiLM-SIREN E130,HFSecondDifferenceMAE,dB/bin^2,0.28277415037155151
20260823,P0013,13,FiLM-SIREN E130,MultiScaleNotchDepthMAE,dB,0.54715901613235474
20260823,P0013,13,FSC E190,FullSphereERB,dB,0.76482166967731502
20260823,P0013,13,FSC E190,Contralateral25ERB,dB,1.1331360506597801
20260823,P0013,13,FSC E190,ERBBandILDMean,dB,1.5361752510070801
20260823,P0013,13,FSC E190,ITDWeightedMAE,us,12.694203030353378
20260823,P0013,13,FSC E190,FullSphereLSD,dB,3.5100365627696406
20260823,P0013,13,FSC E190,HFFirstDifferenceMAE,dB/bin,0.38167610764503479
20260823,P0013,13,FSC E190,HFSecondDifferenceMAE,dB/bin^2,0.20839181542396545
20260823,P0013,13,FSC E190,MultiScaleNotchDepthMAE,dB,0.47136679291725159
20260821,P0022,22,FiLM-SIREN E130,FullSphereERB,dB,0.72035106521022596
20260821,P0022,22,FiLM-SIREN E130,Contralateral25ERB,dB,1.0899064665306699
20260821,P0022,22,FiLM-SIREN E130,ERBBandILDMean,dB,1.3604491949081421
20260821,P0022,22,FiLM-SIREN E130,ITDWeightedMAE,us,14.545378627418431
20260821,P0022,22,FiLM-SIREN E130,FullSphereLSD,dB,3.6189800554197316
20260821,P0022,22,FiLM-SIREN E130,HFFirstDifferenceMAE,dB/bin,0.46868467330932617
20260821,P0022,22,FiLM-SIREN E130,HFSecondDifferenceMAE,dB/bin^2,0.28510630130767822
20260821,P0022,22,FiLM-SIREN E130,MultiScaleNotchDepthMAE,dB,0.53359407186508179
20260821,P0022,22,FSC E190,FullSphereERB,dB,0.70113244849816303
20260821,P0022,22,FSC E190,Contralateral25ERB,dB,1.0864403351573499
20260821,P0022,22,FSC E190,ERBBandILDMean,dB,1.3089660406112671
20260821,P0022,22,FSC E190,ITDWeightedMAE,us,14.539990934215279
20260821,P0022,22,FSC E190,FullSphereLSD,dB,3.4113568828013445
20260821,P0022,22,FSC E190,HFFirstDifferenceMAE,dB/bin,0.40656310319900513
20260821,P0022,22,FSC E190,HFSecondDifferenceMAE,dB/bin^2,0.23007847368717194
20260821,P0022,22,FSC E190,MultiScaleNotchDepthMAE,dB,0.48038673400878906
20260822,P0022,22,FiLM-SIREN E130,FullSphereERB,dB,0.73402071819105696
20260822,P0022,22,FiLM-SIREN E130,Contralateral25ERB,dB,1.1151584235915899
20260822,P0022,22,FiLM-SIREN E130,ERBBandILDMean,dB,1.3676739931106567
20260822,P0022,22,FiLM-SIREN E130,ITDWeightedMAE,us,14.526911719615779
20260822,P0022,22,FiLM-SIREN E130,FullSphereLSD,dB,3.6227699127890149
20260822,P0022,22,FiLM-SIREN E130,HFFirstDifferenceMAE,dB/bin,0.46554988622665405
20260822,P0022,22,FiLM-SIREN E130,HFSecondDifferenceMAE,dB/bin^2,0.27912107110023499
20260822,P0022,22,FiLM-SIREN E130,MultiScaleNotchDepthMAE,dB,0.53058141469955444
20260822,P0022,22,FSC E190,FullSphereERB,dB,0.71681199720205802
20260822,P0022,22,FSC E190,Contralateral25ERB,dB,1.09065225466413
20260822,P0022,22,FSC E190,ERBBandILDMean,dB,1.3376903533935547
20260822,P0022,22,FSC E190,ITDWeightedMAE,us,14.524204702760805
20260822,P0022,22,FSC E190,FullSphereLSD,dB,3.4179986343677911
20260822,P0022,22,FSC E190,HFFirstDifferenceMAE,dB/bin,0.40526649355888367
20260822,P0022,22,FSC E190,HFSecondDifferenceMAE,dB/bin^2,0.2276359498500824
20260822,P0022,22,FSC E190,MultiScaleNotchDepthMAE,dB,0.47860941290855408
20260823,P0022,22,FiLM-SIREN E130,FullSphereERB,dB,0.71126658928404796
20260823,P0022,22,FiLM-SIREN E130,Contralateral25ERB,dB,1.0788973331039999
20260823,P0022,22,FiLM-SIREN E130,ERBBandILDMean,dB,1.3337551355361938
20260823,P0022,22,FiLM-SIREN E130,ITDWeightedMAE,us,14.488140073432513
20260823,P0022,22,FiLM-SIREN E130,FullSphereLSD,dB,3.6471623466844054
20260823,P0022,22,FiLM-SIREN E130,HFFirstDifferenceMAE,dB/bin,0.46800622344017029
20260823,P0022,22,FiLM-SIREN E130,HFSecondDifferenceMAE,dB/bin^2,0.28370022773742676
20260823,P0022,22,FiLM-SIREN E130,MultiScaleNotchDepthMAE,dB,0.53038978576660156
20260823,P0022,22,FSC E190,FullSphereERB,dB,0.69631009275105105
20260823,P0022,22,FSC E190,Contralateral25ERB,dB,1.06924846192747
20260823,P0022,22,FSC E190,ERBBandILDMean,dB,1.3020788431167603
20260823,P0022,22,FSC E190,ITDWeightedMAE,us,14.508704690255664
20260823,P0022,22,FSC E190,FullSphereLSD,dB,3.4277285490118126
20260823,P0022,22,FSC E190,HFFirstDifferenceMAE,dB/bin,0.4072207510471344
20260823,P0022,22,FSC E190,HFSecondDifferenceMAE,dB/bin^2,0.23149049282073975
20260823,P0022,22,FSC E190,MultiScaleNotchDepthMAE,dB,0.47971352934837341
20260821,P0026,26,FiLM-SIREN E130,FullSphereERB,dB,0.81935448692466095
20260821,P0026,26,FiLM-SIREN E130,Contralateral25ERB,dB,1.32702782464969
20260821,P0026,26,FiLM-SIREN E130,ERBBandILDMean,dB,1.4466989040374756
20260821,P0026,26,FiLM-SIREN E130,ITDWeightedMAE,us,15.596333569810689
20260821,P0026,26,FiLM-SIREN E130,FullSphereLSD,dB,4.1615012470825707
20260821,P0026,26,FiLM-SIREN E130,HFFirstDifferenceMAE,dB/bin,0.63738393783569336
20260821,P0026,26,FiLM-SIREN E130,HFSecondDifferenceMAE,dB/bin^2,0.44219672679901123
20260821,P0026,26,FiLM-SIREN E130,MultiScaleNotchDepthMAE,dB,0.716205894947052
20260821,P0026,26,FSC E190,FullSphereERB,dB,0.78889170442842105
20260821,P0026,26,FSC E190,Contralateral25ERB,dB,1.3064008398959299
20260821,P0026,26,FSC E190,ERBBandILDMean,dB,1.371023416519165
20260821,P0026,26,FSC E190,ITDWeightedMAE,us,15.593984235389678
20260821,P0026,26,FSC E190,FullSphereLSD,dB,3.8270942081948061
20260821,P0026,26,FSC E190,HFFirstDifferenceMAE,dB/bin,0.52523326873779297
20260821,P0026,26,FSC E190,HFSecondDifferenceMAE,dB/bin^2,0.33751377463340759
20260821,P0026,26,FSC E190,MultiScaleNotchDepthMAE,dB,0.60994851589202881
20260822,P0026,26,FiLM-SIREN E130,FullSphereERB,dB,0.83484043734526803
20260822,P0026,26,FiLM-SIREN E130,Contralateral25ERB,dB,1.46787291887546
20260822,P0026,26,FiLM-SIREN E130,ERBBandILDMean,dB,1.5954780578613281
20260822,P0026,26,FiLM-SIREN E130,ITDWeightedMAE,us,15.704039380780685
20260822,P0026,26,FiLM-SIREN E130,FullSphereLSD,dB,4.203465886803798
20260822,P0026,26,FiLM-SIREN E130,HFFirstDifferenceMAE,dB/bin,0.63686347007751465
20260822,P0026,26,FiLM-SIREN E130,HFSecondDifferenceMAE,dB/bin^2,0.43660524487495422
20260822,P0026,26,FiLM-SIREN E130,MultiScaleNotchDepthMAE,dB,0.71621817350387573
20260822,P0026,26,FSC E190,FullSphereERB,dB,0.80117745033111698
20260822,P0026,26,FSC E190,Contralateral25ERB,dB,1.4365130461170199
20260822,P0026,26,FSC E190,ERBBandILDMean,dB,1.4872733354568481
20260822,P0026,26,FSC E190,ITDWeightedMAE,us,15.691538782709259
20260822,P0026,26,FSC E190,FullSphereLSD,dB,3.8569470981872116
20260822,P0026,26,FSC E190,HFFirstDifferenceMAE,dB/bin,0.52360671758651733
20260822,P0026,26,FSC E190,HFSecondDifferenceMAE,dB/bin^2,0.33424213528633118
20260822,P0026,26,FSC E190,MultiScaleNotchDepthMAE,dB,0.60714930295944214
20260823,P0026,26,FiLM-SIREN E130,FullSphereERB,dB,0.82132709964533801
20260823,P0026,26,FiLM-SIREN E130,Contralateral25ERB,dB,1.35076969591217
20260823,P0026,26,FiLM-SIREN E130,ERBBandILDMean,dB,1.5326560735702515
20260823,P0026,26,FiLM-SIREN E130,ITDWeightedMAE,us,15.59193402545969
20260823,P0026,26,FiLM-SIREN E130,FullSphereLSD,dB,4.2335485303679175
20260823,P0026,26,FiLM-SIREN E130,HFFirstDifferenceMAE,dB/bin,0.62207180261611938
20260823,P0026,26,FiLM-SIREN E130,HFSecondDifferenceMAE,dB/bin^2,0.41684037446975708
20260823,P0026,26,FiLM-SIREN E130,MultiScaleNotchDepthMAE,dB,0.70597821474075317
20260823,P0026,26,FSC E190,FullSphereERB,dB,0.78980776823959697
20260823,P0026,26,FSC E190,Contralateral25ERB,dB,1.3383232817950399
20260823,P0026,26,FSC E190,ERBBandILDMean,dB,1.4308730363845825
20260823,P0026,26,FSC E190,ITDWeightedMAE,us,15.592055579382963
20260823,P0026,26,FSC E190,FullSphereLSD,dB,3.8759513159786483
20260823,P0026,26,FSC E190,HFFirstDifferenceMAE,dB/bin,0.52318942546844482
20260823,P0026,26,FSC E190,HFSecondDifferenceMAE,dB/bin^2,0.33303743600845337
20260823,P0026,26,FSC E190,MultiScaleNotchDepthMAE,dB,0.60861587524414062
20260821,P0046,46,FiLM-SIREN E130,FullSphereERB,dB,0.71574993456352598
20260821,P0046,46,FiLM-SIREN E130,Contralateral25ERB,dB,1.13144977899727
20260821,P0046,46,FiLM-SIREN E130,ERBBandILDMean,dB,1.4604792594909668
20260821,P0046,46,FiLM-SIREN E130,ITDWeightedMAE,us,17.294108540515257
20260821,P0046,46,FiLM-SIREN E130,FullSphereLSD,dB,3.4529741297475272
20260821,P0046,46,FiLM-SIREN E130,HFFirstDifferenceMAE,dB/bin,0.42532864212989807
20260821,P0046,46,FiLM-SIREN E130,HFSecondDifferenceMAE,dB/bin^2,0.25405183434486389
20260821,P0046,46,FiLM-SIREN E130,MultiScaleNotchDepthMAE,dB,0.5181458592414856
20260821,P0046,46,FSC E190,FullSphereERB,dB,0.69821359863254895
20260821,P0046,46,FSC E190,Contralateral25ERB,dB,1.1071744031228401
20260821,P0046,46,FSC E190,ERBBandILDMean,dB,1.3599046468734741
20260821,P0046,46,FSC E190,ITDWeightedMAE,us,17.290489644301488
20260821,P0046,46,FSC E190,FullSphereLSD,dB,3.2432006603023007
20260821,P0046,46,FSC E190,HFFirstDifferenceMAE,dB/bin,0.35375568270683289
20260821,P0046,46,FSC E190,HFSecondDifferenceMAE,dB/bin^2,0.19615457952022552
20260821,P0046,46,FSC E190,MultiScaleNotchDepthMAE,dB,0.44705820083618164
20260822,P0046,46,FiLM-SIREN E130,FullSphereERB,dB,0.70719804660338503
20260822,P0046,46,FiLM-SIREN E130,Contralateral25ERB,dB,1.1149963182498199
20260822,P0046,46,FiLM-SIREN E130,ERBBandILDMean,dB,1.4155718088150024
20260822,P0046,46,FiLM-SIREN E130,ITDWeightedMAE,us,17.230797628005071
20260822,P0046,46,FiLM-SIREN E130,FullSphereLSD,dB,3.4165495113307474
20260822,P0046,46,FiLM-SIREN E130,HFFirstDifferenceMAE,dB/bin,0.42178785800933838
20260822,P0046,46,FiLM-SIREN E130,HFSecondDifferenceMAE,dB/bin^2,0.24875199794769287
20260822,P0046,46,FiLM-SIREN E130,MultiScaleNotchDepthMAE,dB,0.51434165239334106
20260822,P0046,46,FSC E190,FullSphereERB,dB,0.69258735684334904
20260822,P0046,46,FSC E190,Contralateral25ERB,dB,1.08193080840904
20260822,P0046,46,FSC E190,ERBBandILDMean,dB,1.3171486854553223
20260822,P0046,46,FSC E190,ITDWeightedMAE,us,17.265719512451632
20260822,P0046,46,FSC E190,FullSphereLSD,dB,3.2090486738772563
20260822,P0046,46,FSC E190,HFFirstDifferenceMAE,dB/bin,0.35178583860397339
20260822,P0046,46,FSC E190,HFSecondDifferenceMAE,dB/bin^2,0.19240285456180573
20260822,P0046,46,FSC E190,MultiScaleNotchDepthMAE,dB,0.44687214493751526
20260823,P0046,46,FiLM-SIREN E130,FullSphereERB,dB,0.70919964028065197
20260823,P0046,46,FiLM-SIREN E130,Contralateral25ERB,dB,1.15150413193849
20260823,P0046,46,FiLM-SIREN E130,ERBBandILDMean,dB,1.4047496318817139
20260823,P0046,46,FiLM-SIREN E130,ITDWeightedMAE,us,17.193869043258381
20260823,P0046,46,FiLM-SIREN E130,FullSphereLSD,dB,3.4505481695312969
20260823,P0046,46,FiLM-SIREN E130,HFFirstDifferenceMAE,dB/bin,0.42815700173377991
20260823,P0046,46,FiLM-SIREN E130,HFSecondDifferenceMAE,dB/bin^2,0.25835999846458435
20260823,P0046,46,FiLM-SIREN E130,MultiScaleNotchDepthMAE,dB,0.520732581615448
20260823,P0046,46,FSC E190,FullSphereERB,dB,0.69167225955500999
20260823,P0046,46,FSC E190,Contralateral25ERB,dB,1.14274080176306
20260823,P0046,46,FSC E190,ERBBandILDMean,dB,1.3258603811264038
20260823,P0046,46,FSC E190,ITDWeightedMAE,us,17.202107713437851
20260823,P0046,46,FSC E190,FullSphereLSD,dB,3.2130612755222963
20260823,P0046,46,FSC E190,HFFirstDifferenceMAE,dB/bin,0.35414266586303711
20260823,P0046,46,FSC E190,HFSecondDifferenceMAE,dB/bin^2,0.19867680966854095
20260823,P0046,46,FSC E190,MultiScaleNotchDepthMAE,dB,0.44780787825584412
20260821,P0066,66,FiLM-SIREN E130,FullSphereERB,dB,0.97830376585175405
20260821,P0066,66,FiLM-SIREN E130,Contralateral25ERB,dB,1.4816357648090399
20260821,P0066,66,FiLM-SIREN E130,ERBBandILDMean,dB,1.9251890182495117
20260821,P0066,66,FiLM-SIREN E130,ITDWeightedMAE,us,14.076629237088381
20260821,P0066,66,FiLM-SIREN E130,FullSphereLSD,dB,4.5289745941683197
20260821,P0066,66,FiLM-SIREN E130,HFFirstDifferenceMAE,dB/bin,0.61610519886016846
20260821,P0066,66,FiLM-SIREN E130,HFSecondDifferenceMAE,dB/bin^2,0.40905550122261047
20260821,P0066,66,FiLM-SIREN E130,MultiScaleNotchDepthMAE,dB,0.74023514986038208
20260821,P0066,66,FSC E190,FullSphereERB,dB,0.935435842619039
20260821,P0066,66,FSC E190,Contralateral25ERB,dB,1.4392402317806401
20260821,P0066,66,FSC E190,ERBBandILDMean,dB,1.76409912109375
20260821,P0066,66,FSC E190,ITDWeightedMAE,us,14.103660549579416
20260821,P0066,66,FSC E190,FullSphereLSD,dB,4.1384979644109077
20260821,P0066,66,FSC E190,HFFirstDifferenceMAE,dB/bin,0.49299505352973938
20260821,P0066,66,FSC E190,HFSecondDifferenceMAE,dB/bin^2,0.30009716749191284
20260821,P0066,66,FSC E190,MultiScaleNotchDepthMAE,dB,0.61086630821228027
20260822,P0066,66,FiLM-SIREN E130,FullSphereERB,dB,0.98610931142007097
20260822,P0066,66,FiLM-SIREN E130,Contralateral25ERB,dB,1.57313520585436
20260822,P0066,66,FiLM-SIREN E130,ERBBandILDMean,dB,1.993626594543457
20260822,P0066,66,FiLM-SIREN E130,ITDWeightedMAE,us,13.915216293609653
20260822,P0066,66,FiLM-SIREN E130,FullSphereLSD,dB,4.5216603978674366
20260822,P0066,66,FiLM-SIREN E130,HFFirstDifferenceMAE,dB/bin,0.60847491025924683
20260822,P0066,66,FiLM-SIREN E130,HFSecondDifferenceMAE,dB/bin^2,0.40010890364646912
20260822,P0066,66,FiLM-SIREN E130,MultiScaleNotchDepthMAE,dB,0.72847872972488403
20260822,P0066,66,FSC E190,FullSphereERB,dB,0.93770070940250205
20260822,P0066,66,FSC E190,Contralateral25ERB,dB,1.5073801551921999
20260822,P0066,66,FSC E190,ERBBandILDMean,dB,1.8215111494064331
20260822,P0066,66,FSC E190,ITDWeightedMAE,us,13.950532657125567
20260822,P0066,66,FSC E190,FullSphereLSD,dB,4.1458938971476078
20260822,P0066,66,FSC E190,HFFirstDifferenceMAE,dB/bin,0.49103248119354248
20260822,P0066,66,FSC E190,HFSecondDifferenceMAE,dB/bin^2,0.29584676027297974
20260822,P0066,66,FSC E190,MultiScaleNotchDepthMAE,dB,0.60909909009933472
20260823,P0066,66,FiLM-SIREN E130,FullSphereERB,dB,0.94360379746683198
20260823,P0066,66,FiLM-SIREN E130,Contralateral25ERB,dB,1.50239692890537
20260823,P0066,66,FiLM-SIREN E130,ERBBandILDMean,dB,1.9603421688079834
20260823,P0066,66,FiLM-SIREN E130,ITDWeightedMAE,us,14.077046492345215
20260823,P0066,66,FiLM-SIREN E130,FullSphereLSD,dB,4.4369335558471699
20260823,P0066,66,FiLM-SIREN E130,HFFirstDifferenceMAE,dB/bin,0.61400783061981201
20260823,P0066,66,FiLM-SIREN E130,HFSecondDifferenceMAE,dB/bin^2,0.40691840648651123
20260823,P0066,66,FiLM-SIREN E130,MultiScaleNotchDepthMAE,dB,0.73856592178344727
20260823,P0066,66,FSC E190,FullSphereERB,dB,0.90577726718165796
20260823,P0066,66,FSC E190,Contralateral25ERB,dB,1.47420435776934
20260823,P0066,66,FSC E190,ERBBandILDMean,dB,1.7827125787734985
20260823,P0066,66,FSC E190,ITDWeightedMAE,us,14.105715871512869
20260823,P0066,66,FSC E190,FullSphereLSD,dB,4.0390431687819728
20260823,P0066,66,FSC E190,HFFirstDifferenceMAE,dB/bin,0.49346688389778137
20260823,P0066,66,FSC E190,HFSecondDifferenceMAE,dB/bin^2,0.30295795202255249
20260823,P0066,66,FSC E190,MultiScaleNotchDepthMAE,dB,0.60925370454788208
20260821,P0073,73,FiLM-SIREN E130,FullSphereERB,dB,0.73467973213582005
20260821,P0073,73,FiLM-SIREN E130,Contralateral25ERB,dB,1.02168385879704
20260821,P0073,73,FiLM-SIREN E130,ERBBandILDMean,dB,1.477191686630249
20260821,P0073,73,FiLM-SIREN E130,ITDWeightedMAE,us,13.172825888838776
20260821,P0073,73,FiLM-SIREN E130,FullSphereLSD,dB,3.4938671765179565
20260821,P0073,73,FiLM-SIREN E130,HFFirstDifferenceMAE,dB/bin,0.44668874144554138
20260821,P0073,73,FiLM-SIREN E130,HFSecondDifferenceMAE,dB/bin^2,0.27309885621070862
20260821,P0073,73,FiLM-SIREN E130,MultiScaleNotchDepthMAE,dB,0.4797741174697876
20260821,P0073,73,FSC E190,FullSphereERB,dB,0.72045590122069003
20260821,P0073,73,FSC E190,Contralateral25ERB,dB,1.0099139545813101
20260821,P0073,73,FSC E190,ERBBandILDMean,dB,1.4121993780136108
20260821,P0073,73,FSC E190,ITDWeightedMAE,us,13.128730172945431
20260821,P0073,73,FSC E190,FullSphereLSD,dB,3.2770144463957571
20260821,P0073,73,FSC E190,HFFirstDifferenceMAE,dB/bin,0.37609753012657166
20260821,P0073,73,FSC E190,HFSecondDifferenceMAE,dB/bin^2,0.20937603712081909
20260821,P0073,73,FSC E190,MultiScaleNotchDepthMAE,dB,0.41992130875587463
20260822,P0073,73,FiLM-SIREN E130,FullSphereERB,dB,0.732349410290419
20260822,P0073,73,FiLM-SIREN E130,Contralateral25ERB,dB,1.0216753037409301
20260822,P0073,73,FiLM-SIREN E130,ERBBandILDMean,dB,1.5310494899749756
20260822,P0073,73,FiLM-SIREN E130,ITDWeightedMAE,us,13.201510281884229
20260822,P0073,73,FiLM-SIREN E130,FullSphereLSD,dB,3.5128726345267927
20260822,P0073,73,FiLM-SIREN E130,HFFirstDifferenceMAE,dB/bin,0.43926572799682617
20260822,P0073,73,FiLM-SIREN E130,HFSecondDifferenceMAE,dB/bin^2,0.26324445009231567
20260822,P0073,73,FiLM-SIREN E130,MultiScaleNotchDepthMAE,dB,0.47393167018890381
20260822,P0073,73,FSC E190,FullSphereERB,dB,0.71772956906338203
20260822,P0073,73,FSC E190,Contralateral25ERB,dB,1.00735356680163
20260822,P0073,73,FSC E190,ERBBandILDMean,dB,1.4631824493408203
20260822,P0073,73,FSC E190,ITDWeightedMAE,us,13.179579283548623
20260822,P0073,73,FSC E190,FullSphereLSD,dB,3.2922980436256992
20260822,P0073,73,FSC E190,HFFirstDifferenceMAE,dB/bin,0.37282055616378784
20260822,P0073,73,FSC E190,HFSecondDifferenceMAE,dB/bin^2,0.20494654774665833
20260822,P0073,73,FSC E190,MultiScaleNotchDepthMAE,dB,0.41723039746284485
20260823,P0073,73,FiLM-SIREN E130,FullSphereERB,dB,0.71749405869151806
20260823,P0073,73,FiLM-SIREN E130,Contralateral25ERB,dB,1.0154845261888501
20260823,P0073,73,FiLM-SIREN E130,ERBBandILDMean,dB,1.4888660907745361
20260823,P0073,73,FiLM-SIREN E130,ITDWeightedMAE,us,13.174313460253428
20260823,P0073,73,FiLM-SIREN E130,FullSphereLSD,dB,3.4949796755750979
20260823,P0073,73,FiLM-SIREN E130,HFFirstDifferenceMAE,dB/bin,0.43449413776397705
20260823,P0073,73,FiLM-SIREN E130,HFSecondDifferenceMAE,dB/bin^2,0.25692912936210632
20260823,P0073,73,FiLM-SIREN E130,MultiScaleNotchDepthMAE,dB,0.46897873282432556
20260823,P0073,73,FSC E190,FullSphereERB,dB,0.70626767950200098
20260823,P0073,73,FSC E190,Contralateral25ERB,dB,0.99829889802889604
20260823,P0073,73,FSC E190,ERBBandILDMean,dB,1.4169750213623047
20260823,P0073,73,FSC E190,ITDWeightedMAE,us,13.169245000575911
20260823,P0073,73,FSC E190,FullSphereLSD,dB,3.2685752290218462
20260823,P0073,73,FSC E190,HFFirstDifferenceMAE,dB/bin,0.37459397315979004
20260823,P0073,73,FSC E190,HFSecondDifferenceMAE,dB/bin^2,0.20666368305683136
20260823,P0073,73,FSC E190,MultiScaleNotchDepthMAE,dB,0.41847109794616699
20260821,P0113,113,FiLM-SIREN E130,FullSphereERB,dB,0.84326564079784105
20260821,P0113,113,FiLM-SIREN E130,Contralateral25ERB,dB,1.12149295716314
20260821,P0113,113,FiLM-SIREN E130,ERBBandILDMean,dB,1.5574065446853638
20260821,P0113,113,FiLM-SIREN E130,ITDWeightedMAE,us,13.843938725534422
20260821,P0113,113,FiLM-SIREN E130,FullSphereLSD,dB,3.7596850292070139
20260821,P0113,113,FiLM-SIREN E130,HFFirstDifferenceMAE,dB/bin,0.44604805111885071
20260821,P0113,113,FiLM-SIREN E130,HFSecondDifferenceMAE,dB/bin^2,0.27551645040512085
20260821,P0113,113,FiLM-SIREN E130,MultiScaleNotchDepthMAE,dB,0.48798856139183044
20260821,P0113,113,FSC E190,FullSphereERB,dB,0.82316981082572205
20260821,P0113,113,FSC E190,Contralateral25ERB,dB,1.099345237781
20260821,P0113,113,FSC E190,ERBBandILDMean,dB,1.5212665796279907
20260821,P0113,113,FSC E190,ITDWeightedMAE,us,13.822878690535898
20260821,P0113,113,FSC E190,FullSphereLSD,dB,3.5923561804199116
20260821,P0113,113,FSC E190,HFFirstDifferenceMAE,dB/bin,0.37308084964752197
20260821,P0113,113,FSC E190,HFSecondDifferenceMAE,dB/bin^2,0.20883177220821381
20260821,P0113,113,FSC E190,MultiScaleNotchDepthMAE,dB,0.42677772045135498
20260822,P0113,113,FiLM-SIREN E130,FullSphereERB,dB,0.84703811463867695
20260822,P0113,113,FiLM-SIREN E130,Contralateral25ERB,dB,1.1238221134253199
20260822,P0113,113,FiLM-SIREN E130,ERBBandILDMean,dB,1.5543127059936523
20260822,P0113,113,FiLM-SIREN E130,ITDWeightedMAE,us,13.743710389224166
20260822,P0113,113,FiLM-SIREN E130,FullSphereLSD,dB,3.7752956771181236
20260822,P0113,113,FiLM-SIREN E130,HFFirstDifferenceMAE,dB/bin,0.44264233112335205
20260822,P0113,113,FiLM-SIREN E130,HFSecondDifferenceMAE,dB/bin^2,0.26681306958198547
20260822,P0113,113,FiLM-SIREN E130,MultiScaleNotchDepthMAE,dB,0.48646244406700134
20260822,P0113,113,FSC E190,FullSphereERB,dB,0.83186387920593197
20260822,P0113,113,FSC E190,Contralateral25ERB,dB,1.09233615288724
20260822,P0113,113,FSC E190,ERBBandILDMean,dB,1.5254637002944946
20260822,P0113,113,FSC E190,ITDWeightedMAE,us,13.736440371127539
20260822,P0113,113,FSC E190,FullSphereLSD,dB,3.6262987309486578
20260822,P0113,113,FSC E190,HFFirstDifferenceMAE,dB/bin,0.37209868431091309
20260822,P0113,113,FSC E190,HFSecondDifferenceMAE,dB/bin^2,0.20527885854244232
20260822,P0113,113,FSC E190,MultiScaleNotchDepthMAE,dB,0.42774376273155212
20260823,P0113,113,FiLM-SIREN E130,FullSphereERB,dB,0.83030358679290195
20260823,P0113,113,FiLM-SIREN E130,Contralateral25ERB,dB,1.1373692054062401
20260823,P0113,113,FiLM-SIREN E130,ERBBandILDMean,dB,1.5499790906906128
20260823,P0113,113,FiLM-SIREN E130,ITDWeightedMAE,us,13.823298773513219
20260823,P0113,113,FiLM-SIREN E130,FullSphereLSD,dB,3.7418520629639378
20260823,P0113,113,FiLM-SIREN E130,HFFirstDifferenceMAE,dB/bin,0.44391384720802307
20260823,P0113,113,FiLM-SIREN E130,HFSecondDifferenceMAE,dB/bin^2,0.27067628502845764
20260823,P0113,113,FiLM-SIREN E130,MultiScaleNotchDepthMAE,dB,0.4862188994884491
20260823,P0113,113,FSC E190,FullSphereERB,dB,0.821730704127967
20260823,P0113,113,FSC E190,Contralateral25ERB,dB,1.1326088161419501
20260823,P0113,113,FSC E190,ERBBandILDMean,dB,1.5094316005706787
20260823,P0113,113,FSC E190,ITDWeightedMAE,us,13.813032822791776
20260823,P0113,113,FSC E190,FullSphereLSD,dB,3.5801466597547189
20260823,P0113,113,FSC E190,HFFirstDifferenceMAE,dB/bin,0.37366342544555664
20260823,P0113,113,FSC E190,HFSecondDifferenceMAE,dB/bin^2,0.21025937795639038
20260823,P0113,113,FSC E190,MultiScaleNotchDepthMAE,dB,0.42703965306282043
20260821,P0116,116,FiLM-SIREN E130,FullSphereERB,dB,0.82786361810271603
20260821,P0116,116,FiLM-SIREN E130,Contralateral25ERB,dB,1.1626186423328999
20260821,P0116,116,FiLM-SIREN E130,ERBBandILDMean,dB,1.7646657228469849
20260821,P0116,116,FiLM-SIREN E130,ITDWeightedMAE,us,16.735708668863268
20260821,P0116,116,FiLM-SIREN E130,FullSphereLSD,dB,4.0147253148262996
20260821,P0116,116,FiLM-SIREN E130,HFFirstDifferenceMAE,dB/bin,0.48213052749633789
20260821,P0116,116,FiLM-SIREN E130,HFSecondDifferenceMAE,dB/bin^2,0.27769806981086731
20260821,P0116,116,FiLM-SIREN E130,MultiScaleNotchDepthMAE,dB,0.61119353771209717
20260821,P0116,116,FSC E190,FullSphereERB,dB,0.79244666336991099
20260821,P0116,116,FSC E190,Contralateral25ERB,dB,1.12429986486135
20260821,P0116,116,FSC E190,ERBBandILDMean,dB,1.6586922407150269
20260821,P0116,116,FSC E190,ITDWeightedMAE,us,16.714715729638012
20260821,P0116,116,FSC E190,FullSphereLSD,dB,3.7472002032668073
20260821,P0116,116,FSC E190,HFFirstDifferenceMAE,dB/bin,0.40659523010253906
20260821,P0116,116,FSC E190,HFSecondDifferenceMAE,dB/bin^2,0.20931674540042877
20260821,P0116,116,FSC E190,MultiScaleNotchDepthMAE,dB,0.53932243585586548
20260822,P0116,116,FiLM-SIREN E130,FullSphereERB,dB,0.82176637020107302
20260822,P0116,116,FiLM-SIREN E130,Contralateral25ERB,dB,1.1291233488441299
20260822,P0116,116,FiLM-SIREN E130,ERBBandILDMean,dB,1.7385491132736206
20260822,P0116,116,FiLM-SIREN E130,ITDWeightedMAE,us,16.485520195987586
20260822,P0116,116,FiLM-SIREN E130,FullSphereLSD,dB,4.0000036900807059
20260822,P0116,116,FiLM-SIREN E130,HFFirstDifferenceMAE,dB/bin,0.47732406854629517
20260822,P0116,116,FiLM-SIREN E130,HFSecondDifferenceMAE,dB/bin^2,0.26796022057533264
20260822,P0116,116,FiLM-SIREN E130,MultiScaleNotchDepthMAE,dB,0.61300200223922729
20260822,P0116,116,FSC E190,FullSphereERB,dB,0.79045541704955902
20260822,P0116,116,FSC E190,Contralateral25ERB,dB,1.09793880351162
20260822,P0116,116,FSC E190,ERBBandILDMean,dB,1.6517192125320435
20260822,P0116,116,FSC E190,ITDWeightedMAE,us,16.509455646709302
20260822,P0116,116,FSC E190,FullSphereLSD,dB,3.7418194920074535
20260822,P0116,116,FSC E190,HFFirstDifferenceMAE,dB/bin,0.40448540449142456
20260822,P0116,116,FSC E190,HFSecondDifferenceMAE,dB/bin^2,0.20405791699886322
20260822,P0116,116,FSC E190,MultiScaleNotchDepthMAE,dB,0.53989988565444946
20260823,P0116,116,FiLM-SIREN E130,FullSphereERB,dB,0.83033455892786501
20260823,P0116,116,FiLM-SIREN E130,Contralateral25ERB,dB,1.14733720378841
20260823,P0116,116,FiLM-SIREN E130,ERBBandILDMean,dB,1.7349107265472412
20260823,P0116,116,FiLM-SIREN E130,ITDWeightedMAE,us,16.590106029836981
20260823,P0116,116,FiLM-SIREN E130,FullSphereLSD,dB,4.0463363805942558
20260823,P0116,116,FiLM-SIREN E130,HFFirstDifferenceMAE,dB/bin,0.48085823655128479
20260823,P0116,116,FiLM-SIREN E130,HFSecondDifferenceMAE,dB/bin^2,0.27279672026634216
20260823,P0116,116,FiLM-SIREN E130,MultiScaleNotchDepthMAE,dB,0.61381572484970093
20260823,P0116,116,FSC E190,FullSphereERB,dB,0.80032827732341705
20260823,P0116,116,FSC E190,Contralateral25ERB,dB,1.1252132457296
20260823,P0116,116,FSC E190,ERBBandILDMean,dB,1.6664285659790039
20260823,P0116,116,FSC E190,ITDWeightedMAE,us,16.553442714070695
20260823,P0116,116,FSC E190,FullSphereLSD,dB,3.7689644039127583
20260823,P0116,116,FSC E190,HFFirstDifferenceMAE,dB/bin,0.40703427791595459
20260823,P0116,116,FSC E190,HFSecondDifferenceMAE,dB/bin^2,0.20882457494735718
20260823,P0116,116,FSC E190,MultiScaleNotchDepthMAE,dB,0.5407555103302002
20260821,P0125,125,FiLM-SIREN E130,FullSphereERB,dB,0.73316490667260803
20260821,P0125,125,FiLM-SIREN E130,Contralateral25ERB,dB,1.1518239873417
20260821,P0125,125,FiLM-SIREN E130,ERBBandILDMean,dB,1.4602961540222168
20260821,P0125,125,FiLM-SIREN E130,ITDWeightedMAE,us,13.993001776785139
20260821,P0125,125,FiLM-SIREN E130,FullSphereLSD,dB,3.744711848820141
20260821,P0125,125,FiLM-SIREN E130,HFFirstDifferenceMAE,dB/bin,0.55634146928787231
20260821,P0125,125,FiLM-SIREN E130,HFSecondDifferenceMAE,dB/bin^2,0.37607231736183167
20260821,P0125,125,FiLM-SIREN E130,MultiScaleNotchDepthMAE,dB,0.61529946327209473
20260821,P0125,125,FSC E190,FullSphereERB,dB,0.71252123602064599
20260821,P0125,125,FSC E190,Contralateral25ERB,dB,1.12695106476259
20260821,P0125,125,FSC E190,ERBBandILDMean,dB,1.4257923364639282
20260821,P0125,125,FSC E190,ITDWeightedMAE,us,13.959589672085997
20260821,P0125,125,FSC E190,FullSphereLSD,dB,3.4950834496081917
20260821,P0125,125,FSC E190,HFFirstDifferenceMAE,dB/bin,0.46527501940727234
20260821,P0125,125,FSC E190,HFSecondDifferenceMAE,dB/bin^2,0.28841781616210938
20260821,P0125,125,FSC E190,MultiScaleNotchDepthMAE,dB,0.53002554178237915
20260822,P0125,125,FiLM-SIREN E130,FullSphereERB,dB,0.73435893069431801
20260822,P0125,125,FiLM-SIREN E130,Contralateral25ERB,dB,1.18810439594637
20260822,P0125,125,FiLM-SIREN E130,ERBBandILDMean,dB,1.4912316799163818
20260822,P0125,125,FiLM-SIREN E130,ITDWeightedMAE,us,14.053126914261169
20260822,P0125,125,FiLM-SIREN E130,FullSphereLSD,dB,3.7305780399994237
20260822,P0125,125,FiLM-SIREN E130,HFFirstDifferenceMAE,dB/bin,0.55258142948150635
20260822,P0125,125,FiLM-SIREN E130,HFSecondDifferenceMAE,dB/bin^2,0.36642029881477356
20260822,P0125,125,FiLM-SIREN E130,MultiScaleNotchDepthMAE,dB,0.61094337701797485
20260822,P0125,125,FSC E190,FullSphereERB,dB,0.71904839073082005
20260822,P0125,125,FSC E190,Contralateral25ERB,dB,1.17378618903063
20260822,P0125,125,FSC E190,ERBBandILDMean,dB,1.4501566886901855
20260822,P0125,125,FSC E190,ITDWeightedMAE,us,14.007421941614751
20260822,P0125,125,FSC E190,FullSphereLSD,dB,3.4907264525318227
20260822,P0125,125,FSC E190,HFFirstDifferenceMAE,dB/bin,0.46398776769638062
20260822,P0125,125,FSC E190,HFSecondDifferenceMAE,dB/bin^2,0.28460556268692017
20260822,P0125,125,FSC E190,MultiScaleNotchDepthMAE,dB,0.5298801064491272
20260823,P0125,125,FiLM-SIREN E130,FullSphereERB,dB,0.73734895073047302
20260823,P0125,125,FiLM-SIREN E130,Contralateral25ERB,dB,1.17837290022954
20260823,P0125,125,FiLM-SIREN E130,ERBBandILDMean,dB,1.4598973989486694
20260823,P0125,125,FiLM-SIREN E130,ITDWeightedMAE,us,14.013482675434974
20260823,P0125,125,FiLM-SIREN E130,FullSphereLSD,dB,3.7662591562003112
20260823,P0125,125,FiLM-SIREN E130,HFFirstDifferenceMAE,dB/bin,0.54937660694122314
20260823,P0125,125,FiLM-SIREN E130,HFSecondDifferenceMAE,dB/bin^2,0.36496537923812866
20260823,P0125,125,FiLM-SIREN E130,MultiScaleNotchDepthMAE,dB,0.60823905467987061
20260823,P0125,125,FSC E190,FullSphereERB,dB,0.71952692705571697
20260823,P0125,125,FSC E190,Contralateral25ERB,dB,1.15112817922795
20260823,P0125,125,FSC E190,ERBBandILDMean,dB,1.4325337409973145
20260823,P0125,125,FSC E190,ITDWeightedMAE,us,13.986840364726806
20260823,P0125,125,FSC E190,FullSphereLSD,dB,3.5134257925111916
20260823,P0125,125,FSC E190,HFFirstDifferenceMAE,dB/bin,0.46531581878662109
20260823,P0125,125,FSC E190,HFSecondDifferenceMAE,dB/bin^2,0.28724351525306702
20260823,P0125,125,FSC E190,MultiScaleNotchDepthMAE,dB,0.52984362840652466
20260821,P0149,149,FiLM-SIREN E130,FullSphereERB,dB,0.93955722603455205
20260821,P0149,149,FiLM-SIREN E130,Contralateral25ERB,dB,1.5130973224252899
20260821,P0149,149,FiLM-SIREN E130,ERBBandILDMean,dB,1.8583008050918579
20260821,P0149,149,FiLM-SIREN E130,ITDWeightedMAE,us,19.076025862426683
20260821,P0149,149,FiLM-SIREN E130,FullSphereLSD,dB,3.7753424763365819
20260821,P0149,149,FiLM-SIREN E130,HFFirstDifferenceMAE,dB/bin,0.41827857494354248
20260821,P0149,149,FiLM-SIREN E130,HFSecondDifferenceMAE,dB/bin^2,0.26163911819458008
20260821,P0149,149,FiLM-SIREN E130,MultiScaleNotchDepthMAE,dB,0.40005040168762207
20260821,P0149,149,FSC E190,FullSphereERB,dB,0.90289682896789103
20260821,P0149,149,FSC E190,Contralateral25ERB,dB,1.49412817838338
20260821,P0149,149,FSC E190,ERBBandILDMean,dB,1.7603105306625366
20260821,P0149,149,FSC E190,ITDWeightedMAE,us,19.093587169102953
20260821,P0149,149,FSC E190,FullSphereLSD,dB,3.4762686997113446
20260821,P0149,149,FSC E190,HFFirstDifferenceMAE,dB/bin,0.34272325038909912
20260821,P0149,149,FSC E190,HFSecondDifferenceMAE,dB/bin^2,0.2001040130853653
20260821,P0149,149,FSC E190,MultiScaleNotchDepthMAE,dB,0.3371603786945343
20260822,P0149,149,FiLM-SIREN E130,FullSphereERB,dB,0.87524335235711104
20260822,P0149,149,FiLM-SIREN E130,Contralateral25ERB,dB,1.43501057125374
20260822,P0149,149,FiLM-SIREN E130,ERBBandILDMean,dB,1.670331597328186
20260822,P0149,149,FiLM-SIREN E130,ITDWeightedMAE,us,18.928850439971452
20260822,P0149,149,FiLM-SIREN E130,FullSphereLSD,dB,3.6475430552203987
20260822,P0149,149,FiLM-SIREN E130,HFFirstDifferenceMAE,dB/bin,0.40916585922241211
20260822,P0149,149,FiLM-SIREN E130,HFSecondDifferenceMAE,dB/bin^2,0.24542622268199921
20260822,P0149,149,FiLM-SIREN E130,MultiScaleNotchDepthMAE,dB,0.39519903063774109
20260822,P0149,149,FSC E190,FullSphereERB,dB,0.850293797946018
20260822,P0149,149,FSC E190,Contralateral25ERB,dB,1.4295864120072299
20260822,P0149,149,FSC E190,ERBBandILDMean,dB,1.6046520471572876
20260822,P0149,149,FSC E190,ITDWeightedMAE,us,18.954973992591746
20260822,P0149,149,FSC E190,FullSphereLSD,dB,3.368761206121361
20260822,P0149,149,FSC E190,HFFirstDifferenceMAE,dB/bin,0.33932298421859741
20260822,P0149,149,FSC E190,HFSecondDifferenceMAE,dB/bin^2,0.19447042047977448
20260822,P0149,149,FSC E190,MultiScaleNotchDepthMAE,dB,0.33543792366981506
20260823,P0149,149,FiLM-SIREN E130,FullSphereERB,dB,0.895661657807583
20260823,P0149,149,FiLM-SIREN E130,Contralateral25ERB,dB,1.4760714025594901
20260823,P0149,149,FiLM-SIREN E130,ERBBandILDMean,dB,1.7604427337646484
20260823,P0149,149,FiLM-SIREN E130,ITDWeightedMAE,us,18.770378170329394
20260823,P0149,149,FiLM-SIREN E130,FullSphereLSD,dB,3.7186771854795184
20260823,P0149,149,FiLM-SIREN E130,HFFirstDifferenceMAE,dB/bin,0.40837782621383667
20260823,P0149,149,FiLM-SIREN E130,HFSecondDifferenceMAE,dB/bin^2,0.25034114718437195
20260823,P0149,149,FiLM-SIREN E130,MultiScaleNotchDepthMAE,dB,0.39436390995979309
20260823,P0149,149,FSC E190,FullSphereERB,dB,0.86535896356584097
20260823,P0149,149,FSC E190,Contralateral25ERB,dB,1.4595208619854301
20260823,P0149,149,FSC E190,ERBBandILDMean,dB,1.6821660995483398
20260823,P0149,149,FSC E190,ITDWeightedMAE,us,18.772166236214105
20260823,P0149,149,FSC E190,FullSphereLSD,dB,3.4139738742281569
20260823,P0149,149,FSC E190,HFFirstDifferenceMAE,dB/bin,0.33934134244918823
20260823,P0149,149,FSC E190,HFSecondDifferenceMAE,dB/bin^2,0.1985551118850708
20260823,P0149,149,FSC E190,MultiScaleNotchDepthMAE,dB,0.3342723548412323
20260821,P0161,161,FiLM-SIREN E130,FullSphereERB,dB,0.82388028174491601
20260821,P0161,161,FiLM-SIREN E130,Contralateral25ERB,dB,1.25951888571607
20260821,P0161,161,FiLM-SIREN E130,ERBBandILDMean,dB,1.6315422058105469
20260821,P0161,161,FiLM-SIREN E130,ITDWeightedMAE,us,18.142191499598688
20260821,P0161,161,FiLM-SIREN E130,FullSphereLSD,dB,3.5914244934381041
20260821,P0161,161,FiLM-SIREN E130,HFFirstDifferenceMAE,dB/bin,0.38517391681671143
20260821,P0161,161,FiLM-SIREN E130,HFSecondDifferenceMAE,dB/bin^2,0.21539318561553955
20260821,P0161,161,FiLM-SIREN E130,MultiScaleNotchDepthMAE,dB,0.45693477988243103
20260821,P0161,161,FSC E190,FullSphereERB,dB,0.78116180988143202
20260821,P0161,161,FSC E190,Contralateral25ERB,dB,1.22627739894973
20260821,P0161,161,FSC E190,ERBBandILDMean,dB,1.5051385164260864
20260821,P0161,161,FSC E190,ITDWeightedMAE,us,18.156050215099981
20260821,P0161,161,FSC E190,FullSphereLSD,dB,3.3042132279338832
20260821,P0161,161,FSC E190,HFFirstDifferenceMAE,dB/bin,0.32189503312110901
20260821,P0161,161,FSC E190,HFSecondDifferenceMAE,dB/bin^2,0.16401407122612
20260821,P0161,161,FSC E190,MultiScaleNotchDepthMAE,dB,0.39657855033874512
20260822,P0161,161,FiLM-SIREN E130,FullSphereERB,dB,0.81490079238929203
20260822,P0161,161,FiLM-SIREN E130,Contralateral25ERB,dB,1.23642316720737
20260822,P0161,161,FiLM-SIREN E130,ERBBandILDMean,dB,1.6147024631500244
20260822,P0161,161,FiLM-SIREN E130,ITDWeightedMAE,us,18.213133585916161
20260822,P0161,161,FiLM-SIREN E130,FullSphereLSD,dB,3.5559346182034535
20260822,P0161,161,FiLM-SIREN E130,HFFirstDifferenceMAE,dB/bin,0.38465934991836548
20260822,P0161,161,FiLM-SIREN E130,HFSecondDifferenceMAE,dB/bin^2,0.21490627527236938
20260822,P0161,161,FiLM-SIREN E130,MultiScaleNotchDepthMAE,dB,0.45434021949768066
20260822,P0161,161,FSC E190,FullSphereERB,dB,0.77600561793995904
20260822,P0161,161,FSC E190,Contralateral25ERB,dB,1.2035808665860499
20260822,P0161,161,FSC E190,ERBBandILDMean,dB,1.4977142810821533
20260822,P0161,161,FSC E190,ITDWeightedMAE,us,18.172068601989086
20260822,P0161,161,FSC E190,FullSphereLSD,dB,3.28916560735352
20260822,P0161,161,FSC E190,HFFirstDifferenceMAE,dB/bin,0.32046404480934143
20260822,P0161,161,FSC E190,HFSecondDifferenceMAE,dB/bin^2,0.16356998682022095
20260822,P0161,161,FSC E190,MultiScaleNotchDepthMAE,dB,0.39428162574768066
20260823,P0161,161,FiLM-SIREN E130,FullSphereERB,dB,0.814387656500413
20260823,P0161,161,FiLM-SIREN E130,Contralateral25ERB,dB,1.24308470520225
20260823,P0161,161,FiLM-SIREN E130,ERBBandILDMean,dB,1.6119648218154907
20260823,P0161,161,FiLM-SIREN E130,ITDWeightedMAE,us,18.161475771689929
20260823,P0161,161,FiLM-SIREN E130,FullSphereLSD,dB,3.565831453666489
20260823,P0161,161,FiLM-SIREN E130,HFFirstDifferenceMAE,dB/bin,0.38199213147163391
20260823,P0161,161,FiLM-SIREN E130,HFSecondDifferenceMAE,dB/bin^2,0.21256208419799805
20260823,P0161,161,FiLM-SIREN E130,MultiScaleNotchDepthMAE,dB,0.45342597365379333
20260823,P0161,161,FSC E190,FullSphereERB,dB,0.77521099162426899
20260823,P0161,161,FSC E190,Contralateral25ERB,dB,1.20587856759429
20260823,P0161,161,FSC E190,ERBBandILDMean,dB,1.4883555173873901
20260823,P0161,161,FSC E190,ITDWeightedMAE,us,18.107019284630052
20260823,P0161,161,FSC E190,FullSphereLSD,dB,3.289014105301117
20260823,P0161,161,FSC E190,HFFirstDifferenceMAE,dB/bin,0.32235300540924072
20260823,P0161,161,FSC E190,HFSecondDifferenceMAE,dB/bin^2,0.1653263121843338
20260823,P0161,161,FSC E190,MultiScaleNotchDepthMAE,dB,0.39629757404327393
20260821,P0166,166,FiLM-SIREN E130,FullSphereERB,dB,0.846769035468105
20260821,P0166,166,FiLM-SIREN E130,Contralateral25ERB,dB,1.2107159176110101
20260821,P0166,166,FiLM-SIREN E130,ERBBandILDMean,dB,1.4659792184829712
20260821,P0166,166,FiLM-SIREN E130,ITDWeightedMAE,us,18.686264581554838
20260821,P0166,166,FiLM-SIREN E130,FullSphereLSD,dB,3.9536902044795772
20260821,P0166,166,FiLM-SIREN E130,HFFirstDifferenceMAE,dB/bin,0.49706089496612549
20260821,P0166,166,FiLM-SIREN E130,HFSecondDifferenceMAE,dB/bin^2,0.31502369046211243
20260821,P0166,166,FiLM-SIREN E130,MultiScaleNotchDepthMAE,dB,0.56068402528762817
20260821,P0166,166,FSC E190,FullSphereERB,dB,0.80667967753552206
20260821,P0166,166,FSC E190,Contralateral25ERB,dB,1.1874910321119201
20260821,P0166,166,FSC E190,ERBBandILDMean,dB,1.3887231349945068
20260821,P0166,166,FSC E190,ITDWeightedMAE,us,18.636206023680479
20260821,P0166,166,FSC E190,FullSphereLSD,dB,3.6336537838182257
20260821,P0166,166,FSC E190,HFFirstDifferenceMAE,dB/bin,0.41454863548278809
20260821,P0166,166,FSC E190,HFSecondDifferenceMAE,dB/bin^2,0.24344800412654877
20260821,P0166,166,FSC E190,MultiScaleNotchDepthMAE,dB,0.48264551162719727
20260822,P0166,166,FiLM-SIREN E130,FullSphereERB,dB,0.84626312002609105
20260822,P0166,166,FiLM-SIREN E130,Contralateral25ERB,dB,1.21043030662106
20260822,P0166,166,FiLM-SIREN E130,ERBBandILDMean,dB,1.4944840669631958
20260822,P0166,166,FiLM-SIREN E130,ITDWeightedMAE,us,18.718454730498372
20260822,P0166,166,FiLM-SIREN E130,FullSphereLSD,dB,3.9682705697384191
20260822,P0166,166,FiLM-SIREN E130,HFFirstDifferenceMAE,dB/bin,0.50363290309906006
20260822,P0166,166,FiLM-SIREN E130,HFSecondDifferenceMAE,dB/bin^2,0.32274377346038818
20260822,P0166,166,FiLM-SIREN E130,MultiScaleNotchDepthMAE,dB,0.56472247838973999
20260822,P0166,166,FSC E190,FullSphereERB,dB,0.805718121443048
20260822,P0166,166,FSC E190,Contralateral25ERB,dB,1.1762945884111899
20260822,P0166,166,FSC E190,ERBBandILDMean,dB,1.3980460166931152
20260822,P0166,166,FSC E190,ITDWeightedMAE,us,18.677744854028091
20260822,P0166,166,FSC E190,FullSphereLSD,dB,3.6265169525019019
20260822,P0166,166,FSC E190,HFFirstDifferenceMAE,dB/bin,0.41384682059288025
20260822,P0166,166,FSC E190,HFSecondDifferenceMAE,dB/bin^2,0.24402812123298645
20260822,P0166,166,FSC E190,MultiScaleNotchDepthMAE,dB,0.48111248016357422
20260823,P0166,166,FiLM-SIREN E130,FullSphereERB,dB,0.84437245471099298
20260823,P0166,166,FiLM-SIREN E130,Contralateral25ERB,dB,1.23475157642878
20260823,P0166,166,FiLM-SIREN E130,ERBBandILDMean,dB,1.4679661989212036
20260823,P0166,166,FiLM-SIREN E130,ITDWeightedMAE,us,18.723295645930662
20260823,P0166,166,FiLM-SIREN E130,FullSphereLSD,dB,3.9416420187709291
20260823,P0166,166,FiLM-SIREN E130,HFFirstDifferenceMAE,dB/bin,0.48472732305526733
20260823,P0166,166,FiLM-SIREN E130,HFSecondDifferenceMAE,dB/bin^2,0.29575571417808533
20260823,P0166,166,FiLM-SIREN E130,MultiScaleNotchDepthMAE,dB,0.55275601148605347
20260823,P0166,166,FSC E190,FullSphereERB,dB,0.81131217380416798
20260823,P0166,166,FSC E190,Contralateral25ERB,dB,1.22097546551225
20260823,P0166,166,FSC E190,ERBBandILDMean,dB,1.3984724283218384
20260823,P0166,166,FSC E190,ITDWeightedMAE,us,18.692907354940999
20260823,P0166,166,FSC E190,FullSphereLSD,dB,3.6148870947326328
20260823,P0166,166,FSC E190,HFFirstDifferenceMAE,dB/bin,0.41177213191986084
20260823,P0166,166,FSC E190,HFSecondDifferenceMAE,dB/bin^2,0.23784466087818146
20260823,P0166,166,FSC E190,MultiScaleNotchDepthMAE,dB,0.48095139861106873
20260821,P0167,167,FiLM-SIREN E130,FullSphereERB,dB,0.79701575524134405
20260821,P0167,167,FiLM-SIREN E130,Contralateral25ERB,dB,1.1723798702575501
20260821,P0167,167,FiLM-SIREN E130,ERBBandILDMean,dB,1.5584043264389038
20260821,P0167,167,FiLM-SIREN E130,ITDWeightedMAE,us,17.769118356124405
20260821,P0167,167,FiLM-SIREN E130,FullSphereLSD,dB,3.9855501631612049
20260821,P0167,167,FiLM-SIREN E130,HFFirstDifferenceMAE,dB/bin,0.63610184192657471
20260821,P0167,167,FiLM-SIREN E130,HFSecondDifferenceMAE,dB/bin^2,0.45328196883201599
20260821,P0167,167,FiLM-SIREN E130,MultiScaleNotchDepthMAE,dB,0.68124312162399292
20260821,P0167,167,FSC E190,FullSphereERB,dB,0.76822748184710299
20260821,P0167,167,FSC E190,Contralateral25ERB,dB,1.1651999059477101
20260821,P0167,167,FSC E190,ERBBandILDMean,dB,1.498540997505188
20260821,P0167,167,FSC E190,ITDWeightedMAE,us,17.743104309171791
20260821,P0167,167,FSC E190,FullSphereLSD,dB,3.7406151886158989
20260821,P0167,167,FSC E190,HFFirstDifferenceMAE,dB/bin,0.53281581401824951
20260821,P0167,167,FSC E190,HFSecondDifferenceMAE,dB/bin^2,0.34503990411758423
20260821,P0167,167,FSC E190,MultiScaleNotchDepthMAE,dB,0.59511798620223999
20260822,P0167,167,FiLM-SIREN E130,FullSphereERB,dB,0.81212520782693398
20260822,P0167,167,FiLM-SIREN E130,Contralateral25ERB,dB,1.25624287308077
20260822,P0167,167,FiLM-SIREN E130,ERBBandILDMean,dB,1.5771758556365967
20260822,P0167,167,FiLM-SIREN E130,ITDWeightedMAE,us,17.675205303027976
20260822,P0167,167,FiLM-SIREN E130,FullSphereLSD,dB,4.0104987298986758
20260822,P0167,167,FiLM-SIREN E130,HFFirstDifferenceMAE,dB/bin,0.61589312553405762
20260822,P0167,167,FiLM-SIREN E130,HFSecondDifferenceMAE,dB/bin^2,0.42268320918083191
20260822,P0167,167,FiLM-SIREN E130,MultiScaleNotchDepthMAE,dB,0.67205405235290527
20260822,P0167,167,FSC E190,FullSphereERB,dB,0.78066449020347195
20260822,P0167,167,FSC E190,Contralateral25ERB,dB,1.23414663307709
20260822,P0167,167,FSC E190,ERBBandILDMean,dB,1.4928257465362549
20260822,P0167,167,FSC E190,ITDWeightedMAE,us,17.665734125574929
20260822,P0167,167,FSC E190,FullSphereLSD,dB,3.7660168504802711
20260822,P0167,167,FSC E190,HFFirstDifferenceMAE,dB/bin,0.52829724550247192
20260822,P0167,167,FSC E190,HFSecondDifferenceMAE,dB/bin^2,0.3348405659198761
20260822,P0167,167,FSC E190,MultiScaleNotchDepthMAE,dB,0.59271067380905151
20260823,P0167,167,FiLM-SIREN E130,FullSphereERB,dB,0.794227758845367
20260823,P0167,167,FiLM-SIREN E130,Contralateral25ERB,dB,1.2013622761510001
20260823,P0167,167,FiLM-SIREN E130,ERBBandILDMean,dB,1.5521258115768433
20260823,P0167,167,FiLM-SIREN E130,ITDWeightedMAE,us,17.765565890406798
20260823,P0167,167,FiLM-SIREN E130,FullSphereLSD,dB,4.0186273475749523
20260823,P0167,167,FiLM-SIREN E130,HFFirstDifferenceMAE,dB/bin,0.61903202533721924
20260823,P0167,167,FiLM-SIREN E130,HFSecondDifferenceMAE,dB/bin^2,0.42655450105667114
20260823,P0167,167,FiLM-SIREN E130,MultiScaleNotchDepthMAE,dB,0.67148137092590332
20260823,P0167,167,FSC E190,FullSphereERB,dB,0.76753974813540204
20260823,P0167,167,FSC E190,Contralateral25ERB,dB,1.19681364108768
20260823,P0167,167,FSC E190,ERBBandILDMean,dB,1.468613862991333
20260823,P0167,167,FSC E190,ITDWeightedMAE,us,17.794687887826221
20260823,P0167,167,FSC E190,FullSphereLSD,dB,3.735592743074196
20260823,P0167,167,FSC E190,HFFirstDifferenceMAE,dB/bin,0.530647873878479
20260823,P0167,167,FSC E190,HFSecondDifferenceMAE,dB/bin^2,0.34153315424919128
20260823,P0167,167,FSC E190,MultiScaleNotchDepthMAE,dB,0.59312540292739868
20260821,P0170,170,FiLM-SIREN E130,FullSphereERB,dB,0.83610917665940898
20260821,P0170,170,FiLM-SIREN E130,Contralateral25ERB,dB,1.28410438140239
20260821,P0170,170,FiLM-SIREN E130,ERBBandILDMean,dB,1.5703325271606445
20260821,P0170,170,FiLM-SIREN E130,ITDWeightedMAE,us,15.604293564090055
20260821,P0170,170,FiLM-SIREN E130,FullSphereLSD,dB,3.9273042334294663
20260821,P0170,170,FiLM-SIREN E130,HFFirstDifferenceMAE,dB/bin,0.43554449081420898
20260821,P0170,170,FiLM-SIREN E130,HFSecondDifferenceMAE,dB/bin^2,0.23044079542160034
20260821,P0170,170,FiLM-SIREN E130,MultiScaleNotchDepthMAE,dB,0.60466593503952026
20260821,P0170,170,FSC E190,FullSphereERB,dB,0.80740992855115601
20260821,P0170,170,FSC E190,Contralateral25ERB,dB,1.26832841619162
20260821,P0170,170,FSC E190,ERBBandILDMean,dB,1.5080839395523071
20260821,P0170,170,FSC E190,ITDWeightedMAE,us,15.598734136081015
20260821,P0170,170,FSC E190,FullSphereLSD,dB,3.6490748006100775
20260821,P0170,170,FSC E190,HFFirstDifferenceMAE,dB/bin,0.37309813499450684
20260821,P0170,170,FSC E190,HFSecondDifferenceMAE,dB/bin^2,0.18215090036392212
20260821,P0170,170,FSC E190,MultiScaleNotchDepthMAE,dB,0.53170496225357056
20260822,P0170,170,FiLM-SIREN E130,FullSphereERB,dB,0.82290515402463804
20260822,P0170,170,FiLM-SIREN E130,Contralateral25ERB,dB,1.28236312265761
20260822,P0170,170,FiLM-SIREN E130,ERBBandILDMean,dB,1.5843304395675659
20260822,P0170,170,FiLM-SIREN E130,ITDWeightedMAE,us,15.612237216350724
20260822,P0170,170,FiLM-SIREN E130,FullSphereLSD,dB,3.886255750609704
20260822,P0170,170,FiLM-SIREN E130,HFFirstDifferenceMAE,dB/bin,0.43547174334526062
20260822,P0170,170,FiLM-SIREN E130,HFSecondDifferenceMAE,dB/bin^2,0.22995300590991974
20260822,P0170,170,FiLM-SIREN E130,MultiScaleNotchDepthMAE,dB,0.60392290353775024
20260822,P0170,170,FSC E190,FullSphereERB,dB,0.79182092297033102
20260822,P0170,170,FSC E190,Contralateral25ERB,dB,1.2561573786595499
20260822,P0170,170,FSC E190,ERBBandILDMean,dB,1.5226798057556152
20260822,P0170,170,FSC E190,ITDWeightedMAE,us,15.598624343027701
20260822,P0170,170,FSC E190,FullSphereLSD,dB,3.6167441144755981
20260822,P0170,170,FSC E190,HFFirstDifferenceMAE,dB/bin,0.37222614884376526
20260822,P0170,170,FSC E190,HFSecondDifferenceMAE,dB/bin^2,0.18118774890899658
20260822,P0170,170,FSC E190,MultiScaleNotchDepthMAE,dB,0.53232884407043457
20260823,P0170,170,FiLM-SIREN E130,FullSphereERB,dB,0.81619290745681405
20260823,P0170,170,FiLM-SIREN E130,Contralateral25ERB,dB,1.2561435841080799
20260823,P0170,170,FiLM-SIREN E130,ERBBandILDMean,dB,1.5415080785751343
20260823,P0170,170,FiLM-SIREN E130,ITDWeightedMAE,us,15.522343683193936
20260823,P0170,170,FiLM-SIREN E130,FullSphereLSD,dB,3.8847214222503235
20260823,P0170,170,FiLM-SIREN E130,HFFirstDifferenceMAE,dB/bin,0.43321853876113892
20260823,P0170,170,FiLM-SIREN E130,HFSecondDifferenceMAE,dB/bin^2,0.22589896619319916
20260823,P0170,170,FiLM-SIREN E130,MultiScaleNotchDepthMAE,dB,0.60412269830703735
20260823,P0170,170,FSC E190,FullSphereERB,dB,0.79225988549364301
20260823,P0170,170,FSC E190,Contralateral25ERB,dB,1.2367197179270399
20260823,P0170,170,FSC E190,ERBBandILDMean,dB,1.4933930635452271
20260823,P0170,170,FSC E190,ITDWeightedMAE,us,15.508299352265794
20260823,P0170,170,FSC E190,FullSphereLSD,dB,3.6143529369610046
20260823,P0170,170,FSC E190,HFFirstDifferenceMAE,dB/bin,0.37260478734970093
20260823,P0170,170,FSC E190,HFSecondDifferenceMAE,dB/bin^2,0.18151120841503143
20260823,P0170,170,FSC E190,MultiScaleNotchDepthMAE,dB,0.53350836038589478
20260821,P0171,171,FiLM-SIREN E130,FullSphereERB,dB,0.77282621512156202
20260821,P0171,171,FiLM-SIREN E130,Contralateral25ERB,dB,1.1849914849816701
20260821,P0171,171,FiLM-SIREN E130,ERBBandILDMean,dB,1.510595440864563
20260821,P0171,171,FiLM-SIREN E130,ITDWeightedMAE,us,17.286035131400205
20260821,P0171,171,FiLM-SIREN E130,FullSphereLSD,dB,3.6072220191064042
20260821,P0171,171,FiLM-SIREN E130,HFFirstDifferenceMAE,dB/bin,0.59201717376708984
20260821,P0171,171,FiLM-SIREN E130,HFSecondDifferenceMAE,dB/bin^2,0.42281246185302734
20260821,P0171,171,FiLM-SIREN E130,MultiScaleNotchDepthMAE,dB,0.63039588928222656
20260821,P0171,171,FSC E190,FullSphereERB,dB,0.75280623563114502
20260821,P0171,171,FSC E190,Contralateral25ERB,dB,1.17940047432664
20260821,P0171,171,FSC E190,ERBBandILDMean,dB,1.4245325326919556
20260821,P0171,171,FSC E190,ITDWeightedMAE,us,17.20262890990567
20260821,P0171,171,FSC E190,FullSphereLSD,dB,3.3435737848123126
20260821,P0171,171,FSC E190,HFFirstDifferenceMAE,dB/bin,0.48162221908569336
20260821,P0171,171,FSC E190,HFSecondDifferenceMAE,dB/bin^2,0.31027740240097046
20260821,P0171,171,FSC E190,MultiScaleNotchDepthMAE,dB,0.54107064008712769
20260822,P0171,171,FiLM-SIREN E130,FullSphereERB,dB,0.77193684250013395
20260822,P0171,171,FiLM-SIREN E130,Contralateral25ERB,dB,1.1587001406186399
20260822,P0171,171,FiLM-SIREN E130,ERBBandILDMean,dB,1.4799509048461914
20260822,P0171,171,FiLM-SIREN E130,ITDWeightedMAE,us,17.303412305278421
20260822,P0171,171,FiLM-SIREN E130,FullSphereLSD,dB,3.6199725788546422
20260822,P0171,171,FiLM-SIREN E130,HFFirstDifferenceMAE,dB/bin,0.57640880346298218
20260822,P0171,171,FiLM-SIREN E130,HFSecondDifferenceMAE,dB/bin^2,0.3998909592628479
20260822,P0171,171,FiLM-SIREN E130,MultiScaleNotchDepthMAE,dB,0.62109071016311646
20260822,P0171,171,FSC E190,FullSphereERB,dB,0.75163208338422005
20260822,P0171,171,FSC E190,Contralateral25ERB,dB,1.1547535135862099
20260822,P0171,171,FSC E190,ERBBandILDMean,dB,1.4135591983795166
20260822,P0171,171,FSC E190,ITDWeightedMAE,us,17.314480728281094
20260822,P0171,171,FSC E190,FullSphereLSD,dB,3.3679239271652239
20260822,P0171,171,FSC E190,HFFirstDifferenceMAE,dB/bin,0.47790884971618652
20260822,P0171,171,FSC E190,HFSecondDifferenceMAE,dB/bin^2,0.30277732014656067
20260822,P0171,171,FSC E190,MultiScaleNotchDepthMAE,dB,0.53956711292266846
20260823,P0171,171,FiLM-SIREN E130,FullSphereERB,dB,0.76904938618147201
20260823,P0171,171,FiLM-SIREN E130,Contralateral25ERB,dB,1.15983525273028
20260823,P0171,171,FiLM-SIREN E130,ERBBandILDMean,dB,1.470664381980896
20260823,P0171,171,FiLM-SIREN E130,ITDWeightedMAE,us,17.37519873786303
20260823,P0171,171,FiLM-SIREN E130,FullSphereLSD,dB,3.6311912898733718
20260823,P0171,171,FiLM-SIREN E130,HFFirstDifferenceMAE,dB/bin,0.57559025287628174
20260823,P0171,171,FiLM-SIREN E130,HFSecondDifferenceMAE,dB/bin^2,0.39526495337486267
20260823,P0171,171,FiLM-SIREN E130,MultiScaleNotchDepthMAE,dB,0.62115329504013062
20260823,P0171,171,FSC E190,FullSphereERB,dB,0.74913280996281295
20260823,P0171,171,FSC E190,Contralateral25ERB,dB,1.16560259546247
20260823,P0171,171,FSC E190,ERBBandILDMean,dB,1.393064022064209
20260823,P0171,171,FSC E190,ITDWeightedMAE,us,17.314413966803851
20260823,P0171,171,FSC E190,FullSphereLSD,dB,3.3510906158484772
20260823,P0171,171,FSC E190,HFFirstDifferenceMAE,dB/bin,0.47996565699577332
20260823,P0171,171,FSC E190,HFSecondDifferenceMAE,dB/bin^2,0.30574521422386169
20260823,P0171,171,FSC E190,MultiScaleNotchDepthMAE,dB,0.54020971059799194
20260821,P0172,172,FiLM-SIREN E130,FullSphereERB,dB,0.77563535882188905
20260821,P0172,172,FiLM-SIREN E130,Contralateral25ERB,dB,1.1734909070308399
20260821,P0172,172,FiLM-SIREN E130,ERBBandILDMean,dB,1.3897244930267334
20260821,P0172,172,FiLM-SIREN E130,ITDWeightedMAE,us,15.37636532611878
20260821,P0172,172,FiLM-SIREN E130,FullSphereLSD,dB,3.3493182260734198
20260821,P0172,172,FiLM-SIREN E130,HFFirstDifferenceMAE,dB/bin,0.48133343458175659
20260821,P0172,172,FiLM-SIREN E130,HFSecondDifferenceMAE,dB/bin^2,0.32216000556945801
20260821,P0172,172,FiLM-SIREN E130,MultiScaleNotchDepthMAE,dB,0.50135040283203125
20260821,P0172,172,FSC E190,FullSphereERB,dB,0.75039868560932399
20260821,P0172,172,FSC E190,Contralateral25ERB,dB,1.1649412879702501
20260821,P0172,172,FSC E190,ERBBandILDMean,dB,1.3043655157089233
20260821,P0172,172,FSC E190,ITDWeightedMAE,us,15.340277516385157
20260821,P0172,172,FSC E190,FullSphereLSD,dB,3.0551097009922481
20260821,P0172,172,FSC E190,HFFirstDifferenceMAE,dB/bin,0.39164254069328308
20260821,P0172,172,FSC E190,HFSecondDifferenceMAE,dB/bin^2,0.23893345892429352
20260821,P0172,172,FSC E190,MultiScaleNotchDepthMAE,dB,0.42366489768028259
20260822,P0172,172,FiLM-SIREN E130,FullSphereERB,dB,0.77142193396569503
20260822,P0172,172,FiLM-SIREN E130,Contralateral25ERB,dB,1.14730977876999
20260822,P0172,172,FiLM-SIREN E130,ERBBandILDMean,dB,1.4053823947906494
20260822,P0172,172,FiLM-SIREN E130,ITDWeightedMAE,us,15.4453567442895
20260822,P0172,172,FiLM-SIREN E130,FullSphereLSD,dB,3.3367637529154299
20260822,P0172,172,FiLM-SIREN E130,HFFirstDifferenceMAE,dB/bin,0.47279876470565796
20260822,P0172,172,FiLM-SIREN E130,HFSecondDifferenceMAE,dB/bin^2,0.30963027477264404
20260822,P0172,172,FiLM-SIREN E130,MultiScaleNotchDepthMAE,dB,0.49306216835975647
20260822,P0172,172,FSC E190,FullSphereERB,dB,0.74248478637503901
20260822,P0172,172,FSC E190,Contralateral25ERB,dB,1.1349096262429099
20260822,P0172,172,FSC E190,ERBBandILDMean,dB,1.3051658868789673
20260822,P0172,172,FSC E190,ITDWeightedMAE,us,15.384416008699056
20260822,P0172,172,FSC E190,FullSphereLSD,dB,3.0588201007691183
20260822,P0172,172,FSC E190,HFFirstDifferenceMAE,dB/bin,0.38988551497459412
20260822,P0172,172,FSC E190,HFSecondDifferenceMAE,dB/bin^2,0.23503449559211731
20260822,P0172,172,FSC E190,MultiScaleNotchDepthMAE,dB,0.42472466826438904
20260823,P0172,172,FiLM-SIREN E130,FullSphereERB,dB,0.76168528059400198
20260823,P0172,172,FiLM-SIREN E130,Contralateral25ERB,dB,1.1307240868250901
20260823,P0172,172,FiLM-SIREN E130,ERBBandILDMean,dB,1.3638925552368164
20260823,P0172,172,FiLM-SIREN E130,ITDWeightedMAE,us,15.407631472892943
20260823,P0172,172,FiLM-SIREN E130,FullSphereLSD,dB,3.3533603449376588
20260823,P0172,172,FiLM-SIREN E130,HFFirstDifferenceMAE,dB/bin,0.46572169661521912
20260823,P0172,172,FiLM-SIREN E130,HFSecondDifferenceMAE,dB/bin^2,0.29866373538970947
20260823,P0172,172,FiLM-SIREN E130,MultiScaleNotchDepthMAE,dB,0.48794937133789062
20260823,P0172,172,FSC E190,FullSphereERB,dB,0.74094253397580701
20260823,P0172,172,FSC E190,Contralateral25ERB,dB,1.1270156356976599
20260823,P0172,172,FSC E190,ERBBandILDMean,dB,1.2884705066680908
20260823,P0172,172,FSC E190,ITDWeightedMAE,us,15.294428757686696
20260823,P0172,172,FSC E190,FullSphereLSD,dB,3.0745162183605661
20260823,P0172,172,FSC E190,HFFirstDifferenceMAE,dB/bin,0.39002090692520142
20260823,P0172,172,FSC E190,HFSecondDifferenceMAE,dB/bin^2,0.23512855172157288
20260823,P0172,172,FSC E190,MultiScaleNotchDepthMAE,dB,0.42280450463294983
20260821,P0174,174,FiLM-SIREN E130,FullSphereERB,dB,0.80619844770888405
20260821,P0174,174,FiLM-SIREN E130,Contralateral25ERB,dB,1.2077615057153901
20260821,P0174,174,FiLM-SIREN E130,ERBBandILDMean,dB,1.56439208984375
20260821,P0174,174,FiLM-SIREN E130,ITDWeightedMAE,us,16.520922560266833
20260821,P0174,174,FiLM-SIREN E130,FullSphereLSD,dB,4.0345742749970626
20260821,P0174,174,FiLM-SIREN E130,HFFirstDifferenceMAE,dB/bin,0.51275074481964111
20260821,P0174,174,FiLM-SIREN E130,HFSecondDifferenceMAE,dB/bin^2,0.30603876709938049
20260821,P0174,174,FiLM-SIREN E130,MultiScaleNotchDepthMAE,dB,0.64492374658584595
20260821,P0174,174,FSC E190,FullSphereERB,dB,0.77337529562014695
20260821,P0174,174,FSC E190,Contralateral25ERB,dB,1.1946515545558201
20260821,P0174,174,FSC E190,ERBBandILDMean,dB,1.4861829280853271
20260821,P0174,174,FSC E190,ITDWeightedMAE,us,16.452319727851439
20260821,P0174,174,FSC E190,FullSphereLSD,dB,3.7618709106666435
20260821,P0174,174,FSC E190,HFFirstDifferenceMAE,dB/bin,0.43638640642166138
20260821,P0174,174,FSC E190,HFSecondDifferenceMAE,dB/bin^2,0.24233080446720123
20260821,P0174,174,FSC E190,MultiScaleNotchDepthMAE,dB,0.56956177949905396
20260822,P0174,174,FiLM-SIREN E130,FullSphereERB,dB,0.803437951021028
20260822,P0174,174,FiLM-SIREN E130,Contralateral25ERB,dB,1.2120518146604899
20260822,P0174,174,FiLM-SIREN E130,ERBBandILDMean,dB,1.560041069984436
20260822,P0174,174,FiLM-SIREN E130,ITDWeightedMAE,us,16.421258213003927
20260822,P0174,174,FiLM-SIREN E130,FullSphereLSD,dB,3.9954801218880855
20260822,P0174,174,FiLM-SIREN E130,HFFirstDifferenceMAE,dB/bin,0.51306611299514771
20260822,P0174,174,FiLM-SIREN E130,HFSecondDifferenceMAE,dB/bin^2,0.30621534585952759
20260822,P0174,174,FiLM-SIREN E130,MultiScaleNotchDepthMAE,dB,0.64702045917510986
20260822,P0174,174,FSC E190,FullSphereERB,dB,0.77016504617848602
20260822,P0174,174,FSC E190,Contralateral25ERB,dB,1.19702028210001
20260822,P0174,174,FSC E190,ERBBandILDMean,dB,1.4834952354431152
20260822,P0174,174,FSC E190,ITDWeightedMAE,us,16.409311673828604
20260822,P0174,174,FSC E190,FullSphereLSD,dB,3.7325188964931293
20260822,P0174,174,FSC E190,HFFirstDifferenceMAE,dB/bin,0.43480327725410461
20260822,P0174,174,FSC E190,HFSecondDifferenceMAE,dB/bin^2,0.24008196592330933
20260822,P0174,174,FSC E190,MultiScaleNotchDepthMAE,dB,0.56777936220169067
20260823,P0174,174,FiLM-SIREN E130,FullSphereERB,dB,0.80602451094254901
20260823,P0174,174,FiLM-SIREN E130,Contralateral25ERB,dB,1.1787408094699501
20260823,P0174,174,FiLM-SIREN E130,ERBBandILDMean,dB,1.559450626373291
20260823,P0174,174,FiLM-SIREN E130,ITDWeightedMAE,us,16.395447402800968
20260823,P0174,174,FiLM-SIREN E130,FullSphereLSD,dB,4.0337200852274915
20260823,P0174,174,FiLM-SIREN E130,HFFirstDifferenceMAE,dB/bin,0.51053780317306519
20260823,P0174,174,FiLM-SIREN E130,HFSecondDifferenceMAE,dB/bin^2,0.30302372574806213
20260823,P0174,174,FiLM-SIREN E130,MultiScaleNotchDepthMAE,dB,0.64387458562850952
20260823,P0174,174,FSC E190,FullSphereERB,dB,0.77884270549312695
20260823,P0174,174,FSC E190,Contralateral25ERB,dB,1.1798611441592399
20260823,P0174,174,FSC E190,ERBBandILDMean,dB,1.4998670816421509
20260823,P0174,174,FSC E190,ITDWeightedMAE,us,16.38269440314323
20260823,P0174,174,FSC E190,FullSphereLSD,dB,3.752971304602311
20260823,P0174,174,FSC E190,HFFirstDifferenceMAE,dB/bin,0.43543937802314758
20260823,P0174,174,FSC E190,HFSecondDifferenceMAE,dB/bin^2,0.2426924854516983
20260823,P0174,174,FSC E190,MultiScaleNotchDepthMAE,dB,0.56839793920516968
20260821,P0193,193,FiLM-SIREN E130,FullSphereERB,dB,0.78252685928014298
20260821,P0193,193,FiLM-SIREN E130,Contralateral25ERB,dB,1.1049330711819101
20260821,P0193,193,FiLM-SIREN E130,ERBBandILDMean,dB,1.4767071008682251
20260821,P0193,193,FiLM-SIREN E130,ITDWeightedMAE,us,17.430963915649421
20260821,P0193,193,FiLM-SIREN E130,FullSphereLSD,dB,3.4588049120900228
20260821,P0193,193,FiLM-SIREN E130,HFFirstDifferenceMAE,dB/bin,0.41801905632019043
20260821,P0193,193,FiLM-SIREN E130,HFSecondDifferenceMAE,dB/bin^2,0.24933607876300812
20260821,P0193,193,FiLM-SIREN E130,MultiScaleNotchDepthMAE,dB,0.47670376300811768
20260821,P0193,193,FSC E190,FullSphereERB,dB,0.76577182890030704
20260821,P0193,193,FSC E190,Contralateral25ERB,dB,1.1044140207502799
20260821,P0193,193,FSC E190,ERBBandILDMean,dB,1.4476249217987061
20260821,P0193,193,FSC E190,ITDWeightedMAE,us,17.383670281944962
20260821,P0193,193,FSC E190,FullSphereLSD,dB,3.2294774032213844
20260821,P0193,193,FSC E190,HFFirstDifferenceMAE,dB/bin,0.35652130842208862
20260821,P0193,193,FSC E190,HFSecondDifferenceMAE,dB/bin^2,0.19818970561027527
20260821,P0193,193,FSC E190,MultiScaleNotchDepthMAE,dB,0.41869136691093445
20260822,P0193,193,FiLM-SIREN E130,FullSphereERB,dB,0.78352821829739305
20260822,P0193,193,FiLM-SIREN E130,Contralateral25ERB,dB,1.1264425706928101
20260822,P0193,193,FiLM-SIREN E130,ERBBandILDMean,dB,1.4757596254348755
20260822,P0193,193,FiLM-SIREN E130,ITDWeightedMAE,us,17.532596516161078
20260822,P0193,193,FiLM-SIREN E130,FullSphereLSD,dB,3.4501421586577399
20260822,P0193,193,FiLM-SIREN E130,HFFirstDifferenceMAE,dB/bin,0.41900643706321716
20260822,P0193,193,FiLM-SIREN E130,HFSecondDifferenceMAE,dB/bin^2,0.25098642706871033
20260822,P0193,193,FiLM-SIREN E130,MultiScaleNotchDepthMAE,dB,0.47421097755432129
20260822,P0193,193,FSC E190,FullSphereERB,dB,0.76209234480416299
20260822,P0193,193,FSC E190,Contralateral25ERB,dB,1.11509390559635
20260822,P0193,193,FSC E190,ERBBandILDMean,dB,1.4341276884078979
20260822,P0193,193,FSC E190,ITDWeightedMAE,us,17.557943462376684
20260822,P0193,193,FSC E190,FullSphereLSD,dB,3.2091921023079046
20260822,P0193,193,FSC E190,HFFirstDifferenceMAE,dB/bin,0.35528901219367981
20260822,P0193,193,FSC E190,HFSecondDifferenceMAE,dB/bin^2,0.1975160539150238
20260822,P0193,193,FSC E190,MultiScaleNotchDepthMAE,dB,0.41696658730506897
20260823,P0193,193,FiLM-SIREN E130,FullSphereERB,dB,0.77917851465718901
20260823,P0193,193,FiLM-SIREN E130,Contralateral25ERB,dB,1.1246349883340501
20260823,P0193,193,FiLM-SIREN E130,ERBBandILDMean,dB,1.4389599561691284
20260823,P0193,193,FiLM-SIREN E130,ITDWeightedMAE,us,17.430649571876444
20260823,P0193,193,FiLM-SIREN E130,FullSphereLSD,dB,3.4623528918238282
20260823,P0193,193,FiLM-SIREN E130,HFFirstDifferenceMAE,dB/bin,0.41652682423591614
20260823,P0193,193,FiLM-SIREN E130,HFSecondDifferenceMAE,dB/bin^2,0.24956008791923523
20260823,P0193,193,FiLM-SIREN E130,MultiScaleNotchDepthMAE,dB,0.47301673889160156
20260823,P0193,193,FSC E190,FullSphereERB,dB,0.76712183073432705
20260823,P0193,193,FSC E190,Contralateral25ERB,dB,1.12743601495276
20260823,P0193,193,FSC E190,ERBBandILDMean,dB,1.4118307828903198
20260823,P0193,193,FSC E190,ITDWeightedMAE,us,17.365531269240776
20260823,P0193,193,FSC E190,FullSphereLSD,dB,3.2242332549007919
20260823,P0193,193,FSC E190,HFFirstDifferenceMAE,dB/bin,0.35672232508659363
20260823,P0193,193,FSC E190,HFSecondDifferenceMAE,dB/bin^2,0.20069743692874908
20260823,P0193,193,FSC E190,MultiScaleNotchDepthMAE,dB,0.41766396164894104
20260821,P0194,194,FiLM-SIREN E130,FullSphereERB,dB,0.82858005011012104
20260821,P0194,194,FiLM-SIREN E130,Contralateral25ERB,dB,1.2755336437853599
20260821,P0194,194,FiLM-SIREN E130,ERBBandILDMean,dB,1.7158206701278687
20260821,P0194,194,FiLM-SIREN E130,ITDWeightedMAE,us,19.313435723796637
20260821,P0194,194,FiLM-SIREN E130,FullSphereLSD,dB,3.5401279812843356
20260821,P0194,194,FiLM-SIREN E130,HFFirstDifferenceMAE,dB/bin,0.52512538433074951
20260821,P0194,194,FiLM-SIREN E130,HFSecondDifferenceMAE,dB/bin^2,0.32791170477867126
20260821,P0194,194,FiLM-SIREN E130,MultiScaleNotchDepthMAE,dB,0.58389180898666382
20260821,P0194,194,FSC E190,FullSphereERB,dB,0.79798123019061395
20260821,P0194,194,FSC E190,Contralateral25ERB,dB,1.25359871792734
20260821,P0194,194,FSC E190,ERBBandILDMean,dB,1.6172120571136475
20260821,P0194,194,FSC E190,ITDWeightedMAE,us,19.274518100178941
20260821,P0194,194,FSC E190,FullSphereLSD,dB,3.2747078508440008
20260821,P0194,194,FSC E190,HFFirstDifferenceMAE,dB/bin,0.44690918922424316
20260821,P0194,194,FSC E190,HFSecondDifferenceMAE,dB/bin^2,0.26182806491851807
20260821,P0194,194,FSC E190,MultiScaleNotchDepthMAE,dB,0.50586885213851929
20260822,P0194,194,FiLM-SIREN E130,FullSphereERB,dB,0.83511507635383697
20260822,P0194,194,FiLM-SIREN E130,Contralateral25ERB,dB,1.2873722772530001
20260822,P0194,194,FiLM-SIREN E130,ERBBandILDMean,dB,1.787278413772583
20260822,P0194,194,FiLM-SIREN E130,ITDWeightedMAE,us,19.209403139418491
20260822,P0194,194,FiLM-SIREN E130,FullSphereLSD,dB,3.4975203011295006
20260822,P0194,194,FiLM-SIREN E130,HFFirstDifferenceMAE,dB/bin,0.52185279130935669
20260822,P0194,194,FiLM-SIREN E130,HFSecondDifferenceMAE,dB/bin^2,0.32357630133628845
20260822,P0194,194,FiLM-SIREN E130,MultiScaleNotchDepthMAE,dB,0.58100599050521851
20260822,P0194,194,FSC E190,FullSphereERB,dB,0.80436853189328195
20260822,P0194,194,FSC E190,Contralateral25ERB,dB,1.2587538490388499
20260822,P0194,194,FSC E190,ERBBandILDMean,dB,1.6942309141159058
20260822,P0194,194,FSC E190,ITDWeightedMAE,us,19.204433006672559
20260822,P0194,194,FSC E190,FullSphereLSD,dB,3.2241153044463315
20260822,P0194,194,FSC E190,HFFirstDifferenceMAE,dB/bin,0.44423839449882507
20260822,P0194,194,FSC E190,HFSecondDifferenceMAE,dB/bin^2,0.25903984904289246
20260822,P0194,194,FSC E190,MultiScaleNotchDepthMAE,dB,0.50296956300735474
20260823,P0194,194,FiLM-SIREN E130,FullSphereERB,dB,0.81902719395510404
20260823,P0194,194,FiLM-SIREN E130,Contralateral25ERB,dB,1.26105353837403
20260823,P0194,194,FiLM-SIREN E130,ERBBandILDMean,dB,1.7506940364837646
20260823,P0194,194,FiLM-SIREN E130,ITDWeightedMAE,us,19.377161188964148
20260823,P0194,194,FiLM-SIREN E130,FullSphereLSD,dB,3.5220576732870246
20260823,P0194,194,FiLM-SIREN E130,HFFirstDifferenceMAE,dB/bin,0.51777553558349609
20260823,P0194,194,FiLM-SIREN E130,HFSecondDifferenceMAE,dB/bin^2,0.31676286458969116
20260823,P0194,194,FiLM-SIREN E130,MultiScaleNotchDepthMAE,dB,0.58101344108581543
20260823,P0194,194,FSC E190,FullSphereERB,dB,0.78876203249653898
20260823,P0194,194,FSC E190,Contralateral25ERB,dB,1.2356026981863799
20260823,P0194,194,FSC E190,ERBBandILDMean,dB,1.6580840349197388
20260823,P0194,194,FSC E190,ITDWeightedMAE,us,19.324319353495611
20260823,P0194,194,FSC E190,FullSphereLSD,dB,3.2417448659738053
20260823,P0194,194,FSC E190,HFFirstDifferenceMAE,dB/bin,0.44545188546180725
20260823,P0194,194,FSC E190,HFSecondDifferenceMAE,dB/bin^2,0.25998014211654663
20260823,P0194,194,FSC E190,MultiScaleNotchDepthMAE,dB,0.5054658055305481
20260821,P0198,198,FiLM-SIREN E130,FullSphereERB,dB,0.82016650928614698
20260821,P0198,198,FiLM-SIREN E130,Contralateral25ERB,dB,1.1676962765828101
20260821,P0198,198,FiLM-SIREN E130,ERBBandILDMean,dB,1.562381386756897
20260821,P0198,198,FiLM-SIREN E130,ITDWeightedMAE,us,18.282115037695419
20260821,P0198,198,FiLM-SIREN E130,FullSphereLSD,dB,3.6176553611566051
20260821,P0198,198,FiLM-SIREN E130,HFFirstDifferenceMAE,dB/bin,0.39795231819152832
20260821,P0198,198,FiLM-SIREN E130,HFSecondDifferenceMAE,dB/bin^2,0.22192893922328949
20260821,P0198,198,FiLM-SIREN E130,MultiScaleNotchDepthMAE,dB,0.4600989818572998
20260821,P0198,198,FSC E190,FullSphereERB,dB,0.79119035339953303
20260821,P0198,198,FSC E190,Contralateral25ERB,dB,1.16413045529891
20260821,P0198,198,FSC E190,ERBBandILDMean,dB,1.49590003490448
20260821,P0198,198,FSC E190,ITDWeightedMAE,us,18.226098479780383
20260821,P0198,198,FSC E190,FullSphereLSD,dB,3.4120488105370743
20260821,P0198,198,FSC E190,HFFirstDifferenceMAE,dB/bin,0.35358542203903198
20260821,P0198,198,FSC E190,HFSecondDifferenceMAE,dB/bin^2,0.18764413893222809
20260821,P0198,198,FSC E190,MultiScaleNotchDepthMAE,dB,0.42314758896827698
20260822,P0198,198,FiLM-SIREN E130,FullSphereERB,dB,0.83081485087418305
20260822,P0198,198,FiLM-SIREN E130,Contralateral25ERB,dB,1.19430752424372
20260822,P0198,198,FiLM-SIREN E130,ERBBandILDMean,dB,1.5429402589797974
20260822,P0198,198,FiLM-SIREN E130,ITDWeightedMAE,us,18.265478563882137
20260822,P0198,198,FiLM-SIREN E130,FullSphereLSD,dB,3.6120512880406652
20260822,P0198,198,FiLM-SIREN E130,HFFirstDifferenceMAE,dB/bin,0.39683747291564941
20260822,P0198,198,FiLM-SIREN E130,HFSecondDifferenceMAE,dB/bin^2,0.21892461180686951
20260822,P0198,198,FiLM-SIREN E130,MultiScaleNotchDepthMAE,dB,0.4583590030670166
20260822,P0198,198,FSC E190,FullSphereERB,dB,0.80251153072130899
20260822,P0198,198,FSC E190,Contralateral25ERB,dB,1.18485159553504
20260822,P0198,198,FSC E190,ERBBandILDMean,dB,1.4790374040603638
20260822,P0198,198,FSC E190,ITDWeightedMAE,us,18.238755979149317
20260822,P0198,198,FSC E190,FullSphereLSD,dB,3.4204501103492659
20260822,P0198,198,FSC E190,HFFirstDifferenceMAE,dB/bin,0.35284769535064697
20260822,P0198,198,FSC E190,HFSecondDifferenceMAE,dB/bin^2,0.18575082719326019
20260822,P0198,198,FSC E190,MultiScaleNotchDepthMAE,dB,0.42240908741950989
20260823,P0198,198,FiLM-SIREN E130,FullSphereERB,dB,0.83277784596050297
20260823,P0198,198,FiLM-SIREN E130,Contralateral25ERB,dB,1.14232127205023
20260823,P0198,198,FiLM-SIREN E130,ERBBandILDMean,dB,1.5896477699279785
20260823,P0198,198,FiLM-SIREN E130,ITDWeightedMAE,us,18.252178099338948
20260823,P0198,198,FiLM-SIREN E130,FullSphereLSD,dB,3.680678051664823
20260823,P0198,198,FiLM-SIREN E130,HFFirstDifferenceMAE,dB/bin,0.40179014205932617
20260823,P0198,198,FiLM-SIREN E130,HFSecondDifferenceMAE,dB/bin^2,0.22643613815307617
20260823,P0198,198,FiLM-SIREN E130,MultiScaleNotchDepthMAE,dB,0.46226629614830017
20260823,P0198,198,FSC E190,FullSphereERB,dB,0.80263091733562497
20260823,P0198,198,FSC E190,Contralateral25ERB,dB,1.1248674706032
20260823,P0198,198,FSC E190,ERBBandILDMean,dB,1.5035507678985596
20260823,P0198,198,FSC E190,ITDWeightedMAE,us,18.226424491639005
20260823,P0198,198,FSC E190,FullSphereLSD,dB,3.4525188072055073
20260823,P0198,198,FSC E190,HFFirstDifferenceMAE,dB/bin,0.3546048104763031
20260823,P0198,198,FSC E190,HFSecondDifferenceMAE,dB/bin^2,0.19000737369060516
20260823,P0198,198,FSC E190,MultiScaleNotchDepthMAE,dB,0.42327466607093811
20260821,P0202,202,FiLM-SIREN E130,FullSphereERB,dB,0.85984598737210505
20260821,P0202,202,FiLM-SIREN E130,Contralateral25ERB,dB,1.23648597942866
20260821,P0202,202,FiLM-SIREN E130,ERBBandILDMean,dB,1.7562909126281738
20260821,P0202,202,FiLM-SIREN E130,ITDWeightedMAE,us,13.725602460192755
20260821,P0202,202,FiLM-SIREN E130,FullSphereLSD,dB,3.6096490621929327
20260821,P0202,202,FiLM-SIREN E130,HFFirstDifferenceMAE,dB/bin,0.41689395904541016
20260821,P0202,202,FiLM-SIREN E130,HFSecondDifferenceMAE,dB/bin^2,0.23903259634971619
20260821,P0202,202,FiLM-SIREN E130,MultiScaleNotchDepthMAE,dB,0.48246017098426819
20260821,P0202,202,FSC E190,FullSphereERB,dB,0.83347717134647104
20260821,P0202,202,FSC E190,Contralateral25ERB,dB,1.2405222358507599
20260821,P0202,202,FSC E190,ERBBandILDMean,dB,1.6764886379241943
20260821,P0202,202,FSC E190,ITDWeightedMAE,us,13.724819587467776
20260821,P0202,202,FSC E190,FullSphereLSD,dB,3.4120253986113598
20260821,P0202,202,FSC E190,HFFirstDifferenceMAE,dB/bin,0.35400065779685974
20260821,P0202,202,FSC E190,HFSecondDifferenceMAE,dB/bin^2,0.18589529395103455
20260821,P0202,202,FSC E190,MultiScaleNotchDepthMAE,dB,0.42585444450378418
20260822,P0202,202,FiLM-SIREN E130,FullSphereERB,dB,0.85637772496018305
20260822,P0202,202,FiLM-SIREN E130,Contralateral25ERB,dB,1.23403031676855
20260822,P0202,202,FiLM-SIREN E130,ERBBandILDMean,dB,1.7261788845062256
20260822,P0202,202,FiLM-SIREN E130,ITDWeightedMAE,us,13.799018114970668
20260822,P0202,202,FiLM-SIREN E130,FullSphereLSD,dB,3.6242449784445321
20260822,P0202,202,FiLM-SIREN E130,HFFirstDifferenceMAE,dB/bin,0.41547366976737976
20260822,P0202,202,FiLM-SIREN E130,HFSecondDifferenceMAE,dB/bin^2,0.23537325859069824
20260822,P0202,202,FiLM-SIREN E130,MultiScaleNotchDepthMAE,dB,0.48210477828979492
20260822,P0202,202,FSC E190,FullSphereERB,dB,0.82588339293229596
20260822,P0202,202,FSC E190,Contralateral25ERB,dB,1.21462918455678
20260822,P0202,202,FSC E190,ERBBandILDMean,dB,1.6272245645523071
20260822,P0202,202,FSC E190,ITDWeightedMAE,us,13.768489046502618
20260822,P0202,202,FSC E190,FullSphereLSD,dB,3.4219319983233438
20260822,P0202,202,FSC E190,HFFirstDifferenceMAE,dB/bin,0.3526151180267334
20260822,P0202,202,FSC E190,HFSecondDifferenceMAE,dB/bin^2,0.18319821357727051
20260822,P0202,202,FSC E190,MultiScaleNotchDepthMAE,dB,0.42669486999511719
20260823,P0202,202,FiLM-SIREN E130,FullSphereERB,dB,0.85080601501956399
20260823,P0202,202,FiLM-SIREN E130,Contralateral25ERB,dB,1.2610947847881
20260823,P0202,202,FiLM-SIREN E130,ERBBandILDMean,dB,1.7225890159606934
20260823,P0202,202,FiLM-SIREN E130,ITDWeightedMAE,us,13.804004374622409
20260823,P0202,202,FiLM-SIREN E130,FullSphereLSD,dB,3.627301297002707
20260823,P0202,202,FiLM-SIREN E130,HFFirstDifferenceMAE,dB/bin,0.41790428757667542
20260823,P0202,202,FiLM-SIREN E130,HFSecondDifferenceMAE,dB/bin^2,0.2398354560136795
20260823,P0202,202,FiLM-SIREN E130,MultiScaleNotchDepthMAE,dB,0.48505792021751404
20260823,P0202,202,FSC E190,FullSphereERB,dB,0.82795572884663204
20260823,P0202,202,FSC E190,Contralateral25ERB,dB,1.2557103352771799
20260823,P0202,202,FSC E190,ERBBandILDMean,dB,1.657495379447937
20260823,P0202,202,FSC E190,ITDWeightedMAE,us,13.788384916000142
20260823,P0202,202,FSC E190,FullSphereLSD,dB,3.4270041827626145
20260823,P0202,202,FSC E190,HFFirstDifferenceMAE,dB/bin,0.35472288727760315
20260823,P0202,202,FSC E190,HFSecondDifferenceMAE,dB/bin^2,0.1882501095533371
20260823,P0202,202,FSC E190,MultiScaleNotchDepthMAE,dB,0.42720678448677063
20260821,P0203,203,FiLM-SIREN E130,FullSphereERB,dB,0.70788768900529497
20260821,P0203,203,FiLM-SIREN E130,Contralateral25ERB,dB,1.0364440869304099
20260821,P0203,203,FiLM-SIREN E130,ERBBandILDMean,dB,1.3848906755447388
20260821,P0203,203,FiLM-SIREN E130,ITDWeightedMAE,us,18.046032088691792
20260821,P0203,203,FiLM-SIREN E130,FullSphereLSD,dB,3.6995026570382996
20260821,P0203,203,FiLM-SIREN E130,HFFirstDifferenceMAE,dB/bin,0.52172499895095825
20260821,P0203,203,FiLM-SIREN E130,HFSecondDifferenceMAE,dB/bin^2,0.34779646992683411
20260821,P0203,203,FiLM-SIREN E130,MultiScaleNotchDepthMAE,dB,0.55349516868591309
20260821,P0203,203,FSC E190,FullSphereERB,dB,0.68254978869345595
20260821,P0203,203,FSC E190,Contralateral25ERB,dB,1.0211664108907501
20260821,P0203,203,FSC E190,ERBBandILDMean,dB,1.309786319732666
20260821,P0203,203,FSC E190,ITDWeightedMAE,us,18.082463279978178
20260821,P0203,203,FSC E190,FullSphereLSD,dB,3.4463485274487837
20260821,P0203,203,FSC E190,HFFirstDifferenceMAE,dB/bin,0.43277996778488159
20260821,P0203,203,FSC E190,HFSecondDifferenceMAE,dB/bin^2,0.26033899188041687
20260821,P0203,203,FSC E190,MultiScaleNotchDepthMAE,dB,0.4796195924282074
20260822,P0203,203,FiLM-SIREN E130,FullSphereERB,dB,0.72179582891501803
20260822,P0203,203,FiLM-SIREN E130,Contralateral25ERB,dB,1.05302738955773
20260822,P0203,203,FiLM-SIREN E130,ERBBandILDMean,dB,1.3905457258224487
20260822,P0203,203,FiLM-SIREN E130,ITDWeightedMAE,us,18.201699362971947
20260822,P0203,203,FiLM-SIREN E130,FullSphereLSD,dB,3.682936963352653
20260822,P0203,203,FiLM-SIREN E130,HFFirstDifferenceMAE,dB/bin,0.50862807035446167
20260822,P0203,203,FiLM-SIREN E130,HFSecondDifferenceMAE,dB/bin^2,0.33189070224761963
20260822,P0203,203,FiLM-SIREN E130,MultiScaleNotchDepthMAE,dB,0.54380512237548828
20260822,P0203,203,FSC E190,FullSphereERB,dB,0.69585003081073604
20260822,P0203,203,FSC E190,Contralateral25ERB,dB,1.0448100638117099
20260822,P0203,203,FSC E190,ERBBandILDMean,dB,1.3304641246795654
20260822,P0203,203,FSC E190,ITDWeightedMAE,us,18.199785680850574
20260822,P0203,203,FSC E190,FullSphereLSD,dB,3.4421745988583416
20260822,P0203,203,FSC E190,HFFirstDifferenceMAE,dB/bin,0.42893296480178833
20260822,P0203,203,FSC E190,HFSecondDifferenceMAE,dB/bin^2,0.25553393363952637
20260822,P0203,203,FSC E190,MultiScaleNotchDepthMAE,dB,0.47718501091003418
20260823,P0203,203,FiLM-SIREN E130,FullSphereERB,dB,0.70780656552933097
20260823,P0203,203,FiLM-SIREN E130,Contralateral25ERB,dB,1.04025167630979
20260823,P0203,203,FiLM-SIREN E130,ERBBandILDMean,dB,1.3849953413009644
20260823,P0203,203,FiLM-SIREN E130,ITDWeightedMAE,us,18.05303364262943
20260823,P0203,203,FiLM-SIREN E130,FullSphereLSD,dB,3.682268974590766
20260823,P0203,203,FiLM-SIREN E130,HFFirstDifferenceMAE,dB/bin,0.51209259033203125
20260823,P0203,203,FiLM-SIREN E130,HFSecondDifferenceMAE,dB/bin^2,0.33560237288475037
20260823,P0203,203,FiLM-SIREN E130,MultiScaleNotchDepthMAE,dB,0.54848098754882812
20260823,P0203,203,FSC E190,FullSphereERB,dB,0.68807182304094305
20260823,P0203,203,FSC E190,Contralateral25ERB,dB,1.0259572378552799
20260823,P0203,203,FSC E190,ERBBandILDMean,dB,1.3179713487625122
20260823,P0203,203,FSC E190,ITDWeightedMAE,us,18.060177395317552
20260823,P0203,203,FSC E190,FullSphereLSD,dB,3.4344659417802639
20260823,P0203,203,FSC E190,HFFirstDifferenceMAE,dB/bin,0.43155437707901001
20260823,P0203,203,FSC E190,HFSecondDifferenceMAE,dB/bin^2,0.25956085324287415
20260823,P0203,203,FSC E190,MultiScaleNotchDepthMAE,dB,0.4785982072353363
20260821,P0207,207,FiLM-SIREN E130,FullSphereERB,dB,0.875877557682469
20260821,P0207,207,FiLM-SIREN E130,Contralateral25ERB,dB,1.23999800451591
20260821,P0207,207,FiLM-SIREN E130,ERBBandILDMean,dB,1.5634900331497192
20260821,P0207,207,FiLM-SIREN E130,ITDWeightedMAE,us,14.284776276930437
20260821,P0207,207,FiLM-SIREN E130,FullSphereLSD,dB,3.6277618069790134
20260821,P0207,207,FiLM-SIREN E130,HFFirstDifferenceMAE,dB/bin,0.47494983673095703
20260821,P0207,207,FiLM-SIREN E130,HFSecondDifferenceMAE,dB/bin^2,0.29992273449897766
20260821,P0207,207,FiLM-SIREN E130,MultiScaleNotchDepthMAE,dB,0.52089887857437134
20260821,P0207,207,FSC E190,FullSphereERB,dB,0.84703578569599003
20260821,P0207,207,FSC E190,Contralateral25ERB,dB,1.2166370167537499
20260821,P0207,207,FSC E190,ERBBandILDMean,dB,1.534065842628479
20260821,P0207,207,FSC E190,ITDWeightedMAE,us,14.291596752358387
20260821,P0207,207,FSC E190,FullSphereLSD,dB,3.3854502321806268
20260821,P0207,207,FSC E190,HFFirstDifferenceMAE,dB/bin,0.38812166452407837
20260821,P0207,207,FSC E190,HFSecondDifferenceMAE,dB/bin^2,0.22633326053619385
20260821,P0207,207,FSC E190,MultiScaleNotchDepthMAE,dB,0.43799734115600586
20260822,P0207,207,FiLM-SIREN E130,FullSphereERB,dB,0.86341942710488495
20260822,P0207,207,FiLM-SIREN E130,Contralateral25ERB,dB,1.20968959953536
20260822,P0207,207,FiLM-SIREN E130,ERBBandILDMean,dB,1.5945110321044922
20260822,P0207,207,FiLM-SIREN E130,ITDWeightedMAE,us,14.102797359832474
20260822,P0207,207,FiLM-SIREN E130,FullSphereLSD,dB,3.5774579942654947
20260822,P0207,207,FiLM-SIREN E130,HFFirstDifferenceMAE,dB/bin,0.47228017449378967
20260822,P0207,207,FiLM-SIREN E130,HFSecondDifferenceMAE,dB/bin^2,0.2946617603302002
20260822,P0207,207,FiLM-SIREN E130,MultiScaleNotchDepthMAE,dB,0.52084845304489136
20260822,P0207,207,FSC E190,FullSphereERB,dB,0.82689338203114504
20260822,P0207,207,FSC E190,Contralateral25ERB,dB,1.1885879580633001
20260822,P0207,207,FSC E190,ERBBandILDMean,dB,1.5409425497055054
20260822,P0207,207,FSC E190,ITDWeightedMAE,us,14.138346607045637
20260822,P0207,207,FSC E190,FullSphereLSD,dB,3.3400944000076986
20260822,P0207,207,FSC E190,HFFirstDifferenceMAE,dB/bin,0.38666173815727234
20260822,P0207,207,FSC E190,HFSecondDifferenceMAE,dB/bin^2,0.22279131412506104
20260822,P0207,207,FSC E190,MultiScaleNotchDepthMAE,dB,0.43853035569190979
20260823,P0207,207,FiLM-SIREN E130,FullSphereERB,dB,0.89724354523322403
20260823,P0207,207,FiLM-SIREN E130,Contralateral25ERB,dB,1.25707937613739
20260823,P0207,207,FiLM-SIREN E130,ERBBandILDMean,dB,1.6608049869537354
20260823,P0207,207,FiLM-SIREN E130,ITDWeightedMAE,us,14.222213906957311
20260823,P0207,207,FiLM-SIREN E130,FullSphereLSD,dB,3.6789801863742064
20260823,P0207,207,FiLM-SIREN E130,HFFirstDifferenceMAE,dB/bin,0.46800726652145386
20260823,P0207,207,FiLM-SIREN E130,HFSecondDifferenceMAE,dB/bin^2,0.29076993465423584
20260823,P0207,207,FiLM-SIREN E130,MultiScaleNotchDepthMAE,dB,0.51457005739212036
20260823,P0207,207,FSC E190,FullSphereERB,dB,0.87333354552833697
20260823,P0207,207,FSC E190,Contralateral25ERB,dB,1.2289034874817399
20260823,P0207,207,FSC E190,ERBBandILDMean,dB,1.6165434122085571
20260823,P0207,207,FSC E190,ITDWeightedMAE,us,14.275631576065361
20260823,P0207,207,FSC E190,FullSphereLSD,dB,3.4586334565543
20260823,P0207,207,FSC E190,HFFirstDifferenceMAE,dB/bin,0.38777559995651245
20260823,P0207,207,FSC E190,HFSecondDifferenceMAE,dB/bin^2,0.22589746117591858
20260823,P0207,207,FSC E190,MultiScaleNotchDepthMAE,dB,0.4386676549911499
20260821,P0208,208,FiLM-SIREN E130,FullSphereERB,dB,0.84472211948544496
20260821,P0208,208,FiLM-SIREN E130,Contralateral25ERB,dB,1.1004553274203901
20260821,P0208,208,FiLM-SIREN E130,ERBBandILDMean,dB,1.600128173828125
20260821,P0208,208,FiLM-SIREN E130,ITDWeightedMAE,us,18.206021695876579
20260821,P0208,208,FiLM-SIREN E130,FullSphereLSD,dB,4.1070873939461023
20260821,P0208,208,FiLM-SIREN E130,HFFirstDifferenceMAE,dB/bin,0.48486828804016113
20260821,P0208,208,FiLM-SIREN E130,HFSecondDifferenceMAE,dB/bin^2,0.29570847749710083
20260821,P0208,208,FiLM-SIREN E130,MultiScaleNotchDepthMAE,dB,0.57904291152954102
20260821,P0208,208,FSC E190,FullSphereERB,dB,0.81126315542981797
20260821,P0208,208,FSC E190,Contralateral25ERB,dB,1.0828809013045899
20260821,P0208,208,FSC E190,ERBBandILDMean,dB,1.5458283424377441
20260821,P0208,208,FSC E190,ITDWeightedMAE,us,18.21015360717788
20260821,P0208,208,FSC E190,FullSphereLSD,dB,3.8085746419407323
20260821,P0208,208,FSC E190,HFFirstDifferenceMAE,dB/bin,0.40485313534736633
20260821,P0208,208,FSC E190,HFSecondDifferenceMAE,dB/bin^2,0.2279852032661438
20260821,P0208,208,FSC E190,MultiScaleNotchDepthMAE,dB,0.49858856201171875
20260822,P0208,208,FiLM-SIREN E130,FullSphereERB,dB,0.82755547972044197
20260822,P0208,208,FiLM-SIREN E130,Contralateral25ERB,dB,1.16192203397504
20260822,P0208,208,FiLM-SIREN E130,ERBBandILDMean,dB,1.6263078451156616
20260822,P0208,208,FiLM-SIREN E130,ITDWeightedMAE,us,18.127224035618902
20260822,P0208,208,FiLM-SIREN E130,FullSphereLSD,dB,4.0916038770944096
20260822,P0208,208,FiLM-SIREN E130,HFFirstDifferenceMAE,dB/bin,0.4886394739151001
20260822,P0208,208,FiLM-SIREN E130,HFSecondDifferenceMAE,dB/bin^2,0.30110618472099304
20260822,P0208,208,FiLM-SIREN E130,MultiScaleNotchDepthMAE,dB,0.58088284730911255
20260822,P0208,208,FSC E190,FullSphereERB,dB,0.80272345866967598
20260822,P0208,208,FSC E190,Contralateral25ERB,dB,1.1697014462774
20260822,P0208,208,FSC E190,ERBBandILDMean,dB,1.5922991037368774
20260822,P0208,208,FSC E190,ITDWeightedMAE,us,18.164682097502919
20260822,P0208,208,FSC E190,FullSphereLSD,dB,3.8423657130056128
20260822,P0208,208,FSC E190,HFFirstDifferenceMAE,dB/bin,0.40436562895774841
20260822,P0208,208,FSC E190,HFSecondDifferenceMAE,dB/bin^2,0.22811131179332733
20260822,P0208,208,FSC E190,MultiScaleNotchDepthMAE,dB,0.49923202395439148
20260823,P0208,208,FiLM-SIREN E130,FullSphereERB,dB,0.85571258839230502
20260823,P0208,208,FiLM-SIREN E130,Contralateral25ERB,dB,1.1519864854742501
20260823,P0208,208,FiLM-SIREN E130,ERBBandILDMean,dB,1.6259860992431641
20260823,P0208,208,FiLM-SIREN E130,ITDWeightedMAE,us,18.283946069021759
20260823,P0208,208,FiLM-SIREN E130,FullSphereLSD,dB,4.1429545769464164
20260823,P0208,208,FiLM-SIREN E130,HFFirstDifferenceMAE,dB/bin,0.48362934589385986
20260823,P0208,208,FiLM-SIREN E130,HFSecondDifferenceMAE,dB/bin^2,0.29621109366416931
20260823,P0208,208,FiLM-SIREN E130,MultiScaleNotchDepthMAE,dB,0.57537871599197388
20260823,P0208,208,FSC E190,FullSphereERB,dB,0.82209166378897502
20260823,P0208,208,FSC E190,Contralateral25ERB,dB,1.1290179572667001
20260823,P0208,208,FSC E190,ERBBandILDMean,dB,1.5689741373062134
20260823,P0208,208,FSC E190,ITDWeightedMAE,us,18.268700382076744
20260823,P0208,208,FSC E190,FullSphereLSD,dB,3.8257596822938047
20260823,P0208,208,FSC E190,HFFirstDifferenceMAE,dB/bin,0.40521976351737976
20260823,P0208,208,FSC E190,HFSecondDifferenceMAE,dB/bin^2,0.2303491085767746
20260823,P0208,208,FSC E190,MultiScaleNotchDepthMAE,dB,0.4980766773223877
20260821,P0221,221,FiLM-SIREN E130,FullSphereERB,dB,0.913337375014589
20260821,P0221,221,FiLM-SIREN E130,Contralateral25ERB,dB,1.4095283054477601
20260821,P0221,221,FiLM-SIREN E130,ERBBandILDMean,dB,1.7807741165161133
20260821,P0221,221,FiLM-SIREN E130,ITDWeightedMAE,us,19.360839726724503
20260821,P0221,221,FiLM-SIREN E130,FullSphereLSD,dB,4.0068676763066478
20260821,P0221,221,FiLM-SIREN E130,HFFirstDifferenceMAE,dB/bin,0.48427003622055054
20260821,P0221,221,FiLM-SIREN E130,HFSecondDifferenceMAE,dB/bin^2,0.30006325244903564
20260821,P0221,221,FiLM-SIREN E130,MultiScaleNotchDepthMAE,dB,0.54084748029708862
20260821,P0221,221,FSC E190,FullSphereERB,dB,0.88388814007586902
20260821,P0221,221,FSC E190,Contralateral25ERB,dB,1.3961983419420301
20260821,P0221,221,FSC E190,ERBBandILDMean,dB,1.6322606801986694
20260821,P0221,221,FSC E190,ITDWeightedMAE,us,19.300808152424864
20260821,P0221,221,FSC E190,FullSphereLSD,dB,3.75876846380597
20260821,P0221,221,FSC E190,HFFirstDifferenceMAE,dB/bin,0.40240728855133057
20260821,P0221,221,FSC E190,HFSecondDifferenceMAE,dB/bin^2,0.2238115668296814
20260821,P0221,221,FSC E190,MultiScaleNotchDepthMAE,dB,0.46203216910362244
20260822,P0221,221,FiLM-SIREN E130,FullSphereERB,dB,0.89675928838503904
20260822,P0221,221,FiLM-SIREN E130,Contralateral25ERB,dB,1.3993534124442999
20260822,P0221,221,FiLM-SIREN E130,ERBBandILDMean,dB,1.8150876760482788
20260822,P0221,221,FiLM-SIREN E130,ITDWeightedMAE,us,19.330882197417814
20260822,P0221,221,FiLM-SIREN E130,FullSphereLSD,dB,4.0093433918565431
20260822,P0221,221,FiLM-SIREN E130,HFFirstDifferenceMAE,dB/bin,0.48072090744972229
20260822,P0221,221,FiLM-SIREN E130,HFSecondDifferenceMAE,dB/bin^2,0.29384014010429382
20260822,P0221,221,FiLM-SIREN E130,MultiScaleNotchDepthMAE,dB,0.53845089673995972
20260822,P0221,221,FSC E190,FullSphereERB,dB,0.86192995649225501
20260822,P0221,221,FSC E190,Contralateral25ERB,dB,1.37497272740007
20260822,P0221,221,FSC E190,ERBBandILDMean,dB,1.6648033857345581
20260822,P0221,221,FSC E190,ITDWeightedMAE,us,19.305345497848499
20260822,P0221,221,FSC E190,FullSphereLSD,dB,3.7587286961803148
20260822,P0221,221,FSC E190,HFFirstDifferenceMAE,dB/bin,0.40113875269889832
20260822,P0221,221,FSC E190,HFSecondDifferenceMAE,dB/bin^2,0.22113329172134399
20260822,P0221,221,FSC E190,MultiScaleNotchDepthMAE,dB,0.46118295192718506
20260823,P0221,221,FiLM-SIREN E130,FullSphereERB,dB,0.90603774731569797
20260823,P0221,221,FiLM-SIREN E130,Contralateral25ERB,dB,1.38723593512461
20260823,P0221,221,FiLM-SIREN E130,ERBBandILDMean,dB,1.803739070892334
20260823,P0221,221,FiLM-SIREN E130,ITDWeightedMAE,us,19.273109379826629
20260823,P0221,221,FiLM-SIREN E130,FullSphereLSD,dB,4.0320681948141139
20260823,P0221,221,FiLM-SIREN E130,HFFirstDifferenceMAE,dB/bin,0.4814077615737915
20260823,P0221,221,FiLM-SIREN E130,HFSecondDifferenceMAE,dB/bin^2,0.29429036378860474
20260823,P0221,221,FiLM-SIREN E130,MultiScaleNotchDepthMAE,dB,0.53841125965118408
20260823,P0221,221,FSC E190,FullSphereERB,dB,0.87905438770199895
20260823,P0221,221,FSC E190,Contralateral25ERB,dB,1.37036397421837
20260823,P0221,221,FSC E190,ERBBandILDMean,dB,1.669991135597229
20260823,P0221,221,FSC E190,ITDWeightedMAE,us,19.240347054692528
20260823,P0221,221,FSC E190,FullSphereLSD,dB,3.7628668743183971
20260823,P0221,221,FSC E190,HFFirstDifferenceMAE,dB/bin,0.40232044458389282
20260823,P0221,221,FSC E190,HFSecondDifferenceMAE,dB/bin^2,0.22416089475154877
20260823,P0221,221,FSC E190,MultiScaleNotchDepthMAE,dB,0.46263718605041504
20260821,P0230,230,FiLM-SIREN E130,FullSphereERB,dB,0.77299650203160297
20260821,P0230,230,FiLM-SIREN E130,Contralateral25ERB,dB,1.12413965859931
20260821,P0230,230,FiLM-SIREN E130,ERBBandILDMean,dB,1.4263325929641724
20260821,P0230,230,FiLM-SIREN E130,ITDWeightedMAE,us,14.929873962860775
20260821,P0230,230,FiLM-SIREN E130,FullSphereLSD,dB,4.0117353880359401
20260821,P0230,230,FiLM-SIREN E130,HFFirstDifferenceMAE,dB/bin,0.47270271182060242
20260821,P0230,230,FiLM-SIREN E130,HFSecondDifferenceMAE,dB/bin^2,0.28290903568267822
20260821,P0230,230,FiLM-SIREN E130,MultiScaleNotchDepthMAE,dB,0.55125713348388672
20260821,P0230,230,FSC E190,FullSphereERB,dB,0.75038698066461695
20260821,P0230,230,FSC E190,Contralateral25ERB,dB,1.0961837565060799
20260821,P0230,230,FSC E190,ERBBandILDMean,dB,1.37653648853302
20260821,P0230,230,FSC E190,ITDWeightedMAE,us,14.907642977123515
20260821,P0230,230,FSC E190,FullSphereLSD,dB,3.7458081396085521
20260821,P0230,230,FSC E190,HFFirstDifferenceMAE,dB/bin,0.40137696266174316
20260821,P0230,230,FSC E190,HFSecondDifferenceMAE,dB/bin^2,0.22593286633491516
20260821,P0230,230,FSC E190,MultiScaleNotchDepthMAE,dB,0.4780363142490387
20260822,P0230,230,FiLM-SIREN E130,FullSphereERB,dB,0.74788087778033996
20260822,P0230,230,FiLM-SIREN E130,Contralateral25ERB,dB,1.1148977549686401
20260822,P0230,230,FiLM-SIREN E130,ERBBandILDMean,dB,1.3334848880767822
20260822,P0230,230,FiLM-SIREN E130,ITDWeightedMAE,us,15.065219534859891
20260822,P0230,230,FiLM-SIREN E130,FullSphereLSD,dB,3.9797924927993491
20260822,P0230,230,FiLM-SIREN E130,HFFirstDifferenceMAE,dB/bin,0.47154578566551208
20260822,P0230,230,FiLM-SIREN E130,HFSecondDifferenceMAE,dB/bin^2,0.28123846650123596
20260822,P0230,230,FiLM-SIREN E130,MultiScaleNotchDepthMAE,dB,0.55088084936141968
20260822,P0230,230,FSC E190,FullSphereERB,dB,0.72079759563952195
20260822,P0230,230,FSC E190,Contralateral25ERB,dB,1.09594166931213
20260822,P0230,230,FSC E190,ERBBandILDMean,dB,1.2917118072509766
20260822,P0230,230,FSC E190,ITDWeightedMAE,us,15.096815714917117
20260822,P0230,230,FSC E190,FullSphereLSD,dB,3.7092130974746267
20260822,P0230,230,FSC E190,HFFirstDifferenceMAE,dB/bin,0.39968648552894592
20260822,P0230,230,FSC E190,HFSecondDifferenceMAE,dB/bin^2,0.22382181882858276
20260822,P0230,230,FSC E190,MultiScaleNotchDepthMAE,dB,0.47640490531921387
20260823,P0230,230,FiLM-SIREN E130,FullSphereERB,dB,0.75754987111350802
20260823,P0230,230,FiLM-SIREN E130,Contralateral25ERB,dB,1.1135868210878199
20260823,P0230,230,FiLM-SIREN E130,ERBBandILDMean,dB,1.3835434913635254
20260823,P0230,230,FiLM-SIREN E130,ITDWeightedMAE,us,14.861742695146759
20260823,P0230,230,FiLM-SIREN E130,FullSphereLSD,dB,4.0155823012204053
20260823,P0230,230,FiLM-SIREN E130,HFFirstDifferenceMAE,dB/bin,0.46541190147399902
20260823,P0230,230,FiLM-SIREN E130,HFSecondDifferenceMAE,dB/bin^2,0.27584350109100342
20260823,P0230,230,FiLM-SIREN E130,MultiScaleNotchDepthMAE,dB,0.54556041955947876
20260823,P0230,230,FSC E190,FullSphereERB,dB,0.74046124793615298
20260823,P0230,230,FSC E190,Contralateral25ERB,dB,1.09756520237281
20260823,P0230,230,FSC E190,ERBBandILDMean,dB,1.3253021240234375
20260823,P0230,230,FSC E190,ITDWeightedMAE,us,14.834234363117314
20260823,P0230,230,FSC E190,FullSphereLSD,dB,3.7418453314995972
20260823,P0230,230,FSC E190,HFFirstDifferenceMAE,dB/bin,0.40025600790977478
20260823,P0230,230,FSC E190,HFSecondDifferenceMAE,dB/bin^2,0.2254444807767868
20260823,P0230,230,FSC E190,MultiScaleNotchDepthMAE,dB,0.47622695565223694
20260821,P0242,242,FiLM-SIREN E130,FullSphereERB,dB,0.93813666932230799
20260821,P0242,242,FiLM-SIREN E130,Contralateral25ERB,dB,1.5043287694267
20260821,P0242,242,FiLM-SIREN E130,ERBBandILDMean,dB,1.731192946434021
20260821,P0242,242,FiLM-SIREN E130,ITDWeightedMAE,us,13.502760358298667
20260821,P0242,242,FiLM-SIREN E130,FullSphereLSD,dB,3.8185409237120216
20260821,P0242,242,FiLM-SIREN E130,HFFirstDifferenceMAE,dB/bin,0.51136630773544312
20260821,P0242,242,FiLM-SIREN E130,HFSecondDifferenceMAE,dB/bin^2,0.3340795636177063
20260821,P0242,242,FiLM-SIREN E130,MultiScaleNotchDepthMAE,dB,0.58327764272689819
20260821,P0242,242,FSC E190,FullSphereERB,dB,0.92217923454582496
20260821,P0242,242,FSC E190,Contralateral25ERB,dB,1.4826131604647701
20260821,P0242,242,FSC E190,ERBBandILDMean,dB,1.7190035581588745
20260821,P0242,242,FSC E190,ITDWeightedMAE,us,13.439164574254967
20260821,P0242,242,FSC E190,FullSphereLSD,dB,3.6905873799457751
20260821,P0242,242,FSC E190,HFFirstDifferenceMAE,dB/bin,0.44456273317337036
20260821,P0242,242,FSC E190,HFSecondDifferenceMAE,dB/bin^2,0.26898539066314697
20260821,P0242,242,FSC E190,MultiScaleNotchDepthMAE,dB,0.53342247009277344
20260822,P0242,242,FiLM-SIREN E130,FullSphereERB,dB,0.92563081932882296
20260822,P0242,242,FiLM-SIREN E130,Contralateral25ERB,dB,1.5061969665136601
20260822,P0242,242,FiLM-SIREN E130,ERBBandILDMean,dB,1.720353364944458
20260822,P0242,242,FiLM-SIREN E130,ITDWeightedMAE,us,13.565271585419319
20260822,P0242,242,FiLM-SIREN E130,FullSphereLSD,dB,3.7820318431312172
20260822,P0242,242,FiLM-SIREN E130,HFFirstDifferenceMAE,dB/bin,0.50619065761566162
20260822,P0242,242,FiLM-SIREN E130,HFSecondDifferenceMAE,dB/bin^2,0.32225173711776733
20260822,P0242,242,FiLM-SIREN E130,MultiScaleNotchDepthMAE,dB,0.58208364248275757
20260822,P0242,242,FSC E190,FullSphereERB,dB,0.90679519811238896
20260822,P0242,242,FSC E190,Contralateral25ERB,dB,1.46512694935012
20260822,P0242,242,FSC E190,ERBBandILDMean,dB,1.6847877502441406
20260822,P0242,242,FSC E190,ITDWeightedMAE,us,13.478890309404221
20260822,P0242,242,FSC E190,FullSphereLSD,dB,3.6682957434205812
20260822,P0242,242,FSC E190,HFFirstDifferenceMAE,dB/bin,0.44307717680931091
20260822,P0242,242,FSC E190,HFSecondDifferenceMAE,dB/bin^2,0.26364544034004211
20260822,P0242,242,FSC E190,MultiScaleNotchDepthMAE,dB,0.53309464454650879
20260823,P0242,242,FiLM-SIREN E130,FullSphereERB,dB,0.91244346473283999
20260823,P0242,242,FiLM-SIREN E130,Contralateral25ERB,dB,1.42898689963434
20260823,P0242,242,FiLM-SIREN E130,ERBBandILDMean,dB,1.6291351318359375
20260823,P0242,242,FiLM-SIREN E130,ITDWeightedMAE,us,13.542516128649613
20260823,P0242,242,FiLM-SIREN E130,FullSphereLSD,dB,3.7911812492809891
20260823,P0242,242,FiLM-SIREN E130,HFFirstDifferenceMAE,dB/bin,0.50783431529998779
20260823,P0242,242,FiLM-SIREN E130,HFSecondDifferenceMAE,dB/bin^2,0.32616004347801208
20260823,P0242,242,FiLM-SIREN E130,MultiScaleNotchDepthMAE,dB,0.58322137594223022
20260823,P0242,242,FSC E190,FullSphereERB,dB,0.89341843425463197
20260823,P0242,242,FSC E190,Contralateral25ERB,dB,1.40243714075276
20260823,P0242,242,FSC E190,ERBBandILDMean,dB,1.6093024015426636
20260823,P0242,242,FSC E190,ITDWeightedMAE,us,13.461432789093953
20260823,P0242,242,FSC E190,FullSphereLSD,dB,3.6427406053362388
20260823,P0242,242,FSC E190,HFFirstDifferenceMAE,dB/bin,0.44329404830932617
20260823,P0242,242,FSC E190,HFSecondDifferenceMAE,dB/bin^2,0.26712071895599365
20260823,P0242,242,FSC E190,MultiScaleNotchDepthMAE,dB,0.53260040283203125
20260821,P0256,256,FiLM-SIREN E130,FullSphereERB,dB,0.83935456367531003
20260821,P0256,256,FiLM-SIREN E130,Contralateral25ERB,dB,1.28632782349827
20260821,P0256,256,FiLM-SIREN E130,ERBBandILDMean,dB,1.6219179630279541
20260821,P0256,256,FiLM-SIREN E130,ITDWeightedMAE,us,12.383514478076551
20260821,P0256,256,FiLM-SIREN E130,FullSphereLSD,dB,4.0035786903133106
20260821,P0256,256,FiLM-SIREN E130,HFFirstDifferenceMAE,dB/bin,0.55391401052474976
20260821,P0256,256,FiLM-SIREN E130,HFSecondDifferenceMAE,dB/bin^2,0.34119924902915955
20260821,P0256,256,FiLM-SIREN E130,MultiScaleNotchDepthMAE,dB,0.71483343839645386
20260821,P0256,256,FSC E190,FullSphereERB,dB,0.82178551965986602
20260821,P0256,256,FSC E190,Contralateral25ERB,dB,1.2678976708609
20260821,P0256,256,FSC E190,ERBBandILDMean,dB,1.5449341535568237
20260821,P0256,256,FSC E190,ITDWeightedMAE,us,12.325478557669152
20260821,P0256,256,FSC E190,FullSphereLSD,dB,3.7585355914337479
20260821,P0256,256,FSC E190,HFFirstDifferenceMAE,dB/bin,0.46070262789726257
20260821,P0256,256,FSC E190,HFSecondDifferenceMAE,dB/bin^2,0.25251927971839905
20260821,P0256,256,FSC E190,MultiScaleNotchDepthMAE,dB,0.62421935796737671
20260822,P0256,256,FiLM-SIREN E130,FullSphereERB,dB,0.82574221916591695
20260822,P0256,256,FiLM-SIREN E130,Contralateral25ERB,dB,1.2534249859050699
20260822,P0256,256,FiLM-SIREN E130,ERBBandILDMean,dB,1.6554019451141357
20260822,P0256,256,FiLM-SIREN E130,ITDWeightedMAE,us,12.475044851117604
20260822,P0256,256,FiLM-SIREN E130,FullSphereLSD,dB,4.0096691770734889
20260822,P0256,256,FiLM-SIREN E130,HFFirstDifferenceMAE,dB/bin,0.54547798633575439
20260822,P0256,256,FiLM-SIREN E130,HFSecondDifferenceMAE,dB/bin^2,0.32952570915222168
20260822,P0256,256,FiLM-SIREN E130,MultiScaleNotchDepthMAE,dB,0.7092323899269104
20260822,P0256,256,FSC E190,FullSphereERB,dB,0.81006263459774397
20260822,P0256,256,FSC E190,Contralateral25ERB,dB,1.23095207237592
20260822,P0256,256,FSC E190,ERBBandILDMean,dB,1.5759478807449341
20260822,P0256,256,FSC E190,ITDWeightedMAE,us,12.44630215389838
20260822,P0256,256,FSC E190,FullSphereLSD,dB,3.7729357392340566
20260822,P0256,256,FSC E190,HFFirstDifferenceMAE,dB/bin,0.45869070291519165
20260822,P0256,256,FSC E190,HFSecondDifferenceMAE,dB/bin^2,0.24748967587947845
20260822,P0256,256,FSC E190,MultiScaleNotchDepthMAE,dB,0.62258005142211914
20260823,P0256,256,FiLM-SIREN E130,FullSphereERB,dB,0.83993236513504699
20260823,P0256,256,FiLM-SIREN E130,Contralateral25ERB,dB,1.2731530753284801
20260823,P0256,256,FiLM-SIREN E130,ERBBandILDMean,dB,1.5982260704040527
20260823,P0256,256,FiLM-SIREN E130,ITDWeightedMAE,us,12.471018441044105
20260823,P0256,256,FiLM-SIREN E130,FullSphereLSD,dB,4.0340798581826958
20260823,P0256,256,FiLM-SIREN E130,HFFirstDifferenceMAE,dB/bin,0.54072606563568115
20260823,P0256,256,FiLM-SIREN E130,HFSecondDifferenceMAE,dB/bin^2,0.32185903191566467
20260823,P0256,256,FiLM-SIREN E130,MultiScaleNotchDepthMAE,dB,0.70527935028076172
20260823,P0256,256,FSC E190,FullSphereERB,dB,0.82341709687466702
20260823,P0256,256,FSC E190,Contralateral25ERB,dB,1.2635879325934001
20260823,P0256,256,FSC E190,ERBBandILDMean,dB,1.5313640832901001
20260823,P0256,256,FSC E190,ITDWeightedMAE,us,12.431964559468076
20260823,P0256,256,FSC E190,FullSphereLSD,dB,3.7914273644164269
20260823,P0256,256,FSC E190,HFFirstDifferenceMAE,dB/bin,0.45907795429229736
20260823,P0256,256,FSC E190,HFSecondDifferenceMAE,dB/bin^2,0.24898108839988708
20260823,P0256,256,FSC E190,MultiScaleNotchDepthMAE,dB,0.62337779998779297
20260821,P0257,257,FiLM-SIREN E130,FullSphereERB,dB,0.859754564709867
20260821,P0257,257,FiLM-SIREN E130,Contralateral25ERB,dB,1.20895608594964
20260821,P0257,257,FiLM-SIREN E130,ERBBandILDMean,dB,1.4532512426376343
20260821,P0257,257,FiLM-SIREN E130,ITDWeightedMAE,us,14.903292416617553
20260821,P0257,257,FiLM-SIREN E130,FullSphereLSD,dB,3.7676235784856766
20260821,P0257,257,FiLM-SIREN E130,HFFirstDifferenceMAE,dB/bin,0.48072868585586548
20260821,P0257,257,FiLM-SIREN E130,HFSecondDifferenceMAE,dB/bin^2,0.30795750021934509
20260821,P0257,257,FiLM-SIREN E130,MultiScaleNotchDepthMAE,dB,0.54110026359558105
20260821,P0257,257,FSC E190,FullSphereERB,dB,0.85432377837969697
20260821,P0257,257,FSC E190,Contralateral25ERB,dB,1.1880255005646201
20260821,P0257,257,FSC E190,ERBBandILDMean,dB,1.454933762550354
20260821,P0257,257,FSC E190,ITDWeightedMAE,us,14.798009191010387
20260821,P0257,257,FSC E190,FullSphereLSD,dB,3.6125217746773619
20260821,P0257,257,FSC E190,HFFirstDifferenceMAE,dB/bin,0.40022638440132141
20260821,P0257,257,FSC E190,HFSecondDifferenceMAE,dB/bin^2,0.22963780164718628
20260821,P0257,257,FSC E190,MultiScaleNotchDepthMAE,dB,0.48254761099815369
20260822,P0257,257,FiLM-SIREN E130,FullSphereERB,dB,0.86715879228502002
20260822,P0257,257,FiLM-SIREN E130,Contralateral25ERB,dB,1.2473657023387399
20260822,P0257,257,FiLM-SIREN E130,ERBBandILDMean,dB,1.4836453199386597
20260822,P0257,257,FiLM-SIREN E130,ITDWeightedMAE,us,14.650220009450427
20260822,P0257,257,FiLM-SIREN E130,FullSphereLSD,dB,3.7552322500265922
20260822,P0257,257,FiLM-SIREN E130,HFFirstDifferenceMAE,dB/bin,0.47997862100601196
20260822,P0257,257,FiLM-SIREN E130,HFSecondDifferenceMAE,dB/bin^2,0.30665603280067444
20260822,P0257,257,FiLM-SIREN E130,MultiScaleNotchDepthMAE,dB,0.54101347923278809
20260822,P0257,257,FSC E190,FullSphereERB,dB,0.85984714904881399
20260822,P0257,257,FSC E190,Contralateral25ERB,dB,1.2107320574213301
20260822,P0257,257,FSC E190,ERBBandILDMean,dB,1.4734177589416504
20260822,P0257,257,FSC E190,ITDWeightedMAE,us,14.647706788783587
20260822,P0257,257,FSC E190,FullSphereLSD,dB,3.5924405756756612
20260822,P0257,257,FSC E190,HFFirstDifferenceMAE,dB/bin,0.39845222234725952
20260822,P0257,257,FSC E190,HFSecondDifferenceMAE,dB/bin^2,0.22718875110149384
20260822,P0257,257,FSC E190,MultiScaleNotchDepthMAE,dB,0.48100647330284119
20260823,P0257,257,FiLM-SIREN E130,FullSphereERB,dB,0.84982294678666703
20260823,P0257,257,FiLM-SIREN E130,Contralateral25ERB,dB,1.17637760222147
20260823,P0257,257,FiLM-SIREN E130,ERBBandILDMean,dB,1.4377319812774658
20260823,P0257,257,FiLM-SIREN E130,ITDWeightedMAE,us,14.671705493271421
20260823,P0257,257,FiLM-SIREN E130,FullSphereLSD,dB,3.7427440536343228
20260823,P0257,257,FiLM-SIREN E130,HFFirstDifferenceMAE,dB/bin,0.47350448369979858
20260823,P0257,257,FiLM-SIREN E130,HFSecondDifferenceMAE,dB/bin^2,0.30025693774223328
20260823,P0257,257,FiLM-SIREN E130,MultiScaleNotchDepthMAE,dB,0.53383368253707886
20260823,P0257,257,FSC E190,FullSphereERB,dB,0.84236250537963697
20260823,P0257,257,FSC E190,Contralateral25ERB,dB,1.1525138811464899
20260823,P0257,257,FSC E190,ERBBandILDMean,dB,1.444818377494812
20260823,P0257,257,FSC E190,ITDWeightedMAE,us,14.601891878568614
20260823,P0257,257,FSC E190,FullSphereLSD,dB,3.5699897493464947
20260823,P0257,257,FSC E190,HFFirstDifferenceMAE,dB/bin,0.39825394749641418
20260823,P0257,257,FSC E190,HFSecondDifferenceMAE,dB/bin^2,0.22917261719703674
20260823,P0257,257,FSC E190,MultiScaleNotchDepthMAE,dB,0.47914996743202209
20260821,P0274,274,FiLM-SIREN E130,FullSphereERB,dB,0.73567939281480998
20260821,P0274,274,FiLM-SIREN E130,Contralateral25ERB,dB,1.17073201112072
20260821,P0274,274,FiLM-SIREN E130,ERBBandILDMean,dB,1.2768436670303345
20260821,P0274,274,FiLM-SIREN E130,ITDWeightedMAE,us,10.883138355364299
20260821,P0274,274,FiLM-SIREN E130,FullSphereLSD,dB,3.7558121080195708
20260821,P0274,274,FiLM-SIREN E130,HFFirstDifferenceMAE,dB/bin,0.52071702480316162
20260821,P0274,274,FiLM-SIREN E130,HFSecondDifferenceMAE,dB/bin^2,0.33544886112213135
20260821,P0274,274,FiLM-SIREN E130,MultiScaleNotchDepthMAE,dB,0.60807055234909058
20260821,P0274,274,FSC E190,FullSphereERB,dB,0.71935080921699701
20260821,P0274,274,FSC E190,Contralateral25ERB,dB,1.1654046898592401
20260821,P0274,274,FSC E190,ERBBandILDMean,dB,1.2133992910385132
20260821,P0274,274,FSC E190,ITDWeightedMAE,us,10.876590662569729
20260821,P0274,274,FSC E190,FullSphereLSD,dB,3.5363180204146993
20260821,P0274,274,FSC E190,HFFirstDifferenceMAE,dB/bin,0.43202579021453857
20260821,P0274,274,FSC E190,HFSecondDifferenceMAE,dB/bin^2,0.25076422095298767
20260821,P0274,274,FSC E190,MultiScaleNotchDepthMAE,dB,0.53781652450561523
20260822,P0274,274,FiLM-SIREN E130,FullSphereERB,dB,0.74807952637056596
20260822,P0274,274,FiLM-SIREN E130,Contralateral25ERB,dB,1.1517057550990799
20260822,P0274,274,FiLM-SIREN E130,ERBBandILDMean,dB,1.2796423435211182
20260822,P0274,274,FiLM-SIREN E130,ITDWeightedMAE,us,10.794968835429998
20260822,P0274,274,FiLM-SIREN E130,FullSphereLSD,dB,3.7589216091273281
20260822,P0274,274,FiLM-SIREN E130,HFFirstDifferenceMAE,dB/bin,0.52579432725906372
20260822,P0274,274,FiLM-SIREN E130,HFSecondDifferenceMAE,dB/bin^2,0.34217801690101624
20260822,P0274,274,FiLM-SIREN E130,MultiScaleNotchDepthMAE,dB,0.61306673288345337
20260822,P0274,274,FSC E190,FullSphereERB,dB,0.72953642781228001
20260822,P0274,274,FSC E190,Contralateral25ERB,dB,1.1355415426306501
20260822,P0274,274,FSC E190,ERBBandILDMean,dB,1.2103691101074219
20260822,P0274,274,FSC E190,ITDWeightedMAE,us,10.792977758301058
20260822,P0274,274,FSC E190,FullSphereLSD,dB,3.5436512270818503
20260822,P0274,274,FSC E190,HFFirstDifferenceMAE,dB/bin,0.43143793940544128
20260822,P0274,274,FSC E190,HFSecondDifferenceMAE,dB/bin^2,0.25159692764282227
20260822,P0274,274,FSC E190,MultiScaleNotchDepthMAE,dB,0.53732955455780029
20260823,P0274,274,FiLM-SIREN E130,FullSphereERB,dB,0.73374456642772001
20260823,P0274,274,FiLM-SIREN E130,Contralateral25ERB,dB,1.20723632260481
20260823,P0274,274,FiLM-SIREN E130,ERBBandILDMean,dB,1.2752374410629272
20260823,P0274,274,FiLM-SIREN E130,ITDWeightedMAE,us,10.702214892219663
20260823,P0274,274,FiLM-SIREN E130,FullSphereLSD,dB,3.7463910134178779
20260823,P0274,274,FiLM-SIREN E130,HFFirstDifferenceMAE,dB/bin,0.51751065254211426
20260823,P0274,274,FiLM-SIREN E130,HFSecondDifferenceMAE,dB/bin^2,0.3316112756729126
20260823,P0274,274,FiLM-SIREN E130,MultiScaleNotchDepthMAE,dB,0.60988068580627441
20260823,P0274,274,FSC E190,FullSphereERB,dB,0.72537655895168496
20260823,P0274,274,FSC E190,Contralateral25ERB,dB,1.20148072430263
20260823,P0274,274,FSC E190,ERBBandILDMean,dB,1.2087243795394897
20260823,P0274,274,FSC E190,ITDWeightedMAE,us,10.71094408451801
20260823,P0274,274,FSC E190,FullSphereLSD,dB,3.5021084643574505
20260823,P0274,274,FSC E190,HFFirstDifferenceMAE,dB/bin,0.43088334798812866
20260823,P0274,274,FSC E190,HFSecondDifferenceMAE,dB/bin^2,0.25192612409591675
20260823,P0274,274,FSC E190,MultiScaleNotchDepthMAE,dB,0.53693473339080811
20260821,P0277,277,FiLM-SIREN E130,FullSphereERB,dB,0.87517403896048496
20260821,P0277,277,FiLM-SIREN E130,Contralateral25ERB,dB,1.30353969525665
20260821,P0277,277,FiLM-SIREN E130,ERBBandILDMean,dB,1.7976261377334595
20260821,P0277,277,FiLM-SIREN E130,ITDWeightedMAE,us,13.687396888716293
20260821,P0277,277,FiLM-SIREN E130,FullSphereLSD,dB,4.1075823435053218
20260821,P0277,277,FiLM-SIREN E130,HFFirstDifferenceMAE,dB/bin,0.46794676780700684
20260821,P0277,277,FiLM-SIREN E130,HFSecondDifferenceMAE,dB/bin^2,0.26489990949630737
20260821,P0277,277,FiLM-SIREN E130,MultiScaleNotchDepthMAE,dB,0.53528231382369995
20260821,P0277,277,FSC E190,FullSphereERB,dB,0.848061582797484
20260821,P0277,277,FSC E190,Contralateral25ERB,dB,1.2963019636533499
20260821,P0277,277,FSC E190,ERBBandILDMean,dB,1.7106308937072754
20260821,P0277,277,FSC E190,ITDWeightedMAE,us,13.659535052685914
20260821,P0277,277,FSC E190,FullSphereLSD,dB,3.8620354061473936
20260821,P0277,277,FSC E190,HFFirstDifferenceMAE,dB/bin,0.40026867389678955
20260821,P0277,277,FSC E190,HFSecondDifferenceMAE,dB/bin^2,0.20812010765075684
20260821,P0277,277,FSC E190,MultiScaleNotchDepthMAE,dB,0.46493220329284668
20260822,P0277,277,FiLM-SIREN E130,FullSphereERB,dB,0.84854977999932601
20260822,P0277,277,FiLM-SIREN E130,Contralateral25ERB,dB,1.2949081037315899
20260822,P0277,277,FiLM-SIREN E130,ERBBandILDMean,dB,1.7594107389450073
20260822,P0277,277,FiLM-SIREN E130,ITDWeightedMAE,us,13.834654171858523
20260822,P0277,277,FiLM-SIREN E130,FullSphereLSD,dB,4.0555469211692534
20260822,P0277,277,FiLM-SIREN E130,HFFirstDifferenceMAE,dB/bin,0.47074580192565918
20260822,P0277,277,FiLM-SIREN E130,HFSecondDifferenceMAE,dB/bin^2,0.27113166451454163
20260822,P0277,277,FiLM-SIREN E130,MultiScaleNotchDepthMAE,dB,0.53658515214920044
20260822,P0277,277,FSC E190,FullSphereERB,dB,0.81931440613681805
20260822,P0277,277,FSC E190,Contralateral25ERB,dB,1.29151551250576
20260822,P0277,277,FSC E190,ERBBandILDMean,dB,1.6737271547317505
20260822,P0277,277,FSC E190,ITDWeightedMAE,us,13.796516519272391
20260822,P0277,277,FSC E190,FullSphereLSD,dB,3.8203111149862909
20260822,P0277,277,FSC E190,HFFirstDifferenceMAE,dB/bin,0.40010863542556763
20260822,P0277,277,FSC E190,HFSecondDifferenceMAE,dB/bin^2,0.20765623450279236
20260822,P0277,277,FSC E190,MultiScaleNotchDepthMAE,dB,0.46629834175109863
20260823,P0277,277,FiLM-SIREN E130,FullSphereERB,dB,0.85165421930503304
20260823,P0277,277,FiLM-SIREN E130,Contralateral25ERB,dB,1.27900026699314
20260823,P0277,277,FiLM-SIREN E130,ERBBandILDMean,dB,1.7517637014389038
20260823,P0277,277,FiLM-SIREN E130,ITDWeightedMAE,us,13.653309406040041
20260823,P0277,277,FiLM-SIREN E130,FullSphereLSD,dB,4.0580556933803695
20260823,P0277,277,FiLM-SIREN E130,HFFirstDifferenceMAE,dB/bin,0.45861446857452393
20260823,P0277,277,FiLM-SIREN E130,HFSecondDifferenceMAE,dB/bin^2,0.25632867217063904
20260823,P0277,277,FiLM-SIREN E130,MultiScaleNotchDepthMAE,dB,0.52695208787918091
20260823,P0277,277,FSC E190,FullSphereERB,dB,0.82320433596919895
20260823,P0277,277,FSC E190,Contralateral25ERB,dB,1.2763727928634201
20260823,P0277,277,FSC E190,ERBBandILDMean,dB,1.6631110906600952
20260823,P0277,277,FSC E190,ITDWeightedMAE,us,13.623134558345587
20260823,P0277,277,FSC E190,FullSphereLSD,dB,3.8085863891498248
20260823,P0277,277,FSC E190,HFFirstDifferenceMAE,dB/bin,0.39918315410614014
20260823,P0277,277,FSC E190,HFSecondDifferenceMAE,dB/bin^2,0.20599274337291718
20260823,P0277,277,FSC E190,MultiScaleNotchDepthMAE,dB,0.46580764651298523
20260821,P0278,278,FiLM-SIREN E130,FullSphereERB,dB,0.89301571035490201
20260821,P0278,278,FiLM-SIREN E130,Contralateral25ERB,dB,1.4271355690752701
20260821,P0278,278,FiLM-SIREN E130,ERBBandILDMean,dB,1.6493051052093506
20260821,P0278,278,FiLM-SIREN E130,ITDWeightedMAE,us,17.575881504351713
20260821,P0278,278,FiLM-SIREN E130,FullSphereLSD,dB,3.7577093556887107
20260821,P0278,278,FiLM-SIREN E130,HFFirstDifferenceMAE,dB/bin,0.35093289613723755
20260821,P0278,278,FiLM-SIREN E130,HFSecondDifferenceMAE,dB/bin^2,0.1655585765838623
20260821,P0278,278,FiLM-SIREN E130,MultiScaleNotchDepthMAE,dB,0.46449136734008789
20260821,P0278,278,FSC E190,FullSphereERB,dB,0.86499210809446703
20260821,P0278,278,FSC E190,Contralateral25ERB,dB,1.4214345140393301
20260821,P0278,278,FSC E190,ERBBandILDMean,dB,1.5618497133255005
20260821,P0278,278,FSC E190,ITDWeightedMAE,us,17.545627661738255
20260821,P0278,278,FSC E190,FullSphereLSD,dB,3.5180295637830201
20260821,P0278,278,FSC E190,HFFirstDifferenceMAE,dB/bin,0.31197983026504517
20260821,P0278,278,FSC E190,HFSecondDifferenceMAE,dB/bin^2,0.13648527860641479
20260821,P0278,278,FSC E190,MultiScaleNotchDepthMAE,dB,0.42147541046142578
20260822,P0278,278,FiLM-SIREN E130,FullSphereERB,dB,0.86614718811388602
20260822,P0278,278,FiLM-SIREN E130,Contralateral25ERB,dB,1.4190768875891799
20260822,P0278,278,FiLM-SIREN E130,ERBBandILDMean,dB,1.6322852373123169
20260822,P0278,278,FiLM-SIREN E130,ITDWeightedMAE,us,17.410032618544264
20260822,P0278,278,FiLM-SIREN E130,FullSphereLSD,dB,3.7045061351620001
20260822,P0278,278,FiLM-SIREN E130,HFFirstDifferenceMAE,dB/bin,0.35078221559524536
20260822,P0278,278,FiLM-SIREN E130,HFSecondDifferenceMAE,dB/bin^2,0.16464930772781372
20260822,P0278,278,FiLM-SIREN E130,MultiScaleNotchDepthMAE,dB,0.46779683232307434
20260822,P0278,278,FSC E190,FullSphereERB,dB,0.85168194903829497
20260822,P0278,278,FSC E190,Contralateral25ERB,dB,1.4169772189808001
20260822,P0278,278,FSC E190,ERBBandILDMean,dB,1.5481914281845093
20260822,P0278,278,FSC E190,ITDWeightedMAE,us,17.411542701682237
20260822,P0278,278,FSC E190,FullSphereLSD,dB,3.4885449765890622
20260822,P0278,278,FSC E190,HFFirstDifferenceMAE,dB/bin,0.31065154075622559
20260822,P0278,278,FSC E190,HFSecondDifferenceMAE,dB/bin^2,0.13561129570007324
20260822,P0278,278,FSC E190,MultiScaleNotchDepthMAE,dB,0.42056116461753845
20260823,P0278,278,FiLM-SIREN E130,FullSphereERB,dB,0.901492946663357
20260823,P0278,278,FiLM-SIREN E130,Contralateral25ERB,dB,1.4615336630484701
20260823,P0278,278,FiLM-SIREN E130,ERBBandILDMean,dB,1.7240580320358276
20260823,P0278,278,FiLM-SIREN E130,ITDWeightedMAE,us,17.469736142240443
20260823,P0278,278,FiLM-SIREN E130,FullSphereLSD,dB,3.7051339720655934
20260823,P0278,278,FiLM-SIREN E130,HFFirstDifferenceMAE,dB/bin,0.35736140608787537
20260823,P0278,278,FiLM-SIREN E130,HFSecondDifferenceMAE,dB/bin^2,0.17397668957710266
20260823,P0278,278,FiLM-SIREN E130,MultiScaleNotchDepthMAE,dB,0.46825036406517029
20260823,P0278,278,FSC E190,FullSphereERB,dB,0.88460512778257905
20260823,P0278,278,FSC E190,Contralateral25ERB,dB,1.4541788358954799
20260823,P0278,278,FSC E190,ERBBandILDMean,dB,1.6566557884216309
20260823,P0278,278,FSC E190,ITDWeightedMAE,us,17.408079479992992
20260823,P0278,278,FSC E190,FullSphereLSD,dB,3.4848100313837396
20260823,P0278,278,FSC E190,HFFirstDifferenceMAE,dB/bin,0.31273168325424194
20260823,P0278,278,FSC E190,HFSecondDifferenceMAE,dB/bin^2,0.13946403563022614
20260823,P0278,278,FSC E190,MultiScaleNotchDepthMAE,dB,0.42176485061645508
20260821,P0294,294,FiLM-SIREN E130,FullSphereERB,dB,0.97546029772260201
20260821,P0294,294,FiLM-SIREN E130,Contralateral25ERB,dB,1.50903460015399
20260821,P0294,294,FiLM-SIREN E130,ERBBandILDMean,dB,1.8880383968353271
20260821,P0294,294,FiLM-SIREN E130,ITDWeightedMAE,us,20.529672739929495
20260821,P0294,294,FiLM-SIREN E130,FullSphereLSD,dB,4.3431173904743918
20260821,P0294,294,FiLM-SIREN E130,HFFirstDifferenceMAE,dB/bin,0.38719969987869263
20260821,P0294,294,FiLM-SIREN E130,HFSecondDifferenceMAE,dB/bin^2,0.1901087760925293
20260821,P0294,294,FiLM-SIREN E130,MultiScaleNotchDepthMAE,dB,0.47742894291877747
20260821,P0294,294,FSC E190,FullSphereERB,dB,0.94588318418042205
20260821,P0294,294,FSC E190,Contralateral25ERB,dB,1.4761834747429901
20260821,P0294,294,FSC E190,ERBBandILDMean,dB,1.8210364580154419
20260821,P0294,294,FSC E190,ITDWeightedMAE,us,20.407548883128786
20260821,P0294,294,FSC E190,FullSphereLSD,dB,4.0505707339236245
20260821,P0294,294,FSC E190,HFFirstDifferenceMAE,dB/bin,0.33230847120285034
20260821,P0294,294,FSC E190,HFSecondDifferenceMAE,dB/bin^2,0.14989122748374939
20260821,P0294,294,FSC E190,MultiScaleNotchDepthMAE,dB,0.41315940022468567
20260822,P0294,294,FiLM-SIREN E130,FullSphereERB,dB,0.94308156728601999
20260822,P0294,294,FiLM-SIREN E130,Contralateral25ERB,dB,1.4193388621783001
20260822,P0294,294,FiLM-SIREN E130,ERBBandILDMean,dB,1.9117542505264282
20260822,P0294,294,FiLM-SIREN E130,ITDWeightedMAE,us,20.712139803431615
20260822,P0294,294,FiLM-SIREN E130,FullSphereLSD,dB,4.2975541465661697
20260822,P0294,294,FiLM-SIREN E130,HFFirstDifferenceMAE,dB/bin,0.38522219657897949
20260822,P0294,294,FiLM-SIREN E130,HFSecondDifferenceMAE,dB/bin^2,0.18360671401023865
20260822,P0294,294,FiLM-SIREN E130,MultiScaleNotchDepthMAE,dB,0.47760257124900818
20260822,P0294,294,FSC E190,FullSphereERB,dB,0.91596802826972301
20260822,P0294,294,FSC E190,Contralateral25ERB,dB,1.4002632145660601
20260822,P0294,294,FSC E190,ERBBandILDMean,dB,1.8234617710113525
20260822,P0294,294,FSC E190,ITDWeightedMAE,us,20.625313524436553
20260822,P0294,294,FSC E190,FullSphereLSD,dB,4.0055866865976784
20260822,P0294,294,FSC E190,HFFirstDifferenceMAE,dB/bin,0.33077043294906616
20260822,P0294,294,FSC E190,HFSecondDifferenceMAE,dB/bin^2,0.14640176296234131
20260822,P0294,294,FSC E190,MultiScaleNotchDepthMAE,dB,0.41354742646217346
20260823,P0294,294,FiLM-SIREN E130,FullSphereERB,dB,0.95845716965524697
20260823,P0294,294,FiLM-SIREN E130,Contralateral25ERB,dB,1.49544303885296
20260823,P0294,294,FiLM-SIREN E130,ERBBandILDMean,dB,1.8688927888870239
20260823,P0294,294,FiLM-SIREN E130,ITDWeightedMAE,us,20.457797505051143
20260823,P0294,294,FiLM-SIREN E130,FullSphereLSD,dB,4.3101143867964913
20260823,P0294,294,FiLM-SIREN E130,HFFirstDifferenceMAE,dB/bin,0.38546895980834961
20260823,P0294,294,FiLM-SIREN E130,HFSecondDifferenceMAE,dB/bin^2,0.19145961105823517
20260823,P0294,294,FiLM-SIREN E130,MultiScaleNotchDepthMAE,dB,0.47279366850852966
20260823,P0294,294,FSC E190,FullSphereERB,dB,0.93185063454391204
20260823,P0294,294,FSC E190,Contralateral25ERB,dB,1.44778350046663
20260823,P0294,294,FSC E190,ERBBandILDMean,dB,1.8075612783432007
20260823,P0294,294,FSC E190,ITDWeightedMAE,us,20.38498670147451
20260823,P0294,294,FSC E190,FullSphereLSD,dB,4.0199810301347343
20260823,P0294,294,FSC E190,HFFirstDifferenceMAE,dB/bin,0.33165007829666138
20260823,P0294,294,FSC E190,HFSecondDifferenceMAE,dB/bin^2,0.15100149810314178
20260823,P0294,294,FSC E190,MultiScaleNotchDepthMAE,dB,0.41320791840553284
20260821,P0295,295,FiLM-SIREN E130,FullSphereERB,dB,0.739270524227437
20260821,P0295,295,FiLM-SIREN E130,Contralateral25ERB,dB,1.19722239965993
20260821,P0295,295,FiLM-SIREN E130,ERBBandILDMean,dB,1.6076178550720215
20260821,P0295,295,FiLM-SIREN E130,ITDWeightedMAE,us,12.982331525847787
20260821,P0295,295,FiLM-SIREN E130,FullSphereLSD,dB,3.6139062740942252
20260821,P0295,295,FiLM-SIREN E130,HFFirstDifferenceMAE,dB/bin,0.43170133233070374
20260821,P0295,295,FiLM-SIREN E130,HFSecondDifferenceMAE,dB/bin^2,0.25429943203926086
20260821,P0295,295,FiLM-SIREN E130,MultiScaleNotchDepthMAE,dB,0.51981931924819946
20260821,P0295,295,FSC E190,FullSphereERB,dB,0.72548663666275603
20260821,P0295,295,FSC E190,Contralateral25ERB,dB,1.1864031066307199
20260821,P0295,295,FSC E190,ERBBandILDMean,dB,1.5071628093719482
20260821,P0295,295,FSC E190,ITDWeightedMAE,us,12.891347140720651
20260821,P0295,295,FSC E190,FullSphereLSD,dB,3.4460600890959099
20260821,P0295,295,FSC E190,HFFirstDifferenceMAE,dB/bin,0.37172961235046387
20260821,P0295,295,FSC E190,HFSecondDifferenceMAE,dB/bin^2,0.19721195101737976
20260821,P0295,295,FSC E190,MultiScaleNotchDepthMAE,dB,0.46632614731788635
20260822,P0295,295,FiLM-SIREN E130,FullSphereERB,dB,0.72915138013912895
20260822,P0295,295,FiLM-SIREN E130,Contralateral25ERB,dB,1.16452138624151
20260822,P0295,295,FiLM-SIREN E130,ERBBandILDMean,dB,1.5584118366241455
20260822,P0295,295,FiLM-SIREN E130,ITDWeightedMAE,us,13.052097512841847
20260822,P0295,295,FiLM-SIREN E130,FullSphereLSD,dB,3.6287455235934143
20260822,P0295,295,FiLM-SIREN E130,HFFirstDifferenceMAE,dB/bin,0.43069317936897278
20260822,P0295,295,FiLM-SIREN E130,HFSecondDifferenceMAE,dB/bin^2,0.2513006329536438
20260822,P0295,295,FiLM-SIREN E130,MultiScaleNotchDepthMAE,dB,0.51773351430892944
20260822,P0295,295,FSC E190,FullSphereERB,dB,0.71758980555504204
20260822,P0295,295,FSC E190,Contralateral25ERB,dB,1.16106053641802
20260822,P0295,295,FSC E190,ERBBandILDMean,dB,1.4671733379364014
20260822,P0295,295,FSC E190,ITDWeightedMAE,us,12.982021238170701
20260822,P0295,295,FSC E190,FullSphereLSD,dB,3.4557500541545751
20260822,P0295,295,FSC E190,HFFirstDifferenceMAE,dB/bin,0.37191870808601379
20260822,P0295,295,FSC E190,HFSecondDifferenceMAE,dB/bin^2,0.19620060920715332
20260822,P0295,295,FSC E190,MultiScaleNotchDepthMAE,dB,0.46650326251983643
20260823,P0295,295,FiLM-SIREN E130,FullSphereERB,dB,0.74079184136197096
20260823,P0295,295,FiLM-SIREN E130,Contralateral25ERB,dB,1.1709663219306601
20260823,P0295,295,FiLM-SIREN E130,ERBBandILDMean,dB,1.5778051614761353
20260823,P0295,295,FiLM-SIREN E130,ITDWeightedMAE,us,13.166868932384439
20260823,P0295,295,FiLM-SIREN E130,FullSphereLSD,dB,3.6487077807657116
20260823,P0295,295,FiLM-SIREN E130,HFFirstDifferenceMAE,dB/bin,0.43608555197715759
20260823,P0295,295,FiLM-SIREN E130,HFSecondDifferenceMAE,dB/bin^2,0.26098904013633728
20260823,P0295,295,FiLM-SIREN E130,MultiScaleNotchDepthMAE,dB,0.5217856764793396
20260823,P0295,295,FSC E190,FullSphereERB,dB,0.72938202217129799
20260823,P0295,295,FSC E190,Contralateral25ERB,dB,1.16490747859362
20260823,P0295,295,FSC E190,ERBBandILDMean,dB,1.480260968208313
20260823,P0295,295,FSC E190,ITDWeightedMAE,us,13.061393263993441
20260823,P0295,295,FSC E190,FullSphereLSD,dB,3.4745499401982949
20260823,P0295,295,FSC E190,HFFirstDifferenceMAE,dB/bin,0.37347018718719482
20260823,P0295,295,FSC E190,HFSecondDifferenceMAE,dB/bin^2,0.20091967284679413
20260823,P0295,295,FSC E190,MultiScaleNotchDepthMAE,dB,0.46716871857643127
20260821,P0307,307,FiLM-SIREN E130,FullSphereERB,dB,0.90144968883215704
20260821,P0307,307,FiLM-SIREN E130,Contralateral25ERB,dB,1.21424378894219
20260821,P0307,307,FiLM-SIREN E130,ERBBandILDMean,dB,1.8214205503463745
20260821,P0307,307,FiLM-SIREN E130,ITDWeightedMAE,us,13.424134083226161
20260821,P0307,307,FiLM-SIREN E130,FullSphereLSD,dB,3.8199191939321886
20260821,P0307,307,FiLM-SIREN E130,HFFirstDifferenceMAE,dB/bin,0.4458385705947876
20260821,P0307,307,FiLM-SIREN E130,HFSecondDifferenceMAE,dB/bin^2,0.26535370945930481
20260821,P0307,307,FiLM-SIREN E130,MultiScaleNotchDepthMAE,dB,0.50884407758712769
20260821,P0307,307,FSC E190,FullSphereERB,dB,0.87812610209922504
20260821,P0307,307,FSC E190,Contralateral25ERB,dB,1.18709205126529
20260821,P0307,307,FSC E190,ERBBandILDMean,dB,1.7082732915878296
20260821,P0307,307,FSC E190,ITDWeightedMAE,us,13.37253904704794
20260821,P0307,307,FSC E190,FullSphereLSD,dB,3.6496522705292751
20260821,P0307,307,FSC E190,HFFirstDifferenceMAE,dB/bin,0.38630470633506775
20260821,P0307,307,FSC E190,HFSecondDifferenceMAE,dB/bin^2,0.20661777257919312
20260821,P0307,307,FSC E190,MultiScaleNotchDepthMAE,dB,0.45548856258392334
20260822,P0307,307,FiLM-SIREN E130,FullSphereERB,dB,0.92629284955647895
20260822,P0307,307,FiLM-SIREN E130,Contralateral25ERB,dB,1.2343641260318601
20260822,P0307,307,FiLM-SIREN E130,ERBBandILDMean,dB,1.8387666940689087
20260822,P0307,307,FiLM-SIREN E130,ITDWeightedMAE,us,13.423859747305485
20260822,P0307,307,FiLM-SIREN E130,FullSphereLSD,dB,3.8785507413867482
20260822,P0307,307,FiLM-SIREN E130,HFFirstDifferenceMAE,dB/bin,0.45347940921783447
20260822,P0307,307,FiLM-SIREN E130,HFSecondDifferenceMAE,dB/bin^2,0.27221456170082092
20260822,P0307,307,FiLM-SIREN E130,MultiScaleNotchDepthMAE,dB,0.51472616195678711
20260822,P0307,307,FSC E190,FullSphereERB,dB,0.90476738134026402
20260822,P0307,307,FSC E190,Contralateral25ERB,dB,1.20261407709725
20260822,P0307,307,FSC E190,ERBBandILDMean,dB,1.7193254232406616
20260822,P0307,307,FSC E190,ITDWeightedMAE,us,13.455992318807972
20260822,P0307,307,FSC E190,FullSphereLSD,dB,3.704708016316923
20260822,P0307,307,FSC E190,HFFirstDifferenceMAE,dB/bin,0.38757950067520142
20260822,P0307,307,FSC E190,HFSecondDifferenceMAE,dB/bin^2,0.20742739737033844
20260822,P0307,307,FSC E190,MultiScaleNotchDepthMAE,dB,0.45548462867736816
20260823,P0307,307,FiLM-SIREN E130,FullSphereERB,dB,0.93071860725047895
20260823,P0307,307,FiLM-SIREN E130,Contralateral25ERB,dB,1.27485008934684
20260823,P0307,307,FiLM-SIREN E130,ERBBandILDMean,dB,1.8799625635147095
20260823,P0307,307,FiLM-SIREN E130,ITDWeightedMAE,us,13.461788813750825
20260823,P0307,307,FiLM-SIREN E130,FullSphereLSD,dB,3.8689141584903082
20260823,P0307,307,FiLM-SIREN E130,HFFirstDifferenceMAE,dB/bin,0.46039173007011414
20260823,P0307,307,FiLM-SIREN E130,HFSecondDifferenceMAE,dB/bin^2,0.28169301152229309
20260823,P0307,307,FiLM-SIREN E130,MultiScaleNotchDepthMAE,dB,0.52065920829772949
20260823,P0307,307,FSC E190,FullSphereERB,dB,0.91703533565387796
20260823,P0307,307,FSC E190,Contralateral25ERB,dB,1.2504763225458799
20260823,P0307,307,FSC E190,ERBBandILDMean,dB,1.755648136138916
20260823,P0307,307,FSC E190,ITDWeightedMAE,us,13.461037256905932
20260823,P0307,307,FSC E190,FullSphereLSD,dB,3.6846221915694244
20260823,P0307,307,FSC E190,HFFirstDifferenceMAE,dB/bin,0.38938003778457642
20260823,P0307,307,FSC E190,HFSecondDifferenceMAE,dB/bin^2,0.2132810652256012
20260823,P0307,307,FSC E190,MultiScaleNotchDepthMAE,dB,0.45582064986228943
20260821,P0313,313,FiLM-SIREN E130,FullSphereERB,dB,0.99681954784016902
20260821,P0313,313,FiLM-SIREN E130,Contralateral25ERB,dB,1.3643852861557499
20260821,P0313,313,FiLM-SIREN E130,ERBBandILDMean,dB,1.852325439453125
20260821,P0313,313,FiLM-SIREN E130,ITDWeightedMAE,us,14.287441393904569
20260821,P0313,313,FiLM-SIREN E130,FullSphereLSD,dB,4.1483883942790021
20260821,P0313,313,FiLM-SIREN E130,HFFirstDifferenceMAE,dB/bin,0.69659668207168579
20260821,P0313,313,FiLM-SIREN E130,HFSecondDifferenceMAE,dB/bin^2,0.49169731140136719
20260821,P0313,313,FiLM-SIREN E130,MultiScaleNotchDepthMAE,dB,0.79405736923217773
20260821,P0313,313,FSC E190,FullSphereERB,dB,0.98962850626702703
20260821,P0313,313,FSC E190,Contralateral25ERB,dB,1.3608596880613899
20260821,P0313,313,FSC E190,ERBBandILDMean,dB,1.7848356962203979
20260821,P0313,313,FSC E190,ITDWeightedMAE,us,14.287457278964247
20260821,P0313,313,FSC E190,FullSphereLSD,dB,3.800314265371159
20260821,P0313,313,FSC E190,HFFirstDifferenceMAE,dB/bin,0.52981722354888916
20260821,P0313,313,FSC E190,HFSecondDifferenceMAE,dB/bin^2,0.34521046280860901
20260821,P0313,313,FSC E190,MultiScaleNotchDepthMAE,dB,0.62035495042800903
20260822,P0313,313,FiLM-SIREN E130,FullSphereERB,dB,1.0045985355865401
20260822,P0313,313,FiLM-SIREN E130,Contralateral25ERB,dB,1.4870766857593001
20260822,P0313,313,FiLM-SIREN E130,ERBBandILDMean,dB,1.8709135055541992
20260822,P0313,313,FiLM-SIREN E130,ITDWeightedMAE,us,14.46989881161314
20260822,P0313,313,FiLM-SIREN E130,FullSphereLSD,dB,4.1438941447443778
20260822,P0313,313,FiLM-SIREN E130,HFFirstDifferenceMAE,dB/bin,0.67934030294418335
20260822,P0313,313,FiLM-SIREN E130,HFSecondDifferenceMAE,dB/bin^2,0.46893146634101868
20260822,P0313,313,FiLM-SIREN E130,MultiScaleNotchDepthMAE,dB,0.78334188461303711
20260822,P0313,313,FSC E190,FullSphereERB,dB,1.00067633071351
20260822,P0313,313,FSC E190,Contralateral25ERB,dB,1.4727147426024001
20260822,P0313,313,FSC E190,ERBBandILDMean,dB,1.764920711517334
20260822,P0313,313,FSC E190,ITDWeightedMAE,us,14.429266581148749
20260822,P0313,313,FSC E190,FullSphereLSD,dB,3.8584828701294906
20260822,P0313,313,FSC E190,HFFirstDifferenceMAE,dB/bin,0.52262938022613525
20260822,P0313,313,FSC E190,HFSecondDifferenceMAE,dB/bin^2,0.33328557014465332
20260822,P0313,313,FSC E190,MultiScaleNotchDepthMAE,dB,0.61705511808395386
20260823,P0313,313,FiLM-SIREN E130,FullSphereERB,dB,1.03200416196307
20260823,P0313,313,FiLM-SIREN E130,Contralateral25ERB,dB,1.49125920170571
20260823,P0313,313,FiLM-SIREN E130,ERBBandILDMean,dB,1.9470443725585938
20260823,P0313,313,FiLM-SIREN E130,ITDWeightedMAE,us,14.44058071216511
20260823,P0313,313,FiLM-SIREN E130,FullSphereLSD,dB,4.1008627602249117
20260823,P0313,313,FiLM-SIREN E130,HFFirstDifferenceMAE,dB/bin,0.67013555765151978
20260823,P0313,313,FiLM-SIREN E130,HFSecondDifferenceMAE,dB/bin^2,0.44611239433288574
20260823,P0313,313,FiLM-SIREN E130,MultiScaleNotchDepthMAE,dB,0.78253203630447388
20260823,P0313,313,FSC E190,FullSphereERB,dB,1.0258916124020401
20260823,P0313,313,FSC E190,Contralateral25ERB,dB,1.4898499484539101
20260823,P0313,313,FSC E190,ERBBandILDMean,dB,1.8716602325439453
20260823,P0313,313,FSC E190,ITDWeightedMAE,us,14.396174861138569
20260823,P0313,313,FSC E190,FullSphereLSD,dB,3.7766536162912479
20260823,P0313,313,FSC E190,HFFirstDifferenceMAE,dB/bin,0.52224886417388916
20260823,P0313,313,FSC E190,HFSecondDifferenceMAE,dB/bin^2,0.33303758502006531
20260823,P0313,313,FSC E190,MultiScaleNotchDepthMAE,dB,0.61731737852096558
20260821,P0335,335,FiLM-SIREN E130,FullSphereERB,dB,1.79150472352823
20260821,P0335,335,FiLM-SIREN E130,Contralateral25ERB,dB,2.1789573043832
20260821,P0335,335,FiLM-SIREN E130,ERBBandILDMean,dB,1.843788743019104
20260821,P0335,335,FiLM-SIREN E130,ITDWeightedMAE,us,14.67382263201128
20260821,P0335,335,FiLM-SIREN E130,FullSphereLSD,dB,4.3393171226844611
20260821,P0335,335,FiLM-SIREN E130,HFFirstDifferenceMAE,dB/bin,0.5960693359375
20260821,P0335,335,FiLM-SIREN E130,HFSecondDifferenceMAE,dB/bin^2,0.38908901810646057
20260821,P0335,335,FiLM-SIREN E130,MultiScaleNotchDepthMAE,dB,0.69982296228408813
20260821,P0335,335,FSC E190,FullSphereERB,dB,1.78087165092777
20260821,P0335,335,FSC E190,Contralateral25ERB,dB,2.1749481956533998
20260821,P0335,335,FSC E190,ERBBandILDMean,dB,1.7216802835464478
20260821,P0335,335,FSC E190,ITDWeightedMAE,us,14.700404721051749
20260821,P0335,335,FSC E190,FullSphereLSD,dB,4.0103213580279942
20260821,P0335,335,FSC E190,HFFirstDifferenceMAE,dB/bin,0.48552799224853516
20260821,P0335,335,FSC E190,HFSecondDifferenceMAE,dB/bin^2,0.28662112355232239
20260821,P0335,335,FSC E190,MultiScaleNotchDepthMAE,dB,0.57805126905441284
20260822,P0335,335,FiLM-SIREN E130,FullSphereERB,dB,1.7700774216969599
20260822,P0335,335,FiLM-SIREN E130,Contralateral25ERB,dB,2.12968876856654
20260822,P0335,335,FiLM-SIREN E130,ERBBandILDMean,dB,1.9177525043487549
20260822,P0335,335,FiLM-SIREN E130,ITDWeightedMAE,us,14.744964117530708
20260822,P0335,335,FiLM-SIREN E130,FullSphereLSD,dB,4.3321583895616023
20260822,P0335,335,FiLM-SIREN E130,HFFirstDifferenceMAE,dB/bin,0.58503305912017822
20260822,P0335,335,FiLM-SIREN E130,HFSecondDifferenceMAE,dB/bin^2,0.37779393792152405
20260822,P0335,335,FiLM-SIREN E130,MultiScaleNotchDepthMAE,dB,0.6855817437171936
20260822,P0335,335,FSC E190,FullSphereERB,dB,1.75857047315037
20260822,P0335,335,FSC E190,Contralateral25ERB,dB,2.1240402029078398
20260822,P0335,335,FSC E190,ERBBandILDMean,dB,1.7912998199462891
20260822,P0335,335,FSC E190,ITDWeightedMAE,us,14.769363777116055
20260822,P0335,335,FSC E190,FullSphereLSD,dB,4.0347932347109605
20260822,P0335,335,FSC E190,HFFirstDifferenceMAE,dB/bin,0.48285451531410217
20260822,P0335,335,FSC E190,HFSecondDifferenceMAE,dB/bin^2,0.28268837928771973
20260822,P0335,335,FSC E190,MultiScaleNotchDepthMAE,dB,0.57664090394973755
20260823,P0335,335,FiLM-SIREN E130,FullSphereERB,dB,1.75934329487233
20260823,P0335,335,FiLM-SIREN E130,Contralateral25ERB,dB,2.1417946718458798
20260823,P0335,335,FiLM-SIREN E130,ERBBandILDMean,dB,1.8507221937179565
20260823,P0335,335,FiLM-SIREN E130,ITDWeightedMAE,us,14.635523059654194
20260823,P0335,335,FiLM-SIREN E130,FullSphereLSD,dB,4.3142748839405645
20260823,P0335,335,FiLM-SIREN E130,HFFirstDifferenceMAE,dB/bin,0.57444524765014648
20260823,P0335,335,FiLM-SIREN E130,HFSecondDifferenceMAE,dB/bin^2,0.35920450091362
20260823,P0335,335,FiLM-SIREN E130,MultiScaleNotchDepthMAE,dB,0.67808657884597778
20260823,P0335,335,FSC E190,FullSphereERB,dB,1.75328373823906
20260823,P0335,335,FSC E190,Contralateral25ERB,dB,2.1639267064519498
20260823,P0335,335,FSC E190,ERBBandILDMean,dB,1.7368687391281128
20260823,P0335,335,FSC E190,ITDWeightedMAE,us,14.605616205796533
20260823,P0335,335,FSC E190,FullSphereLSD,dB,4.0021841554381208
20260823,P0335,335,FSC E190,HFFirstDifferenceMAE,dB/bin,0.48296305537223816
20260823,P0335,335,FSC E190,HFSecondDifferenceMAE,dB/bin^2,0.2809501588344574
20260823,P0335,335,FSC E190,MultiScaleNotchDepthMAE,dB,0.5764843225479126
20260821,P0338,338,FiLM-SIREN E130,FullSphereERB,dB,0.98521027518302595
20260821,P0338,338,FiLM-SIREN E130,Contralateral25ERB,dB,1.4124822596111299
20260821,P0338,338,FiLM-SIREN E130,ERBBandILDMean,dB,1.7526448965072632
20260821,P0338,338,FiLM-SIREN E130,ITDWeightedMAE,us,13.564244678265741
20260821,P0338,338,FiLM-SIREN E130,FullSphereLSD,dB,4.5592040493033839
20260821,P0338,338,FiLM-SIREN E130,HFFirstDifferenceMAE,dB/bin,0.4836479127407074
20260821,P0338,338,FiLM-SIREN E130,HFSecondDifferenceMAE,dB/bin^2,0.27793231606483459
20260821,P0338,338,FiLM-SIREN E130,MultiScaleNotchDepthMAE,dB,0.57556825876235962
20260821,P0338,338,FSC E190,FullSphereERB,dB,0.95750184408867201
20260821,P0338,338,FSC E190,Contralateral25ERB,dB,1.4043723081981201
20260821,P0338,338,FSC E190,ERBBandILDMean,dB,1.7028470039367676
20260821,P0338,338,FSC E190,ITDWeightedMAE,us,13.554219694373959
20260821,P0338,338,FSC E190,FullSphereLSD,dB,4.3095034161698198
20260821,P0338,338,FSC E190,HFFirstDifferenceMAE,dB/bin,0.40809443593025208
20260821,P0338,338,FSC E190,HFSecondDifferenceMAE,dB/bin^2,0.21476788818836212
20260821,P0338,338,FSC E190,MultiScaleNotchDepthMAE,dB,0.50104087591171265
20260822,P0338,338,FiLM-SIREN E130,FullSphereERB,dB,0.98750616738623798
20260822,P0338,338,FiLM-SIREN E130,Contralateral25ERB,dB,1.40071563317546
20260822,P0338,338,FiLM-SIREN E130,ERBBandILDMean,dB,1.7768149375915527
20260822,P0338,338,FiLM-SIREN E130,ITDWeightedMAE,us,13.62408788139016
20260822,P0338,338,FiLM-SIREN E130,FullSphereLSD,dB,4.5501216760507415
20260822,P0338,338,FiLM-SIREN E130,HFFirstDifferenceMAE,dB/bin,0.47731894254684448
20260822,P0338,338,FiLM-SIREN E130,HFSecondDifferenceMAE,dB/bin^2,0.26767441630363464
20260822,P0338,338,FiLM-SIREN E130,MultiScaleNotchDepthMAE,dB,0.57538312673568726
20260822,P0338,338,FSC E190,FullSphereERB,dB,0.96058519098280104
20260822,P0338,338,FSC E190,Contralateral25ERB,dB,1.3882247614350001
20260822,P0338,338,FSC E190,ERBBandILDMean,dB,1.716584324836731
20260822,P0338,338,FSC E190,ITDWeightedMAE,us,13.654454724275896
20260822,P0338,338,FSC E190,FullSphereLSD,dB,4.3079131403684894
20260822,P0338,338,FSC E190,HFFirstDifferenceMAE,dB/bin,0.40519863367080688
20260822,P0338,338,FSC E190,HFSecondDifferenceMAE,dB/bin^2,0.20989413559436798
20260822,P0338,338,FSC E190,MultiScaleNotchDepthMAE,dB,0.50041061639785767
20260823,P0338,338,FiLM-SIREN E130,FullSphereERB,dB,0.98916657730834501
20260823,P0338,338,FiLM-SIREN E130,Contralateral25ERB,dB,1.3798138978141501
20260823,P0338,338,FiLM-SIREN E130,ERBBandILDMean,dB,1.7143797874450684
20260823,P0338,338,FiLM-SIREN E130,ITDWeightedMAE,us,13.624167045293543
20260823,P0338,338,FiLM-SIREN E130,FullSphereLSD,dB,4.5964279754476163
20260823,P0338,338,FiLM-SIREN E130,HFFirstDifferenceMAE,dB/bin,0.48743921518325806
20260823,P0338,338,FiLM-SIREN E130,HFSecondDifferenceMAE,dB/bin^2,0.2827242910861969
20260823,P0338,338,FiLM-SIREN E130,MultiScaleNotchDepthMAE,dB,0.5796777606010437
20260823,P0338,338,FSC E190,FullSphereERB,dB,0.96555428022935896
20260823,P0338,338,FSC E190,Contralateral25ERB,dB,1.36816092133067
20260823,P0338,338,FSC E190,ERBBandILDMean,dB,1.6647183895111084
20260823,P0338,338,FSC E190,ITDWeightedMAE,us,13.569953833090882
20260823,P0338,338,FSC E190,FullSphereLSD,dB,4.3419441509869836
20260823,P0338,338,FSC E190,HFFirstDifferenceMAE,dB/bin,0.40869489312171936
20260823,P0338,338,FSC E190,HFSecondDifferenceMAE,dB/bin^2,0.21748514473438263
20260823,P0338,338,FSC E190,MultiScaleNotchDepthMAE,dB,0.50236153602600098
20260821,P0341,341,FiLM-SIREN E130,FullSphereERB,dB,0.84045344754237405
20260821,P0341,341,FiLM-SIREN E130,Contralateral25ERB,dB,1.14765411779074
20260821,P0341,341,FiLM-SIREN E130,ERBBandILDMean,dB,1.5537526607513428
20260821,P0341,341,FiLM-SIREN E130,ITDWeightedMAE,us,16.221330281497444
20260821,P0341,341,FiLM-SIREN E130,FullSphereLSD,dB,3.6902522767902486
20260821,P0341,341,FiLM-SIREN E130,HFFirstDifferenceMAE,dB/bin,0.54125040769577026
20260821,P0341,341,FiLM-SIREN E130,HFSecondDifferenceMAE,dB/bin^2,0.34419560432434082
20260821,P0341,341,FiLM-SIREN E130,MultiScaleNotchDepthMAE,dB,0.62004572153091431
20260821,P0341,341,FSC E190,FullSphereERB,dB,0.82239470859619401
20260821,P0341,341,FSC E190,Contralateral25ERB,dB,1.1102774302721801
20260821,P0341,341,FSC E190,ERBBandILDMean,dB,1.4477576017379761
20260821,P0341,341,FSC E190,ITDWeightedMAE,us,16.205268379894495
20260821,P0341,341,FSC E190,FullSphereLSD,dB,3.4369007561527933
20260821,P0341,341,FSC E190,HFFirstDifferenceMAE,dB/bin,0.45341986417770386
20260821,P0341,341,FSC E190,HFSecondDifferenceMAE,dB/bin^2,0.26949766278266907
20260821,P0341,341,FSC E190,MultiScaleNotchDepthMAE,dB,0.53746062517166138
20260822,P0341,341,FiLM-SIREN E130,FullSphereERB,dB,0.83378461840845697
20260822,P0341,341,FiLM-SIREN E130,Contralateral25ERB,dB,1.1468073962415699
20260822,P0341,341,FiLM-SIREN E130,ERBBandILDMean,dB,1.5699948072433472
20260822,P0341,341,FiLM-SIREN E130,ITDWeightedMAE,us,16.19643105408484
20260822,P0341,341,FiLM-SIREN E130,FullSphereLSD,dB,3.6957433085491633
20260822,P0341,341,FiLM-SIREN E130,HFFirstDifferenceMAE,dB/bin,0.53987222909927368
20260822,P0341,341,FiLM-SIREN E130,HFSecondDifferenceMAE,dB/bin^2,0.34097549319267273
20260822,P0341,341,FiLM-SIREN E130,MultiScaleNotchDepthMAE,dB,0.62006789445877075
20260822,P0341,341,FSC E190,FullSphereERB,dB,0.81421491911737398
20260822,P0341,341,FSC E190,Contralateral25ERB,dB,1.0950401940199901
20260822,P0341,341,FSC E190,ERBBandILDMean,dB,1.4495633840560913
20260822,P0341,341,FSC E190,ITDWeightedMAE,us,16.198906623904296
20260822,P0341,341,FSC E190,FullSphereLSD,dB,3.4529263301261972
20260822,P0341,341,FSC E190,HFFirstDifferenceMAE,dB/bin,0.45263078808784485
20260822,P0341,341,FSC E190,HFSecondDifferenceMAE,dB/bin^2,0.26747819781303406
20260822,P0341,341,FSC E190,MultiScaleNotchDepthMAE,dB,0.53837442398071289
20260823,P0341,341,FiLM-SIREN E130,FullSphereERB,dB,0.83035035235014198
20260823,P0341,341,FiLM-SIREN E130,Contralateral25ERB,dB,1.14256267383343
20260823,P0341,341,FiLM-SIREN E130,ERBBandILDMean,dB,1.6328308582305908
20260823,P0341,341,FiLM-SIREN E130,ITDWeightedMAE,us,16.268646714806728
20260823,P0341,341,FiLM-SIREN E130,FullSphereLSD,dB,3.711232022143319
20260823,P0341,341,FiLM-SIREN E130,HFFirstDifferenceMAE,dB/bin,0.54593169689178467
20260823,P0341,341,FiLM-SIREN E130,HFSecondDifferenceMAE,dB/bin^2,0.34625482559204102
20260823,P0341,341,FiLM-SIREN E130,MultiScaleNotchDepthMAE,dB,0.62585574388504028
20260823,P0341,341,FSC E190,FullSphereERB,dB,0.81110641020201402
20260823,P0341,341,FSC E190,Contralateral25ERB,dB,1.11066161413591
20260823,P0341,341,FSC E190,ERBBandILDMean,dB,1.5085499286651611
20260823,P0341,341,FSC E190,ITDWeightedMAE,us,16.239220688051287
20260823,P0341,341,FSC E190,FullSphereLSD,dB,3.4380859113622324
20260823,P0341,341,FSC E190,HFFirstDifferenceMAE,dB/bin,0.45524069666862488
20260823,P0341,341,FSC E190,HFSecondDifferenceMAE,dB/bin^2,0.27134203910827637
20260823,P0341,341,FSC E190,MultiScaleNotchDepthMAE,dB,0.54018855094909668
20260821,P0354,354,FiLM-SIREN E130,FullSphereERB,dB,0.84925051153207598
20260821,P0354,354,FiLM-SIREN E130,Contralateral25ERB,dB,1.2929727274398299
20260821,P0354,354,FiLM-SIREN E130,ERBBandILDMean,dB,1.7469826936721802
20260821,P0354,354,FiLM-SIREN E130,ITDWeightedMAE,us,17.386966978824152
20260821,P0354,354,FiLM-SIREN E130,FullSphereLSD,dB,3.9266209262189857
20260821,P0354,354,FiLM-SIREN E130,HFFirstDifferenceMAE,dB/bin,0.43847289681434631
20260821,P0354,354,FiLM-SIREN E130,HFSecondDifferenceMAE,dB/bin^2,0.25126823782920837
20260821,P0354,354,FiLM-SIREN E130,MultiScaleNotchDepthMAE,dB,0.53208684921264648
20260821,P0354,354,FSC E190,FullSphereERB,dB,0.81809946830724001
20260821,P0354,354,FSC E190,Contralateral25ERB,dB,1.27564199559091
20260821,P0354,354,FSC E190,ERBBandILDMean,dB,1.6785510778427124
20260821,P0354,354,FSC E190,ITDWeightedMAE,us,17.403574385773723
20260821,P0354,354,FSC E190,FullSphereLSD,dB,3.6459803559321875
20260821,P0354,354,FSC E190,HFFirstDifferenceMAE,dB/bin,0.37123420834541321
20260821,P0354,354,FSC E190,HFSecondDifferenceMAE,dB/bin^2,0.19379670917987823
20260821,P0354,354,FSC E190,MultiScaleNotchDepthMAE,dB,0.46794357895851135
20260822,P0354,354,FiLM-SIREN E130,FullSphereERB,dB,0.83063880386295297
20260822,P0354,354,FiLM-SIREN E130,Contralateral25ERB,dB,1.27928880028998
20260822,P0354,354,FiLM-SIREN E130,ERBBandILDMean,dB,1.7731631994247437
20260822,P0354,354,FiLM-SIREN E130,ITDWeightedMAE,us,17.472890604484256
20260822,P0354,354,FiLM-SIREN E130,FullSphereLSD,dB,3.8982916937150169
20260822,P0354,354,FiLM-SIREN E130,HFFirstDifferenceMAE,dB/bin,0.43180510401725769
20260822,P0354,354,FiLM-SIREN E130,HFSecondDifferenceMAE,dB/bin^2,0.24435065686702728
20260822,P0354,354,FiLM-SIREN E130,MultiScaleNotchDepthMAE,dB,0.52729350328445435
20260822,P0354,354,FSC E190,FullSphereERB,dB,0.80268847180912295
20260822,P0354,354,FSC E190,Contralateral25ERB,dB,1.25738529063001
20260822,P0354,354,FSC E190,ERBBandILDMean,dB,1.6954746246337891
20260822,P0354,354,FSC E190,ITDWeightedMAE,us,17.472653010538934
20260822,P0354,354,FSC E190,FullSphereLSD,dB,3.6318854131957394
20260822,P0354,354,FSC E190,HFFirstDifferenceMAE,dB/bin,0.36847671866416931
20260822,P0354,354,FSC E190,HFSecondDifferenceMAE,dB/bin^2,0.19091635942459106
20260822,P0354,354,FSC E190,MultiScaleNotchDepthMAE,dB,0.46725693345069885
20260823,P0354,354,FiLM-SIREN E130,FullSphereERB,dB,0.84199171802621597
20260823,P0354,354,FiLM-SIREN E130,Contralateral25ERB,dB,1.26444381927702
20260823,P0354,354,FiLM-SIREN E130,ERBBandILDMean,dB,1.7451295852661133
20260823,P0354,354,FiLM-SIREN E130,ITDWeightedMAE,us,17.346127378770085
20260823,P0354,354,FiLM-SIREN E130,FullSphereLSD,dB,3.8819945283182853
20260823,P0354,354,FiLM-SIREN E130,HFFirstDifferenceMAE,dB/bin,0.4322284460067749
20260823,P0354,354,FiLM-SIREN E130,HFSecondDifferenceMAE,dB/bin^2,0.24392274022102356
20260823,P0354,354,FiLM-SIREN E130,MultiScaleNotchDepthMAE,dB,0.53116995096206665
20260823,P0354,354,FSC E190,FullSphereERB,dB,0.819189733950896
20260823,P0354,354,FSC E190,Contralateral25ERB,dB,1.2469420894071599
20260823,P0354,354,FSC E190,ERBBandILDMean,dB,1.6796777248382568
20260823,P0354,354,FSC E190,ITDWeightedMAE,us,17.358830868813449
20260823,P0354,354,FSC E190,FullSphereLSD,dB,3.6134882522568192
20260823,P0354,354,FSC E190,HFFirstDifferenceMAE,dB/bin,0.36941742897033691
20260823,P0354,354,FSC E190,HFSecondDifferenceMAE,dB/bin^2,0.19325347244739532
20260823,P0354,354,FSC E190,MultiScaleNotchDepthMAE,dB,0.46774101257324219
20260821,P0360,360,FiLM-SIREN E130,FullSphereERB,dB,0.72280330165130402
20260821,P0360,360,FiLM-SIREN E130,Contralateral25ERB,dB,1.12926529458179
20260821,P0360,360,FiLM-SIREN E130,ERBBandILDMean,dB,1.4051539897918701
20260821,P0360,360,FiLM-SIREN E130,ITDWeightedMAE,us,12.010258224293443
20260821,P0360,360,FiLM-SIREN E130,FullSphereLSD,dB,3.3772742142162149
20260821,P0360,360,FiLM-SIREN E130,HFFirstDifferenceMAE,dB/bin,0.52363502979278564
20260821,P0360,360,FiLM-SIREN E130,HFSecondDifferenceMAE,dB/bin^2,0.34536221623420715
20260821,P0360,360,FiLM-SIREN E130,MultiScaleNotchDepthMAE,dB,0.56171137094497681
20260821,P0360,360,FSC E190,FullSphereERB,dB,0.70484433726289797
20260821,P0360,360,FSC E190,Contralateral25ERB,dB,1.1155227215213099
20260821,P0360,360,FSC E190,ERBBandILDMean,dB,1.315925121307373
20260821,P0360,360,FSC E190,ITDWeightedMAE,us,11.980580695325969
20260821,P0360,360,FSC E190,FullSphereLSD,dB,3.1352075935597283
20260821,P0360,360,FSC E190,HFFirstDifferenceMAE,dB/bin,0.44657379388809204
20260821,P0360,360,FSC E190,HFSecondDifferenceMAE,dB/bin^2,0.27457553148269653
20260821,P0360,360,FSC E190,MultiScaleNotchDepthMAE,dB,0.49766778945922852
20260822,P0360,360,FiLM-SIREN E130,FullSphereERB,dB,0.71524518848942198
20260822,P0360,360,FiLM-SIREN E130,Contralateral25ERB,dB,1.0860452736383599
20260822,P0360,360,FiLM-SIREN E130,ERBBandILDMean,dB,1.3731594085693359
20260822,P0360,360,FiLM-SIREN E130,ITDWeightedMAE,us,11.902316755826138
20260822,P0360,360,FiLM-SIREN E130,FullSphereLSD,dB,3.3304586389545228
20260822,P0360,360,FiLM-SIREN E130,HFFirstDifferenceMAE,dB/bin,0.522044837474823
20260822,P0360,360,FiLM-SIREN E130,HFSecondDifferenceMAE,dB/bin^2,0.34368598461151123
20260822,P0360,360,FiLM-SIREN E130,MultiScaleNotchDepthMAE,dB,0.55988144874572754
20260822,P0360,360,FSC E190,FullSphereERB,dB,0.70138784203623705
20260822,P0360,360,FSC E190,Contralateral25ERB,dB,1.0766059387309601
20260822,P0360,360,FSC E190,ERBBandILDMean,dB,1.2847371101379395
20260822,P0360,360,FSC E190,ITDWeightedMAE,us,11.86132167456142
20260822,P0360,360,FSC E190,FullSphereLSD,dB,3.0891900508152608
20260822,P0360,360,FSC E190,HFFirstDifferenceMAE,dB/bin,0.44568172097206116
20260822,P0360,360,FSC E190,HFSecondDifferenceMAE,dB/bin^2,0.27417671680450439
20260822,P0360,360,FSC E190,MultiScaleNotchDepthMAE,dB,0.4959557056427002
20260823,P0360,360,FiLM-SIREN E130,FullSphereERB,dB,0.71877953442058595
20260823,P0360,360,FiLM-SIREN E130,Contralateral25ERB,dB,1.07584953151564
20260823,P0360,360,FiLM-SIREN E130,ERBBandILDMean,dB,1.3888208866119385
20260823,P0360,360,FiLM-SIREN E130,ITDWeightedMAE,us,11.811578225984462
20260823,P0360,360,FiLM-SIREN E130,FullSphereLSD,dB,3.369470903389614
20260823,P0360,360,FiLM-SIREN E130,HFFirstDifferenceMAE,dB/bin,0.52718281745910645
20260823,P0360,360,FiLM-SIREN E130,HFSecondDifferenceMAE,dB/bin^2,0.35128581523895264
20260823,P0360,360,FiLM-SIREN E130,MultiScaleNotchDepthMAE,dB,0.56012058258056641
20260823,P0360,360,FSC E190,FullSphereERB,dB,0.70531343522293599
20260823,P0360,360,FSC E190,Contralateral25ERB,dB,1.0655717146947801
20260823,P0360,360,FSC E190,ERBBandILDMean,dB,1.2957229614257812
20260823,P0360,360,FSC E190,ITDWeightedMAE,us,11.768428591915884
20260823,P0360,360,FSC E190,FullSphereLSD,dB,3.1184660390556784
20260823,P0360,360,FSC E190,HFFirstDifferenceMAE,dB/bin,0.44780117273330688
20260823,P0360,360,FSC E190,HFSecondDifferenceMAE,dB/bin^2,0.27764669060707092
20260823,P0360,360,FSC E190,MultiScaleNotchDepthMAE,dB,0.49762487411499023
20260821,P0369,369,FiLM-SIREN E130,FullSphereERB,dB,0.77949526031947602
20260821,P0369,369,FiLM-SIREN E130,Contralateral25ERB,dB,1.2810517232385501
20260821,P0369,369,FiLM-SIREN E130,ERBBandILDMean,dB,1.5990201234817505
20260821,P0369,369,FiLM-SIREN E130,ITDWeightedMAE,us,12.805077850061961
20260821,P0369,369,FiLM-SIREN E130,FullSphereLSD,dB,3.6384803948175639
20260821,P0369,369,FiLM-SIREN E130,HFFirstDifferenceMAE,dB/bin,0.47137367725372314
20260821,P0369,369,FiLM-SIREN E130,HFSecondDifferenceMAE,dB/bin^2,0.31508982181549072
20260821,P0369,369,FiLM-SIREN E130,MultiScaleNotchDepthMAE,dB,0.52466803789138794
20260821,P0369,369,FSC E190,FullSphereERB,dB,0.75616254883816303
20260821,P0369,369,FSC E190,Contralateral25ERB,dB,1.2661698450630501
20260821,P0369,369,FSC E190,ERBBandILDMean,dB,1.5600757598876953
20260821,P0369,369,FSC E190,ITDWeightedMAE,us,12.752553547457874
20260821,P0369,369,FSC E190,FullSphereLSD,dB,3.3716881548791
20260821,P0369,369,FSC E190,HFFirstDifferenceMAE,dB/bin,0.39272204041481018
20260821,P0369,369,FSC E190,HFSecondDifferenceMAE,dB/bin^2,0.23610138893127441
20260821,P0369,369,FSC E190,MultiScaleNotchDepthMAE,dB,0.46206507086753845
20260822,P0369,369,FiLM-SIREN E130,FullSphereERB,dB,0.78443022556114606
20260822,P0369,369,FiLM-SIREN E130,Contralateral25ERB,dB,1.20548622191883
20260822,P0369,369,FiLM-SIREN E130,ERBBandILDMean,dB,1.5455402135848999
20260822,P0369,369,FiLM-SIREN E130,ITDWeightedMAE,us,12.718429741947862
20260822,P0369,369,FiLM-SIREN E130,FullSphereLSD,dB,3.6223010328050353
20260822,P0369,369,FiLM-SIREN E130,HFFirstDifferenceMAE,dB/bin,0.45960551500320435
20260822,P0369,369,FiLM-SIREN E130,HFSecondDifferenceMAE,dB/bin^2,0.29654803872108459
20260822,P0369,369,FiLM-SIREN E130,MultiScaleNotchDepthMAE,dB,0.51589721441268921
20260822,P0369,369,FSC E190,FullSphereERB,dB,0.76335866641407502
20260822,P0369,369,FSC E190,Contralateral25ERB,dB,1.1826254161197201
20260822,P0369,369,FSC E190,ERBBandILDMean,dB,1.5116838216781616
20260822,P0369,369,FSC E190,ITDWeightedMAE,us,12.672627238073266
20260822,P0369,369,FSC E190,FullSphereLSD,dB,3.3735636119564525
20260822,P0369,369,FSC E190,HFFirstDifferenceMAE,dB/bin,0.39035922288894653
20260822,P0369,369,FSC E190,HFSecondDifferenceMAE,dB/bin^2,0.23007568717002869
20260822,P0369,369,FSC E190,MultiScaleNotchDepthMAE,dB,0.46168613433837891
20260823,P0369,369,FiLM-SIREN E130,FullSphereERB,dB,0.74706335666788704
20260823,P0369,369,FiLM-SIREN E130,Contralateral25ERB,dB,1.1643768744688501
20260823,P0369,369,FiLM-SIREN E130,ERBBandILDMean,dB,1.4775474071502686
20260823,P0369,369,FiLM-SIREN E130,ITDWeightedMAE,us,12.743890051747343
20260823,P0369,369,FiLM-SIREN E130,FullSphereLSD,dB,3.6484781656301757
20260823,P0369,369,FiLM-SIREN E130,HFFirstDifferenceMAE,dB/bin,0.46280726790428162
20260823,P0369,369,FiLM-SIREN E130,HFSecondDifferenceMAE,dB/bin^2,0.30409190058708191
20260823,P0369,369,FiLM-SIREN E130,MultiScaleNotchDepthMAE,dB,0.51937681436538696
20260823,P0369,369,FSC E190,FullSphereERB,dB,0.72261760225732197
20260823,P0369,369,FSC E190,Contralateral25ERB,dB,1.1427200294732001
20260823,P0369,369,FSC E190,ERBBandILDMean,dB,1.4269236326217651
20260823,P0369,369,FSC E190,ITDWeightedMAE,us,12.704571932020682
20260823,P0369,369,FSC E190,FullSphereLSD,dB,3.3563164032949584
20260823,P0369,369,FSC E190,HFFirstDifferenceMAE,dB/bin,0.39220869541168213
20260823,P0369,369,FSC E190,HFSecondDifferenceMAE,dB/bin^2,0.2342492938041687
20260823,P0369,369,FSC E190,MultiScaleNotchDepthMAE,dB,0.46296846866607666
