SubjectLabel,SubjectID,DirectionCount,Method,MethodLabel,Metric,Value_dB
P0003,3,6,MCARv32,MCAR v3.2,MeasuredDomainERB,1.83171913157493
P0003,3,6,MCARv32,MCAR v3.2,Contralateral25ERB,1.58237561014478
P0003,3,6,MCARv32,MCAR v3.2,ContralateralHemisphereHighFrequency,5.42144839640224
P0003,3,6,MCARv32,MCAR v3.2,HorizontalILDMAE,1.49460211997948
P0003,3,6,FSPAE,FSP-AE,MeasuredDomainERB,3.50985995287918
P0003,3,6,FSPAE,FSP-AE,Contralateral25ERB,2.53318432760552
P0003,3,6,FSPAE,FSP-AE,ContralateralHemisphereHighFrequency,4.96169857579853
P0003,3,6,FSPAE,FSP-AE,HorizontalILDMAE,1.96673788717129
P0003,3,6,RANF,RANF,MeasuredDomainERB,1.05773495929601
P0003,3,6,RANF,RANF,Contralateral25ERB,1.32348688313702
P0003,3,6,RANF,RANF,ContralateralHemisphereHighFrequency,3.57414725618653
P0003,3,6,RANF,RANF,HorizontalILDMAE,0.686941581462152
P0003,3,14,MCARv32,MCAR v3.2,MeasuredDomainERB,1.07971246338671
P0003,3,14,MCARv32,MCAR v3.2,Contralateral25ERB,1.81747614927577
P0003,3,14,MCARv32,MCAR v3.2,ContralateralHemisphereHighFrequency,4.08735825564229
P0003,3,14,MCARv32,MCAR v3.2,HorizontalILDMAE,0.924094728416217
P0003,3,14,FSPAE,FSP-AE,MeasuredDomainERB,2.11677419570578
P0003,3,14,FSPAE,FSP-AE,Contralateral25ERB,2.11522020805003
P0003,3,14,FSPAE,FSP-AE,ContralateralHemisphereHighFrequency,3.51655487787888
P0003,3,14,FSPAE,FSP-AE,HorizontalILDMAE,2.51304403682606
P0003,3,14,RANF,RANF,MeasuredDomainERB,0.930873354163472
P0003,3,14,RANF,RANF,Contralateral25ERB,1.32353424485988
P0003,3,14,RANF,RANF,ContralateralHemisphereHighFrequency,3.0819901280328
P0003,3,14,RANF,RANF,HorizontalILDMAE,0.583727307118515
P0003,3,26,MCARv32,MCAR v3.2,MeasuredDomainERB,0.75004526855311
P0003,3,26,MCARv32,MCAR v3.2,Contralateral25ERB,1.22114590104235
P0003,3,26,MCARv32,MCAR v3.2,ContralateralHemisphereHighFrequency,3.25328572530263
P0003,3,26,MCARv32,MCAR v3.2,HorizontalILDMAE,0.551101600199487
P0003,3,26,FSPAE,FSP-AE,MeasuredDomainERB,1.01550410013527
P0003,3,26,FSPAE,FSP-AE,Contralateral25ERB,1.57144752872108
P0003,3,26,FSPAE,FSP-AE,ContralateralHemisphereHighFrequency,2.68966044537838
P0003,3,26,FSPAE,FSP-AE,HorizontalILDMAE,0.493774934676612
P0003,3,26,RANF,RANF,MeasuredDomainERB,0.919823013228838
P0003,3,26,RANF,RANF,Contralateral25ERB,1.40117731433333
P0003,3,26,RANF,RANF,ContralateralHemisphereHighFrequency,3.03624553538547
P0003,3,26,RANF,RANF,HorizontalILDMAE,0.750251466747726
P0007,7,6,MCARv32,MCAR v3.2,MeasuredDomainERB,2.05382630661966
P0007,7,6,MCARv32,MCAR v3.2,Contralateral25ERB,1.97534704085273
P0007,7,6,MCARv32,MCAR v3.2,ContralateralHemisphereHighFrequency,6.02222490846971
P0007,7,6,MCARv32,MCAR v3.2,HorizontalILDMAE,2.11278122205552
P0007,7,6,FSPAE,FSP-AE,MeasuredDomainERB,3.48924471128958
P0007,7,6,FSPAE,FSP-AE,Contralateral25ERB,2.72471415203515
P0007,7,6,FSPAE,FSP-AE,ContralateralHemisphereHighFrequency,5.54874276543824
P0007,7,6,FSPAE,FSP-AE,HorizontalILDMAE,2.23407458582151
P0007,7,6,RANF,RANF,MeasuredDomainERB,1.2793163707388
P0007,7,6,RANF,RANF,Contralateral25ERB,1.76185642199298
P0007,7,6,RANF,RANF,ContralateralHemisphereHighFrequency,4.26561836983792
P0007,7,6,RANF,RANF,HorizontalILDMAE,1.15871174544401
P0007,7,14,MCARv32,MCAR v3.2,MeasuredDomainERB,1.3428463742816
P0007,7,14,MCARv32,MCAR v3.2,Contralateral25ERB,2.31909209014534
P0007,7,14,MCARv32,MCAR v3.2,ContralateralHemisphereHighFrequency,4.53797753198377
P0007,7,14,MCARv32,MCAR v3.2,HorizontalILDMAE,0.956397750382165
P0007,7,14,FSPAE,FSP-AE,MeasuredDomainERB,2.2624024638892
P0007,7,14,FSPAE,FSP-AE,Contralateral25ERB,2.46990698015741
P0007,7,14,FSPAE,FSP-AE,ContralateralHemisphereHighFrequency,4.30181534297663
P0007,7,14,FSPAE,FSP-AE,HorizontalILDMAE,2.1346013301173
P0007,7,14,RANF,RANF,MeasuredDomainERB,1.17151532918431
P0007,7,14,RANF,RANF,Contralateral25ERB,1.72297379480137
P0007,7,14,RANF,RANF,ContralateralHemisphereHighFrequency,3.95889410054608
P0007,7,14,RANF,RANF,HorizontalILDMAE,0.877654060251548
P0007,7,26,MCARv32,MCAR v3.2,MeasuredDomainERB,0.861407285661583
P0007,7,26,MCARv32,MCAR v3.2,Contralateral25ERB,1.37613387915408
P0007,7,26,MCARv32,MCAR v3.2,ContralateralHemisphereHighFrequency,3.60959764443697
P0007,7,26,MCARv32,MCAR v3.2,HorizontalILDMAE,0.85165684345856
P0007,7,26,FSPAE,FSP-AE,MeasuredDomainERB,1.14523757094649
P0007,7,26,FSPAE,FSP-AE,Contralateral25ERB,1.82089559055224
P0007,7,26,FSPAE,FSP-AE,ContralateralHemisphereHighFrequency,3.33526373851408
P0007,7,26,FSPAE,FSP-AE,HorizontalILDMAE,0.606999758162238
P0007,7,26,RANF,RANF,MeasuredDomainERB,1.05137976205903
P0007,7,26,RANF,RANF,Contralateral25ERB,1.52538770585983
P0007,7,26,RANF,RANF,ContralateralHemisphereHighFrequency,3.50180549214368
P0007,7,26,RANF,RANF,HorizontalILDMAE,0.735478549583888
P0009,9,6,MCARv32,MCAR v3.2,MeasuredDomainERB,1.8526156944178
P0009,9,6,MCARv32,MCAR v3.2,Contralateral25ERB,1.75447573516856
P0009,9,6,MCARv32,MCAR v3.2,ContralateralHemisphereHighFrequency,5.62401778762792
P0009,9,6,MCARv32,MCAR v3.2,HorizontalILDMAE,1.71156126082478
P0009,9,6,FSPAE,FSP-AE,MeasuredDomainERB,3.50044197636239
P0009,9,6,FSPAE,FSP-AE,Contralateral25ERB,2.57108542487992
P0009,9,6,FSPAE,FSP-AE,ContralateralHemisphereHighFrequency,5.32114867996459
P0009,9,6,FSPAE,FSP-AE,HorizontalILDMAE,1.4779148314674
P0009,9,6,RANF,RANF,MeasuredDomainERB,1.12042564215351
P0009,9,6,RANF,RANF,Contralateral25ERB,1.79089482754088
P0009,9,6,RANF,RANF,ContralateralHemisphereHighFrequency,3.98559732552283
P0009,9,6,RANF,RANF,HorizontalILDMAE,0.939783200163316
P0009,9,14,MCARv32,MCAR v3.2,MeasuredDomainERB,1.0755916631344
P0009,9,14,MCARv32,MCAR v3.2,Contralateral25ERB,2.30361902558075
P0009,9,14,MCARv32,MCAR v3.2,ContralateralHemisphereHighFrequency,3.86927478780321
P0009,9,14,MCARv32,MCAR v3.2,HorizontalILDMAE,1.1944119432398
P0009,9,14,FSPAE,FSP-AE,MeasuredDomainERB,2.1193680526383
P0009,9,14,FSPAE,FSP-AE,Contralateral25ERB,2.37376288905708
P0009,9,14,FSPAE,FSP-AE,ContralateralHemisphereHighFrequency,3.8266763740643
P0009,9,14,FSPAE,FSP-AE,HorizontalILDMAE,1.65138479166505
P0009,9,14,RANF,RANF,MeasuredDomainERB,1.07667763335675
P0009,9,14,RANF,RANF,Contralateral25ERB,1.75167420729986
P0009,9,14,RANF,RANF,ContralateralHemisphereHighFrequency,3.87718116269259
P0009,9,14,RANF,RANF,HorizontalILDMAE,0.871971128883044
P0009,9,26,MCARv32,MCAR v3.2,MeasuredDomainERB,0.75271800248344
P0009,9,26,MCARv32,MCAR v3.2,Contralateral25ERB,1.30892038447749
P0009,9,26,MCARv32,MCAR v3.2,ContralateralHemisphereHighFrequency,3.54213488346998
P0009,9,26,MCARv32,MCAR v3.2,HorizontalILDMAE,0.696005148596623
P0009,9,26,FSPAE,FSP-AE,MeasuredDomainERB,0.974141351493236
P0009,9,26,FSPAE,FSP-AE,Contralateral25ERB,1.67086585511672
P0009,9,26,FSPAE,FSP-AE,ContralateralHemisphereHighFrequency,2.94267076586365
P0009,9,26,FSPAE,FSP-AE,HorizontalILDMAE,0.61003386513593
P0009,9,26,RANF,RANF,MeasuredDomainERB,0.976005243743752
P0009,9,26,RANF,RANF,Contralateral25ERB,1.53582511162231
P0009,9,26,RANF,RANF,ContralateralHemisphereHighFrequency,3.53096879197229
P0009,9,26,RANF,RANF,HorizontalILDMAE,0.903141545738726
P0017,17,6,MCARv32,MCAR v3.2,MeasuredDomainERB,1.76205308460513
P0017,17,6,MCARv32,MCAR v3.2,Contralateral25ERB,1.73626232265855
P0017,17,6,MCARv32,MCAR v3.2,ContralateralHemisphereHighFrequency,4.99060756169432
P0017,17,6,MCARv32,MCAR v3.2,HorizontalILDMAE,1.57357715863367
P0017,17,6,FSPAE,FSP-AE,MeasuredDomainERB,3.94634282398787
P0017,17,6,FSPAE,FSP-AE,Contralateral25ERB,2.70581386213746
P0017,17,6,FSPAE,FSP-AE,ContralateralHemisphereHighFrequency,5.28539081698037
P0017,17,6,FSPAE,FSP-AE,HorizontalILDMAE,4.22986851969905
P0017,17,6,RANF,RANF,MeasuredDomainERB,1.34402887763364
P0017,17,6,RANF,RANF,Contralateral25ERB,1.9640574699582
P0017,17,6,RANF,RANF,ContralateralHemisphereHighFrequency,4.12666200683726
P0017,17,6,RANF,RANF,HorizontalILDMAE,1.03292495932378
P0017,17,14,MCARv32,MCAR v3.2,MeasuredDomainERB,1.23822774256574
P0017,17,14,MCARv32,MCAR v3.2,Contralateral25ERB,2.12671856772153
P0017,17,14,MCARv32,MCAR v3.2,ContralateralHemisphereHighFrequency,4.34687082020609
P0017,17,14,MCARv32,MCAR v3.2,HorizontalILDMAE,0.876752362938729
P0017,17,14,FSPAE,FSP-AE,MeasuredDomainERB,2.44500282382026
P0017,17,14,FSPAE,FSP-AE,Contralateral25ERB,2.36505866069145
P0017,17,14,FSPAE,FSP-AE,ContralateralHemisphereHighFrequency,3.75031193173083
P0017,17,14,FSPAE,FSP-AE,HorizontalILDMAE,3.74702490810384
P0017,17,14,RANF,RANF,MeasuredDomainERB,1.21865094420505
P0017,17,14,RANF,RANF,Contralateral25ERB,1.64244426764461
P0017,17,14,RANF,RANF,ContralateralHemisphereHighFrequency,3.64167672174374
P0017,17,14,RANF,RANF,HorizontalILDMAE,0.992988825394715
P0017,17,26,MCARv32,MCAR v3.2,MeasuredDomainERB,0.870339562143109
P0017,17,26,MCARv32,MCAR v3.2,Contralateral25ERB,1.46939105682716
P0017,17,26,MCARv32,MCAR v3.2,ContralateralHemisphereHighFrequency,3.57432192086452
P0017,17,26,MCARv32,MCAR v3.2,HorizontalILDMAE,0.768963981686056
P0017,17,26,FSPAE,FSP-AE,MeasuredDomainERB,1.09051257221083
P0017,17,26,FSPAE,FSP-AE,Contralateral25ERB,1.72821705427763
P0017,17,26,FSPAE,FSP-AE,ContralateralHemisphereHighFrequency,2.99595455145388
P0017,17,26,FSPAE,FSP-AE,HorizontalILDMAE,0.80402882568276
P0017,17,26,RANF,RANF,MeasuredDomainERB,1.25030484100836
P0017,17,26,RANF,RANF,Contralateral25ERB,2.10599536613599
P0017,17,26,RANF,RANF,ContralateralHemisphereHighFrequency,3.53478580945041
P0017,17,26,RANF,RANF,HorizontalILDMAE,0.921433682961933
P0029,29,6,MCARv32,MCAR v3.2,MeasuredDomainERB,1.74162467262921
P0029,29,6,MCARv32,MCAR v3.2,Contralateral25ERB,1.56506117104833
P0029,29,6,MCARv32,MCAR v3.2,ContralateralHemisphereHighFrequency,5.28032267377739
P0029,29,6,MCARv32,MCAR v3.2,HorizontalILDMAE,1.47668022381299
P0029,29,6,FSPAE,FSP-AE,MeasuredDomainERB,3.51700574866021
P0029,29,6,FSPAE,FSP-AE,Contralateral25ERB,2.55993052245623
P0029,29,6,FSPAE,FSP-AE,ContralateralHemisphereHighFrequency,5.53760282803053
P0029,29,6,FSPAE,FSP-AE,HorizontalILDMAE,1.70204648248161
P0029,29,6,RANF,RANF,MeasuredDomainERB,1.2588548339614
P0029,29,6,RANF,RANF,Contralateral25ERB,1.37089909959509
P0029,29,6,RANF,RANF,ContralateralHemisphereHighFrequency,4.27927902435652
P0029,29,6,RANF,RANF,HorizontalILDMAE,0.707497543369535
P0029,29,14,MCARv32,MCAR v3.2,MeasuredDomainERB,1.08749161174271
P0029,29,14,MCARv32,MCAR v3.2,Contralateral25ERB,1.83389868404644
P0029,29,14,MCARv32,MCAR v3.2,ContralateralHemisphereHighFrequency,4.26401799888208
P0029,29,14,MCARv32,MCAR v3.2,HorizontalILDMAE,0.66798778482136
P0029,29,14,FSPAE,FSP-AE,MeasuredDomainERB,2.12302584870205
P0029,29,14,FSPAE,FSP-AE,Contralateral25ERB,2.1731134707817
P0029,29,14,FSPAE,FSP-AE,ContralateralHemisphereHighFrequency,3.81785811140188
P0029,29,14,FSPAE,FSP-AE,HorizontalILDMAE,2.30117319909682
P0029,29,14,RANF,RANF,MeasuredDomainERB,1.09271507385915
P0029,29,14,RANF,RANF,Contralateral25ERB,1.44579569296682
P0029,29,14,RANF,RANF,ContralateralHemisphereHighFrequency,3.60841979119446
P0029,29,14,RANF,RANF,HorizontalILDMAE,0.771839008333363
P0029,29,26,MCARv32,MCAR v3.2,MeasuredDomainERB,0.796036345520924
P0029,29,26,MCARv32,MCAR v3.2,Contralateral25ERB,1.26359432327245
P0029,29,26,MCARv32,MCAR v3.2,ContralateralHemisphereHighFrequency,3.64833717827138
P0029,29,26,MCARv32,MCAR v3.2,HorizontalILDMAE,0.354906657520761
P0029,29,26,FSPAE,FSP-AE,MeasuredDomainERB,1.01523268671618
P0029,29,26,FSPAE,FSP-AE,Contralateral25ERB,1.60551818938633
P0029,29,26,FSPAE,FSP-AE,ContralateralHemisphereHighFrequency,3.24573671453962
P0029,29,26,FSPAE,FSP-AE,HorizontalILDMAE,0.421830119357204
P0029,29,26,RANF,RANF,MeasuredDomainERB,0.947751184042172
P0029,29,26,RANF,RANF,Contralateral25ERB,1.37713352439882
P0029,29,26,RANF,RANF,ContralateralHemisphereHighFrequency,3.44162267540707
P0029,29,26,RANF,RANF,HorizontalILDMAE,0.528674915323795
P0030,30,6,MCARv32,MCAR v3.2,MeasuredDomainERB,1.71814728120308
P0030,30,6,MCARv32,MCAR v3.2,Contralateral25ERB,1.45276333441303
P0030,30,6,MCARv32,MCAR v3.2,ContralateralHemisphereHighFrequency,5.0910313680164
P0030,30,6,MCARv32,MCAR v3.2,HorizontalILDMAE,1.35433459499881
P0030,30,6,FSPAE,FSP-AE,MeasuredDomainERB,3.35388826529719
P0030,30,6,FSPAE,FSP-AE,Contralateral25ERB,2.50558591106888
P0030,30,6,FSPAE,FSP-AE,ContralateralHemisphereHighFrequency,4.48146715784898
P0030,30,6,FSPAE,FSP-AE,HorizontalILDMAE,2.41295409890073
P0030,30,6,RANF,RANF,MeasuredDomainERB,1.07038707426113
P0030,30,6,RANF,RANF,Contralateral25ERB,1.46176482962233
P0030,30,6,RANF,RANF,ContralateralHemisphereHighFrequency,3.1170063186919
P0030,30,6,RANF,RANF,HorizontalILDMAE,0.73905519630566
P0030,30,14,MCARv32,MCAR v3.2,MeasuredDomainERB,1.08356481889459
P0030,30,14,MCARv32,MCAR v3.2,Contralateral25ERB,1.71358730458833
P0030,30,14,MCARv32,MCAR v3.2,ContralateralHemisphereHighFrequency,3.76573460492366
P0030,30,14,MCARv32,MCAR v3.2,HorizontalILDMAE,0.522361941255789
P0030,30,14,FSPAE,FSP-AE,MeasuredDomainERB,2.08367213457426
P0030,30,14,FSPAE,FSP-AE,Contralateral25ERB,2.31709738173668
P0030,30,14,FSPAE,FSP-AE,ContralateralHemisphereHighFrequency,3.2772723994235
P0030,30,14,FSPAE,FSP-AE,HorizontalILDMAE,1.96994045658481
P0030,30,14,RANF,RANF,MeasuredDomainERB,1.04160652123818
P0030,30,14,RANF,RANF,Contralateral25ERB,1.85961508448807
P0030,30,14,RANF,RANF,ContralateralHemisphereHighFrequency,3.02117609159445
P0030,30,14,RANF,RANF,HorizontalILDMAE,0.964967269287262
P0030,30,26,MCARv32,MCAR v3.2,MeasuredDomainERB,0.785497601856415
P0030,30,26,MCARv32,MCAR v3.2,Contralateral25ERB,1.23104841942093
P0030,30,26,MCARv32,MCAR v3.2,ContralateralHemisphereHighFrequency,3.17955531849587
P0030,30,26,MCARv32,MCAR v3.2,HorizontalILDMAE,0.44424718529585
P0030,30,26,FSPAE,FSP-AE,MeasuredDomainERB,1.04451511837407
P0030,30,26,FSPAE,FSP-AE,Contralateral25ERB,1.72577034753089
P0030,30,26,FSPAE,FSP-AE,ContralateralHemisphereHighFrequency,2.72232533246076
P0030,30,26,FSPAE,FSP-AE,HorizontalILDMAE,0.400301355870187
P0030,30,26,RANF,RANF,MeasuredDomainERB,0.966572236201693
P0030,30,26,RANF,RANF,Contralateral25ERB,1.73987079893082
P0030,30,26,RANF,RANF,ContralateralHemisphereHighFrequency,3.29126164407904
P0030,30,26,RANF,RANF,HorizontalILDMAE,0.701394925393096
P0036,36,6,MCARv32,MCAR v3.2,MeasuredDomainERB,1.90478871456767
P0036,36,6,MCARv32,MCAR v3.2,Contralateral25ERB,1.57102349437363
P0036,36,6,MCARv32,MCAR v3.2,ContralateralHemisphereHighFrequency,5.44701457712538
P0036,36,6,MCARv32,MCAR v3.2,HorizontalILDMAE,1.16545165243021
P0036,36,6,FSPAE,FSP-AE,MeasuredDomainERB,3.39148653096077
P0036,36,6,FSPAE,FSP-AE,Contralateral25ERB,2.66398135586455
P0036,36,6,FSPAE,FSP-AE,ContralateralHemisphereHighFrequency,5.09109172118482
P0036,36,6,FSPAE,FSP-AE,HorizontalILDMAE,1.71479227849203
P0036,36,6,RANF,RANF,MeasuredDomainERB,1.01543870242665
P0036,36,6,RANF,RANF,Contralateral25ERB,1.3578954917465
P0036,36,6,RANF,RANF,ContralateralHemisphereHighFrequency,3.67447671054042
P0036,36,6,RANF,RANF,HorizontalILDMAE,0.56252877119965
P0036,36,14,MCARv32,MCAR v3.2,MeasuredDomainERB,1.24926337090398
P0036,36,14,MCARv32,MCAR v3.2,Contralateral25ERB,2.02491946089568
P0036,36,14,MCARv32,MCAR v3.2,ContralateralHemisphereHighFrequency,4.49317902261038
P0036,36,14,MCARv32,MCAR v3.2,HorizontalILDMAE,0.916468198765298
P0036,36,14,FSPAE,FSP-AE,MeasuredDomainERB,2.06146749101626
P0036,36,14,FSPAE,FSP-AE,Contralateral25ERB,2.33037581128268
P0036,36,14,FSPAE,FSP-AE,ContralateralHemisphereHighFrequency,3.72076218698265
P0036,36,14,FSPAE,FSP-AE,HorizontalILDMAE,1.52907611343256
P0036,36,14,RANF,RANF,MeasuredDomainERB,0.972550150149169
P0036,36,14,RANF,RANF,Contralateral25ERB,1.44618592409075
P0036,36,14,RANF,RANF,ContralateralHemisphereHighFrequency,3.40473822555931
P0036,36,14,RANF,RANF,HorizontalILDMAE,0.53201183120952
P0036,36,26,MCARv32,MCAR v3.2,MeasuredDomainERB,0.812257121693327
P0036,36,26,MCARv32,MCAR v3.2,Contralateral25ERB,1.24235532501519
P0036,36,26,MCARv32,MCAR v3.2,ContralateralHemisphereHighFrequency,3.49383920493958
P0036,36,26,MCARv32,MCAR v3.2,HorizontalILDMAE,0.336719586545479
P0036,36,26,FSPAE,FSP-AE,MeasuredDomainERB,1.10569459097606
P0036,36,26,FSPAE,FSP-AE,Contralateral25ERB,1.74849699752666
P0036,36,26,FSPAE,FSP-AE,ContralateralHemisphereHighFrequency,3.09540483861934
P0036,36,26,FSPAE,FSP-AE,HorizontalILDMAE,0.539320469693667
P0036,36,26,RANF,RANF,MeasuredDomainERB,0.924532789653388
P0036,36,26,RANF,RANF,Contralateral25ERB,1.41161470971009
P0036,36,26,RANF,RANF,ContralateralHemisphereHighFrequency,3.32863599055299
P0036,36,26,RANF,RANF,HorizontalILDMAE,0.555427567680465
P0056,56,6,MCARv32,MCAR v3.2,MeasuredDomainERB,1.85144918760402
P0056,56,6,MCARv32,MCAR v3.2,Contralateral25ERB,1.57226972697581
P0056,56,6,MCARv32,MCAR v3.2,ContralateralHemisphereHighFrequency,5.86231294977836
P0056,56,6,MCARv32,MCAR v3.2,HorizontalILDMAE,1.51923928259367
P0056,56,6,FSPAE,FSP-AE,MeasuredDomainERB,3.38711694587228
P0056,56,6,FSPAE,FSP-AE,Contralateral25ERB,2.52014000035914
P0056,56,6,FSPAE,FSP-AE,ContralateralHemisphereHighFrequency,5.16188469819692
P0056,56,6,FSPAE,FSP-AE,HorizontalILDMAE,1.86407966747793
P0056,56,6,RANF,RANF,MeasuredDomainERB,1.06006809547116
P0056,56,6,RANF,RANF,Contralateral25ERB,1.50805848208628
P0056,56,6,RANF,RANF,ContralateralHemisphereHighFrequency,3.75913161102926
P0056,56,6,RANF,RANF,HorizontalILDMAE,0.605498823432247
P0056,56,14,MCARv32,MCAR v3.2,MeasuredDomainERB,1.08778487399642
P0056,56,14,MCARv32,MCAR v3.2,Contralateral25ERB,2.05591334617298
P0056,56,14,MCARv32,MCAR v3.2,ContralateralHemisphereHighFrequency,3.83872787501364
P0056,56,14,MCARv32,MCAR v3.2,HorizontalILDMAE,0.759245816715325
P0056,56,14,FSPAE,FSP-AE,MeasuredDomainERB,2.0632766225275
P0056,56,14,FSPAE,FSP-AE,Contralateral25ERB,2.41999285870919
P0056,56,14,FSPAE,FSP-AE,ContralateralHemisphereHighFrequency,3.71635127828222
P0056,56,14,FSPAE,FSP-AE,HorizontalILDMAE,1.76367474060767
P0056,56,14,RANF,RANF,MeasuredDomainERB,0.990808746243119
P0056,56,14,RANF,RANF,Contralateral25ERB,1.53057636870813
P0056,56,14,RANF,RANF,ContralateralHemisphereHighFrequency,3.58072375063844
P0056,56,14,RANF,RANF,HorizontalILDMAE,0.818373313637674
P0056,56,26,MCARv32,MCAR v3.2,MeasuredDomainERB,0.756777855940268
P0056,56,26,MCARv32,MCAR v3.2,Contralateral25ERB,1.30955919889635
P0056,56,26,MCARv32,MCAR v3.2,ContralateralHemisphereHighFrequency,3.48176143056727
P0056,56,26,MCARv32,MCAR v3.2,HorizontalILDMAE,0.523757801061191
P0056,56,26,FSPAE,FSP-AE,MeasuredDomainERB,1.01707855664992
P0056,56,26,FSPAE,FSP-AE,Contralateral25ERB,1.78725356516503
P0056,56,26,FSPAE,FSP-AE,ContralateralHemisphereHighFrequency,2.96232091137602
P0056,56,26,FSPAE,FSP-AE,HorizontalILDMAE,0.43518553356667
P0056,56,26,RANF,RANF,MeasuredDomainERB,0.93214263958251
P0056,56,26,RANF,RANF,Contralateral25ERB,1.57440158710531
P0056,56,26,RANF,RANF,ContralateralHemisphereHighFrequency,3.28595491082612
P0056,56,26,RANF,RANF,HorizontalILDMAE,0.663816940365942
P0059,59,6,MCARv32,MCAR v3.2,MeasuredDomainERB,1.88117461103437
P0059,59,6,MCARv32,MCAR v3.2,Contralateral25ERB,1.80203600131823
P0059,59,6,MCARv32,MCAR v3.2,ContralateralHemisphereHighFrequency,5.50367441019893
P0059,59,6,MCARv32,MCAR v3.2,HorizontalILDMAE,1.65514755127573
P0059,59,6,FSPAE,FSP-AE,MeasuredDomainERB,3.281613983187
P0059,59,6,FSPAE,FSP-AE,Contralateral25ERB,2.7537588148901
P0059,59,6,FSPAE,FSP-AE,ContralateralHemisphereHighFrequency,5.57705811460268
P0059,59,6,FSPAE,FSP-AE,HorizontalILDMAE,2.50074902662399
P0059,59,6,RANF,RANF,MeasuredDomainERB,1.14386386680636
P0059,59,6,RANF,RANF,Contralateral25ERB,1.69405140196291
P0059,59,6,RANF,RANF,ContralateralHemisphereHighFrequency,3.77449619695914
P0059,59,6,RANF,RANF,HorizontalILDMAE,0.992763569373461
P0059,59,14,MCARv32,MCAR v3.2,MeasuredDomainERB,1.1685329452826
P0059,59,14,MCARv32,MCAR v3.2,Contralateral25ERB,2.09874606049813
P0059,59,14,MCARv32,MCAR v3.2,ContralateralHemisphereHighFrequency,3.97437355997641
P0059,59,14,MCARv32,MCAR v3.2,HorizontalILDMAE,0.630108925793007
P0059,59,14,FSPAE,FSP-AE,MeasuredDomainERB,2.15888626235011
P0059,59,14,FSPAE,FSP-AE,Contralateral25ERB,2.72871023817278
P0059,59,14,FSPAE,FSP-AE,ContralateralHemisphereHighFrequency,4.13183001510084
P0059,59,14,FSPAE,FSP-AE,HorizontalILDMAE,1.56661924648318
P0059,59,14,RANF,RANF,MeasuredDomainERB,1.03583883890079
P0059,59,14,RANF,RANF,Contralateral25ERB,1.61393747928169
P0059,59,14,RANF,RANF,ContralateralHemisphereHighFrequency,3.41971843587867
P0059,59,14,RANF,RANF,HorizontalILDMAE,0.725053710009293
P0059,59,26,MCARv32,MCAR v3.2,MeasuredDomainERB,0.779867348859904
P0059,59,26,MCARv32,MCAR v3.2,Contralateral25ERB,1.34448466262618
P0059,59,26,MCARv32,MCAR v3.2,ContralateralHemisphereHighFrequency,3.45422567769596
P0059,59,26,MCARv32,MCAR v3.2,HorizontalILDMAE,0.599286454112332
P0059,59,26,FSPAE,FSP-AE,MeasuredDomainERB,1.09637932341102
P0059,59,26,FSPAE,FSP-AE,Contralateral25ERB,1.90329099066954
P0059,59,26,FSPAE,FSP-AE,ContralateralHemisphereHighFrequency,2.96718844098167
P0059,59,26,FSPAE,FSP-AE,HorizontalILDMAE,0.836960185403768
P0059,59,26,RANF,RANF,MeasuredDomainERB,1.01026820461028
P0059,59,26,RANF,RANF,Contralateral25ERB,1.67342669069558
P0059,59,26,RANF,RANF,ContralateralHemisphereHighFrequency,3.24676322183825
P0059,59,26,RANF,RANF,HorizontalILDMAE,1.21386463807886
P0060,60,6,MCARv32,MCAR v3.2,MeasuredDomainERB,1.89945168716558
P0060,60,6,MCARv32,MCAR v3.2,Contralateral25ERB,1.49639393381963
P0060,60,6,MCARv32,MCAR v3.2,ContralateralHemisphereHighFrequency,5.44147882084632
P0060,60,6,MCARv32,MCAR v3.2,HorizontalILDMAE,1.40972461704951
P0060,60,6,FSPAE,FSP-AE,MeasuredDomainERB,3.29075471690214
P0060,60,6,FSPAE,FSP-AE,Contralateral25ERB,2.6143757137893
P0060,60,6,FSPAE,FSP-AE,ContralateralHemisphereHighFrequency,5.14321412839857
P0060,60,6,FSPAE,FSP-AE,HorizontalILDMAE,1.87882527559146
P0060,60,6,RANF,RANF,MeasuredDomainERB,1.15515030223003
P0060,60,6,RANF,RANF,Contralateral25ERB,1.3129284201392
P0060,60,6,RANF,RANF,ContralateralHemisphereHighFrequency,3.87667387719533
P0060,60,6,RANF,RANF,HorizontalILDMAE,0.808252932356516
P0060,60,14,MCARv32,MCAR v3.2,MeasuredDomainERB,1.15750625876747
P0060,60,14,MCARv32,MCAR v3.2,Contralateral25ERB,1.95269483453457
P0060,60,14,MCARv32,MCAR v3.2,ContralateralHemisphereHighFrequency,4.33369785204341
P0060,60,14,MCARv32,MCAR v3.2,HorizontalILDMAE,0.629973382668863
P0060,60,14,FSPAE,FSP-AE,MeasuredDomainERB,2.05801265266969
P0060,60,14,FSPAE,FSP-AE,Contralateral25ERB,2.25932602014979
P0060,60,14,FSPAE,FSP-AE,ContralateralHemisphereHighFrequency,3.708860419723
P0060,60,14,FSPAE,FSP-AE,HorizontalILDMAE,1.94443310440284
P0060,60,14,RANF,RANF,MeasuredDomainERB,0.987597198880718
P0060,60,14,RANF,RANF,Contralateral25ERB,1.22770305919129
P0060,60,14,RANF,RANF,ContralateralHemisphereHighFrequency,3.65822940055568
P0060,60,14,RANF,RANF,HorizontalILDMAE,0.467443283097909
P0060,60,26,MCARv32,MCAR v3.2,MeasuredDomainERB,0.743883963483706
P0060,60,26,MCARv32,MCAR v3.2,Contralateral25ERB,1.16854638901856
P0060,60,26,MCARv32,MCAR v3.2,ContralateralHemisphereHighFrequency,3.45914262567756
P0060,60,26,MCARv32,MCAR v3.2,HorizontalILDMAE,0.511402899958848
P0060,60,26,FSPAE,FSP-AE,MeasuredDomainERB,1.02393889097065
P0060,60,26,FSPAE,FSP-AE,Contralateral25ERB,1.70300465591227
P0060,60,26,FSPAE,FSP-AE,ContralateralHemisphereHighFrequency,3.07815972769507
P0060,60,26,FSPAE,FSP-AE,HorizontalILDMAE,0.467677348049714
P0060,60,26,RANF,RANF,MeasuredDomainERB,0.946776072163596
P0060,60,26,RANF,RANF,Contralateral25ERB,1.50608423859702
P0060,60,26,RANF,RANF,ContralateralHemisphereHighFrequency,3.36858205007973
P0060,60,26,RANF,RANF,HorizontalILDMAE,0.742685035208051
P0074,74,6,MCARv32,MCAR v3.2,MeasuredDomainERB,1.81363047547896
P0074,74,6,MCARv32,MCAR v3.2,Contralateral25ERB,1.50797141154072
P0074,74,6,MCARv32,MCAR v3.2,ContralateralHemisphereHighFrequency,6.27805120105502
P0074,74,6,MCARv32,MCAR v3.2,HorizontalILDMAE,1.23865296106582
P0074,74,6,FSPAE,FSP-AE,MeasuredDomainERB,3.50253373252546
P0074,74,6,FSPAE,FSP-AE,Contralateral25ERB,2.4183260145941
P0074,74,6,FSPAE,FSP-AE,ContralateralHemisphereHighFrequency,6.00934120439433
P0074,74,6,FSPAE,FSP-AE,HorizontalILDMAE,2.32789804089767
P0074,74,6,RANF,RANF,MeasuredDomainERB,1.21216974351007
P0074,74,6,RANF,RANF,Contralateral25ERB,1.60656397444537
P0074,74,6,RANF,RANF,ContralateralHemisphereHighFrequency,4.23426641563263
P0074,74,6,RANF,RANF,HorizontalILDMAE,1.03548690970574
P0074,74,14,MCARv32,MCAR v3.2,MeasuredDomainERB,1.20697048840402
P0074,74,14,MCARv32,MCAR v3.2,Contralateral25ERB,2.04864740652517
P0074,74,14,MCARv32,MCAR v3.2,ContralateralHemisphereHighFrequency,5.11123517545323
P0074,74,14,MCARv32,MCAR v3.2,HorizontalILDMAE,0.831787877588969
P0074,74,14,FSPAE,FSP-AE,MeasuredDomainERB,2.12345762817923
P0074,74,14,FSPAE,FSP-AE,Contralateral25ERB,2.21983124172501
P0074,74,14,FSPAE,FSP-AE,ContralateralHemisphereHighFrequency,4.43382554726466
P0074,74,14,FSPAE,FSP-AE,HorizontalILDMAE,2.57238763132571
P0074,74,14,RANF,RANF,MeasuredDomainERB,1.08608281737246
P0074,74,14,RANF,RANF,Contralateral25ERB,1.45012664750881
P0074,74,14,RANF,RANF,ContralateralHemisphereHighFrequency,4.0840614454001
P0074,74,14,RANF,RANF,HorizontalILDMAE,1.08401871364903
P0074,74,26,MCARv32,MCAR v3.2,MeasuredDomainERB,0.778855769335031
P0074,74,26,MCARv32,MCAR v3.2,Contralateral25ERB,1.25624368966935
P0074,74,26,MCARv32,MCAR v3.2,ContralateralHemisphereHighFrequency,4.0459025243946
P0074,74,26,MCARv32,MCAR v3.2,HorizontalILDMAE,0.690970668431151
P0074,74,26,FSPAE,FSP-AE,MeasuredDomainERB,1.0471047607817
P0074,74,26,FSPAE,FSP-AE,Contralateral25ERB,1.57500089773981
P0074,74,26,FSPAE,FSP-AE,ContralateralHemisphereHighFrequency,3.20740277690324
P0074,74,26,FSPAE,FSP-AE,HorizontalILDMAE,0.781543959499818
P0074,74,26,RANF,RANF,MeasuredDomainERB,1.03085594284413
P0074,74,26,RANF,RANF,Contralateral25ERB,1.43963121021488
P0074,74,26,RANF,RANF,ContralateralHemisphereHighFrequency,3.73665697517443
P0074,74,26,RANF,RANF,HorizontalILDMAE,0.808151682621964
P0080,80,6,MCARv32,MCAR v3.2,MeasuredDomainERB,1.78327936996722
P0080,80,6,MCARv32,MCAR v3.2,Contralateral25ERB,1.65614443100018
P0080,80,6,MCARv32,MCAR v3.2,ContralateralHemisphereHighFrequency,5.25457782629568
P0080,80,6,MCARv32,MCAR v3.2,HorizontalILDMAE,0.935119874399357
P0080,80,6,FSPAE,FSP-AE,MeasuredDomainERB,3.56129435804708
P0080,80,6,FSPAE,FSP-AE,Contralateral25ERB,2.45725346119093
P0080,80,6,FSPAE,FSP-AE,ContralateralHemisphereHighFrequency,4.9731661202022
P0080,80,6,FSPAE,FSP-AE,HorizontalILDMAE,2.91510824557389
P0080,80,6,RANF,RANF,MeasuredDomainERB,1.08755655225268
P0080,80,6,RANF,RANF,Contralateral25ERB,1.46513053012412
P0080,80,6,RANF,RANF,ContralateralHemisphereHighFrequency,3.75900006976364
P0080,80,6,RANF,RANF,HorizontalILDMAE,0.995820381705928
P0080,80,14,MCARv32,MCAR v3.2,MeasuredDomainERB,1.07552848335318
P0080,80,14,MCARv32,MCAR v3.2,Contralateral25ERB,1.8892590599385
P0080,80,14,MCARv32,MCAR v3.2,ContralateralHemisphereHighFrequency,3.83639286415602
P0080,80,14,MCARv32,MCAR v3.2,HorizontalILDMAE,0.914480514077778
P0080,80,14,FSPAE,FSP-AE,MeasuredDomainERB,2.1999554773429
P0080,80,14,FSPAE,FSP-AE,Contralateral25ERB,2.16006257290027
P0080,80,14,FSPAE,FSP-AE,ContralateralHemisphereHighFrequency,3.95629976792641
P0080,80,14,FSPAE,FSP-AE,HorizontalILDMAE,2.74220898411283
P0080,80,14,RANF,RANF,MeasuredDomainERB,1.03824671291873
P0080,80,14,RANF,RANF,Contralateral25ERB,1.47397755183378
P0080,80,14,RANF,RANF,ContralateralHemisphereHighFrequency,3.7147108564279
P0080,80,14,RANF,RANF,HorizontalILDMAE,0.673359908217042
P0080,80,26,MCARv32,MCAR v3.2,MeasuredDomainERB,0.792868575769771
P0080,80,26,MCARv32,MCAR v3.2,Contralateral25ERB,1.2495791558338
P0080,80,26,MCARv32,MCAR v3.2,ContralateralHemisphereHighFrequency,3.50324336091723
P0080,80,26,MCARv32,MCAR v3.2,HorizontalILDMAE,0.612639355962301
P0080,80,26,FSPAE,FSP-AE,MeasuredDomainERB,1.04125253839047
P0080,80,26,FSPAE,FSP-AE,Contralateral25ERB,1.59891204023655
P0080,80,26,FSPAE,FSP-AE,ContralateralHemisphereHighFrequency,3.05298839295214
P0080,80,26,FSPAE,FSP-AE,HorizontalILDMAE,0.717363021473
P0080,80,26,RANF,RANF,MeasuredDomainERB,0.968814895184388
P0080,80,26,RANF,RANF,Contralateral25ERB,1.47138278600057
P0080,80,26,RANF,RANF,ContralateralHemisphereHighFrequency,3.52827510126614
P0080,80,26,RANF,RANF,HorizontalILDMAE,0.696053363592608
P0081,81,6,MCARv32,MCAR v3.2,MeasuredDomainERB,1.82717558966409
P0081,81,6,MCARv32,MCAR v3.2,Contralateral25ERB,1.69418886160215
P0081,81,6,MCARv32,MCAR v3.2,ContralateralHemisphereHighFrequency,5.31163248653243
P0081,81,6,MCARv32,MCAR v3.2,HorizontalILDMAE,1.47227356805538
P0081,81,6,FSPAE,FSP-AE,MeasuredDomainERB,3.44502850749946
P0081,81,6,FSPAE,FSP-AE,Contralateral25ERB,2.8174388059308
P0081,81,6,FSPAE,FSP-AE,ContralateralHemisphereHighFrequency,4.97688335588977
P0081,81,6,FSPAE,FSP-AE,HorizontalILDMAE,1.91225097453388
P0081,81,6,RANF,RANF,MeasuredDomainERB,1.05120833122578
P0081,81,6,RANF,RANF,Contralateral25ERB,1.75495422136529
P0081,81,6,RANF,RANF,ContralateralHemisphereHighFrequency,3.5715209330475
P0081,81,6,RANF,RANF,HorizontalILDMAE,0.701523027342314
P0081,81,14,MCARv32,MCAR v3.2,MeasuredDomainERB,1.08799535828519
P0081,81,14,MCARv32,MCAR v3.2,Contralateral25ERB,2.2210785322722
P0081,81,14,MCARv32,MCAR v3.2,ContralateralHemisphereHighFrequency,3.76219506865899
P0081,81,14,MCARv32,MCAR v3.2,HorizontalILDMAE,0.630487141928766
P0081,81,14,FSPAE,FSP-AE,MeasuredDomainERB,2.08252297976831
P0081,81,14,FSPAE,FSP-AE,Contralateral25ERB,2.48438199813346
P0081,81,14,FSPAE,FSP-AE,ContralateralHemisphereHighFrequency,3.49291118976304
P0081,81,14,FSPAE,FSP-AE,HorizontalILDMAE,2.18496242239158
P0081,81,14,RANF,RANF,MeasuredDomainERB,0.93060045230859
P0081,81,14,RANF,RANF,Contralateral25ERB,1.65164539931566
P0081,81,14,RANF,RANF,ContralateralHemisphereHighFrequency,3.19349556121498
P0081,81,14,RANF,RANF,HorizontalILDMAE,0.642363439892313
P0081,81,26,MCARv32,MCAR v3.2,MeasuredDomainERB,0.715304862149409
P0081,81,26,MCARv32,MCAR v3.2,Contralateral25ERB,1.32588455392642
P0081,81,26,MCARv32,MCAR v3.2,ContralateralHemisphereHighFrequency,3.08519111733773
P0081,81,26,MCARv32,MCAR v3.2,HorizontalILDMAE,0.499324488022778
P0081,81,26,FSPAE,FSP-AE,MeasuredDomainERB,0.997810353970487
P0081,81,26,FSPAE,FSP-AE,Contralateral25ERB,1.79766591003523
P0081,81,26,FSPAE,FSP-AE,ContralateralHemisphereHighFrequency,2.6047198531326
P0081,81,26,FSPAE,FSP-AE,HorizontalILDMAE,0.483151242915546
P0081,81,26,RANF,RANF,MeasuredDomainERB,0.904623022314882
P0081,81,26,RANF,RANF,Contralateral25ERB,1.53716787156139
P0081,81,26,RANF,RANF,ContralateralHemisphereHighFrequency,3.18660796774007
P0081,81,26,RANF,RANF,HorizontalILDMAE,0.677549382004571
P0090,90,6,MCARv32,MCAR v3.2,MeasuredDomainERB,1.86205014427046
P0090,90,6,MCARv32,MCAR v3.2,Contralateral25ERB,1.62026983484215
P0090,90,6,MCARv32,MCAR v3.2,ContralateralHemisphereHighFrequency,5.18952162511847
P0090,90,6,MCARv32,MCAR v3.2,HorizontalILDMAE,1.25154869806163
P0090,90,6,FSPAE,FSP-AE,MeasuredDomainERB,3.47957220659926
P0090,90,6,FSPAE,FSP-AE,Contralateral25ERB,2.67698363910826
P0090,90,6,FSPAE,FSP-AE,ContralateralHemisphereHighFrequency,4.83579353008594
P0090,90,6,FSPAE,FSP-AE,HorizontalILDMAE,2.01158467336359
P0090,90,6,RANF,RANF,MeasuredDomainERB,1.12809234196883
P0090,90,6,RANF,RANF,Contralateral25ERB,1.50065209052085
P0090,90,6,RANF,RANF,ContralateralHemisphereHighFrequency,3.77190938506587
P0090,90,6,RANF,RANF,HorizontalILDMAE,0.632427955153076
P0090,90,14,MCARv32,MCAR v3.2,MeasuredDomainERB,1.2798554793801
P0090,90,14,MCARv32,MCAR v3.2,Contralateral25ERB,1.89889454602958
P0090,90,14,MCARv32,MCAR v3.2,ContralateralHemisphereHighFrequency,4.22277545283378
P0090,90,14,MCARv32,MCAR v3.2,HorizontalILDMAE,0.89105432953763
P0090,90,14,FSPAE,FSP-AE,MeasuredDomainERB,2.13206659831459
P0090,90,14,FSPAE,FSP-AE,Contralateral25ERB,2.24060517899244
P0090,90,14,FSPAE,FSP-AE,ContralateralHemisphereHighFrequency,3.74413705890609
P0090,90,14,FSPAE,FSP-AE,HorizontalILDMAE,1.84407881295001
P0090,90,14,RANF,RANF,MeasuredDomainERB,1.04287049416964
P0090,90,14,RANF,RANF,Contralateral25ERB,1.40134105075761
P0090,90,14,RANF,RANF,ContralateralHemisphereHighFrequency,3.53348820093215
P0090,90,14,RANF,RANF,HorizontalILDMAE,0.588764704600579
P0090,90,26,MCARv32,MCAR v3.2,MeasuredDomainERB,0.827445106005511
P0090,90,26,MCARv32,MCAR v3.2,Contralateral25ERB,1.28297094434131
P0090,90,26,MCARv32,MCAR v3.2,ContralateralHemisphereHighFrequency,3.30286290799494
P0090,90,26,MCARv32,MCAR v3.2,HorizontalILDMAE,0.576153846043847
P0090,90,26,FSPAE,FSP-AE,MeasuredDomainERB,1.0916805068199
P0090,90,26,FSPAE,FSP-AE,Contralateral25ERB,1.72821347558296
P0090,90,26,FSPAE,FSP-AE,ContralateralHemisphereHighFrequency,2.81069128283972
P0090,90,26,FSPAE,FSP-AE,HorizontalILDMAE,0.611561657598034
P0090,90,26,RANF,RANF,MeasuredDomainERB,1.0550450488619
P0090,90,26,RANF,RANF,Contralateral25ERB,1.58438269424136
P0090,90,26,RANF,RANF,ContralateralHemisphereHighFrequency,3.38468328827881
P0090,90,26,RANF,RANF,HorizontalILDMAE,1.03612934083221
P0091,91,6,MCARv32,MCAR v3.2,MeasuredDomainERB,1.77692583158198
P0091,91,6,MCARv32,MCAR v3.2,Contralateral25ERB,1.80049159305329
P0091,91,6,MCARv32,MCAR v3.2,ContralateralHemisphereHighFrequency,4.84536564397578
P0091,91,6,MCARv32,MCAR v3.2,HorizontalILDMAE,1.44655982732736
P0091,91,6,FSPAE,FSP-AE,MeasuredDomainERB,3.46728550003132
P0091,91,6,FSPAE,FSP-AE,Contralateral25ERB,2.88214081736044
P0091,91,6,FSPAE,FSP-AE,ContralateralHemisphereHighFrequency,5.28601047031216
P0091,91,6,FSPAE,FSP-AE,HorizontalILDMAE,2.44947310397175
P0091,91,6,RANF,RANF,MeasuredDomainERB,1.0973842767726
P0091,91,6,RANF,RANF,Contralateral25ERB,1.72594440300071
P0091,91,6,RANF,RANF,ContralateralHemisphereHighFrequency,3.92939774973599
P0091,91,6,RANF,RANF,HorizontalILDMAE,0.784550675242277
P0091,91,14,MCARv32,MCAR v3.2,MeasuredDomainERB,1.19804754500067
P0091,91,14,MCARv32,MCAR v3.2,Contralateral25ERB,2.32674157630292
P0091,91,14,MCARv32,MCAR v3.2,ContralateralHemisphereHighFrequency,4.25255884480231
P0091,91,14,MCARv32,MCAR v3.2,HorizontalILDMAE,0.974480013367959
P0091,91,14,FSPAE,FSP-AE,MeasuredDomainERB,2.16531302791821
P0091,91,14,FSPAE,FSP-AE,Contralateral25ERB,2.43015662400179
P0091,91,14,FSPAE,FSP-AE,ContralateralHemisphereHighFrequency,3.71419014704864
P0091,91,14,FSPAE,FSP-AE,HorizontalILDMAE,2.55897465740015
P0091,91,14,RANF,RANF,MeasuredDomainERB,1.00311528260341
P0091,91,14,RANF,RANF,Contralateral25ERB,1.68037006367544
P0091,91,14,RANF,RANF,ContralateralHemisphereHighFrequency,3.3469871891619
P0091,91,14,RANF,RANF,HorizontalILDMAE,0.704181238812181
P0091,91,26,MCARv32,MCAR v3.2,MeasuredDomainERB,0.818519175307573
P0091,91,26,MCARv32,MCAR v3.2,Contralateral25ERB,1.46921529745921
P0091,91,26,MCARv32,MCAR v3.2,ContralateralHemisphereHighFrequency,3.55639785061675
P0091,91,26,MCARv32,MCAR v3.2,HorizontalILDMAE,0.497182476330642
P0091,91,26,FSPAE,FSP-AE,MeasuredDomainERB,1.07459285295584
P0091,91,26,FSPAE,FSP-AE,Contralateral25ERB,1.86422111837779
P0091,91,26,FSPAE,FSP-AE,ContralateralHemisphereHighFrequency,3.07258081832574
P0091,91,26,FSPAE,FSP-AE,HorizontalILDMAE,0.470753465609137
P0091,91,26,RANF,RANF,MeasuredDomainERB,1.01139276790644
P0091,91,26,RANF,RANF,Contralateral25ERB,1.5152342268238
P0091,91,26,RANF,RANF,ContralateralHemisphereHighFrequency,3.36674152887236
P0091,91,26,RANF,RANF,HorizontalILDMAE,0.826053138215159
P0094,94,6,MCARv32,MCAR v3.2,MeasuredDomainERB,1.80858637498699
P0094,94,6,MCARv32,MCAR v3.2,Contralateral25ERB,1.70190886397846
P0094,94,6,MCARv32,MCAR v3.2,ContralateralHemisphereHighFrequency,6.03056215290263
P0094,94,6,MCARv32,MCAR v3.2,HorizontalILDMAE,1.93292132920826
P0094,94,6,FSPAE,FSP-AE,MeasuredDomainERB,3.55335962373413
P0094,94,6,FSPAE,FSP-AE,Contralateral25ERB,2.87333594747491
P0094,94,6,FSPAE,FSP-AE,ContralateralHemisphereHighFrequency,6.07606195185009
P0094,94,6,FSPAE,FSP-AE,HorizontalILDMAE,3.17660607903056
P0094,94,6,RANF,RANF,MeasuredDomainERB,1.39290360772843
P0094,94,6,RANF,RANF,Contralateral25ERB,1.81868986471916
P0094,94,6,RANF,RANF,ContralateralHemisphereHighFrequency,5.12850269341622
P0094,94,6,RANF,RANF,HorizontalILDMAE,0.667093781511771
P0094,94,14,MCARv32,MCAR v3.2,MeasuredDomainERB,1.32436191113847
P0094,94,14,MCARv32,MCAR v3.2,Contralateral25ERB,2.17069554982462
P0094,94,14,MCARv32,MCAR v3.2,ContralateralHemisphereHighFrequency,5.53633623702401
P0094,94,14,MCARv32,MCAR v3.2,HorizontalILDMAE,0.665751169581031
P0094,94,14,FSPAE,FSP-AE,MeasuredDomainERB,2.18463460847684
P0094,94,14,FSPAE,FSP-AE,Contralateral25ERB,2.39062383713344
P0094,94,14,FSPAE,FSP-AE,ContralateralHemisphereHighFrequency,4.40719770295887
P0094,94,14,FSPAE,FSP-AE,HorizontalILDMAE,2.4494171698362
P0094,94,14,RANF,RANF,MeasuredDomainERB,1.19938460422298
P0094,94,14,RANF,RANF,Contralateral25ERB,1.86338070504637
P0094,94,14,RANF,RANF,ContralateralHemisphereHighFrequency,4.26945070634584
P0094,94,14,RANF,RANF,HorizontalILDMAE,0.609648587121973
P0094,94,26,MCARv32,MCAR v3.2,MeasuredDomainERB,0.886485838297535
P0094,94,26,MCARv32,MCAR v3.2,Contralateral25ERB,1.36276629278599
P0094,94,26,MCARv32,MCAR v3.2,ContralateralHemisphereHighFrequency,4.23341126029917
P0094,94,26,MCARv32,MCAR v3.2,HorizontalILDMAE,0.62026815430396
P0094,94,26,FSPAE,FSP-AE,MeasuredDomainERB,1.07863917142843
P0094,94,26,FSPAE,FSP-AE,Contralateral25ERB,1.85376811456352
P0094,94,26,FSPAE,FSP-AE,ContralateralHemisphereHighFrequency,3.42552271340163
P0094,94,26,FSPAE,FSP-AE,HorizontalILDMAE,0.454986442986819
P0094,94,26,RANF,RANF,MeasuredDomainERB,1.0920880202871
P0094,94,26,RANF,RANF,Contralateral25ERB,1.60333748083339
P0094,94,26,RANF,RANF,ContralateralHemisphereHighFrequency,3.81315455836073
P0094,94,26,RANF,RANF,HorizontalILDMAE,0.84740017554574
P0104,104,6,MCARv32,MCAR v3.2,MeasuredDomainERB,1.78790101927737
P0104,104,6,MCARv32,MCAR v3.2,Contralateral25ERB,1.63217738594194
P0104,104,6,MCARv32,MCAR v3.2,ContralateralHemisphereHighFrequency,5.45384779553239
P0104,104,6,MCARv32,MCAR v3.2,HorizontalILDMAE,1.74850958333676
P0104,104,6,FSPAE,FSP-AE,MeasuredDomainERB,3.24123052930297
P0104,104,6,FSPAE,FSP-AE,Contralateral25ERB,2.65581112769677
P0104,104,6,FSPAE,FSP-AE,ContralateralHemisphereHighFrequency,5.22394225501142
P0104,104,6,FSPAE,FSP-AE,HorizontalILDMAE,1.83702876392428
P0104,104,6,RANF,RANF,MeasuredDomainERB,0.901111173020687
P0104,104,6,RANF,RANF,Contralateral25ERB,1.47228753709817
P0104,104,6,RANF,RANF,ContralateralHemisphereHighFrequency,3.38966430049111
P0104,104,6,RANF,RANF,HorizontalILDMAE,0.903104384616992
P0104,104,14,MCARv32,MCAR v3.2,MeasuredDomainERB,1.15489566553638
P0104,104,14,MCARv32,MCAR v3.2,Contralateral25ERB,1.91143995816138
P0104,104,14,MCARv32,MCAR v3.2,ContralateralHemisphereHighFrequency,4.45126903320157
P0104,104,14,MCARv32,MCAR v3.2,HorizontalILDMAE,0.53132191342157
P0104,104,14,FSPAE,FSP-AE,MeasuredDomainERB,1.96612106978133
P0104,104,14,FSPAE,FSP-AE,Contralateral25ERB,2.36221482519508
P0104,104,14,FSPAE,FSP-AE,ContralateralHemisphereHighFrequency,3.74192544671319
P0104,104,14,FSPAE,FSP-AE,HorizontalILDMAE,1.82415418642984
P0104,104,14,RANF,RANF,MeasuredDomainERB,0.912858206853487
P0104,104,14,RANF,RANF,Contralateral25ERB,1.41945118426149
P0104,104,14,RANF,RANF,ContralateralHemisphereHighFrequency,3.53237686426534
P0104,104,14,RANF,RANF,HorizontalILDMAE,0.626682463238581
P0104,104,26,MCARv32,MCAR v3.2,MeasuredDomainERB,0.719923595424321
P0104,104,26,MCARv32,MCAR v3.2,Contralateral25ERB,1.32071902985557
P0104,104,26,MCARv32,MCAR v3.2,ContralateralHemisphereHighFrequency,3.31074603850151
P0104,104,26,MCARv32,MCAR v3.2,HorizontalILDMAE,0.501595837135648
P0104,104,26,FSPAE,FSP-AE,MeasuredDomainERB,0.981930942774247
P0104,104,26,FSPAE,FSP-AE,Contralateral25ERB,1.79786123698669
P0104,104,26,FSPAE,FSP-AE,ContralateralHemisphereHighFrequency,2.81850393186254
P0104,104,26,FSPAE,FSP-AE,HorizontalILDMAE,0.46682345406756
P0104,104,26,RANF,RANF,MeasuredDomainERB,0.846943915842462
P0104,104,26,RANF,RANF,Contralateral25ERB,1.35732847414868
P0104,104,26,RANF,RANF,ContralateralHemisphereHighFrequency,3.25251689995609
P0104,104,26,RANF,RANF,HorizontalILDMAE,0.610885352588592
P0114,114,6,MCARv32,MCAR v3.2,MeasuredDomainERB,2.18514230278266
P0114,114,6,MCARv32,MCAR v3.2,Contralateral25ERB,1.87184945422972
P0114,114,6,MCARv32,MCAR v3.2,ContralateralHemisphereHighFrequency,6.72336555672141
P0114,114,6,MCARv32,MCAR v3.2,HorizontalILDMAE,1.46160116900866
P0114,114,6,FSPAE,FSP-AE,MeasuredDomainERB,3.65989273215665
P0114,114,6,FSPAE,FSP-AE,Contralateral25ERB,2.78724571520786
P0114,114,6,FSPAE,FSP-AE,ContralateralHemisphereHighFrequency,6.11135722920988
P0114,114,6,FSPAE,FSP-AE,HorizontalILDMAE,3.17862820218993
P0114,114,6,RANF,RANF,MeasuredDomainERB,1.59109104003805
P0114,114,6,RANF,RANF,Contralateral25ERB,1.92945401001526
P0114,114,6,RANF,RANF,ContralateralHemisphereHighFrequency,5.01780926200561
P0114,114,6,RANF,RANF,HorizontalILDMAE,1.16704892769495
P0114,114,14,MCARv32,MCAR v3.2,MeasuredDomainERB,1.35077562614417
P0114,114,14,MCARv32,MCAR v3.2,Contralateral25ERB,1.91587340446068
P0114,114,14,MCARv32,MCAR v3.2,ContralateralHemisphereHighFrequency,4.83686866233046
P0114,114,14,MCARv32,MCAR v3.2,HorizontalILDMAE,0.765116303338703
P0114,114,14,FSPAE,FSP-AE,MeasuredDomainERB,2.20478533722342
P0114,114,14,FSPAE,FSP-AE,Contralateral25ERB,2.15832064885485
P0114,114,14,FSPAE,FSP-AE,ContralateralHemisphereHighFrequency,4.57971048732643
P0114,114,14,FSPAE,FSP-AE,HorizontalILDMAE,2.26506778648352
P0114,114,14,RANF,RANF,MeasuredDomainERB,1.47409674262177
P0114,114,14,RANF,RANF,Contralateral25ERB,1.90783705383969
P0114,114,14,RANF,RANF,ContralateralHemisphereHighFrequency,4.41314265619199
P0114,114,14,RANF,RANF,HorizontalILDMAE,0.828875143534178
P0114,114,26,MCARv32,MCAR v3.2,MeasuredDomainERB,1.05651748985154
P0114,114,26,MCARv32,MCAR v3.2,Contralateral25ERB,1.33865877729665
P0114,114,26,MCARv32,MCAR v3.2,ContralateralHemisphereHighFrequency,4.09468594786733
P0114,114,26,MCARv32,MCAR v3.2,HorizontalILDMAE,0.843238514076651
P0114,114,26,FSPAE,FSP-AE,MeasuredDomainERB,1.33260716344514
P0114,114,26,FSPAE,FSP-AE,Contralateral25ERB,2.02098001497363
P0114,114,26,FSPAE,FSP-AE,ContralateralHemisphereHighFrequency,3.97950923495095
P0114,114,26,FSPAE,FSP-AE,HorizontalILDMAE,0.784505929049639
P0114,114,26,RANF,RANF,MeasuredDomainERB,1.35116847862906
P0114,114,26,RANF,RANF,Contralateral25ERB,1.7361052864487
P0114,114,26,RANF,RANF,ContralateralHemisphereHighFrequency,4.13192118974755
P0114,114,26,RANF,RANF,HorizontalILDMAE,0.875405847193218
P0117,117,6,MCARv32,MCAR v3.2,MeasuredDomainERB,1.74247147746152
P0117,117,6,MCARv32,MCAR v3.2,Contralateral25ERB,1.45105581936763
P0117,117,6,MCARv32,MCAR v3.2,ContralateralHemisphereHighFrequency,4.76290708706261
P0117,117,6,MCARv32,MCAR v3.2,HorizontalILDMAE,1.45761824054167
P0117,117,6,FSPAE,FSP-AE,MeasuredDomainERB,3.35374630556547
P0117,117,6,FSPAE,FSP-AE,Contralateral25ERB,2.55577080282459
P0117,117,6,FSPAE,FSP-AE,ContralateralHemisphereHighFrequency,4.57467540085367
P0117,117,6,FSPAE,FSP-AE,HorizontalILDMAE,1.59571062534996
P0117,117,6,RANF,RANF,MeasuredDomainERB,1.13740750786639
P0117,117,6,RANF,RANF,Contralateral25ERB,1.39721300332065
P0117,117,6,RANF,RANF,ContralateralHemisphereHighFrequency,3.65955238498615
P0117,117,6,RANF,RANF,HorizontalILDMAE,0.865436119279765
P0117,117,14,MCARv32,MCAR v3.2,MeasuredDomainERB,1.05470739020214
P0117,117,14,MCARv32,MCAR v3.2,Contralateral25ERB,1.77779426460711
P0117,117,14,MCARv32,MCAR v3.2,ContralateralHemisphereHighFrequency,3.93820668646218
P0117,117,14,MCARv32,MCAR v3.2,HorizontalILDMAE,0.943865218480088
P0117,117,14,FSPAE,FSP-AE,MeasuredDomainERB,2.01728825642707
P0117,117,14,FSPAE,FSP-AE,Contralateral25ERB,2.23228628517965
P0117,117,14,FSPAE,FSP-AE,ContralateralHemisphereHighFrequency,3.80983147945328
P0117,117,14,FSPAE,FSP-AE,HorizontalILDMAE,1.69825389290448
P0117,117,14,RANF,RANF,MeasuredDomainERB,1.00669936330558
P0117,117,14,RANF,RANF,Contralateral25ERB,1.37981500125836
P0117,117,14,RANF,RANF,ContralateralHemisphereHighFrequency,3.5611763746452
P0117,117,14,RANF,RANF,HorizontalILDMAE,0.774903531283334
P0117,117,26,MCARv32,MCAR v3.2,MeasuredDomainERB,0.78910970137928
P0117,117,26,MCARv32,MCAR v3.2,Contralateral25ERB,1.27399382401981
P0117,117,26,MCARv32,MCAR v3.2,ContralateralHemisphereHighFrequency,3.46149984842348
P0117,117,26,MCARv32,MCAR v3.2,HorizontalILDMAE,0.59599305586575
P0117,117,26,FSPAE,FSP-AE,MeasuredDomainERB,1.09656663521358
P0117,117,26,FSPAE,FSP-AE,Contralateral25ERB,1.76084095448853
P0117,117,26,FSPAE,FSP-AE,ContralateralHemisphereHighFrequency,3.22294264711177
P0117,117,26,FSPAE,FSP-AE,HorizontalILDMAE,0.496842360018843
P0117,117,26,RANF,RANF,MeasuredDomainERB,0.997596077123519
P0117,117,26,RANF,RANF,Contralateral25ERB,1.46552043578729
P0117,117,26,RANF,RANF,ContralateralHemisphereHighFrequency,3.48372116140508
P0117,117,26,RANF,RANF,HorizontalILDMAE,0.737484895068944
P0118,118,6,MCARv32,MCAR v3.2,MeasuredDomainERB,1.6620956283572
P0118,118,6,MCARv32,MCAR v3.2,Contralateral25ERB,1.52579729869754
P0118,118,6,MCARv32,MCAR v3.2,ContralateralHemisphereHighFrequency,4.90285359345245
P0118,118,6,MCARv32,MCAR v3.2,HorizontalILDMAE,1.14779887538105
P0118,118,6,FSPAE,FSP-AE,MeasuredDomainERB,3.39994925876157
P0118,118,6,FSPAE,FSP-AE,Contralateral25ERB,2.48669056289121
P0118,118,6,FSPAE,FSP-AE,ContralateralHemisphereHighFrequency,4.51224545714116
P0118,118,6,FSPAE,FSP-AE,HorizontalILDMAE,2.06725737600264
P0118,118,6,RANF,RANF,MeasuredDomainERB,1.13135678067032
P0118,118,6,RANF,RANF,Contralateral25ERB,1.41946716524291
P0118,118,6,RANF,RANF,ContralateralHemisphereHighFrequency,3.8034645246258
P0118,118,6,RANF,RANF,HorizontalILDMAE,0.756955888250384
P0118,118,14,MCARv32,MCAR v3.2,MeasuredDomainERB,1.02704928155799
P0118,118,14,MCARv32,MCAR v3.2,Contralateral25ERB,1.88151573222169
P0118,118,14,MCARv32,MCAR v3.2,ContralateralHemisphereHighFrequency,3.86682033667109
P0118,118,14,MCARv32,MCAR v3.2,HorizontalILDMAE,0.843763710471533
P0118,118,14,FSPAE,FSP-AE,MeasuredDomainERB,2.07108591652309
P0118,118,14,FSPAE,FSP-AE,Contralateral25ERB,2.20712007801847
P0118,118,14,FSPAE,FSP-AE,ContralateralHemisphereHighFrequency,3.69327267234192
P0118,118,14,FSPAE,FSP-AE,HorizontalILDMAE,2.11971920781758
P0118,118,14,RANF,RANF,MeasuredDomainERB,1.00162476068671
P0118,118,14,RANF,RANF,Contralateral25ERB,1.49806693491857
P0118,118,14,RANF,RANF,ContralateralHemisphereHighFrequency,3.30855319780315
P0118,118,14,RANF,RANF,HorizontalILDMAE,0.628103862266023
P0118,118,26,MCARv32,MCAR v3.2,MeasuredDomainERB,0.76375885168985
P0118,118,26,MCARv32,MCAR v3.2,Contralateral25ERB,1.29869017739807
P0118,118,26,MCARv32,MCAR v3.2,ContralateralHemisphereHighFrequency,3.31402106550061
P0118,118,26,MCARv32,MCAR v3.2,HorizontalILDMAE,0.56557220224372
P0118,118,26,FSPAE,FSP-AE,MeasuredDomainERB,1.05706522848264
P0118,118,26,FSPAE,FSP-AE,Contralateral25ERB,1.74673141166778
P0118,118,26,FSPAE,FSP-AE,ContralateralHemisphereHighFrequency,2.96993738101136
P0118,118,26,FSPAE,FSP-AE,HorizontalILDMAE,0.524677568495638
P0118,118,26,RANF,RANF,MeasuredDomainERB,0.941702405534307
P0118,118,26,RANF,RANF,Contralateral25ERB,1.46562505644342
P0118,118,26,RANF,RANF,ContralateralHemisphereHighFrequency,3.1409298738379
P0118,118,26,RANF,RANF,HorizontalILDMAE,0.631403439633882
P0122,122,6,MCARv32,MCAR v3.2,MeasuredDomainERB,1.74814917517802
P0122,122,6,MCARv32,MCAR v3.2,Contralateral25ERB,1.51520122622522
P0122,122,6,MCARv32,MCAR v3.2,ContralateralHemisphereHighFrequency,5.14645853541016
P0122,122,6,MCARv32,MCAR v3.2,HorizontalILDMAE,0.813355013774481
P0122,122,6,FSPAE,FSP-AE,MeasuredDomainERB,3.41091981551538
P0122,122,6,FSPAE,FSP-AE,Contralateral25ERB,2.57215566057533
P0122,122,6,FSPAE,FSP-AE,ContralateralHemisphereHighFrequency,5.17240003171345
P0122,122,6,FSPAE,FSP-AE,HorizontalILDMAE,1.88729176636308
P0122,122,6,RANF,RANF,MeasuredDomainERB,1.11668125119384
P0122,122,6,RANF,RANF,Contralateral25ERB,1.43887667540077
P0122,122,6,RANF,RANF,ContralateralHemisphereHighFrequency,3.58879919679407
P0122,122,6,RANF,RANF,HorizontalILDMAE,1.03468641596143
P0122,122,14,MCARv32,MCAR v3.2,MeasuredDomainERB,1.0449954499347
P0122,122,14,MCARv32,MCAR v3.2,Contralateral25ERB,1.76702862999061
P0122,122,14,MCARv32,MCAR v3.2,ContralateralHemisphereHighFrequency,3.88927631739529
P0122,122,14,MCARv32,MCAR v3.2,HorizontalILDMAE,0.816548682051302
P0122,122,14,FSPAE,FSP-AE,MeasuredDomainERB,2.03895671039319
P0122,122,14,FSPAE,FSP-AE,Contralateral25ERB,2.11795848253812
P0122,122,14,FSPAE,FSP-AE,ContralateralHemisphereHighFrequency,3.62474257847255
P0122,122,14,FSPAE,FSP-AE,HorizontalILDMAE,2.07858355383026
P0122,122,14,RANF,RANF,MeasuredDomainERB,1.03945825193435
P0122,122,14,RANF,RANF,Contralateral25ERB,1.54557401177064
P0122,122,14,RANF,RANF,ContralateralHemisphereHighFrequency,3.56444201143892
P0122,122,14,RANF,RANF,HorizontalILDMAE,0.663943252350678
P0122,122,26,MCARv32,MCAR v3.2,MeasuredDomainERB,0.775548449693397
P0122,122,26,MCARv32,MCAR v3.2,Contralateral25ERB,1.23491096046349
P0122,122,26,MCARv32,MCAR v3.2,ContralateralHemisphereHighFrequency,3.32111249162297
P0122,122,26,MCARv32,MCAR v3.2,HorizontalILDMAE,0.644896510418833
P0122,122,26,FSPAE,FSP-AE,MeasuredDomainERB,1.05438321261662
P0122,122,26,FSPAE,FSP-AE,Contralateral25ERB,1.66969653431447
P0122,122,26,FSPAE,FSP-AE,ContralateralHemisphereHighFrequency,2.95777137494488
P0122,122,26,FSPAE,FSP-AE,HorizontalILDMAE,0.713597320356202
P0122,122,26,RANF,RANF,MeasuredDomainERB,1.00616228521444
P0122,122,26,RANF,RANF,Contralateral25ERB,1.44760379652894
P0122,122,26,RANF,RANF,ContralateralHemisphereHighFrequency,3.35147610098576
P0122,122,26,RANF,RANF,HorizontalILDMAE,0.624675305819773
P0129,129,6,MCARv32,MCAR v3.2,MeasuredDomainERB,1.76795308096636
P0129,129,6,MCARv32,MCAR v3.2,Contralateral25ERB,1.76890715552622
P0129,129,6,MCARv32,MCAR v3.2,ContralateralHemisphereHighFrequency,4.94670078056491
P0129,129,6,MCARv32,MCAR v3.2,HorizontalILDMAE,1.14466621102411
P0129,129,6,FSPAE,FSP-AE,MeasuredDomainERB,3.53921174188292
P0129,129,6,FSPAE,FSP-AE,Contralateral25ERB,2.57760099701307
P0129,129,6,FSPAE,FSP-AE,ContralateralHemisphereHighFrequency,4.75737353604143
P0129,129,6,FSPAE,FSP-AE,HorizontalILDMAE,2.54533139585142
P0129,129,6,RANF,RANF,MeasuredDomainERB,1.27942317626045
P0129,129,6,RANF,RANF,Contralateral25ERB,1.55178510360773
P0129,129,6,RANF,RANF,ContralateralHemisphereHighFrequency,4.60530143532566
P0129,129,6,RANF,RANF,HorizontalILDMAE,1.25287163572853
P0129,129,14,MCARv32,MCAR v3.2,MeasuredDomainERB,1.24437297222608
P0129,129,14,MCARv32,MCAR v3.2,Contralateral25ERB,2.26813511725761
P0129,129,14,MCARv32,MCAR v3.2,ContralateralHemisphereHighFrequency,4.43878550631568
P0129,129,14,MCARv32,MCAR v3.2,HorizontalILDMAE,0.794801672070332
P0129,129,14,FSPAE,FSP-AE,MeasuredDomainERB,2.18777123673604
P0129,129,14,FSPAE,FSP-AE,Contralateral25ERB,2.47558487431468
P0129,129,14,FSPAE,FSP-AE,ContralateralHemisphereHighFrequency,3.84843955584183
P0129,129,14,FSPAE,FSP-AE,HorizontalILDMAE,2.14497312464828
P0129,129,14,RANF,RANF,MeasuredDomainERB,1.1705078691104
P0129,129,14,RANF,RANF,Contralateral25ERB,1.56146630945459
P0129,129,14,RANF,RANF,ContralateralHemisphereHighFrequency,4.04859119286287
P0129,129,14,RANF,RANF,HorizontalILDMAE,0.980691220061867
P0129,129,26,MCARv32,MCAR v3.2,MeasuredDomainERB,0.883282282862051
P0129,129,26,MCARv32,MCAR v3.2,Contralateral25ERB,1.38452698766358
P0129,129,26,MCARv32,MCAR v3.2,ContralateralHemisphereHighFrequency,3.92860433401681
P0129,129,26,MCARv32,MCAR v3.2,HorizontalILDMAE,0.522592539404784
P0129,129,26,FSPAE,FSP-AE,MeasuredDomainERB,1.08631259545145
P0129,129,26,FSPAE,FSP-AE,Contralateral25ERB,1.75176707858366
P0129,129,26,FSPAE,FSP-AE,ContralateralHemisphereHighFrequency,3.27061757955373
P0129,129,26,FSPAE,FSP-AE,HorizontalILDMAE,0.512707417343385
P0129,129,26,RANF,RANF,MeasuredDomainERB,1.11156618309858
P0129,129,26,RANF,RANF,Contralateral25ERB,1.70304807556596
P0129,129,26,RANF,RANF,ContralateralHemisphereHighFrequency,4.00548043013324
P0129,129,26,RANF,RANF,HorizontalILDMAE,0.80910173149494
P0134,134,6,MCARv32,MCAR v3.2,MeasuredDomainERB,1.80555735655913
P0134,134,6,MCARv32,MCAR v3.2,Contralateral25ERB,1.6058798852339
P0134,134,6,MCARv32,MCAR v3.2,ContralateralHemisphereHighFrequency,5.22729231980353
P0134,134,6,MCARv32,MCAR v3.2,HorizontalILDMAE,1.47456235043405
P0134,134,6,FSPAE,FSP-AE,MeasuredDomainERB,3.31518915273593
P0134,134,6,FSPAE,FSP-AE,Contralateral25ERB,2.5863303367259
P0134,134,6,FSPAE,FSP-AE,ContralateralHemisphereHighFrequency,5.37852194118463
P0134,134,6,FSPAE,FSP-AE,HorizontalILDMAE,1.7341188036612
P0134,134,6,RANF,RANF,MeasuredDomainERB,1.21113764769035
P0134,134,6,RANF,RANF,Contralateral25ERB,1.53046233249526
P0134,134,6,RANF,RANF,ContralateralHemisphereHighFrequency,4.39153575338672
P0134,134,6,RANF,RANF,HorizontalILDMAE,0.923979430732973
P0134,134,14,MCARv32,MCAR v3.2,MeasuredDomainERB,1.17485362002316
P0134,134,14,MCARv32,MCAR v3.2,Contralateral25ERB,1.66549599283997
P0134,134,14,MCARv32,MCAR v3.2,ContralateralHemisphereHighFrequency,4.22279090617723
P0134,134,14,MCARv32,MCAR v3.2,HorizontalILDMAE,0.500896571032206
P0134,134,14,FSPAE,FSP-AE,MeasuredDomainERB,2.12402351196793
P0134,134,14,FSPAE,FSP-AE,Contralateral25ERB,2.51423087285385
P0134,134,14,FSPAE,FSP-AE,ContralateralHemisphereHighFrequency,4.20324114506815
P0134,134,14,FSPAE,FSP-AE,HorizontalILDMAE,1.50620438856776
P0134,134,14,RANF,RANF,MeasuredDomainERB,1.16378611420664
P0134,134,14,RANF,RANF,Contralateral25ERB,1.65052350453372
P0134,134,14,RANF,RANF,ContralateralHemisphereHighFrequency,4.13927154989632
P0134,134,14,RANF,RANF,HorizontalILDMAE,0.897219499709027
P0134,134,26,MCARv32,MCAR v3.2,MeasuredDomainERB,0.891400922079345
P0134,134,26,MCARv32,MCAR v3.2,Contralateral25ERB,1.33412377299449
P0134,134,26,MCARv32,MCAR v3.2,ContralateralHemisphereHighFrequency,3.77822189574534
P0134,134,26,MCARv32,MCAR v3.2,HorizontalILDMAE,0.572088222079474
P0134,134,26,FSPAE,FSP-AE,MeasuredDomainERB,1.15951081389413
P0134,134,26,FSPAE,FSP-AE,Contralateral25ERB,1.98240954045551
P0134,134,26,FSPAE,FSP-AE,ContralateralHemisphereHighFrequency,3.57335417197974
P0134,134,26,FSPAE,FSP-AE,HorizontalILDMAE,0.546122872236015
P0134,134,26,RANF,RANF,MeasuredDomainERB,1.11330776597648
P0134,134,26,RANF,RANF,Contralateral25ERB,1.76633171913425
P0134,134,26,RANF,RANF,ContralateralHemisphereHighFrequency,4.07169041564732
P0134,134,26,RANF,RANF,HorizontalILDMAE,0.950294536410363
P0147,147,6,MCARv32,MCAR v3.2,MeasuredDomainERB,1.77922795598636
P0147,147,6,MCARv32,MCAR v3.2,Contralateral25ERB,1.53991507019451
P0147,147,6,MCARv32,MCAR v3.2,ContralateralHemisphereHighFrequency,4.90973366727296
P0147,147,6,MCARv32,MCAR v3.2,HorizontalILDMAE,1.33507511494159
P0147,147,6,FSPAE,FSP-AE,MeasuredDomainERB,3.42525118967623
P0147,147,6,FSPAE,FSP-AE,Contralateral25ERB,2.51707611520553
P0147,147,6,FSPAE,FSP-AE,ContralateralHemisphereHighFrequency,4.45825981716342
P0147,147,6,FSPAE,FSP-AE,HorizontalILDMAE,2.22091492560804
P0147,147,6,RANF,RANF,MeasuredDomainERB,1.12682612886171
P0147,147,6,RANF,RANF,Contralateral25ERB,1.41369823108423
P0147,147,6,RANF,RANF,ContralateralHemisphereHighFrequency,3.70453398990441
P0147,147,6,RANF,RANF,HorizontalILDMAE,1.10012132421714
P0147,147,14,MCARv32,MCAR v3.2,MeasuredDomainERB,1.16747993923885
P0147,147,14,MCARv32,MCAR v3.2,Contralateral25ERB,1.64100351212368
P0147,147,14,MCARv32,MCAR v3.2,ContralateralHemisphereHighFrequency,4.02236845835123
P0147,147,14,MCARv32,MCAR v3.2,HorizontalILDMAE,0.906350998984125
P0147,147,14,FSPAE,FSP-AE,MeasuredDomainERB,2.17904537680373
P0147,147,14,FSPAE,FSP-AE,Contralateral25ERB,2.16104729950079
P0147,147,14,FSPAE,FSP-AE,ContralateralHemisphereHighFrequency,3.6996587124259
P0147,147,14,FSPAE,FSP-AE,HorizontalILDMAE,2.30896624010692
P0147,147,14,RANF,RANF,MeasuredDomainERB,1.11660140904425
P0147,147,14,RANF,RANF,Contralateral25ERB,1.51352741031008
P0147,147,14,RANF,RANF,ContralateralHemisphereHighFrequency,3.25943716862232
P0147,147,14,RANF,RANF,HorizontalILDMAE,1.00792632933956
P0147,147,26,MCARv32,MCAR v3.2,MeasuredDomainERB,0.816429124379356
P0147,147,26,MCARv32,MCAR v3.2,Contralateral25ERB,1.18296802403555
P0147,147,26,MCARv32,MCAR v3.2,ContralateralHemisphereHighFrequency,3.37883808725607
P0147,147,26,MCARv32,MCAR v3.2,HorizontalILDMAE,0.576470634930293
P0147,147,26,FSPAE,FSP-AE,MeasuredDomainERB,1.06783101359119
P0147,147,26,FSPAE,FSP-AE,Contralateral25ERB,1.62789707435937
P0147,147,26,FSPAE,FSP-AE,ContralateralHemisphereHighFrequency,2.79703830676199
P0147,147,26,FSPAE,FSP-AE,HorizontalILDMAE,0.515345215440555
P0147,147,26,RANF,RANF,MeasuredDomainERB,1.09071897517419
P0147,147,26,RANF,RANF,Contralateral25ERB,1.42499205300246
P0147,147,26,RANF,RANF,ContralateralHemisphereHighFrequency,3.2255252802302
P0147,147,26,RANF,RANF,HorizontalILDMAE,0.59851489548404
P0163,163,6,MCARv32,MCAR v3.2,MeasuredDomainERB,1.66648043186635
P0163,163,6,MCARv32,MCAR v3.2,Contralateral25ERB,1.56145819066252
P0163,163,6,MCARv32,MCAR v3.2,ContralateralHemisphereHighFrequency,5.00732927779578
P0163,163,6,MCARv32,MCAR v3.2,HorizontalILDMAE,1.1281696595562
P0163,163,6,FSPAE,FSP-AE,MeasuredDomainERB,3.35506533877577
P0163,163,6,FSPAE,FSP-AE,Contralateral25ERB,2.61730326716141
P0163,163,6,FSPAE,FSP-AE,ContralateralHemisphereHighFrequency,5.25858507929236
P0163,163,6,FSPAE,FSP-AE,HorizontalILDMAE,1.93762128314375
P0163,163,6,RANF,RANF,MeasuredDomainERB,1.16627974046065
P0163,163,6,RANF,RANF,Contralateral25ERB,1.60011350902468
P0163,163,6,RANF,RANF,ContralateralHemisphereHighFrequency,3.84054121332906
P0163,163,6,RANF,RANF,HorizontalILDMAE,0.666309824217875
P0163,163,14,MCARv32,MCAR v3.2,MeasuredDomainERB,1.07452651124625
P0163,163,14,MCARv32,MCAR v3.2,Contralateral25ERB,1.85446150860396
P0163,163,14,MCARv32,MCAR v3.2,ContralateralHemisphereHighFrequency,3.64745398810407
P0163,163,14,MCARv32,MCAR v3.2,HorizontalILDMAE,0.755859666822882
P0163,163,14,FSPAE,FSP-AE,MeasuredDomainERB,2.04640321691099
P0163,163,14,FSPAE,FSP-AE,Contralateral25ERB,2.19484473328444
P0163,163,14,FSPAE,FSP-AE,ContralateralHemisphereHighFrequency,3.68801870019204
P0163,163,14,FSPAE,FSP-AE,HorizontalILDMAE,1.89591801519793
P0163,163,14,RANF,RANF,MeasuredDomainERB,1.02556340416102
P0163,163,14,RANF,RANF,Contralateral25ERB,1.5968954135649
P0163,163,14,RANF,RANF,ContralateralHemisphereHighFrequency,3.24163617487251
P0163,163,14,RANF,RANF,HorizontalILDMAE,0.776078021671507
P0163,163,26,MCARv32,MCAR v3.2,MeasuredDomainERB,0.800397013179274
P0163,163,26,MCARv32,MCAR v3.2,Contralateral25ERB,1.25688017320716
P0163,163,26,MCARv32,MCAR v3.2,ContralateralHemisphereHighFrequency,3.22321188192631
P0163,163,26,MCARv32,MCAR v3.2,HorizontalILDMAE,0.561401812395388
P0163,163,26,FSPAE,FSP-AE,MeasuredDomainERB,1.04886215350369
P0163,163,26,FSPAE,FSP-AE,Contralateral25ERB,1.69466388609852
P0163,163,26,FSPAE,FSP-AE,ContralateralHemisphereHighFrequency,2.75498032611281
P0163,163,26,FSPAE,FSP-AE,HorizontalILDMAE,0.441434128829946
P0163,163,26,RANF,RANF,MeasuredDomainERB,0.950320502724262
P0163,163,26,RANF,RANF,Contralateral25ERB,1.59585897971944
P0163,163,26,RANF,RANF,ContralateralHemisphereHighFrequency,3.28472302384277
P0163,163,26,RANF,RANF,HorizontalILDMAE,0.492169181901585
P0177,177,6,MCARv32,MCAR v3.2,MeasuredDomainERB,1.95158742853351
P0177,177,6,MCARv32,MCAR v3.2,Contralateral25ERB,1.95582449938072
P0177,177,6,MCARv32,MCAR v3.2,ContralateralHemisphereHighFrequency,5.69784967477324
P0177,177,6,MCARv32,MCAR v3.2,HorizontalILDMAE,1.68780996013801
P0177,177,6,FSPAE,FSP-AE,MeasuredDomainERB,3.56456290166682
P0177,177,6,FSPAE,FSP-AE,Contralateral25ERB,2.61235071196636
P0177,177,6,FSPAE,FSP-AE,ContralateralHemisphereHighFrequency,5.27526946629435
P0177,177,6,FSPAE,FSP-AE,HorizontalILDMAE,3.01813556646691
P0177,177,6,RANF,RANF,MeasuredDomainERB,1.27445305534783
P0177,177,6,RANF,RANF,Contralateral25ERB,1.75825085782007
P0177,177,6,RANF,RANF,ContralateralHemisphereHighFrequency,3.83970976565619
P0177,177,6,RANF,RANF,HorizontalILDMAE,1.11031245361409
P0177,177,14,MCARv32,MCAR v3.2,MeasuredDomainERB,1.32534878814716
P0177,177,14,MCARv32,MCAR v3.2,Contralateral25ERB,2.26857651240898
P0177,177,14,MCARv32,MCAR v3.2,ContralateralHemisphereHighFrequency,4.27349114506132
P0177,177,14,MCARv32,MCAR v3.2,HorizontalILDMAE,0.562690367686128
P0177,177,14,FSPAE,FSP-AE,MeasuredDomainERB,2.25067530233787
P0177,177,14,FSPAE,FSP-AE,Contralateral25ERB,2.36792306826128
P0177,177,14,FSPAE,FSP-AE,ContralateralHemisphereHighFrequency,3.85436223288765
P0177,177,14,FSPAE,FSP-AE,HorizontalILDMAE,3.47246001771489
P0177,177,14,RANF,RANF,MeasuredDomainERB,1.14102494066052
P0177,177,14,RANF,RANF,Contralateral25ERB,1.74993865847905
P0177,177,14,RANF,RANF,ContralateralHemisphereHighFrequency,3.53957805437144
P0177,177,14,RANF,RANF,HorizontalILDMAE,0.614746445946525
P0177,177,26,MCARv32,MCAR v3.2,MeasuredDomainERB,0.898901011821792
P0177,177,26,MCARv32,MCAR v3.2,Contralateral25ERB,1.5276178349977
P0177,177,26,MCARv32,MCAR v3.2,ContralateralHemisphereHighFrequency,3.55135272642093
P0177,177,26,MCARv32,MCAR v3.2,HorizontalILDMAE,0.797499917952534
P0177,177,26,FSPAE,FSP-AE,MeasuredDomainERB,1.11208783949154
P0177,177,26,FSPAE,FSP-AE,Contralateral25ERB,1.83818170417311
P0177,177,26,FSPAE,FSP-AE,ContralateralHemisphereHighFrequency,3.04992822253585
P0177,177,26,FSPAE,FSP-AE,HorizontalILDMAE,0.706631598959101
P0177,177,26,RANF,RANF,MeasuredDomainERB,1.13662462427011
P0177,177,26,RANF,RANF,Contralateral25ERB,1.70369150621843
P0177,177,26,RANF,RANF,ContralateralHemisphereHighFrequency,3.45018086957592
P0177,177,26,RANF,RANF,HorizontalILDMAE,0.401629455604852
P0231,231,6,MCARv32,MCAR v3.2,MeasuredDomainERB,1.86944240319028
P0231,231,6,MCARv32,MCAR v3.2,Contralateral25ERB,1.60012995842462
P0231,231,6,MCARv32,MCAR v3.2,ContralateralHemisphereHighFrequency,5.53595068377054
P0231,231,6,MCARv32,MCAR v3.2,HorizontalILDMAE,1.39303600527245
P0231,231,6,FSPAE,FSP-AE,MeasuredDomainERB,3.4834325327947
P0231,231,6,FSPAE,FSP-AE,Contralateral25ERB,2.69912412548474
P0231,231,6,FSPAE,FSP-AE,ContralateralHemisphereHighFrequency,5.23245004629001
P0231,231,6,FSPAE,FSP-AE,HorizontalILDMAE,1.57028038792969
P0231,231,6,RANF,RANF,MeasuredDomainERB,1.24273521335177
P0231,231,6,RANF,RANF,Contralateral25ERB,1.37324829619208
P0231,231,6,RANF,RANF,ContralateralHemisphereHighFrequency,4.22648671442685
P0231,231,6,RANF,RANF,HorizontalILDMAE,1.06383426744342
P0231,231,14,MCARv32,MCAR v3.2,MeasuredDomainERB,1.23828135278015
P0231,231,14,MCARv32,MCAR v3.2,Contralateral25ERB,1.96714115130607
P0231,231,14,MCARv32,MCAR v3.2,ContralateralHemisphereHighFrequency,4.78175412027324
P0231,231,14,MCARv32,MCAR v3.2,HorizontalILDMAE,0.693433697877523
P0231,231,14,FSPAE,FSP-AE,MeasuredDomainERB,2.13523587689404
P0231,231,14,FSPAE,FSP-AE,Contralateral25ERB,2.29119917251432
P0231,231,14,FSPAE,FSP-AE,ContralateralHemisphereHighFrequency,4.20050037143181
P0231,231,14,FSPAE,FSP-AE,HorizontalILDMAE,2.01658273010837
P0231,231,14,RANF,RANF,MeasuredDomainERB,1.16687783312978
P0231,231,14,RANF,RANF,Contralateral25ERB,1.40125092534617
P0231,231,14,RANF,RANF,ContralateralHemisphereHighFrequency,3.97519018596658
P0231,231,14,RANF,RANF,HorizontalILDMAE,0.535230222287088
P0231,231,26,MCARv32,MCAR v3.2,MeasuredDomainERB,0.87964913975685
P0231,231,26,MCARv32,MCAR v3.2,Contralateral25ERB,1.29133869343428
P0231,231,26,MCARv32,MCAR v3.2,ContralateralHemisphereHighFrequency,3.93145581442535
P0231,231,26,MCARv32,MCAR v3.2,HorizontalILDMAE,0.523765159977417
P0231,231,26,FSPAE,FSP-AE,MeasuredDomainERB,1.0870280909488
P0231,231,26,FSPAE,FSP-AE,Contralateral25ERB,1.74660836377034
P0231,231,26,FSPAE,FSP-AE,ContralateralHemisphereHighFrequency,3.41327833919515
P0231,231,26,FSPAE,FSP-AE,HorizontalILDMAE,0.53768511956914
P0231,231,26,RANF,RANF,MeasuredDomainERB,1.12874647961713
P0231,231,26,RANF,RANF,Contralateral25ERB,1.40040655352813
P0231,231,26,RANF,RANF,ContralateralHemisphereHighFrequency,3.70696617632156
P0231,231,26,RANF,RANF,HorizontalILDMAE,0.816211708764611
P0234,234,6,MCARv32,MCAR v3.2,MeasuredDomainERB,1.96025762728918
P0234,234,6,MCARv32,MCAR v3.2,Contralateral25ERB,1.7655883081692
P0234,234,6,MCARv32,MCAR v3.2,ContralateralHemisphereHighFrequency,5.43803667111464
P0234,234,6,MCARv32,MCAR v3.2,HorizontalILDMAE,2.09109618796213
P0234,234,6,FSPAE,FSP-AE,MeasuredDomainERB,3.49734641959688
P0234,234,6,FSPAE,FSP-AE,Contralateral25ERB,2.98384949088124
P0234,234,6,FSPAE,FSP-AE,ContralateralHemisphereHighFrequency,5.08350003985255
P0234,234,6,FSPAE,FSP-AE,HorizontalILDMAE,2.3665062490523
P0234,234,6,RANF,RANF,MeasuredDomainERB,1.30548490896297
P0234,234,6,RANF,RANF,Contralateral25ERB,1.62854201605405
P0234,234,6,RANF,RANF,ContralateralHemisphereHighFrequency,3.82722986608338
P0234,234,6,RANF,RANF,HorizontalILDMAE,1.63992302503423
P0234,234,14,MCARv32,MCAR v3.2,MeasuredDomainERB,1.47575505645331
P0234,234,14,MCARv32,MCAR v3.2,Contralateral25ERB,2.11833563537166
P0234,234,14,MCARv32,MCAR v3.2,ContralateralHemisphereHighFrequency,4.65193527340657
P0234,234,14,MCARv32,MCAR v3.2,HorizontalILDMAE,1.52515524706282
P0234,234,14,FSPAE,FSP-AE,MeasuredDomainERB,2.12776157031045
P0234,234,14,FSPAE,FSP-AE,Contralateral25ERB,2.75135058589522
P0234,234,14,FSPAE,FSP-AE,ContralateralHemisphereHighFrequency,3.94756942875819
P0234,234,14,FSPAE,FSP-AE,HorizontalILDMAE,1.35436622332561
P0234,234,14,RANF,RANF,MeasuredDomainERB,1.35403811638657
P0234,234,14,RANF,RANF,Contralateral25ERB,1.70532893380951
P0234,234,14,RANF,RANF,ContralateralHemisphereHighFrequency,3.90983816402453
P0234,234,14,RANF,RANF,HorizontalILDMAE,1.08330350060235
P0234,234,26,MCARv32,MCAR v3.2,MeasuredDomainERB,0.970246500677123
P0234,234,26,MCARv32,MCAR v3.2,Contralateral25ERB,1.45849621865406
P0234,234,26,MCARv32,MCAR v3.2,ContralateralHemisphereHighFrequency,3.60178418255946
P0234,234,26,MCARv32,MCAR v3.2,HorizontalILDMAE,1.08804957654709
P0234,234,26,FSPAE,FSP-AE,MeasuredDomainERB,1.33589353323594
P0234,234,26,FSPAE,FSP-AE,Contralateral25ERB,1.92440710279606
P0234,234,26,FSPAE,FSP-AE,ContralateralHemisphereHighFrequency,2.93734849188727
P0234,234,26,FSPAE,FSP-AE,HorizontalILDMAE,0.613035231738366
P0234,234,26,RANF,RANF,MeasuredDomainERB,1.23082961648184
P0234,234,26,RANF,RANF,Contralateral25ERB,1.52397518702983
P0234,234,26,RANF,RANF,ContralateralHemisphereHighFrequency,3.40985681047113
P0234,234,26,RANF,RANF,HorizontalILDMAE,0.806522339322611
P0237,237,6,MCARv32,MCAR v3.2,MeasuredDomainERB,1.66529072178104
P0237,237,6,MCARv32,MCAR v3.2,Contralateral25ERB,1.68352403749343
P0237,237,6,MCARv32,MCAR v3.2,ContralateralHemisphereHighFrequency,4.97361082014843
P0237,237,6,MCARv32,MCAR v3.2,HorizontalILDMAE,1.61389509432624
P0237,237,6,FSPAE,FSP-AE,MeasuredDomainERB,3.46898546629614
P0237,237,6,FSPAE,FSP-AE,Contralateral25ERB,2.68529564806177
P0237,237,6,FSPAE,FSP-AE,ContralateralHemisphereHighFrequency,5.06389311851109
P0237,237,6,FSPAE,FSP-AE,HorizontalILDMAE,1.60705661217912
P0237,237,6,RANF,RANF,MeasuredDomainERB,1.22536413432294
P0237,237,6,RANF,RANF,Contralateral25ERB,1.60955637967624
P0237,237,6,RANF,RANF,ContralateralHemisphereHighFrequency,4.12167396450016
P0237,237,6,RANF,RANF,HorizontalILDMAE,1.16817871501244
P0237,237,14,MCARv32,MCAR v3.2,MeasuredDomainERB,0.998095811722518
P0237,237,14,MCARv32,MCAR v3.2,Contralateral25ERB,1.80855129118406
P0237,237,14,MCARv32,MCAR v3.2,ContralateralHemisphereHighFrequency,4.04825090654862
P0237,237,14,MCARv32,MCAR v3.2,HorizontalILDMAE,1.16885766790471
P0237,237,14,FSPAE,FSP-AE,MeasuredDomainERB,2.18142410442688
P0237,237,14,FSPAE,FSP-AE,Contralateral25ERB,2.24651520099277
P0237,237,14,FSPAE,FSP-AE,ContralateralHemisphereHighFrequency,3.82661984350739
P0237,237,14,FSPAE,FSP-AE,HorizontalILDMAE,2.21612740138289
P0237,237,14,RANF,RANF,MeasuredDomainERB,1.13477040486593
P0237,237,14,RANF,RANF,Contralateral25ERB,1.54297780688944
P0237,237,14,RANF,RANF,ContralateralHemisphereHighFrequency,3.8145246409999
P0237,237,14,RANF,RANF,HorizontalILDMAE,0.948073193371931
P0237,237,26,MCARv32,MCAR v3.2,MeasuredDomainERB,0.817540271187442
P0237,237,26,MCARv32,MCAR v3.2,Contralateral25ERB,1.40874068729748
P0237,237,26,MCARv32,MCAR v3.2,ContralateralHemisphereHighFrequency,3.70845273156075
P0237,237,26,MCARv32,MCAR v3.2,HorizontalILDMAE,0.846508526642626
P0237,237,26,FSPAE,FSP-AE,MeasuredDomainERB,1.01126013310536
P0237,237,26,FSPAE,FSP-AE,Contralateral25ERB,1.7965573580763
P0237,237,26,FSPAE,FSP-AE,ContralateralHemisphereHighFrequency,3.07726893376607
P0237,237,26,FSPAE,FSP-AE,HorizontalILDMAE,0.669644293743696
P0237,237,26,RANF,RANF,MeasuredDomainERB,1.06354832083673
P0237,237,26,RANF,RANF,Contralateral25ERB,1.70522284977745
P0237,237,26,RANF,RANF,ContralateralHemisphereHighFrequency,3.6758534994796
P0237,237,26,RANF,RANF,HorizontalILDMAE,0.832458760792253
P0240,240,6,MCARv32,MCAR v3.2,MeasuredDomainERB,2.03573269509057
P0240,240,6,MCARv32,MCAR v3.2,Contralateral25ERB,1.96591484031575
P0240,240,6,MCARv32,MCAR v3.2,ContralateralHemisphereHighFrequency,6.04149784666985
P0240,240,6,MCARv32,MCAR v3.2,HorizontalILDMAE,1.61334776235552
P0240,240,6,FSPAE,FSP-AE,MeasuredDomainERB,3.30519951782772
P0240,240,6,FSPAE,FSP-AE,Contralateral25ERB,3.10837539722529
P0240,240,6,FSPAE,FSP-AE,ContralateralHemisphereHighFrequency,5.96495524817057
P0240,240,6,FSPAE,FSP-AE,HorizontalILDMAE,2.6515922318719
P0240,240,6,RANF,RANF,MeasuredDomainERB,1.27198663216128
P0240,240,6,RANF,RANF,Contralateral25ERB,1.69914726984627
P0240,240,6,RANF,RANF,ContralateralHemisphereHighFrequency,4.59281409913864
P0240,240,6,RANF,RANF,HorizontalILDMAE,1.06097289190068
P0240,240,14,MCARv32,MCAR v3.2,MeasuredDomainERB,1.2581728015615
P0240,240,14,MCARv32,MCAR v3.2,Contralateral25ERB,1.85208464819326
P0240,240,14,MCARv32,MCAR v3.2,ContralateralHemisphereHighFrequency,4.54404561104094
P0240,240,14,MCARv32,MCAR v3.2,HorizontalILDMAE,0.840692307941605
P0240,240,14,FSPAE,FSP-AE,MeasuredDomainERB,2.02979997301382
P0240,240,14,FSPAE,FSP-AE,Contralateral25ERB,2.75747407274462
P0240,240,14,FSPAE,FSP-AE,ContralateralHemisphereHighFrequency,4.63186994005344
P0240,240,14,FSPAE,FSP-AE,HorizontalILDMAE,1.48023795306177
P0240,240,14,RANF,RANF,MeasuredDomainERB,1.13857933791744
P0240,240,14,RANF,RANF,Contralateral25ERB,1.48490916893903
P0240,240,14,RANF,RANF,ContralateralHemisphereHighFrequency,3.91761138590083
P0240,240,14,RANF,RANF,HorizontalILDMAE,0.717680913537768
P0240,240,26,MCARv32,MCAR v3.2,MeasuredDomainERB,0.935249612811917
P0240,240,26,MCARv32,MCAR v3.2,Contralateral25ERB,1.49177442351155
P0240,240,26,MCARv32,MCAR v3.2,ContralateralHemisphereHighFrequency,4.05028574765494
P0240,240,26,MCARv32,MCAR v3.2,HorizontalILDMAE,0.765280453593775
P0240,240,26,FSPAE,FSP-AE,MeasuredDomainERB,1.24468649200639
P0240,240,26,FSPAE,FSP-AE,Contralateral25ERB,1.99103216996991
P0240,240,26,FSPAE,FSP-AE,ContralateralHemisphereHighFrequency,3.45930556593427
P0240,240,26,FSPAE,FSP-AE,HorizontalILDMAE,0.701073511469716
P0240,240,26,RANF,RANF,MeasuredDomainERB,1.10004472324499
P0240,240,26,RANF,RANF,Contralateral25ERB,1.48564261787442
P0240,240,26,RANF,RANF,ContralateralHemisphereHighFrequency,3.7525227955736
P0240,240,26,RANF,RANF,HorizontalILDMAE,0.822013461984203
P0260,260,6,MCARv32,MCAR v3.2,MeasuredDomainERB,2.02615084994092
P0260,260,6,MCARv32,MCAR v3.2,Contralateral25ERB,1.7983486335244
P0260,260,6,MCARv32,MCAR v3.2,ContralateralHemisphereHighFrequency,5.75366611807651
P0260,260,6,MCARv32,MCAR v3.2,HorizontalILDMAE,2.01018498975705
P0260,260,6,FSPAE,FSP-AE,MeasuredDomainERB,3.42774690971849
P0260,260,6,FSPAE,FSP-AE,Contralateral25ERB,3.14890124331796
P0260,260,6,FSPAE,FSP-AE,ContralateralHemisphereHighFrequency,5.36662119558484
P0260,260,6,FSPAE,FSP-AE,HorizontalILDMAE,2.36686657685545
P0260,260,6,RANF,RANF,MeasuredDomainERB,1.30124964859181
P0260,260,6,RANF,RANF,Contralateral25ERB,1.60779635076325
P0260,260,6,RANF,RANF,ContralateralHemisphereHighFrequency,4.20322808870686
P0260,260,6,RANF,RANF,HorizontalILDMAE,1.20849071299398
P0260,260,14,MCARv32,MCAR v3.2,MeasuredDomainERB,1.24686337189217
P0260,260,14,MCARv32,MCAR v3.2,Contralateral25ERB,1.89982450018421
P0260,260,14,MCARv32,MCAR v3.2,ContralateralHemisphereHighFrequency,4.72249237193777
P0260,260,14,MCARv32,MCAR v3.2,HorizontalILDMAE,0.785870965421052
P0260,260,14,FSPAE,FSP-AE,MeasuredDomainERB,1.98202723514129
P0260,260,14,FSPAE,FSP-AE,Contralateral25ERB,2.71754420936387
P0260,260,14,FSPAE,FSP-AE,ContralateralHemisphereHighFrequency,4.13447182198699
P0260,260,14,FSPAE,FSP-AE,HorizontalILDMAE,1.56271204998704
P0260,260,14,RANF,RANF,MeasuredDomainERB,1.26162502890556
P0260,260,14,RANF,RANF,Contralateral25ERB,1.53670396819266
P0260,260,14,RANF,RANF,ContralateralHemisphereHighFrequency,4.02447931554953
P0260,260,14,RANF,RANF,HorizontalILDMAE,1.04318968055461
P0260,260,26,MCARv32,MCAR v3.2,MeasuredDomainERB,0.891840370538735
P0260,260,26,MCARv32,MCAR v3.2,Contralateral25ERB,1.36041281641192
P0260,260,26,MCARv32,MCAR v3.2,ContralateralHemisphereHighFrequency,3.71668256940802
P0260,260,26,MCARv32,MCAR v3.2,HorizontalILDMAE,0.692736461768626
P0260,260,26,FSPAE,FSP-AE,MeasuredDomainERB,1.24490592016494
P0260,260,26,FSPAE,FSP-AE,Contralateral25ERB,1.86190609973848
P0260,260,26,FSPAE,FSP-AE,ContralateralHemisphereHighFrequency,3.1627874534417
P0260,260,26,FSPAE,FSP-AE,HorizontalILDMAE,0.581476854341214
P0260,260,26,RANF,RANF,MeasuredDomainERB,1.2839234229467
P0260,260,26,RANF,RANF,Contralateral25ERB,1.94970964133084
P0260,260,26,RANF,RANF,ContralateralHemisphereHighFrequency,3.83292822711717
P0260,260,26,RANF,RANF,HorizontalILDMAE,0.66990474461847
P0261,261,6,MCARv32,MCAR v3.2,MeasuredDomainERB,2.02101028963496
P0261,261,6,MCARv32,MCAR v3.2,Contralateral25ERB,1.73074284290269
P0261,261,6,MCARv32,MCAR v3.2,ContralateralHemisphereHighFrequency,5.8070087241161
P0261,261,6,MCARv32,MCAR v3.2,HorizontalILDMAE,1.6379166949728
P0261,261,6,FSPAE,FSP-AE,MeasuredDomainERB,3.3752870418718
P0261,261,6,FSPAE,FSP-AE,Contralateral25ERB,3.04779684149706
P0261,261,6,FSPAE,FSP-AE,ContralateralHemisphereHighFrequency,5.51982033107963
P0261,261,6,FSPAE,FSP-AE,HorizontalILDMAE,2.07344700438612
P0261,261,6,RANF,RANF,MeasuredDomainERB,1.3626613471657
P0261,261,6,RANF,RANF,Contralateral25ERB,1.81371607911029
P0261,261,6,RANF,RANF,ContralateralHemisphereHighFrequency,4.04595793597556
P0261,261,6,RANF,RANF,HorizontalILDMAE,1.58807554110367
P0261,261,14,MCARv32,MCAR v3.2,MeasuredDomainERB,1.30470836466778
P0261,261,14,MCARv32,MCAR v3.2,Contralateral25ERB,1.89815912287891
P0261,261,14,MCARv32,MCAR v3.2,ContralateralHemisphereHighFrequency,4.53310606659923
P0261,261,14,MCARv32,MCAR v3.2,HorizontalILDMAE,1.2235865746688
P0261,261,14,FSPAE,FSP-AE,MeasuredDomainERB,2.06619473534138
P0261,261,14,FSPAE,FSP-AE,Contralateral25ERB,2.65435513356474
P0261,261,14,FSPAE,FSP-AE,ContralateralHemisphereHighFrequency,4.12389537114094
P0261,261,14,FSPAE,FSP-AE,HorizontalILDMAE,1.7737872858876
P0261,261,14,RANF,RANF,MeasuredDomainERB,1.18860236583564
P0261,261,14,RANF,RANF,Contralateral25ERB,1.63174199797669
P0261,261,14,RANF,RANF,ContralateralHemisphereHighFrequency,3.69449027149733
P0261,261,14,RANF,RANF,HorizontalILDMAE,0.966775953464182
P0261,261,26,MCARv32,MCAR v3.2,MeasuredDomainERB,0.935831880224122
P0261,261,26,MCARv32,MCAR v3.2,Contralateral25ERB,1.38699244059394
P0261,261,26,MCARv32,MCAR v3.2,ContralateralHemisphereHighFrequency,3.61195888394851
P0261,261,26,MCARv32,MCAR v3.2,HorizontalILDMAE,0.809819705825737
P0261,261,26,FSPAE,FSP-AE,MeasuredDomainERB,1.26604544309165
P0261,261,26,FSPAE,FSP-AE,Contralateral25ERB,1.83431789584003
P0261,261,26,FSPAE,FSP-AE,ContralateralHemisphereHighFrequency,2.96705480451528
P0261,261,26,FSPAE,FSP-AE,HorizontalILDMAE,0.889318519729539
P0261,261,26,RANF,RANF,MeasuredDomainERB,1.15860113415341
P0261,261,26,RANF,RANF,Contralateral25ERB,1.81516170768196
P0261,261,26,RANF,RANF,ContralateralHemisphereHighFrequency,3.39057375381665
P0261,261,26,RANF,RANF,HorizontalILDMAE,1.3462780201607
P0291,291,6,MCARv32,MCAR v3.2,MeasuredDomainERB,2.0106701220241
P0291,291,6,MCARv32,MCAR v3.2,Contralateral25ERB,1.75132924268052
P0291,291,6,MCARv32,MCAR v3.2,ContralateralHemisphereHighFrequency,5.84359300177996
P0291,291,6,MCARv32,MCAR v3.2,HorizontalILDMAE,1.52496507787664
P0291,291,6,FSPAE,FSP-AE,MeasuredDomainERB,3.28323436528316
P0291,291,6,FSPAE,FSP-AE,Contralateral25ERB,3.04432795017463
P0291,291,6,FSPAE,FSP-AE,ContralateralHemisphereHighFrequency,4.85291880976908
P0291,291,6,FSPAE,FSP-AE,HorizontalILDMAE,2.3076729643398
P0291,291,6,RANF,RANF,MeasuredDomainERB,1.14741199608077
P0291,291,6,RANF,RANF,Contralateral25ERB,1.692761848379
P0291,291,6,RANF,RANF,ContralateralHemisphereHighFrequency,3.90918570943304
P0291,291,6,RANF,RANF,HorizontalILDMAE,1.17516769815324
P0291,291,14,MCARv32,MCAR v3.2,MeasuredDomainERB,1.22646766998837
P0291,291,14,MCARv32,MCAR v3.2,Contralateral25ERB,2.0343727081273
P0291,291,14,MCARv32,MCAR v3.2,ContralateralHemisphereHighFrequency,4.37352007633795
P0291,291,14,MCARv32,MCAR v3.2,HorizontalILDMAE,1.11294697729378
P0291,291,14,FSPAE,FSP-AE,MeasuredDomainERB,1.94047370079195
P0291,291,14,FSPAE,FSP-AE,Contralateral25ERB,2.71736639450726
P0291,291,14,FSPAE,FSP-AE,ContralateralHemisphereHighFrequency,3.83594886777941
P0291,291,14,FSPAE,FSP-AE,HorizontalILDMAE,1.08673283283788
P0291,291,14,RANF,RANF,MeasuredDomainERB,1.07355082795228
P0291,291,14,RANF,RANF,Contralateral25ERB,1.68687088542536
P0291,291,14,RANF,RANF,ContralateralHemisphereHighFrequency,3.49500971650753
P0291,291,14,RANF,RANF,HorizontalILDMAE,0.760257380317273
P0291,291,26,MCARv32,MCAR v3.2,MeasuredDomainERB,0.837354714519455
P0291,291,26,MCARv32,MCAR v3.2,Contralateral25ERB,1.37862303742677
P0291,291,26,MCARv32,MCAR v3.2,ContralateralHemisphereHighFrequency,3.61632494825128
P0291,291,26,MCARv32,MCAR v3.2,HorizontalILDMAE,0.487903128131512
P0291,291,26,FSPAE,FSP-AE,MeasuredDomainERB,1.22683858376056
P0291,291,26,FSPAE,FSP-AE,Contralateral25ERB,1.98420014811066
P0291,291,26,FSPAE,FSP-AE,ContralateralHemisphereHighFrequency,2.84953042103083
P0291,291,26,FSPAE,FSP-AE,HorizontalILDMAE,0.544071329733168
P0291,291,26,RANF,RANF,MeasuredDomainERB,0.990204498623457
P0291,291,26,RANF,RANF,Contralateral25ERB,1.52029949374662
P0291,291,26,RANF,RANF,ContralateralHemisphereHighFrequency,3.31483413458755
P0291,291,26,RANF,RANF,HorizontalILDMAE,0.669627197745781
P0293,293,6,MCARv32,MCAR v3.2,MeasuredDomainERB,1.92080778281635
P0293,293,6,MCARv32,MCAR v3.2,Contralateral25ERB,1.63359913269884
P0293,293,6,MCARv32,MCAR v3.2,ContralateralHemisphereHighFrequency,5.42896375635975
P0293,293,6,MCARv32,MCAR v3.2,HorizontalILDMAE,1.54362022956836
P0293,293,6,FSPAE,FSP-AE,MeasuredDomainERB,3.33243533234721
P0293,293,6,FSPAE,FSP-AE,Contralateral25ERB,2.91474290408016
P0293,293,6,FSPAE,FSP-AE,ContralateralHemisphereHighFrequency,5.33651111291586
P0293,293,6,FSPAE,FSP-AE,HorizontalILDMAE,2.42815173423463
P0293,293,6,RANF,RANF,MeasuredDomainERB,1.2328960850073
P0293,293,6,RANF,RANF,Contralateral25ERB,1.75962221010444
P0293,293,6,RANF,RANF,ContralateralHemisphereHighFrequency,3.71737048572147
P0293,293,6,RANF,RANF,HorizontalILDMAE,0.908168397541754
P0293,293,14,MCARv32,MCAR v3.2,MeasuredDomainERB,1.25684975887492
P0293,293,14,MCARv32,MCAR v3.2,Contralateral25ERB,1.97009814433026
P0293,293,14,MCARv32,MCAR v3.2,ContralateralHemisphereHighFrequency,4.26338277443562
P0293,293,14,MCARv32,MCAR v3.2,HorizontalILDMAE,0.614582592537928
P0293,293,14,FSPAE,FSP-AE,MeasuredDomainERB,1.95077353383279
P0293,293,14,FSPAE,FSP-AE,Contralateral25ERB,2.64221545346029
P0293,293,14,FSPAE,FSP-AE,ContralateralHemisphereHighFrequency,3.78030508472552
P0293,293,14,FSPAE,FSP-AE,HorizontalILDMAE,1.32559502865787
P0293,293,14,RANF,RANF,MeasuredDomainERB,1.21576675903929
P0293,293,14,RANF,RANF,Contralateral25ERB,1.58746038023805
P0293,293,14,RANF,RANF,ContralateralHemisphereHighFrequency,3.5672811873697
P0293,293,14,RANF,RANF,HorizontalILDMAE,0.511181591581382
P0293,293,26,MCARv32,MCAR v3.2,MeasuredDomainERB,0.876338689437887
P0293,293,26,MCARv32,MCAR v3.2,Contralateral25ERB,1.27894162932854
P0293,293,26,MCARv32,MCAR v3.2,ContralateralHemisphereHighFrequency,3.46002737938926
P0293,293,26,MCARv32,MCAR v3.2,HorizontalILDMAE,0.59416684108813
P0293,293,26,FSPAE,FSP-AE,MeasuredDomainERB,1.28634192903056
P0293,293,26,FSPAE,FSP-AE,Contralateral25ERB,1.84749318951853
P0293,293,26,FSPAE,FSP-AE,ContralateralHemisphereHighFrequency,3.0420310176841
P0293,293,26,FSPAE,FSP-AE,HorizontalILDMAE,0.712410521665292
P0293,293,26,RANF,RANF,MeasuredDomainERB,1.07643055823959
P0293,293,26,RANF,RANF,Contralateral25ERB,1.41719290487478
P0293,293,26,RANF,RANF,ContralateralHemisphereHighFrequency,3.24354166312071
P0293,293,26,RANF,RANF,HorizontalILDMAE,0.612949414117597
P0304,304,6,MCARv32,MCAR v3.2,MeasuredDomainERB,1.93813839576272
P0304,304,6,MCARv32,MCAR v3.2,Contralateral25ERB,1.67476677835937
P0304,304,6,MCARv32,MCAR v3.2,ContralateralHemisphereHighFrequency,5.45924786034221
P0304,304,6,MCARv32,MCAR v3.2,HorizontalILDMAE,1.69316361159557
P0304,304,6,FSPAE,FSP-AE,MeasuredDomainERB,3.43478535766752
P0304,304,6,FSPAE,FSP-AE,Contralateral25ERB,3.16912562366337
P0304,304,6,FSPAE,FSP-AE,ContralateralHemisphereHighFrequency,5.23170279034253
P0304,304,6,FSPAE,FSP-AE,HorizontalILDMAE,2.18488032066805
P0304,304,6,RANF,RANF,MeasuredDomainERB,1.24683471570111
P0304,304,6,RANF,RANF,Contralateral25ERB,1.61777718722172
P0304,304,6,RANF,RANF,ContralateralHemisphereHighFrequency,4.32273996140542
P0304,304,6,RANF,RANF,HorizontalILDMAE,0.857525825587989
P0304,304,14,MCARv32,MCAR v3.2,MeasuredDomainERB,1.13346364137314
P0304,304,14,MCARv32,MCAR v3.2,Contralateral25ERB,1.82865713551308
P0304,304,14,MCARv32,MCAR v3.2,ContralateralHemisphereHighFrequency,4.17182341948472
P0304,304,14,MCARv32,MCAR v3.2,HorizontalILDMAE,1.10285902148555
P0304,304,14,FSPAE,FSP-AE,MeasuredDomainERB,2.0383836215863
P0304,304,14,FSPAE,FSP-AE,Contralateral25ERB,2.7137561860226
P0304,304,14,FSPAE,FSP-AE,ContralateralHemisphereHighFrequency,3.93465582456074
P0304,304,14,FSPAE,FSP-AE,HorizontalILDMAE,1.49919920267019
P0304,304,14,RANF,RANF,MeasuredDomainERB,1.04239507369936
P0304,304,14,RANF,RANF,Contralateral25ERB,1.37789897771936
P0304,304,14,RANF,RANF,ContralateralHemisphereHighFrequency,3.72572870155958
P0304,304,14,RANF,RANF,HorizontalILDMAE,0.808831905212253
P0304,304,26,MCARv32,MCAR v3.2,MeasuredDomainERB,0.786329947440627
P0304,304,26,MCARv32,MCAR v3.2,Contralateral25ERB,1.29874552373031
P0304,304,26,MCARv32,MCAR v3.2,ContralateralHemisphereHighFrequency,3.57723844565314
P0304,304,26,MCARv32,MCAR v3.2,HorizontalILDMAE,0.767632037246022
P0304,304,26,FSPAE,FSP-AE,MeasuredDomainERB,1.22999880098657
P0304,304,26,FSPAE,FSP-AE,Contralateral25ERB,1.84709818811504
P0304,304,26,FSPAE,FSP-AE,ContralateralHemisphereHighFrequency,2.91348565117235
P0304,304,26,FSPAE,FSP-AE,HorizontalILDMAE,0.607586098560383
P0304,304,26,RANF,RANF,MeasuredDomainERB,1.0408420421076
P0304,304,26,RANF,RANF,Contralateral25ERB,1.64986115501436
P0304,304,26,RANF,RANF,ContralateralHemisphereHighFrequency,3.41442374065423
P0304,304,26,RANF,RANF,HorizontalILDMAE,0.813034539980043
P0309,309,6,MCARv32,MCAR v3.2,MeasuredDomainERB,1.79490931105537
P0309,309,6,MCARv32,MCAR v3.2,Contralateral25ERB,1.55511780709143
P0309,309,6,MCARv32,MCAR v3.2,ContralateralHemisphereHighFrequency,5.31446545958325
P0309,309,6,MCARv32,MCAR v3.2,HorizontalILDMAE,1.72689338881099
P0309,309,6,FSPAE,FSP-AE,MeasuredDomainERB,3.17089725043089
P0309,309,6,FSPAE,FSP-AE,Contralateral25ERB,3.19704054368137
P0309,309,6,FSPAE,FSP-AE,ContralateralHemisphereHighFrequency,5.2165327976259
P0309,309,6,FSPAE,FSP-AE,HorizontalILDMAE,1.55972758216037
P0309,309,6,RANF,RANF,MeasuredDomainERB,1.19739683003659
P0309,309,6,RANF,RANF,Contralateral25ERB,1.66326361066024
P0309,309,6,RANF,RANF,ContralateralHemisphereHighFrequency,4.1460820569274
P0309,309,6,RANF,RANF,HorizontalILDMAE,1.69637969424001
P0309,309,14,MCARv32,MCAR v3.2,MeasuredDomainERB,1.12729430262874
P0309,309,14,MCARv32,MCAR v3.2,Contralateral25ERB,1.89100311641519
P0309,309,14,MCARv32,MCAR v3.2,ContralateralHemisphereHighFrequency,4.37303777164249
P0309,309,14,MCARv32,MCAR v3.2,HorizontalILDMAE,1.1063944936692
P0309,309,14,FSPAE,FSP-AE,MeasuredDomainERB,1.9021211603005
P0309,309,14,FSPAE,FSP-AE,Contralateral25ERB,2.67325676879854
P0309,309,14,FSPAE,FSP-AE,ContralateralHemisphereHighFrequency,4.04469544169878
P0309,309,14,FSPAE,FSP-AE,HorizontalILDMAE,1.15045914443443
P0309,309,14,RANF,RANF,MeasuredDomainERB,1.14410793591915
P0309,309,14,RANF,RANF,Contralateral25ERB,1.64744046975199
P0309,309,14,RANF,RANF,ContralateralHemisphereHighFrequency,3.74378768322114
P0309,309,14,RANF,RANF,HorizontalILDMAE,1.08413764414948
P0309,309,26,MCARv32,MCAR v3.2,MeasuredDomainERB,0.791441289173169
P0309,309,26,MCARv32,MCAR v3.2,Contralateral25ERB,1.27560505384373
P0309,309,26,MCARv32,MCAR v3.2,ContralateralHemisphereHighFrequency,3.65741284051518
P0309,309,26,MCARv32,MCAR v3.2,HorizontalILDMAE,0.804374870709195
P0309,309,26,FSPAE,FSP-AE,MeasuredDomainERB,1.20060984313757
P0309,309,26,FSPAE,FSP-AE,Contralateral25ERB,1.89450165167686
P0309,309,26,FSPAE,FSP-AE,ContralateralHemisphereHighFrequency,3.18291474891079
P0309,309,26,FSPAE,FSP-AE,HorizontalILDMAE,0.444129470228076
P0309,309,26,RANF,RANF,MeasuredDomainERB,1.01662873655015
P0309,309,26,RANF,RANF,Contralateral25ERB,1.60864291722298
P0309,309,26,RANF,RANF,ContralateralHemisphereHighFrequency,3.32341044273452
P0309,309,26,RANF,RANF,HorizontalILDMAE,0.763323424352148
P0324,324,6,MCARv32,MCAR v3.2,MeasuredDomainERB,2.05759000345802
P0324,324,6,MCARv32,MCAR v3.2,Contralateral25ERB,1.72571484676207
P0324,324,6,MCARv32,MCAR v3.2,ContralateralHemisphereHighFrequency,5.52191838755015
P0324,324,6,MCARv32,MCAR v3.2,HorizontalILDMAE,1.81152485315665
P0324,324,6,FSPAE,FSP-AE,MeasuredDomainERB,3.28193432674317
P0324,324,6,FSPAE,FSP-AE,Contralateral25ERB,2.97682002388473
P0324,324,6,FSPAE,FSP-AE,ContralateralHemisphereHighFrequency,5.11133548841942
P0324,324,6,FSPAE,FSP-AE,HorizontalILDMAE,1.52466929782286
P0324,324,6,RANF,RANF,MeasuredDomainERB,1.16140634457809
P0324,324,6,RANF,RANF,Contralateral25ERB,1.39309111998245
P0324,324,6,RANF,RANF,ContralateralHemisphereHighFrequency,3.91996161074775
P0324,324,6,RANF,RANF,HorizontalILDMAE,0.773291674814804
P0324,324,14,MCARv32,MCAR v3.2,MeasuredDomainERB,1.30962796045862
P0324,324,14,MCARv32,MCAR v3.2,Contralateral25ERB,1.91989424565683
P0324,324,14,MCARv32,MCAR v3.2,ContralateralHemisphereHighFrequency,4.26349966353821
P0324,324,14,MCARv32,MCAR v3.2,HorizontalILDMAE,0.71039035676043
P0324,324,14,FSPAE,FSP-AE,MeasuredDomainERB,1.98285192983695
P0324,324,14,FSPAE,FSP-AE,Contralateral25ERB,2.67734014165168
P0324,324,14,FSPAE,FSP-AE,ContralateralHemisphereHighFrequency,3.6412918185351
P0324,324,14,FSPAE,FSP-AE,HorizontalILDMAE,1.4343887793618
P0324,324,14,RANF,RANF,MeasuredDomainERB,1.12562004050608
P0324,324,14,RANF,RANF,Contralateral25ERB,1.52640737270865
P0324,324,14,RANF,RANF,ContralateralHemisphereHighFrequency,3.69946268916782
P0324,324,14,RANF,RANF,HorizontalILDMAE,0.928294019983122
P0324,324,26,MCARv32,MCAR v3.2,MeasuredDomainERB,0.872717378484454
P0324,324,26,MCARv32,MCAR v3.2,Contralateral25ERB,1.3090554364729
P0324,324,26,MCARv32,MCAR v3.2,ContralateralHemisphereHighFrequency,3.3327761333239
P0324,324,26,MCARv32,MCAR v3.2,HorizontalILDMAE,0.498384745594312
P0324,324,26,FSPAE,FSP-AE,MeasuredDomainERB,1.29288963133017
P0324,324,26,FSPAE,FSP-AE,Contralateral25ERB,1.9258328531978
P0324,324,26,FSPAE,FSP-AE,ContralateralHemisphereHighFrequency,2.98698920070646
P0324,324,26,FSPAE,FSP-AE,HorizontalILDMAE,0.493897803299927
P0324,324,26,RANF,RANF,MeasuredDomainERB,1.0775116383709
P0324,324,26,RANF,RANF,Contralateral25ERB,1.39345163369512
P0324,324,26,RANF,RANF,ContralateralHemisphereHighFrequency,3.41585559461065
P0324,324,26,RANF,RANF,HorizontalILDMAE,0.694625455605543
P0325,325,6,MCARv32,MCAR v3.2,MeasuredDomainERB,1.77326010123311
P0325,325,6,MCARv32,MCAR v3.2,Contralateral25ERB,1.51282515719832
P0325,325,6,MCARv32,MCAR v3.2,ContralateralHemisphereHighFrequency,5.01355117474104
P0325,325,6,MCARv32,MCAR v3.2,HorizontalILDMAE,1.52467895721714
P0325,325,6,FSPAE,FSP-AE,MeasuredDomainERB,3.15992821182245
P0325,325,6,FSPAE,FSP-AE,Contralateral25ERB,3.11646051186238
P0325,325,6,FSPAE,FSP-AE,ContralateralHemisphereHighFrequency,4.6907285627559
P0325,325,6,FSPAE,FSP-AE,HorizontalILDMAE,1.72920406449937
P0325,325,6,RANF,RANF,MeasuredDomainERB,1.07586669992537
P0325,325,6,RANF,RANF,Contralateral25ERB,1.36980813305925
P0325,325,6,RANF,RANF,ContralateralHemisphereHighFrequency,3.70455242838317
P0325,325,6,RANF,RANF,HorizontalILDMAE,1.00828772637976
P0325,325,14,MCARv32,MCAR v3.2,MeasuredDomainERB,1.12528018177206
P0325,325,14,MCARv32,MCAR v3.2,Contralateral25ERB,1.66571331987539
P0325,325,14,MCARv32,MCAR v3.2,ContralateralHemisphereHighFrequency,4.1256565283008
P0325,325,14,MCARv32,MCAR v3.2,HorizontalILDMAE,0.782614514227591
P0325,325,14,FSPAE,FSP-AE,MeasuredDomainERB,1.92796664360958
P0325,325,14,FSPAE,FSP-AE,Contralateral25ERB,2.53847677241223
P0325,325,14,FSPAE,FSP-AE,ContralateralHemisphereHighFrequency,3.89880944184885
P0325,325,14,FSPAE,FSP-AE,HorizontalILDMAE,1.43045747106701
P0325,325,14,RANF,RANF,MeasuredDomainERB,1.03124815974512
P0325,325,14,RANF,RANF,Contralateral25ERB,1.34924012086853
P0325,325,14,RANF,RANF,ContralateralHemisphereHighFrequency,3.36445604171788
P0325,325,14,RANF,RANF,HorizontalILDMAE,0.605537750470327
P0325,325,26,MCARv32,MCAR v3.2,MeasuredDomainERB,0.823674673159589
P0325,325,26,MCARv32,MCAR v3.2,Contralateral25ERB,1.28238527821988
P0325,325,26,MCARv32,MCAR v3.2,ContralateralHemisphereHighFrequency,3.36569306789041
P0325,325,26,MCARv32,MCAR v3.2,HorizontalILDMAE,0.408986494235526
P0325,325,26,FSPAE,FSP-AE,MeasuredDomainERB,1.27113279128939
P0325,325,26,FSPAE,FSP-AE,Contralateral25ERB,1.82977319224188
P0325,325,26,FSPAE,FSP-AE,ContralateralHemisphereHighFrequency,3.04236338810124
P0325,325,26,FSPAE,FSP-AE,HorizontalILDMAE,0.523815246938173
P0325,325,26,RANF,RANF,MeasuredDomainERB,1.031311393152
P0325,325,26,RANF,RANF,Contralateral25ERB,1.40011383045863
P0325,325,26,RANF,RANF,ContralateralHemisphereHighFrequency,3.14048149372413
P0325,325,26,RANF,RANF,HorizontalILDMAE,0.51739993883716
P0327,327,6,MCARv32,MCAR v3.2,MeasuredDomainERB,1.96737827425759
P0327,327,6,MCARv32,MCAR v3.2,Contralateral25ERB,1.78698192936045
P0327,327,6,MCARv32,MCAR v3.2,ContralateralHemisphereHighFrequency,5.28746494983826
P0327,327,6,MCARv32,MCAR v3.2,HorizontalILDMAE,1.18238900772195
P0327,327,6,FSPAE,FSP-AE,MeasuredDomainERB,3.22171232139371
P0327,327,6,FSPAE,FSP-AE,Contralateral25ERB,3.00490979301446
P0327,327,6,FSPAE,FSP-AE,ContralateralHemisphereHighFrequency,5.63215208140304
P0327,327,6,FSPAE,FSP-AE,HorizontalILDMAE,2.43850674429401
P0327,327,6,RANF,RANF,MeasuredDomainERB,1.30907852240476
P0327,327,6,RANF,RANF,Contralateral25ERB,1.64246795620775
P0327,327,6,RANF,RANF,ContralateralHemisphereHighFrequency,4.1555601912411
P0327,327,6,RANF,RANF,HorizontalILDMAE,1.04270009617749
P0327,327,14,MCARv32,MCAR v3.2,MeasuredDomainERB,1.19511929972415
P0327,327,14,MCARv32,MCAR v3.2,Contralateral25ERB,1.94651522929477
P0327,327,14,MCARv32,MCAR v3.2,ContralateralHemisphereHighFrequency,4.3432519202903
P0327,327,14,MCARv32,MCAR v3.2,HorizontalILDMAE,0.984616024169751
P0327,327,14,FSPAE,FSP-AE,MeasuredDomainERB,1.92183648658217
P0327,327,14,FSPAE,FSP-AE,Contralateral25ERB,2.52973311187315
P0327,327,14,FSPAE,FSP-AE,ContralateralHemisphereHighFrequency,4.0085550443873
P0327,327,14,FSPAE,FSP-AE,HorizontalILDMAE,1.01564023031006
P0327,327,14,RANF,RANF,MeasuredDomainERB,1.20317688621417
P0327,327,14,RANF,RANF,Contralateral25ERB,1.47900536867494
P0327,327,14,RANF,RANF,ContralateralHemisphereHighFrequency,3.56639732078984
P0327,327,14,RANF,RANF,HorizontalILDMAE,0.637160274966508
P0327,327,26,MCARv32,MCAR v3.2,MeasuredDomainERB,0.890486767491701
P0327,327,26,MCARv32,MCAR v3.2,Contralateral25ERB,1.33557571460047
P0327,327,26,MCARv32,MCAR v3.2,ContralateralHemisphereHighFrequency,3.66254748610356
P0327,327,26,MCARv32,MCAR v3.2,HorizontalILDMAE,0.519584601089874
P0327,327,26,FSPAE,FSP-AE,MeasuredDomainERB,1.24369381990185
P0327,327,26,FSPAE,FSP-AE,Contralateral25ERB,1.96344676246881
P0327,327,26,FSPAE,FSP-AE,ContralateralHemisphereHighFrequency,3.10424692464556
P0327,327,26,FSPAE,FSP-AE,HorizontalILDMAE,0.508970291582543
P0327,327,26,RANF,RANF,MeasuredDomainERB,1.17803863460102
P0327,327,26,RANF,RANF,Contralateral25ERB,1.69214857528652
P0327,327,26,RANF,RANF,ContralateralHemisphereHighFrequency,3.51994974301822
P0327,327,26,RANF,RANF,HorizontalILDMAE,0.894958321988525
P0331,331,6,MCARv32,MCAR v3.2,MeasuredDomainERB,2.11973830819789
P0331,331,6,MCARv32,MCAR v3.2,Contralateral25ERB,1.70162852545236
P0331,331,6,MCARv32,MCAR v3.2,ContralateralHemisphereHighFrequency,6.46813740196228
P0331,331,6,MCARv32,MCAR v3.2,HorizontalILDMAE,1.43151535619152
P0331,331,6,FSPAE,FSP-AE,MeasuredDomainERB,3.40272381633749
P0331,331,6,FSPAE,FSP-AE,Contralateral25ERB,3.23399015814811
P0331,331,6,FSPAE,FSP-AE,ContralateralHemisphereHighFrequency,5.86255051847973
P0331,331,6,FSPAE,FSP-AE,HorizontalILDMAE,2.02832066366359
P0331,331,6,RANF,RANF,MeasuredDomainERB,1.23773857591334
P0331,331,6,RANF,RANF,Contralateral25ERB,1.46097570371236
P0331,331,6,RANF,RANF,ContralateralHemisphereHighFrequency,3.94471093916813
P0331,331,6,RANF,RANF,HorizontalILDMAE,1.04978460154677
P0331,331,14,MCARv32,MCAR v3.2,MeasuredDomainERB,1.17550352952629
P0331,331,14,MCARv32,MCAR v3.2,Contralateral25ERB,1.95025675998987
P0331,331,14,MCARv32,MCAR v3.2,ContralateralHemisphereHighFrequency,4.17067173862976
P0331,331,14,MCARv32,MCAR v3.2,HorizontalILDMAE,0.7858823818848
P0331,331,14,FSPAE,FSP-AE,MeasuredDomainERB,1.97249830103083
P0331,331,14,FSPAE,FSP-AE,Contralateral25ERB,2.81283448844083
P0331,331,14,FSPAE,FSP-AE,ContralateralHemisphereHighFrequency,4.02032433727107
P0331,331,14,FSPAE,FSP-AE,HorizontalILDMAE,1.22100184858125
P0331,331,14,RANF,RANF,MeasuredDomainERB,1.10948663985838
P0331,331,14,RANF,RANF,Contralateral25ERB,1.54632307118372
P0331,331,14,RANF,RANF,ContralateralHemisphereHighFrequency,3.59533435631991
P0331,331,14,RANF,RANF,HorizontalILDMAE,0.854558233503911
P0331,331,26,MCARv32,MCAR v3.2,MeasuredDomainERB,0.829245073862451
P0331,331,26,MCARv32,MCAR v3.2,Contralateral25ERB,1.33191088322492
P0331,331,26,MCARv32,MCAR v3.2,ContralateralHemisphereHighFrequency,3.48144540243421
P0331,331,26,MCARv32,MCAR v3.2,HorizontalILDMAE,0.737649187700555
P0331,331,26,FSPAE,FSP-AE,MeasuredDomainERB,1.26730606544197
P0331,331,26,FSPAE,FSP-AE,Contralateral25ERB,1.93292009154554
P0331,331,26,FSPAE,FSP-AE,ContralateralHemisphereHighFrequency,2.78450406490102
P0331,331,26,FSPAE,FSP-AE,HorizontalILDMAE,0.622986117027064
P0331,331,26,RANF,RANF,MeasuredDomainERB,1.05330710654984
P0331,331,26,RANF,RANF,Contralateral25ERB,1.58814633048749
P0331,331,26,RANF,RANF,ContralateralHemisphereHighFrequency,3.34656415393682
P0331,331,26,RANF,RANF,HorizontalILDMAE,0.86576878635294
P0339,339,6,MCARv32,MCAR v3.2,MeasuredDomainERB,2.94928621528243
P0339,339,6,MCARv32,MCAR v3.2,Contralateral25ERB,2.5842592506972
P0339,339,6,MCARv32,MCAR v3.2,ContralateralHemisphereHighFrequency,4.81543775371274
P0339,339,6,MCARv32,MCAR v3.2,HorizontalILDMAE,3.25503384515206
P0339,339,6,FSPAE,FSP-AE,MeasuredDomainERB,6.19914596721777
P0339,339,6,FSPAE,FSP-AE,Contralateral25ERB,7.36039913756563
P0339,339,6,FSPAE,FSP-AE,ContralateralHemisphereHighFrequency,10.4021435762648
P0339,339,6,FSPAE,FSP-AE,HorizontalILDMAE,10.6577366515762
P0339,339,6,RANF,RANF,MeasuredDomainERB,1.7521915041345
P0339,339,6,RANF,RANF,Contralateral25ERB,1.55480360814088
P0339,339,6,RANF,RANF,ContralateralHemisphereHighFrequency,4.06062659923644
P0339,339,6,RANF,RANF,HorizontalILDMAE,1.59192712142819
P0339,339,14,MCARv32,MCAR v3.2,MeasuredDomainERB,1.99335455729325
P0339,339,14,MCARv32,MCAR v3.2,Contralateral25ERB,2.67057290533463
P0339,339,14,MCARv32,MCAR v3.2,ContralateralHemisphereHighFrequency,4.19200981437354
P0339,339,14,MCARv32,MCAR v3.2,HorizontalILDMAE,1.74795283388638
P0339,339,14,FSPAE,FSP-AE,MeasuredDomainERB,4.50334677737944
P0339,339,14,FSPAE,FSP-AE,Contralateral25ERB,8.3729318703731
P0339,339,14,FSPAE,FSP-AE,ContralateralHemisphereHighFrequency,8.55227475520518
P0339,339,14,FSPAE,FSP-AE,HorizontalILDMAE,9.58044973318915
P0339,339,14,RANF,RANF,MeasuredDomainERB,1.42714408765481
P0339,339,14,RANF,RANF,Contralateral25ERB,1.32865459449792
P0339,339,14,RANF,RANF,ContralateralHemisphereHighFrequency,3.228955402446
P0339,339,14,RANF,RANF,HorizontalILDMAE,1.01510821920912
P0339,339,26,MCARv32,MCAR v3.2,MeasuredDomainERB,1.78858378397803
P0339,339,26,MCARv32,MCAR v3.2,Contralateral25ERB,2.39343716082426
P0339,339,26,MCARv32,MCAR v3.2,ContralateralHemisphereHighFrequency,4.30376198096426
P0339,339,26,MCARv32,MCAR v3.2,HorizontalILDMAE,1.95114069601216
P0339,339,26,FSPAE,FSP-AE,MeasuredDomainERB,3.3427361752336
P0339,339,26,FSPAE,FSP-AE,Contralateral25ERB,6.38866763782372
P0339,339,26,FSPAE,FSP-AE,ContralateralHemisphereHighFrequency,7.27066354116661
P0339,339,26,FSPAE,FSP-AE,HorizontalILDMAE,7.43355599623976
P0339,339,26,RANF,RANF,MeasuredDomainERB,1.49932461918471
P0339,339,26,RANF,RANF,Contralateral25ERB,1.25668133734225
P0339,339,26,RANF,RANF,ContralateralHemisphereHighFrequency,3.36978126987516
P0339,339,26,RANF,RANF,HorizontalILDMAE,1.24710591053058
P0349,349,6,MCARv32,MCAR v3.2,MeasuredDomainERB,1.96659238496007
P0349,349,6,MCARv32,MCAR v3.2,Contralateral25ERB,1.80697212574249
P0349,349,6,MCARv32,MCAR v3.2,ContralateralHemisphereHighFrequency,6.67085528828669
P0349,349,6,MCARv32,MCAR v3.2,HorizontalILDMAE,1.10109913608048
P0349,349,6,FSPAE,FSP-AE,MeasuredDomainERB,3.26236639572783
P0349,349,6,FSPAE,FSP-AE,Contralateral25ERB,3.11965219258207
P0349,349,6,FSPAE,FSP-AE,ContralateralHemisphereHighFrequency,5.75017953646297
P0349,349,6,FSPAE,FSP-AE,HorizontalILDMAE,1.77903130481008
P0349,349,6,RANF,RANF,MeasuredDomainERB,1.10687712053725
P0349,349,6,RANF,RANF,Contralateral25ERB,1.30554684391349
P0349,349,6,RANF,RANF,ContralateralHemisphereHighFrequency,3.99859584062473
P0349,349,6,RANF,RANF,HorizontalILDMAE,1.1485298034896
P0349,349,14,MCARv32,MCAR v3.2,MeasuredDomainERB,1.05206242297315
P0349,349,14,MCARv32,MCAR v3.2,Contralateral25ERB,1.76271270308449
P0349,349,14,MCARv32,MCAR v3.2,ContralateralHemisphereHighFrequency,4.13673769953136
P0349,349,14,MCARv32,MCAR v3.2,HorizontalILDMAE,0.984477226475813
P0349,349,14,FSPAE,FSP-AE,MeasuredDomainERB,1.93557958410059
P0349,349,14,FSPAE,FSP-AE,Contralateral25ERB,2.57056136075135
P0349,349,14,FSPAE,FSP-AE,ContralateralHemisphereHighFrequency,4.19668657266994
P0349,349,14,FSPAE,FSP-AE,HorizontalILDMAE,1.42182572622396
P0349,349,14,RANF,RANF,MeasuredDomainERB,1.08044076745471
P0349,349,14,RANF,RANF,Contralateral25ERB,1.55970619141451
P0349,349,14,RANF,RANF,ContralateralHemisphereHighFrequency,3.78160760071114
P0349,349,14,RANF,RANF,HorizontalILDMAE,0.95130949953862
P0349,349,26,MCARv32,MCAR v3.2,MeasuredDomainERB,0.82195820335958
P0349,349,26,MCARv32,MCAR v3.2,Contralateral25ERB,1.33380414256319
P0349,349,26,MCARv32,MCAR v3.2,ContralateralHemisphereHighFrequency,3.67628212008072
P0349,349,26,MCARv32,MCAR v3.2,HorizontalILDMAE,0.710222080068929
P0349,349,26,FSPAE,FSP-AE,MeasuredDomainERB,1.24499485212944
P0349,349,26,FSPAE,FSP-AE,Contralateral25ERB,1.8392537137672
P0349,349,26,FSPAE,FSP-AE,ContralateralHemisphereHighFrequency,3.01506179164936
P0349,349,26,FSPAE,FSP-AE,HorizontalILDMAE,0.8085188451814
P0349,349,26,RANF,RANF,MeasuredDomainERB,0.985993827360839
P0349,349,26,RANF,RANF,Contralateral25ERB,1.43577430148514
P0349,349,26,RANF,RANF,ContralateralHemisphereHighFrequency,3.38588554085475
P0349,349,26,RANF,RANF,HorizontalILDMAE,0.74613461635653
P0364,364,6,MCARv32,MCAR v3.2,MeasuredDomainERB,1.85504375153587
P0364,364,6,MCARv32,MCAR v3.2,Contralateral25ERB,1.55265558475221
P0364,364,6,MCARv32,MCAR v3.2,ContralateralHemisphereHighFrequency,6.47992052684914
P0364,364,6,MCARv32,MCAR v3.2,HorizontalILDMAE,1.25816284549761
P0364,364,6,FSPAE,FSP-AE,MeasuredDomainERB,3.34533239070455
P0364,364,6,FSPAE,FSP-AE,Contralateral25ERB,2.60319133875944
P0364,364,6,FSPAE,FSP-AE,ContralateralHemisphereHighFrequency,6.3470468276597
P0364,364,6,FSPAE,FSP-AE,HorizontalILDMAE,2.47716734016199
P0364,364,6,RANF,RANF,MeasuredDomainERB,1.43203857832475
P0364,364,6,RANF,RANF,Contralateral25ERB,1.59916800923547
P0364,364,6,RANF,RANF,ContralateralHemisphereHighFrequency,4.32735211939915
P0364,364,6,RANF,RANF,HorizontalILDMAE,1.05662502533894
P0364,364,14,MCARv32,MCAR v3.2,MeasuredDomainERB,1.2658667196484
P0364,364,14,MCARv32,MCAR v3.2,Contralateral25ERB,1.74278280213487
P0364,364,14,MCARv32,MCAR v3.2,ContralateralHemisphereHighFrequency,4.80790309903306
P0364,364,14,MCARv32,MCAR v3.2,HorizontalILDMAE,0.87341962991915
P0364,364,14,FSPAE,FSP-AE,MeasuredDomainERB,1.97450009757884
P0364,364,14,FSPAE,FSP-AE,Contralateral25ERB,2.44660940874278
P0364,364,14,FSPAE,FSP-AE,ContralateralHemisphereHighFrequency,4.51312503433392
P0364,364,14,FSPAE,FSP-AE,HorizontalILDMAE,1.28220643880308
P0364,364,14,RANF,RANF,MeasuredDomainERB,1.38547049238731
P0364,364,14,RANF,RANF,Contralateral25ERB,1.92434627871957
P0364,364,14,RANF,RANF,ContralateralHemisphereHighFrequency,4.35254987541907
P0364,364,14,RANF,RANF,HorizontalILDMAE,0.879771962755437
P0364,364,26,MCARv32,MCAR v3.2,MeasuredDomainERB,0.904717705987308
P0364,364,26,MCARv32,MCAR v3.2,Contralateral25ERB,1.39646146759412
P0364,364,26,MCARv32,MCAR v3.2,ContralateralHemisphereHighFrequency,3.86641068332596
P0364,364,26,MCARv32,MCAR v3.2,HorizontalILDMAE,0.767726787385847
P0364,364,26,FSPAE,FSP-AE,MeasuredDomainERB,1.24712940552543
P0364,364,26,FSPAE,FSP-AE,Contralateral25ERB,1.88003011090709
P0364,364,26,FSPAE,FSP-AE,ContralateralHemisphereHighFrequency,3.50781943591055
P0364,364,26,FSPAE,FSP-AE,HorizontalILDMAE,0.989357282183705
P0364,364,26,RANF,RANF,MeasuredDomainERB,1.19891225059466
P0364,364,26,RANF,RANF,Contralateral25ERB,1.53312539712815
P0364,364,26,RANF,RANF,ContralateralHemisphereHighFrequency,3.93464585548735
P0364,364,26,RANF,RANF,HorizontalILDMAE,0.881984756105974
P0371,371,6,MCARv32,MCAR v3.2,MeasuredDomainERB,1.9020948368163
P0371,371,6,MCARv32,MCAR v3.2,Contralateral25ERB,1.72762728350272
P0371,371,6,MCARv32,MCAR v3.2,ContralateralHemisphereHighFrequency,5.28315313164306
P0371,371,6,MCARv32,MCAR v3.2,HorizontalILDMAE,1.88878946780789
P0371,371,6,FSPAE,FSP-AE,MeasuredDomainERB,3.30052514208055
P0371,371,6,FSPAE,FSP-AE,Contralateral25ERB,2.86704094231792
P0371,371,6,FSPAE,FSP-AE,ContralateralHemisphereHighFrequency,5.1599906211926
P0371,371,6,FSPAE,FSP-AE,HorizontalILDMAE,2.40021855970195
P0371,371,6,RANF,RANF,MeasuredDomainERB,1.24098536033112
P0371,371,6,RANF,RANF,Contralateral25ERB,1.57068259274889
P0371,371,6,RANF,RANF,ContralateralHemisphereHighFrequency,3.96921898028605
P0371,371,6,RANF,RANF,HorizontalILDMAE,1.03017383001678
P0371,371,14,MCARv32,MCAR v3.2,MeasuredDomainERB,1.27045512734715
P0371,371,14,MCARv32,MCAR v3.2,Contralateral25ERB,1.85431041945556
P0371,371,14,MCARv32,MCAR v3.2,ContralateralHemisphereHighFrequency,4.55887178093047
P0371,371,14,MCARv32,MCAR v3.2,HorizontalILDMAE,0.744426465406141
P0371,371,14,FSPAE,FSP-AE,MeasuredDomainERB,1.97990022962158
P0371,371,14,FSPAE,FSP-AE,Contralateral25ERB,2.53951748096934
P0371,371,14,FSPAE,FSP-AE,ContralateralHemisphereHighFrequency,4.09886253931319
P0371,371,14,FSPAE,FSP-AE,HorizontalILDMAE,1.5483342096006
P0371,371,14,RANF,RANF,MeasuredDomainERB,1.26127670637025
P0371,371,14,RANF,RANF,Contralateral25ERB,1.66858604058844
P0371,371,14,RANF,RANF,ContralateralHemisphereHighFrequency,4.01941066867416
P0371,371,14,RANF,RANF,HorizontalILDMAE,0.754861842715346
P0371,371,26,MCARv32,MCAR v3.2,MeasuredDomainERB,0.872952770219841
P0371,371,26,MCARv32,MCAR v3.2,Contralateral25ERB,1.35167986967789
P0371,371,26,MCARv32,MCAR v3.2,ContralateralHemisphereHighFrequency,3.57391449155359
P0371,371,26,MCARv32,MCAR v3.2,HorizontalILDMAE,0.763221960806555
P0371,371,26,FSPAE,FSP-AE,MeasuredDomainERB,1.21772038446956
P0371,371,26,FSPAE,FSP-AE,Contralateral25ERB,1.92876220780095
P0371,371,26,FSPAE,FSP-AE,ContralateralHemisphereHighFrequency,2.91177794854103
P0371,371,26,FSPAE,FSP-AE,HorizontalILDMAE,0.855694437931925
P0371,371,26,RANF,RANF,MeasuredDomainERB,1.13367878910923
P0371,371,26,RANF,RANF,Contralateral25ERB,1.47847632280605
P0371,371,26,RANF,RANF,ContralateralHemisphereHighFrequency,3.50705605249607
P0371,371,26,RANF,RANF,HorizontalILDMAE,0.780989724285101
