Method,MethodLabel,DirectionIndexZeroBased,Azimuth_deg,Elevation_deg,DistanceToQ26_deg,SolidAngleWeight,MeanLSD_dB
SHOnly,SH only,0,0,-45,14.999999554707983,0.00080013019032776356,7.5121983877695406
SHOnly,SH only,2,0,-20,9.9999997858989413,0.0013326577609404922,6.8369299278810676
SHOnly,SH only,3,0,-10,20.000000162186488,0.0013966393889859319,6.8103596627740899
SHOnly,SH only,4,0,0,22.268744313392595,0.0014181847218424082,6.0523821180999855
SHOnly,SH only,5,0,10,19.693103693538394,0.0013966393889859319,5.3970256541365096
SHOnly,SH only,6,0,20,21.720796614325359,0.0013326577609404922,5.7315197746608924
SHOnly,SH only,7,0,30,27.34479831653633,0.0015144464559853077,6.245003586167396
SHOnly,SH only,8,0,45,21.090580470751792,0.0015018255217000842,5.4758466724727306
SHOnly,SH only,9,0,60,23.283731818796717,0.0010619510430842638,5.528945469943209
SHOnly,SH only,10,0,75,15.000000120055846,0.0005497062811627984,6.8292447390807789
SHOnly,SH only,12,180,75,15.000000120055846,0.0005497062811627984,6.6300762118211827
SHOnly,SH only,13,180,60,30.000000445292049,0.0010619510430842638,8.0311240624699867
SHOnly,SH only,14,180,45,31.220426124312098,0.0015018255217000842,8.2712076650248321
SHOnly,SH only,15,180,30,30.189833851059973,0.0015144464559853077,7.8931215259940926
SHOnly,SH only,16,180,20,33.108874982180794,0.0013326577609404922,7.3444250494736165
SHOnly,SH only,17,180,10,28.212088559080865,0.0013966393889859319,7.0187363967847487
SHOnly,SH only,18,180,0,22.268744313392595,0.0014181847218424082,6.749467386242082
SHOnly,SH only,19,180,-10,19.693103693538394,0.0013966393889859319,6.642025352223266
SHOnly,SH only,20,180,-20,21.720796614325359,0.0013326577609404922,6.9622850021151805
SHOnly,SH only,21,180,-30,27.34479831653633,0.0015144464559853077,7.3307150833160275
SHOnly,SH only,22,180,-45,21.090580470751792,0.00080013019032776356,8.4558602180987599
SHOnly,SH only,23,355,-45,15.507477087468549,0.00080013019032776356,7.6847953380737515
SHOnly,SH only,24,355,-30,4.3297835269819025,0.0015144464559853077,6.1991413653192344
SHOnly,SH only,25,355,-20,10.974801001997228,0.0013326577609404922,6.8587046488142356
SHOnly,SH only,26,355,-10,20.536778500153151,0.0013966393889859319,6.8902493028008447
SHOnly,SH only,27,355,0,17.963859965917774,0.0014181847218424082,6.1463871517257864
SHOnly,SH only,28,355,10,14.770835684902895,0.0013966393889859319,5.5749567789365768
SHOnly,SH only,29,355,20,17.584023118169156,0.0013326577609404922,5.793553497374945
SHOnly,SH only,30,355,30,24.40718767599158,0.0015144464559853077,6.3005759688547052
SHOnly,SH only,31,355,45,17.606966457268481,0.0015018255217000842,5.5289947951617773
SHOnly,SH only,32,355,60,21.124322746870448,0.0010619510430842638,5.5960399113711219
SHOnly,SH only,33,355,75,15.000000519710634,0.0005497062811627984,6.8376047274171103
SHOnly,SH only,34,175,75,15.000000519710634,0.0005497062811627984,6.6247828322519098
SHOnly,SH only,35,175,60,30.000000997038136,0.0010619510430842638,7.9817993021532256
SHOnly,SH only,36,175,45,27.885566114219476,0.0015018255217000842,8.2363765746425006
SHOnly,SH only,37,175,30,25.905078268461338,0.0015144464559853077,7.8441884174817851
SHOnly,SH only,38,175,20,28.862630859837058,0.0013326577609404922,7.2349156744885139
SHOnly,SH only,39,175,10,24.954120181789488,0.0013966393889859319,6.9371642119307317
SHOnly,SH only,40,175,0,17.963859965917774,0.0014181847218424082,6.7719873571234075
SHOnly,SH only,41,175,-10,14.770835684902895,0.0013966393889859319,6.6798023670285138
SHOnly,SH only,42,175,-20,17.584023118169156,0.0013326577609404922,6.8704148912284548
SHOnly,SH only,43,175,-30,24.40718767599158,0.0015144464559853077,7.2145792309607266
SHOnly,SH only,44,175,-45,17.606966457268481,0.00080013019032776356,8.4629510074516219
SHOnly,SH only,45,350,-45,16.937618201740335,0.00080013019032776356,7.821711203338598
SHOnly,SH only,46,350,-30,8.6574993691915836,0.0015144464559853077,6.30952367047467
SHOnly,SH only,47,350,-20,13.481723172448659,0.0013326577609404922,6.8265832999852156
SHOnly,SH only,48,350,-10,22.068454646158248,0.0013966393889859319,7.0275782045623947
SHOnly,SH only,49,350,0,14.106043901218957,0.0014181847218424082,6.410306193140249
SHOnly,SH only,50,350,10,9.8476990078007134,0.0013966393889859319,5.8551829795802233
SHOnly,SH only,51,350,20,13.892338774103179,0.0013326577609404922,6.0076536006104275
SHOnly,SH only,52,350,30,21.721268924650655,0.0015144464559853077,6.3996802618167123
SHOnly,SH only,53,350,45,14.106043320415029,0.0015018255217000842,5.6283715706006188
SHOnly,SH only,54,350,60,19.160311976351618,0.0010619510430842638,5.7050757977262174
SHOnly,SH only,55,350,75,15.000000876882917,0.0005497062811627984,6.7593784680976192
SHOnly,SH only,56,170,75,15.000000876882917,0.0005497062811627984,6.7053163191276761
SHOnly,SH only,57,170,60,29.999999880144909,0.0010619510430842638,8.0213729023796851
SHOnly,SH only,58,170,45,24.694086482247521,0.0015018255217000842,8.2284388690551253
SHOnly,SH only,59,170,30,21.607103231533049,0.0015144464559853077,7.6395702332841458
SHOnly,SH only,60,170,20,24.692721414933498,0.0013326577609404922,7.1085928245753527
SHOnly,SH only,61,170,10,22.337905413351134,0.0013966393889859319,6.8143652070753822
SHOnly,SH only,62,170,0,14.106043901218957,0.0014181847218424082,6.6107551754869895
SHOnly,SH only,63,170,-10,9.8476990078007134,0.0013966393889859319,6.3944424163939422
SHOnly,SH only,64,170,-20,13.892338774103179,0.0013326577609404922,6.7878376257617816
SHOnly,SH only,65,170,-30,21.721268924650655,0.0015144464559853077,7.2117806258612296
SHOnly,SH only,66,170,-45,14.106043320415029,0.00080013019032776356,8.4584070997294045
SHOnly,SH only,67,345,-45,19.080582938811499,0.00080013019032776356,8.1572230706474027
SHOnly,SH only,68,345,-30,12.981060183000123,0.0015144464559853077,6.5585456190005891
SHOnly,SH only,69,345,-20,16.847753386581868,0.0013326577609404922,6.7554953432355269
SHOnly,SH only,70,345,-10,20.609356788468691,0.0013966393889859319,7.1981916081073782
SHOnly,SH only,71,345,0,11.168952636407244,0.0014181847218424082,6.7116087553956847
SHOnly,SH only,72,345,10,4.923991137574113,0.0013966393889859319,6.1427132559621276
SHOnly,SH only,73,345,20,11.101905300103793,0.0013326577609404922,6.2717233485329364
SHOnly,SH only,74,345,30,19.080583481669692,0.0015144464559853077,6.4988119934170925
SHOnly,SH only,75,345,45,10.591410371458657,0.0015018255217000842,5.8471399575721215
SHOnly,SH only,76,345,60,17.469138312232101,0.0010619510430842638,5.8806768579221114
SHOnly,SH only,77,345,75,15.000000205801689,0.0005497062811627984,6.7224422812135121
SHOnly,SH only,78,165,75,15.000000205801689,0.0005497062811627984,6.6338452451462642
SHOnly,SH only,79,165,60,30.000000110732287,0.0010619510430842638,8.0260312934211999
SHOnly,SH only,80,165,45,21.721268164114861,0.0015018255217000842,8.3041266840708587
SHOnly,SH only,81,165,30,17.298330000057948,0.0015144464559853077,7.6022298364037262
SHOnly,SH only,82,165,20,20.653636294849793,0.0013326577609404922,7.0744943910422933
SHOnly,SH only,83,165,10,20.609356788468691,0.0013966393889859319,6.8228732499895903
SHOnly,SH only,84,165,0,11.168952636407244,0.0014181847218424082,6.5250561108204259
SHOnly,SH only,85,165,-10,4.923991137574113,0.0013966393889859319,6.1323126163103785
SHOnly,SH only,86,165,-20,11.101905300103793,0.0013326577609404922,6.6735434227672039
SHOnly,SH only,87,165,-30,19.080583481669692,0.0015144464559853077,7.2201719729904914
SHOnly,SH only,88,165,-45,10.591410371458657,0.00080013019032776356,8.3489188290797092
SHOnly,SH only,89,340,-45,21.721267918499912,0.00080013019032776356,8.8083882698169145
SHOnly,SH only,90,340,-30,16.84775355865764,0.0015144464559853077,6.7133990002278408
SHOnly,SH only,91,340,-20,14.090652447229385,0.0013326577609404922,6.7401041128036638
SHOnly,SH only,92,340,-10,17.584023511028544,0.0013966393889859319,7.2321104062331836
SHOnly,SH only,93,340,0,9.9999999527339298,0.0014181847218424082,6.735273196429997
SHOnly,SH only,95,340,20,10.000000035409951,0.0013326577609404922,6.3913229396444056
SHOnly,SH only,96,340,30,16.937616033087821,0.0015144464559853077,6.5881122314916496
SHOnly,SH only,97,340,45,7.0665741911739026,0.0015018255217000842,5.9930117319237404
SHOnly,SH only,98,340,60,16.146339438123881,0.0010619510430842638,5.9914295737577925
SHOnly,SH only,99,340,75,15.000000080789578,0.0005497062811627984,6.6601476915892643
SHOnly,SH only,100,160,75,15.000000080789578,0.0005497062811627984,6.6294223283633418
SHOnly,SH only,101,160,60,30.000000435073549,0.0010619510430842638,8.0864358580490094
SHOnly,SH only,102,160,45,19.080583620201772,0.0015018255217000842,8.3320810161274146
SHOnly,SH only,103,160,30,12.981059482482918,0.0015144464559853077,7.4445765140825078
SHOnly,SH only,104,160,20,16.847752641975024,0.0013326577609404922,6.9757247164842973
SHOnly,SH only,105,160,10,19.999999905467796,0.0013966393889859319,6.8500445978836808
SHOnly,SH only,106,160,0,9.9999999527339298,0.0014181847218424082,6.7679956917294595
SHOnly,SH only,108,160,-20,10.000000035409951,0.0013326577609404922,6.6499059250392865
SHOnly,SH only,109,160,-30,16.937616033087821,0.0015144464559853077,7.262964456879982
SHOnly,SH only,110,160,-45,7.0665741911739026,0.00080013019032776356,8.392939526953997
SHOnly,SH only,111,335,-45,24.694085979776748,0.00080013019032776356,8.9451151824396415
SHOnly,SH only,112,335,-30,13.481723060064377,0.0015144464559853077,6.7994696031835815
SHOnly,SH only,113,335,-20,9.395526819952865,0.0013326577609404922,6.6707161911386832
SHOnly,SH only,114,335,-10,13.892339487305048,0.0013966393889859319,7.220332026124467
SHOnly,SH only,115,335,0,11.168952722705445,0.0014181847218424082,6.6940898757953757
SHOnly,SH only,116,335,10,4.9239914100594815,0.0013966393889859319,6.2442930873264366
SHOnly,SH only,117,335,20,11.101905984016177,0.0013326577609404922,6.3975354466520455
SHOnly,SH only,118,335,30,15.507477597756536,0.0015144464559853077,6.7163256169524255
SHOnly,SH only,119,335,45,3.5349723672764939,0.0015018255217000842,6.1321847915728602
SHOnly,SH only,120,335,60,15.294998365211272,0.0010619510430842638,6.1496569810149717
SHOnly,SH only,121,335,75,15.000000037063414,0.0005497062811627984,6.6131145106816378
SHOnly,SH only,122,155,75,15.000000037063414,0.0005497062811627984,6.5563167349572211
SHOnly,SH only,123,155,60,30.000001193671139,0.0010619510430842638,8.0262682636725575
SHOnly,SH only,124,155,45,16.937618103837618,0.0015018255217000842,8.3313423840924106
SHOnly,SH only,125,155,30,8.6574997742182269,0.0015144464559853077,7.3068334409981697
SHOnly,SH only,126,155,20,13.481721255281723,0.0013326577609404922,7.1109199374209586
SHOnly,SH only,127,155,10,20.60935684332042,0.0013966393889859319,7.1428493761446026
SHOnly,SH only,128,155,0,11.168952722705445,0.0014181847218424082,7.0444945947702697
SHOnly,SH only,129,155,-10,4.9239914100594815,0.0013966393889859319,6.4237147586859837
SHOnly,SH only,130,155,-20,11.101905984016177,0.0013326577609404922,6.6730504077357748
SHOnly,SH only,131,155,-30,15.507477597756536,0.0015144464559853077,7.4229962822407778
SHOnly,SH only,132,155,-45,3.5349723672764939,0.00080013019032776356,8.7052781160346271
SHOnly,SH only,133,330,-45,24.553175192197251,0.00080013019032776356,8.4914013166979423
SHOnly,SH only,134,330,-30,10.974800968721977,0.0015144464559853077,7.1370226051050443
SHOnly,SH only,135,330,-20,4.6982881143403246,0.0013326577609404922,6.7087501237114004
SHOnly,SH only,136,330,-10,11.101905871462817,0.0013966393889859319,7.1519383695011234
SHOnly,SH only,137,330,0,14.10604466738504,0.0014181847218424082,6.6348358011871262
SHOnly,SH only,138,330,10,9.8476983963493687,0.0013966393889859319,6.1604642008576924
SHOnly,SH only,139,330,20,13.892339928739169,0.0013326577609404922,6.4659934865074629
SHOnly,SH only,140,330,30,14.999998739050708,0.0015144464559853077,6.9075965819968266
SHOnly,SH only,142,330,60,15.000001038303349,0.0010619510430842638,6.3027796676912438
SHOnly,SH only,143,330,75,14.999999926042548,0.0005497062811627984,6.6037471476015464
SHOnly,SH only,144,150,75,14.999999926042548,0.0005497062811627984,6.5379365100511482
SHOnly,SH only,145,150,60,30.000000111323018,0.0010619510430842638,7.9358563354774132
SHOnly,SH only,146,150,45,15.507477619497367,0.0015018255217000842,8.2452906259074936
SHOnly,SH only,147,150,30,4.3297829047621343,0.0015144464559853077,7.1501480842234777
SHOnly,SH only,148,150,20,10.974799216332263,0.0013326577609404922,7.3018788928233214
SHOnly,SH only,149,150,10,20.536778047345422,0.0013966393889859319,7.4090585229199126
SHOnly,SH only,150,150,0,14.10604466738504,0.0014181847218424082,7.3968974921091126
SHOnly,SH only,151,150,-10,9.8476983963493687,0.0013966393889859319,6.7335279218060062
SHOnly,SH only,152,150,-20,13.892339928739169,0.0013326577609404922,6.8166386346230983
SHOnly,SH only,153,150,-30,14.999998739050708,0.0015144464559853077,7.6800897747110008
SHOnly,SH only,155,325,-45,21.090583039068701,0.00080013019032776356,8.2687697621161558
SHOnly,SH only,156,325,-30,9.9999992480583071,0.0015144464559853077,7.2898024651920812
SHOnly,SH only,158,325,-10,10.000000442464293,0.0013966393889859319,7.1915928864248038
SHOnly,SH only,159,325,0,17.963860447378917,0.0014181847218424082,6.7696028494742544
SHOnly,SH only,160,325,10,14.770837930353938,0.0013966393889859319,6.3902293930492213
SHOnly,SH only,161,325,20,17.584023511028544,0.0013326577609404922,6.7055690303231934
SHOnly,SH only,162,325,30,15.507477619497367,0.0015144464559853077,7.1082028073858474
SHOnly,SH only,163,325,45,3.5349726093893015,0.0015018255217000842,6.4862392936686355
SHOnly,SH only,164,325,60,15.294998948342053,0.0010619510430842638,6.3837319029765744
SHOnly,SH only,165,325,75,15.000000513611642,0.0005497062811627984,6.5886124244222604
SHOnly,SH only,166,145,75,15.000000513611642,0.0005497062811627984,6.5676896557024493
SHOnly,SH only,167,145,60,29.999999338596972,0.0010619510430842638,7.8201470653933143
SHOnly,SH only,168,145,45,14.999999418095857,0.0015018255217000842,8.1865552717527077
SHOnly,SH only,170,145,20,9.9999992480583071,0.0013326577609404922,7.4250380047734472
SHOnly,SH only,171,145,10,19.999999690522536,0.0013966393889859319,7.7172261156069917
SHOnly,SH only,172,145,0,17.963860447378917,0.0014181847218424082,7.6454554992439832
SHOnly,SH only,173,145,-10,14.770837930353938,0.0013966393889859319,6.9675917618640133
SHOnly,SH only,174,145,-20,17.584023511028544,0.0013326577609404922,6.9985194478195103
SHOnly,SH only,175,145,-30,15.507477619497367,0.0015144464559853077,7.8503377836525621
SHOnly,SH only,176,145,-45,3.5349726093893015,0.00080013019032776356,9.6345976502393107
SHOnly,SH only,177,320,-45,17.606967058132422,0.00080013019032776356,8.0568690611288911
SHOnly,SH only,178,320,-30,10.974800783883671,0.0015144464559853077,7.5707907501987828
SHOnly,SH only,179,320,-20,4.6982895983919564,0.0013326577609404922,7.1915053846018848
SHOnly,SH only,180,320,-10,11.101905566123458,0.0013966393889859319,7.445872107186414
SHOnly,SH only,181,320,0,20.590672409097611,0.0014181847218424082,7.1130605024953377
SHOnly,SH only,182,320,10,19.693105071764794,0.0013966393889859319,6.8285054970576873
SHOnly,SH only,183,320,20,18.782569533125056,0.0013326577609404922,7.0001574797557362
SHOnly,SH only,184,320,30,16.937618856363812,0.0015144464559853077,7.120893354358298
SHOnly,SH only,185,320,45,7.0665759174006428,0.0015018255217000842,6.7145208576125528
SHOnly,SH only,186,320,60,16.146340174030033,0.0010619510430842638,6.5067053227177185
SHOnly,SH only,187,320,75,15.000000045981704,0.0005497062811627984,6.5816332781957065
SHOnly,SH only,188,140,75,15.000000045981704,0.0005497062811627984,6.6138084712290102
SHOnly,SH only,189,140,60,30.000000754713284,0.0010619510430842638,7.8514715205228702
SHOnly,SH only,190,140,45,15.507478746963535,0.0015018255217000842,8.2466170406167816
SHOnly,SH only,191,140,30,4.3297856282053244,0.0015144464559853077,7.4159313376710427
SHOnly,SH only,192,140,20,10.974801461651374,0.0013326577609404922,7.776147426732539
SHOnly,SH only,193,140,10,20.536778438540473,0.0013966393889859319,8.126973000242014
SHOnly,SH only,194,140,0,22.268745808076812,0.0014181847218424082,8.0604015637602568
SHOnly,SH only,195,140,-10,19.693105071764794,0.0013966393889859319,7.2395739119511946
SHOnly,SH only,196,140,-20,18.782569533125056,0.0013326577609404922,7.1194018219142627
SHOnly,SH only,197,140,-30,16.937618856363812,0.0015144464559853077,8.0381082707445355
SHOnly,SH only,198,140,-45,7.0665759174006428,0.00080013019032776356,10.294593172738892
SHOnly,SH only,199,315,-45,14.106044843106213,0.00080013019032776356,7.9334365541907346
SHOnly,SH only,200,315,-30,13.481722024217131,0.0015144464559853077,7.6081527298300191
SHOnly,SH only,201,315,-20,9.3955270425035575,0.0013326577609404922,7.5550358682318519
SHOnly,SH only,202,315,-10,13.892338468968779,0.0013966393889859319,7.8663005638030912
SHOnly,SH only,203,315,0,22.268744826474858,0.0014181847218424082,7.5303165461317016
SHOnly,SH only,204,315,10,17.584022658769534,0.0013966393889859319,7.3976861102280118
SHOnly,SH only,205,315,20,14.090651603071073,0.0013326577609404922,7.2534692552545001
SHOnly,SH only,206,315,30,16.847751846686993,0.0015144464559853077,7.2458522536073815
SHOnly,SH only,207,315,45,10.591412221441374,0.0015018255217000842,6.8133475406756565
SHOnly,SH only,208,315,60,17.469139229498978,0.0010619510430842638,6.6170821080296172
SHOnly,SH only,209,315,75,15.000000759196658,0.0005497062811627984,6.581137328596526
SHOnly,SH only,210,135,75,15.000000759196658,0.0005497062811627984,6.5680877263757482
SHOnly,SH only,211,135,60,27.967953256853754,0.0010619510430842638,7.7710106568259478
SHOnly,SH only,212,135,45,16.937618541531808,0.0015018255217000842,8.1346135376233288
SHOnly,SH only,213,135,30,8.6575008924471586,0.0015144464559853077,7.7039061877614268
SHOnly,SH only,214,135,20,13.481723581082752,0.0013326577609404922,8.1097343762246528
SHOnly,SH only,215,135,10,22.068454074222679,0.0013966393889859319,8.5638500751049591
SHOnly,SH only,216,135,0,24.814217316458059,0.0014181847218424082,8.4563475788763558
SHOnly,SH only,217,135,-10,17.584022658769534,0.0013966393889859319,7.692501649814262
SHOnly,SH only,218,135,-20,14.090651603071073,0.0013326577609404922,7.5740292933932096
SHOnly,SH only,219,135,-30,16.847751846686993,0.0015144464559853077,8.5279770298070847
SHOnly,SH only,220,135,-45,10.591412221441374,0.00080013019032776356,10.948446827455703
SHOnly,SH only,221,310,-45,10.591412169898064,0.00080013019032776356,7.8678667785394047
SHOnly,SH only,222,310,-30,16.847751615755694,0.0015144464559853077,7.662382438306552
SHOnly,SH only,223,310,-20,14.090650791577101,0.0013326577609404922,8.0566156551268548
SHOnly,SH only,224,310,-10,17.584022183303819,0.0013966393889859319,8.275354477243182
SHOnly,SH only,225,310,0,22.26874569765862,0.0014181847218424082,7.899217685463495
SHOnly,SH only,226,310,10,13.892339559573843,0.0013966393889859319,7.9438093167504604
SHOnly,SH only,227,310,20,9.3955278474439847,0.0013326577609404922,7.4973298291214041
SHOnly,SH only,228,310,30,13.481722693495358,0.0015144464559853077,7.3306879239308476
SHOnly,SH only,229,310,45,14.106044861351487,0.0015018255217000842,6.9402300660815976
SHOnly,SH only,230,310,60,19.160311981928583,0.0010619510430842638,6.7168962115302744
SHOnly,SH only,231,310,75,15.000000045981704,0.0005497062811627984,6.582356283964427
SHOnly,SH only,232,130,75,15.000000045981704,0.0005497062811627984,6.5634530283388726
SHOnly,SH only,233,130,60,25.579586991885623,0.0010619510430842638,7.7234014218531675
SHOnly,SH only,234,130,45,19.080584438556169,0.0015018255217000842,8.1855879897303385
SHOnly,SH only,235,130,30,12.981060122360738,0.0015144464559853077,7.8881357859187995
SHOnly,SH only,236,130,20,16.847752970154431,0.0013326577609404922,8.4950721746680813
SHOnly,SH only,237,130,10,24.407187574190903,0.0013966393889859319,8.7659364202310552
SHOnly,SH only,238,130,0,22.26874569765862,0.0014181847218424082,8.9180903148734512
SHOnly,SH only,239,130,-10,13.892339559573843,0.0013966393889859319,8.361966622303548
SHOnly,SH only,240,130,-20,9.3955278474439847,0.0013326577609404922,8.248242985825156
SHOnly,SH only,241,130,-30,13.481722693495358,0.0015144464559853077,9.2621550107122577
SHOnly,SH only,242,130,-45,14.106044861351487,0.00080013019032776356,11.620072319537009
SHOnly,SH only,243,305,-45,7.0665737578836278,0.00080013019032776356,7.7614014891844674
SHOnly,SH only,244,305,-30,16.937618103837618,0.0015144464559853077,7.8773724393899336
SHOnly,SH only,245,305,-20,18.782571022300161,0.0013326577609404922,8.2364928693925137
SHOnly,SH only,246,305,-10,21.720794676281667,0.0013966393889859319,8.470984788842717
SHOnly,SH only,247,305,0,20.590672601212329,0.0014181847218424082,8.1214127130436875
SHOnly,SH only,248,305,10,11.101906097405333,0.0013966393889859319,8.391786522410726
SHOnly,SH only,249,305,20,4.6982881143403246,0.0013326577609404922,7.6875773070193825
SHOnly,SH only,250,305,30,10.974799216332263,0.0015144464559853077,7.4974904538344553
SHOnly,SH only,251,305,45,17.606969385403353,0.0015018255217000842,7.0226445244850364
SHOnly,SH only,252,305,60,21.124323795477249,0.0010619510430842638,6.8445570468249795
SHOnly,SH only,253,305,75,15.000000513611642,0.0005497062811627984,6.614275478112452
SHOnly,SH only,254,125,75,15.000000513611642,0.0005497062811627984,6.5153235165699561
SHOnly,SH only,255,125,60,23.283732169116558,0.0010619510430842638,7.6253798216735076
SHOnly,SH only,256,125,45,21.090580421606788,0.0015018255217000842,8.1711559976105921
SHOnly,SH only,257,125,30,17.298331880789124,0.0015144464559853077,8.0226266399615564
SHOnly,SH only,258,125,20,20.653637823309932,0.0013326577609404922,8.6337354172286567
SHOnly,SH only,259,125,10,19.693105582230331,0.0013966393889859319,8.9581338360643361
SHOnly,SH only,260,125,0,20.590672601212329,0.0014181847218424082,9.2437259063122372
SHOnly,SH only,261,125,-10,11.101906097405333,0.0013966393889859319,8.9380460172599214
SHOnly,SH only,262,125,-20,4.6982881143403246,0.0013326577609404922,9.1786871619170523
SHOnly,SH only,263,125,-30,10.974799216332263,0.0015144464559853077,10.182323453908715
SHOnly,SH only,264,125,-45,17.606969385403353,0.00080013019032776356,12.148366894738684
SHOnly,SH only,265,300,-45,3.5349723672764939,0.00080013019032776356,7.2912408277764857
SHOnly,SH only,266,300,-30,15.507477882749432,0.0015144464559853077,8.1762361665325578
SHOnly,SH only,267,300,-20,21.720797258522222,0.0013326577609404922,8.5667702734179105
SHOnly,SH only,268,300,-10,19.693102264372424,0.0013966393889859319,8.4515616546606065
SHOnly,SH only,269,300,0,20.000001081696542,0.0014181847218424082,8.1662660841956853
SHOnly,SH only,270,300,10,10.000001188003743,0.0013966393889859319,8.7157861054145478
SHOnly,SH only,272,300,30,9.999999029626526,0.0015144464559853077,7.54903357376819
SHOnly,SH only,273,300,45,21.09058345153683,0.0015018255217000842,7.1137100664620769
SHOnly,SH only,274,300,60,23.283732956340483,0.0010619510430842638,6.9964784021095632
SHOnly,SH only,275,300,75,14.999999926042548,0.0005497062811627984,6.6714043956934548
SHOnly,SH only,276,120,75,14.999999926042548,0.0005497062811627984,6.4575384156991413
SHOnly,SH only,277,120,60,21.124323816652065,0.0010619510430842638,7.6103882138762051
SHOnly,SH only,278,120,45,17.606966457268481,0.0015018255217000842,8.0420487165454482
SHOnly,SH only,279,120,30,21.607104488938131,0.0015144464559853077,8.2096432672220825
SHOnly,SH only,280,120,20,17.584023920930079,0.0013326577609404922,8.7676524392895363
SHOnly,SH only,281,120,10,14.770834162524009,0.0013966393889859319,9.1437054346673623
SHOnly,SH only,282,120,0,17.963860119699778,0.0014181847218424082,9.5645252310264688
SHOnly,SH only,283,120,-10,10.000001188003743,0.0013966393889859319,9.483752757077168
SHOnly,SH only,285,120,-30,9.999999029626526,0.0015144464559853077,10.870099373511216
SHOnly,SH only,286,120,-45,21.09058345153683,0.00080013019032776356,12.465587690113038
SHOnly,SH only,288,295,-30,14.999999968681948,0.0015144464559853077,8.5477443043055086
SHOnly,SH only,289,295,-20,17.584023688118002,0.0013326577609404922,8.8001622670910074
SHOnly,SH only,290,295,-10,14.7708350451899,0.0013966393889859319,8.343170316786324
SHOnly,SH only,291,295,0,17.963859654834859,0.0014181847218424082,8.2135848828802036
SHOnly,SH only,292,295,10,11.101906323216596,0.0013966393889859319,9.0667156448833879
SHOnly,SH only,293,295,20,4.6982885557778449,0.0013326577609404922,8.3051572443199895
SHOnly,SH only,294,295,30,10.974800180129701,0.0015144464559853077,7.6587136876950686
SHOnly,SH only,295,295,45,21.09058089744196,0.0015018255217000842,7.1812458501448893
SHOnly,SH only,296,295,60,23.283731703845064,0.0010619510430842638,7.1061161278655938
SHOnly,SH only,297,295,75,15.000000037063414,0.0005497062811627984,6.7436947117678594
SHOnly,SH only,298,115,75,15.000000037063414,0.0005497062811627984,6.3980788407554172
SHOnly,SH only,299,115,60,19.1603114048904,0.0010619510430842638,7.5254552593959314
SHOnly,SH only,300,115,45,14.106044049359161,0.0015018255217000842,7.8189129776333894
SHOnly,SH only,301,115,30,21.721268937441273,0.0015144464559853077,8.2872699123062397
SHOnly,SH only,302,115,20,13.892339676756846,0.0013326577609404922,8.8754704501555732
SHOnly,SH only,303,115,10,9.8476988264340477,0.0013966393889859319,9.2668471984319858
SHOnly,SH only,304,115,0,14.106043681994763,0.0014181847218424082,9.639092537481373
SHOnly,SH only,305,115,-10,11.101906323216596,0.0013966393889859319,9.8552853695212708
SHOnly,SH only,306,115,-20,4.6982885557778449,0.0013326577609404922,10.261963795894697
SHOnly,SH only,307,115,-30,10.974800180129701,0.0015144464559853077,11.361276417994997
SHOnly,SH only,308,115,-45,24.553175192197251,0.00080013019032776356,12.621994466660755
SHOnly,SH only,309,290,-45,3.5349729711425013,0.00080013019032776356,7.3212300481005625
SHOnly,SH only,310,290,-30,15.507476946310584,0.0015144464559853077,8.7764599732331998
SHOnly,SH only,311,290,-20,13.892338343524369,0.0013326577609404922,8.9565112453441635
SHOnly,SH only,312,290,-10,9.8476990078007134,0.0013966393889859319,8.1531785750613039
SHOnly,SH only,313,290,0,14.106044537805667,0.0014181847218424082,8.3235281046007135
SHOnly,SH only,314,290,10,13.892339928739169,0.0013966393889859319,9.4000230701967915
SHOnly,SH only,315,290,20,9.3955278431111164,0.0013326577609404922,8.5111248993028976
SHOnly,SH only,316,290,30,13.481723153110721,0.0015144464559853077,7.8159174857101075
SHOnly,SH only,317,290,45,17.606966632428144,0.0015018255217000842,7.2317927018734656
SHOnly,SH only,318,290,60,21.124323628857301,0.0010619510430842638,7.2359273228328069
SHOnly,SH only,319,290,75,15.000000080789578,0.0005497062811627984,6.8116539685787503
SHOnly,SH only,320,110,75,15.000000080789578,0.0005497062811627984,6.3745311200099559
SHOnly,SH only,321,110,60,17.469138507459274,0.0010619510430842638,7.2972396094892025
SHOnly,SH only,322,110,45,10.591410810340577,0.0015018255217000842,7.7637293957545408
SHOnly,SH only,323,110,30,19.080583258701811,0.0015144464559853077,8.5033765278321898
SHOnly,SH only,324,110,20,11.101904792308432,0.0013326577609404922,8.775402216371619
SHOnly,SH only,325,110,10,4.923991137574113,0.0013966393889859319,8.886469680653283
SHOnly,SH only,326,110,0,11.168952764252944,0.0014181847218424082,9.640389086776036
SHOnly,SH only,327,110,-10,13.892339928739169,0.0013966393889859319,10.173872322156168
SHOnly,SH only,328,110,-20,9.3955278431111164,0.0013326577609404922,10.533628193022098
SHOnly,SH only,329,110,-30,13.481723153110721,0.0015144464559853077,11.617421503237068
SHOnly,SH only,330,110,-45,26.335321932194201,0.00080013019032776356,12.568319870767676
SHOnly,SH only,331,285,-45,7.066573973819299,0.00080013019032776356,7.9108603470804839
SHOnly,SH only,332,285,-30,16.937618364774703,0.0015144464559853077,9.3933371319770647
SHOnly,SH only,333,285,-20,11.101905237270087,0.0013326577609404922,9.1573948243873975
SHOnly,SH only,334,285,-10,4.923991597886185,0.0013966393889859319,8.0271176861276796
SHOnly,SH only,335,285,0,11.168952776943851,0.0014181847218424082,8.1694133565517824
SHOnly,SH only,336,285,10,17.584023920930079,0.0013966393889859319,9.61207296330325
SHOnly,SH only,337,285,20,14.090652882944042,0.0013326577609404922,8.5819925867507365
SHOnly,SH only,338,285,30,16.847753664559015,0.0015144464559853077,7.8365688349317404
SHOnly,SH only,339,285,45,14.106044534968714,0.0015018255217000842,7.3554675647464167
SHOnly,SH only,340,285,60,19.16031220270019,0.0010619510430842638,7.3239923423036579
SHOnly,SH only,341,285,75,15.000000205801689,0.0005497062811627984,6.8281883361502791
SHOnly,SH only,342,105,75,15.000000205801689,0.0005497062811627984,6.3450686889173085
SHOnly,SH only,343,105,60,16.146339982767262,0.0010619510430842638,7.0536383579929716
SHOnly,SH only,344,105,45,7.0665746820713302,0.0015018255217000842,7.7693883314959775
SHOnly,SH only,345,105,30,16.937617826182553,0.0015144464559853077,8.42297953764146
SHOnly,SH only,346,105,20,10.000001042231721,0.0013326577609404922,8.5295879562009684
SHOnly,SH only,348,105,0,9.9999997713238429,0.0014181847218424082,9.3545080310931397
SHOnly,SH only,349,105,-10,17.584023920930079,0.0013966393889859319,9.9384196660961539
SHOnly,SH only,350,105,-20,14.090652882944042,0.0013326577609404922,10.622704738560603
SHOnly,SH only,351,105,-30,16.847753664559015,0.0015144464559853077,11.641878380107086
SHOnly,SH only,352,105,-45,27.912101967116733,0.00080013019032776356,12.414237543432661
SHOnly,SH only,353,280,-45,10.591410568697148,0.00080013019032776356,8.8053346611419006
SHOnly,SH only,354,280,-30,19.080584560230658,0.0015144464559853077,9.913489070635217
SHOnly,SH only,355,280,-20,10.000000312474459,0.0013326577609404922,9.2947646618827218
SHOnly,SH only,357,280,0,10.000000063334213,0.0014181847218424082,8.0755434324786393
SHOnly,SH only,358,280,10,20.000000126668425,0.0013966393889859319,9.4726660508718705
SHOnly,SH only,359,280,20,18.782572356704865,0.0013326577609404922,8.5758180238815225
SHOnly,SH only,360,280,30,19.080583769633087,0.0015144464559853077,7.8906136630590931
SHOnly,SH only,361,280,45,10.591411252424974,0.0015018255217000842,7.4287899303549016
SHOnly,SH only,362,280,60,17.46913876234531,0.0010619510430842638,7.395599780318971
SHOnly,SH only,363,280,75,15.000000876882917,0.0005497062811627984,6.8413591908680127
SHOnly,SH only,364,100,75,15.000000876882917,0.0005497062811627984,6.3985236404843588
SHOnly,SH only,365,100,60,15.294999564249215,0.0010619510430842638,6.9088289999908348
SHOnly,SH only,366,100,45,3.5349730246201427,0.0015018255217000842,7.7587456206160859
SHOnly,SH only,367,100,30,15.507478063998745,0.0015144464559853077,8.3452129504510388
SHOnly,SH only,368,100,20,11.101905383875703,0.0013326577609404922,8.2246927224053579
SHOnly,SH only,369,100,10,4.923991597886185,0.0013966393889859319,8.7223240272177307
SHOnly,SH only,370,100,0,11.168952618752609,0.0014181847218424082,8.8913328336705515
SHOnly,SH only,371,100,-10,19.693104520766859,0.0013966393889859319,9.6797341608244682
SHOnly,SH only,372,100,-20,18.782572356704865,0.0013326577609404922,10.69262350495721
SHOnly,SH only,373,100,-30,20.653638018260867,0.0015144464559853077,11.845921848108464
SHOnly,SH only,374,100,-45,24.553173207647458,0.00080013019032776356,11.852440803762336
SHOnly,SH only,375,275,-45,14.106044049359161,0.00080013019032776356,9.545091414199117
SHOnly,SH only,376,275,-30,20.53677829030493,0.0015144464559853077,10.197556804768942
SHOnly,SH only,377,275,-20,11.101905198345321,0.0013326577609404922,9.6513872620793695
SHOnly,SH only,378,275,-10,4.9239920503845713,0.0013966393889859319,8.1393661323164519
SHOnly,SH only,379,275,0,11.16895302052127,0.0014181847218424082,8.2221464116142933
SHOnly,SH only,380,275,10,19.69310407722487,0.0013966393889859319,9.3994589851244328
SHOnly,SH only,381,275,20,21.720796852149238,0.0013326577609404922,8.0954835933759828
SHOnly,SH only,382,275,30,16.937617453527647,0.0015144464559853077,8.1421751625158105
SHOnly,SH only,383,275,45,7.0665743376950143,0.0015018255217000842,7.5284263952834465
SHOnly,SH only,384,275,60,16.146339106920092,0.0010619510430842638,7.5137370983249836
SHOnly,SH only,385,275,75,15.000000519710634,0.0005497062811627984,6.8607113841696155
SHOnly,SH only,386,95,75,15.000000519710634,0.0005497062811627984,6.3916097912186958
SHOnly,SH only,387,95,60,14.999999903155175,0.0010619510430842638,6.7888537111020808
SHOnly,SH only,389,95,30,14.999998860864325,0.0015144464559853077,8.4027687422464865
SHOnly,SH only,390,95,20,13.892339311357045,0.0013326577609404922,8.3297183525824394
SHOnly,SH only,391,95,10,9.8476999267451841,0.0013966393889859319,8.9381716258841486
SHOnly,SH only,392,95,0,14.106044325762864,0.0014181847218424082,8.7093966991591358
SHOnly,SH only,393,95,-10,14.770835961042275,0.0013966393889859319,9.0899312598738433
SHOnly,SH only,394,95,-20,17.584023136331574,0.0013326577609404922,10.536886049086563
SHOnly,SH only,395,95,-30,24.40718811313571,0.0015144464559853077,11.379971363907812
SHOnly,SH only,396,95,-45,21.09058089744196,0.00080013019032776356,11.316676876740997
SHOnly,SH only,397,270,-45,17.606966600082263,0.00080013019032776356,10.302815622188033
SHOnly,SH only,398,270,-30,22.068454646158248,0.0015144464559853077,10.884750016335285
SHOnly,SH only,399,270,-20,13.892339141059953,0.0013326577609404922,9.9409029231313539
SHOnly,SH only,400,270,-10,9.8476998269605698,0.0013966393889859319,8.624831736517967
SHOnly,SH only,401,270,0,14.106044534885925,0.0014181847218424082,8.3092596346461285
SHOnly,SH only,402,270,10,14.770836052664333,0.0013966393889859319,8.9521799290049717
SHOnly,SH only,403,270,20,17.584023579682643,0.0013326577609404922,7.7445821227854319
SHOnly,SH only,404,270,30,15.507477087468549,0.0015144464559853077,8.2972143684036741
SHOnly,SH only,405,270,45,3.5349727355105256,0.0015018255217000842,7.4326118366601666
SHOnly,SH only,406,270,60,15.294998954736444,0.0010619510430842638,7.5552252184246944
SHOnly,SH only,407,270,75,15.000000120055846,0.0005497062811627984,6.8813545597766428
SHOnly,SH only,408,90,75,15.000000120055846,0.0005497062811627984,6.3583322426243427
SHOnly,SH only,409,90,60,15.294998954736444,0.0010619510430842638,6.743049781478363
SHOnly,SH only,410,90,45,3.5349727355105256,0.0015018255217000842,7.4773824109938776
SHOnly,SH only,411,90,30,15.507477087468549,0.0015144464559853077,8.2932463103954035
SHOnly,SH only,412,90,20,17.584023579682643,0.0013326577609404922,8.5880912190093746
SHOnly,SH only,413,90,10,14.770836052664333,0.0013966393889859319,9.2046899757033422
SHOnly,SH only,414,90,0,14.106044534885925,0.0014181847218424082,8.399915000788134
SHOnly,SH only,415,90,-10,9.8476998269605698,0.0013966393889859319,8.7601114343932736
SHOnly,SH only,416,90,-20,13.892339141059953,0.0013326577609404922,10.261182574384351
SHOnly,SH only,417,90,-30,22.068454646158248,0.0015144464559853077,11.010209799232562
SHOnly,SH only,418,90,-45,17.606966600082263,0.00080013019032776356,10.487555964075948
SHOnly,SH only,419,265,-45,21.09058089744196,0.00080013019032776356,11.17614954109553
SHOnly,SH only,420,265,-30,24.40718811313571,0.0015144464559853077,11.267533881334048
SHOnly,SH only,421,265,-20,17.584023136331574,0.0013326577609404922,10.046401201589871
SHOnly,SH only,422,265,-10,14.770835961042275,0.0013966393889859319,9.1080003535453109
SHOnly,SH only,423,265,0,14.106044325762864,0.0014181847218424082,8.6276315922495126
SHOnly,SH only,424,265,10,9.8476999267451841,0.0013966393889859319,8.5450049241636687
SHOnly,SH only,425,265,20,13.892339311357045,0.0013326577609404922,7.5819195578945768
SHOnly,SH only,426,265,30,14.999998860864325,0.0015144464559853077,8.3615823810358059
SHOnly,SH only,428,265,60,14.999999903155175,0.0010619510430842638,7.5594980695710809
SHOnly,SH only,429,265,75,15.000000519710634,0.0005497062811627984,6.8389604980034298
SHOnly,SH only,430,85,75,15.000000519710634,0.0005497062811627984,6.4229084691214808
SHOnly,SH only,431,85,60,16.146339106920092,0.0010619510430842638,6.6502731929296397
SHOnly,SH only,432,85,45,7.0665743376950143,0.0015018255217000842,7.5222692322578437
SHOnly,SH only,433,85,30,16.937617453527647,0.0015144464559853077,8.342939776852166
SHOnly,SH only,434,85,20,21.720796852149238,0.0013326577609404922,8.7941460021315461
SHOnly,SH only,435,85,10,19.69310407722487,0.0013966393889859319,9.2200272206851732
SHOnly,SH only,436,85,0,11.16895302052127,0.0014181847218424082,8.2780460083420291
SHOnly,SH only,437,85,-10,4.9239920503845713,0.0013966393889859319,8.5163282020794142
SHOnly,SH only,438,85,-20,11.101905198345321,0.0013326577609404922,9.991897371800933
SHOnly,SH only,439,85,-30,20.53677829030493,0.0015144464559853077,10.595661387883093
SHOnly,SH only,440,85,-45,14.106044049359161,0.00080013019032776356,9.7848587437109149
SHOnly,SH only,441,260,-45,24.553173207647458,0.00080013019032776356,11.914331845567135
SHOnly,SH only,442,260,-30,20.653638018260867,0.0015144464559853077,11.396560283263135
SHOnly,SH only,443,260,-20,18.782572356704865,0.0013326577609404922,10.483588943550634
SHOnly,SH only,444,260,-10,19.693104520766859,0.0013966393889859319,9.9354674402745982
SHOnly,SH only,445,260,0,11.168952618752609,0.0014181847218424082,8.9312058193111703
SHOnly,SH only,446,260,10,4.923991597886185,0.0013966393889859319,8.4204178296933421
SHOnly,SH only,447,260,20,11.101905383875703,0.0013326577609404922,8.1863808650459262
SHOnly,SH only,448,260,30,15.507478063998745,0.0015144464559853077,8.2597759694659754
SHOnly,SH only,449,260,45,3.5349730246201427,0.0015018255217000842,7.4745643757807239
SHOnly,SH only,450,260,60,15.294999564249215,0.0010619510430842638,7.5821084451745202
SHOnly,SH only,451,260,75,15.000000876882917,0.0005497062811627984,6.8819158651531982
SHOnly,SH only,452,80,75,15.000000876882917,0.0005497062811627984,6.4210211132772539
SHOnly,SH only,453,80,60,17.46913876234531,0.0010619510430842638,6.6121514098542722
SHOnly,SH only,454,80,45,10.591411252424974,0.0015018255217000842,7.350183113280635
SHOnly,SH only,455,80,30,19.080583769633087,0.0015144464559853077,8.1284005492938078
SHOnly,SH only,456,80,20,18.782572356704865,0.0013326577609404922,8.7933119576053898
SHOnly,SH only,457,80,10,20.000000126668425,0.0013966393889859319,9.4585474660634805
SHOnly,SH only,458,80,0,10.000000063334213,0.0014181847218424082,8.5712021149945361
SHOnly,SH only,460,80,-20,10.000000312474459,0.0013326577609404922,9.5276259978110591
SHOnly,SH only,461,80,-30,19.080584560230658,0.0015144464559853077,9.995425810307724
SHOnly,SH only,462,80,-45,10.591410568697148,0.00080013019032776356,9.0383047233609677
SHOnly,SH only,463,255,-45,27.912101967116733,0.00080013019032776356,12.453378153768522
SHOnly,SH only,464,255,-30,16.847753664559015,0.0015144464559853077,11.647937812575083
SHOnly,SH only,465,255,-20,14.090652882944042,0.0013326577609404922,10.489528180232583
SHOnly,SH only,466,255,-10,17.584023920930079,0.0013966393889859319,10.356379652260475
SHOnly,SH only,467,255,0,9.9999997713238429,0.0014181847218424082,9.387465938355648
SHOnly,SH only,469,255,20,10.000001042231721,0.0013326577609404922,8.8737973426635381
SHOnly,SH only,470,255,30,16.937617826182553,0.0015144464559853077,8.2974053423610759
SHOnly,SH only,471,255,45,7.0665746820713302,0.0015018255217000842,7.4314072122735828
SHOnly,SH only,472,255,60,16.146339982767262,0.0010619510430842638,7.6750740787555793
SHOnly,SH only,473,255,75,15.000000205801689,0.0005497062811627984,6.8426488361864237
SHOnly,SH only,474,75,75,15.000000205801689,0.0005497062811627984,6.476567091804899
SHOnly,SH only,475,75,60,19.16031220270019,0.0010619510430842638,6.5516401719469419
SHOnly,SH only,476,75,45,14.106044534968714,0.0015018255217000842,7.1165527926685934
SHOnly,SH only,477,75,30,16.847753664559015,0.0015144464559853077,7.9112694750336878
SHOnly,SH only,478,75,20,14.090652882944042,0.0013326577609404922,8.7641175436432821
SHOnly,SH only,479,75,10,17.584023920930079,0.0013966393889859319,9.6314213309730157
SHOnly,SH only,480,75,0,11.168952776943851,0.0014181847218424082,8.544308160843773
SHOnly,SH only,481,75,-10,4.923991597886185,0.0013966393889859319,8.3214254627852835
SHOnly,SH only,482,75,-20,11.101905237270087,0.0013326577609404922,9.3635342525315313
SHOnly,SH only,483,75,-30,16.937618364774703,0.0015144464559853077,9.4199667504104383
SHOnly,SH only,484,75,-45,7.066573973819299,0.00080013019032776356,8.1619052049164384
SHOnly,SH only,485,250,-45,26.335321932194201,0.00080013019032776356,12.868040634497392
SHOnly,SH only,486,250,-30,13.481723153110721,0.0015144464559853077,11.774404411652778
SHOnly,SH only,487,250,-20,9.3955278431111164,0.0013326577609404922,10.542729118630074
SHOnly,SH only,488,250,-10,13.892339928739169,0.0013966393889859319,10.335915152310031
SHOnly,SH only,489,250,0,11.168952764252944,0.0014181847218424082,9.7243689885208227
SHOnly,SH only,490,250,10,4.923991137574113,0.0013966393889859319,9.3541898494979048
SHOnly,SH only,491,250,20,11.101904792308432,0.0013326577609404922,9.0206008540363811
SHOnly,SH only,492,250,30,19.080583258701811,0.0015144464559853077,8.4106307317162177
SHOnly,SH only,493,250,45,10.591410810340577,0.0015018255217000842,7.5137270131809677
SHOnly,SH only,494,250,60,17.469138507459274,0.0010619510430842638,7.8193508230677002
SHOnly,SH only,495,250,75,15.000000080789578,0.0005497062811627984,6.8220556361890434
SHOnly,SH only,496,70,75,15.000000080789578,0.0005497062811627984,6.4744091550703819
SHOnly,SH only,497,70,60,21.124323628857301,0.0010619510430842638,6.4970593669486467
SHOnly,SH only,498,70,45,17.606966632428144,0.0015018255217000842,7.0329881562202763
SHOnly,SH only,499,70,30,13.481723153110721,0.0015144464559853077,7.6654181038672959
SHOnly,SH only,500,70,20,9.3955278431111164,0.0013326577609404922,8.4998313093713005
SHOnly,SH only,501,70,10,13.892339928739169,0.0013966393889859319,9.3424316252002075
SHOnly,SH only,502,70,0,14.106044537805667,0.0014181847218424082,8.533386199633
SHOnly,SH only,503,70,-10,9.8476990078007134,0.0013966393889859319,8.5134554371562938
SHOnly,SH only,504,70,-20,13.892338343524369,0.0013326577609404922,9.0230100123467167
SHOnly,SH only,505,70,-30,15.507476946310584,0.0015144464559853077,8.895528515483333
SHOnly,SH only,506,70,-45,3.5349729711425013,0.00080013019032776356,7.4493116862773636
SHOnly,SH only,507,245,-45,24.553175192197251,0.00080013019032776356,13.205327118524581
SHOnly,SH only,508,245,-30,10.974800180129701,0.0015144464559853077,11.627945990195775
SHOnly,SH only,509,245,-20,4.6982885557778449,0.0013326577609404922,10.360254795076875
SHOnly,SH only,510,245,-10,11.101906323216596,0.0013966393889859319,10.243568799897625
SHOnly,SH only,511,245,0,14.106043681994763,0.0014181847218424082,9.8818244993078608
SHOnly,SH only,512,245,10,9.8476988264340477,0.0013966393889859319,9.5330734619470139
SHOnly,SH only,513,245,20,13.892339676756846,0.0013326577609404922,9.2106484825372945
SHOnly,SH only,514,245,30,21.721268937441273,0.0015144464559853077,8.5168343774350017
SHOnly,SH only,515,245,45,14.106044049359161,0.0015018255217000842,7.6188728062994269
SHOnly,SH only,516,245,60,19.1603114048904,0.0010619510430842638,7.8360018879594628
SHOnly,SH only,517,245,75,15.000000037063414,0.0005497062811627984,6.8183457931873024
SHOnly,SH only,518,65,75,15.000000037063414,0.0005497062811627984,6.4616978675379162
SHOnly,SH only,519,65,60,23.283731703845064,0.0010619510430842638,6.5033628870074951
SHOnly,SH only,520,65,45,21.09058089744196,0.0015018255217000842,7.0300246962752757
SHOnly,SH only,521,65,30,10.974800180129701,0.0015144464559853077,7.4474962608932174
SHOnly,SH only,522,65,20,4.6982885557778449,0.0013326577609404922,8.0965298256663161
SHOnly,SH only,523,65,10,11.101906323216596,0.0013966393889859319,8.9755801510165938
SHOnly,SH only,524,65,0,17.963859654834859,0.0014181847218424082,8.5130809420357121
SHOnly,SH only,525,65,-10,14.7708350451899,0.0013966393889859319,8.3911259487164926
SHOnly,SH only,526,65,-20,17.584023688118002,0.0013326577609404922,8.8130759914624157
SHOnly,SH only,527,65,-30,14.999999968681948,0.0015144464559853077,8.5697492109415965
SHOnly,SH only,529,240,-45,21.09058345153683,0.00080013019032776356,13.146902975032287
SHOnly,SH only,530,240,-30,9.999999029626526,0.0015144464559853077,11.316626825760309
SHOnly,SH only,532,240,-10,10.000001188003743,0.0013966393889859319,9.8251711734892258
SHOnly,SH only,533,240,0,17.963860119699778,0.0014181847218424082,9.7744606565120602
SHOnly,SH only,534,240,10,14.770834162524009,0.0013966393889859319,9.4635094269359357
SHOnly,SH only,535,240,20,17.584023920930079,0.0013326577609404922,9.012638406432723
SHOnly,SH only,536,240,30,21.607104488938131,0.0015144464559853077,8.3817520949794346
SHOnly,SH only,537,240,45,17.606966457268481,0.0015018255217000842,7.8349376713747461
SHOnly,SH only,538,240,60,21.124323816652065,0.0010619510430842638,7.8735148299903503
SHOnly,SH only,539,240,75,14.999999926042548,0.0005497062811627984,6.7953745421977603
SHOnly,SH only,540,60,75,14.999999926042548,0.0005497062811627984,6.4874195328141075
SHOnly,SH only,541,60,60,23.283732956340483,0.0010619510430842638,6.4939937375383749
SHOnly,SH only,542,60,45,21.09058345153683,0.0015018255217000842,7.073153188853964
SHOnly,SH only,543,60,30,9.999999029626526,0.0015144464559853077,7.3175812900092287
SHOnly,SH only,545,60,10,10.000001188003743,0.0013966393889859319,8.6415737295648789
SHOnly,SH only,546,60,0,20.000001081696542,0.0014181847218424082,8.4931299752941136
SHOnly,SH only,547,60,-10,19.693102264372424,0.0013966393889859319,8.3527703810096785
SHOnly,SH only,548,60,-20,21.720797258522222,0.0013326577609404922,8.6031339225579622
SHOnly,SH only,549,60,-30,15.507477882749432,0.0015144464559853077,8.1641971756033147
SHOnly,SH only,550,60,-45,3.5349723672764939,0.00080013019032776356,7.504488000580694
SHOnly,SH only,551,235,-45,17.606969385403353,0.00080013019032776356,12.714619654210411
SHOnly,SH only,552,235,-30,10.974799216332263,0.0015144464559853077,10.489298204605122
SHOnly,SH only,553,235,-20,4.6982881143403246,0.0013326577609404922,9.1531478901785039
SHOnly,SH only,554,235,-10,11.101906097405333,0.0013966393889859319,9.3890961860885831
SHOnly,SH only,555,235,0,20.590672601212329,0.0014181847218424082,9.616560316053322
SHOnly,SH only,556,235,10,19.693105582230331,0.0013966393889859319,9.0725186019621606
SHOnly,SH only,557,235,20,20.653637823309932,0.0013326577609404922,8.8359877203716621
SHOnly,SH only,558,235,30,17.298331880789124,0.0015144464559853077,8.1200558933615259
SHOnly,SH only,559,235,45,21.090580421606788,0.0015018255217000842,7.8476518601880825
SHOnly,SH only,560,235,60,23.283732169116558,0.0010619510430842638,7.9306533449319323
SHOnly,SH only,561,235,75,15.000000513611642,0.0005497062811627984,6.6972041602227055
SHOnly,SH only,562,55,75,15.000000513611642,0.0005497062811627984,6.4882986849784938
SHOnly,SH only,563,55,60,21.124323795477249,0.0010619510430842638,6.4559626900956024
SHOnly,SH only,564,55,45,17.606969385403353,0.0015018255217000842,7.0616942807456544
SHOnly,SH only,565,55,30,10.974799216332263,0.0015144464559853077,7.279076777118985
SHOnly,SH only,566,55,20,4.6982881143403246,0.0013326577609404922,7.6244452090034205
SHOnly,SH only,567,55,10,11.101906097405333,0.0013966393889859319,8.2445691250555146
SHOnly,SH only,568,55,0,20.590672601212329,0.0014181847218424082,8.3779027872854392
SHOnly,SH only,569,55,-10,21.720794676281667,0.0013966393889859319,8.3314691049910383
SHOnly,SH only,570,55,-20,18.782571022300161,0.0013326577609404922,8.4186912774391693
SHOnly,SH only,571,55,-30,16.937618103837618,0.0015144464559853077,8.0178951868152222
SHOnly,SH only,572,55,-45,7.0665737578836278,0.00080013019032776356,7.6692576750490735
SHOnly,SH only,573,230,-45,14.106044861351487,0.00080013019032776356,12.110304527266857
SHOnly,SH only,574,230,-30,13.481722693495358,0.0015144464559853077,9.7567436938346344
SHOnly,SH only,575,230,-20,9.3955278474439847,0.0013326577609404922,8.405318797835637
SHOnly,SH only,576,230,-10,13.892339559573843,0.0013966393889859319,8.7594955115885416
SHOnly,SH only,577,230,0,22.26874569765862,0.0014181847218424082,9.038694990831603
SHOnly,SH only,578,230,10,24.407187574190903,0.0013966393889859319,8.7575624846991715
SHOnly,SH only,579,230,20,16.847752970154431,0.0013326577609404922,8.5240583816312725
SHOnly,SH only,580,230,30,12.981060122360738,0.0015144464559853077,7.8313411315414188
SHOnly,SH only,581,230,45,19.080584438556169,0.0015018255217000842,7.9248383237527156
SHOnly,SH only,582,230,60,25.579586991885623,0.0010619510430842638,7.9760970469595085
SHOnly,SH only,583,230,75,15.000000045981704,0.0005497062811627984,6.6759257465372706
SHOnly,SH only,584,50,75,15.000000045981704,0.0005497062811627984,6.4677081200086484
SHOnly,SH only,585,50,60,19.160311981928583,0.0010619510430842638,6.3945662314782679
SHOnly,SH only,586,50,45,14.106044861351487,0.0015018255217000842,6.988184783555349
SHOnly,SH only,587,50,30,13.481722693495358,0.0015144464559853077,7.360958317485589
SHOnly,SH only,588,50,20,9.3955278474439847,0.0013326577609404922,7.4744889912278305
SHOnly,SH only,589,50,10,13.892339559573843,0.0013966393889859319,7.951629271062882
SHOnly,SH only,590,50,0,22.26874569765862,0.0014181847218424082,8.0973521179092884
SHOnly,SH only,591,50,-10,17.584022183303819,0.0013966393889859319,8.1709797995376441
SHOnly,SH only,592,50,-20,14.090650791577101,0.0013326577609404922,8.1934218808763557
SHOnly,SH only,593,50,-30,16.847751615755694,0.0015144464559853077,7.8004071466122618
SHOnly,SH only,594,50,-45,10.591412169898064,0.00080013019032776356,7.9211355747454197
SHOnly,SH only,595,225,-45,10.591412221441374,0.00080013019032776356,11.349300292764177
SHOnly,SH only,596,225,-30,16.847751846686993,0.0015144464559853077,8.9617267844493842
SHOnly,SH only,597,225,-20,14.090651603071073,0.0013326577609404922,7.8604196198203402
SHOnly,SH only,598,225,-10,17.584022658769534,0.0013966393889859319,8.0494939428620658
SHOnly,SH only,599,225,0,24.814217316458059,0.0014181847218424082,8.487151472618045
SHOnly,SH only,600,225,10,22.068454074222679,0.0013966393889859319,8.3562773302212197
SHOnly,SH only,601,225,20,13.481723581082752,0.0013326577609404922,8.0704741957776331
SHOnly,SH only,602,225,30,8.6575008924471586,0.0015144464559853077,7.4725998566458793
SHOnly,SH only,603,225,45,16.937618541531808,0.0015018255217000842,8.0322347771832359
SHOnly,SH only,604,225,60,27.967953256853754,0.0010619510430842638,7.9706665716777074
SHOnly,SH only,605,225,75,15.000000759196658,0.0005497062811627984,6.7186149135978432
SHOnly,SH only,606,45,75,15.000000759196658,0.0005497062811627984,6.4515435143248476
SHOnly,SH only,607,45,60,17.469139229498978,0.0010619510430842638,6.3688443520124682
SHOnly,SH only,608,45,45,10.591412221441374,0.0015018255217000842,6.7995713660920245
SHOnly,SH only,609,45,30,16.847751846686993,0.0015144464559853077,7.2419021388975811
SHOnly,SH only,610,45,20,14.090651603071073,0.0013326577609404922,7.3170063364404969
SHOnly,SH only,611,45,10,17.584022658769534,0.0013966393889859319,7.6300797434354877
SHOnly,SH only,612,45,0,22.268744826474858,0.0014181847218424082,7.6755259797426838
SHOnly,SH only,613,45,-10,13.892338468968779,0.0013966393889859319,7.7067450318283761
SHOnly,SH only,614,45,-20,9.3955270425035575,0.0013326577609404922,7.6525866001624623
SHOnly,SH only,615,45,-30,13.481722024217131,0.0015144464559853077,7.5907114924909678
SHOnly,SH only,616,45,-45,14.106044843106213,0.00080013019032776356,8.1506383340110897
SHOnly,SH only,617,220,-45,7.0665759174006428,0.00080013019032776356,10.57447233279815
SHOnly,SH only,618,220,-30,16.937618856363812,0.0015144464559853077,8.4053329211604026
SHOnly,SH only,619,220,-20,18.782569533125056,0.0013326577609404922,7.5262338882185054
SHOnly,SH only,620,220,-10,19.693105071764794,0.0013966393889859319,7.5314921285237952
SHOnly,SH only,621,220,0,22.268745808076812,0.0014181847218424082,7.9129954126462021
SHOnly,SH only,622,220,10,20.536778438540473,0.0013966393889859319,7.903960213411219
SHOnly,SH only,623,220,20,10.974801461651374,0.0013326577609404922,7.7461983502628557
SHOnly,SH only,624,220,30,4.3297856282053244,0.0015144464559853077,7.1948735676182016
SHOnly,SH only,625,220,45,15.507478746963535,0.0015018255217000842,8.031717769314568
SHOnly,SH only,626,220,60,30.000000754713284,0.0010619510430842638,8.0056704383437012
SHOnly,SH only,627,220,75,15.000000045981704,0.0005497062811627984,6.6855396722432001
SHOnly,SH only,628,40,75,15.000000045981704,0.0005497062811627984,6.4216485996766188
SHOnly,SH only,629,40,60,16.146340174030033,0.0010619510430842638,6.299969484729977
SHOnly,SH only,630,40,45,7.0665759174006428,0.0015018255217000842,6.5485924986710442
SHOnly,SH only,631,40,30,16.937618856363812,0.0015144464559853077,7.0898022118099764
SHOnly,SH only,632,40,20,18.782569533125056,0.0013326577609404922,7.0190482233065543
SHOnly,SH only,633,40,10,19.693105071764794,0.0013966393889859319,7.1879669714463112
SHOnly,SH only,634,40,0,20.590672409097611,0.0014181847218424082,7.1848010376876008
SHOnly,SH only,635,40,-10,11.101905566123458,0.0013966393889859319,7.2684416367586691
SHOnly,SH only,636,40,-20,4.6982895983919564,0.0013326577609404922,7.0922232592438146
SHOnly,SH only,637,40,-30,10.974800783883671,0.0015144464559853077,7.2739261137408819
SHOnly,SH only,638,40,-45,17.606967058132422,0.00080013019032776356,8.2032534950547689
SHOnly,SH only,639,215,-45,3.5349726093893015,0.00080013019032776356,9.9184324986626979
SHOnly,SH only,640,215,-30,15.507477619497367,0.0015144464559853077,8.1023901750877059
SHOnly,SH only,641,215,-20,17.584023511028544,0.0013326577609404922,7.326229448807231
SHOnly,SH only,642,215,-10,14.770837930353938,0.0013966393889859319,7.3016322865493128
SHOnly,SH only,643,215,0,17.963860447378917,0.0014181847218424082,7.5136807160605352
SHOnly,SH only,644,215,10,19.999999690522536,0.0013966393889859319,7.6189064392868184
SHOnly,SH only,645,215,20,9.9999992480583071,0.0013326577609404922,7.3719921270988262
SHOnly,SH only,647,215,45,14.999999418095857,0.0015018255217000842,8.027606966319647
SHOnly,SH only,648,215,60,29.999999338596972,0.0010619510430842638,8.0527713334781108
SHOnly,SH only,649,215,75,15.000000513611642,0.0005497062811627984,6.6598328393412212
SHOnly,SH only,650,35,75,15.000000513611642,0.0005497062811627984,6.4185845337543972
SHOnly,SH only,651,35,60,15.294998948342053,0.0010619510430842638,6.1718900241411738
SHOnly,SH only,652,35,45,3.5349726093893015,0.0015018255217000842,6.2618767397168718
SHOnly,SH only,653,35,30,15.507477619497367,0.0015144464559853077,6.9779668722728188
SHOnly,SH only,654,35,20,17.584023511028544,0.0013326577609404922,6.8649692070329449
SHOnly,SH only,655,35,10,14.770837930353938,0.0013966393889859319,6.6823619290162268
SHOnly,SH only,656,35,0,17.963860447378917,0.0014181847218424082,6.7518612730812189
SHOnly,SH only,657,35,-10,10.000000442464293,0.0013966393889859319,7.0336862909971822
SHOnly,SH only,659,35,-30,9.9999992480583071,0.0015144464559853077,7.2012476028628774
SHOnly,SH only,660,35,-45,21.090583039068701,0.00080013019032776356,8.5499276122949937
SHOnly,SH only,662,210,-30,14.999998739050708,0.0015144464559853077,7.9188312375419363
SHOnly,SH only,663,210,-20,13.892339928739169,0.0013326577609404922,7.0753585397344185
SHOnly,SH only,664,210,-10,9.8476983963493687,0.0013966393889859319,7.1066933336729781
SHOnly,SH only,665,210,0,14.10604466738504,0.0014181847218424082,7.2865281019550991
SHOnly,SH only,666,210,10,20.536778047345422,0.0013966393889859319,7.3176289963295709
SHOnly,SH only,667,210,20,10.974799216332263,0.0013326577609404922,7.0507482273000672
SHOnly,SH only,668,210,30,4.3297829047621343,0.0015144464559853077,6.8098447037036118
SHOnly,SH only,669,210,45,15.507477619497367,0.0015018255217000842,8.0038124222354963
SHOnly,SH only,670,210,60,30.000000111323018,0.0010619510430842638,8.1218076878887455
SHOnly,SH only,671,210,75,14.999999926042548,0.0005497062811627984,6.6465369495189028
SHOnly,SH only,672,30,75,14.999999926042548,0.0005497062811627984,6.4631078597791056
SHOnly,SH only,673,30,60,15.000001038303349,0.0010619510430842638,6.0129926750158971
SHOnly,SH only,675,30,30,14.999998739050708,0.0015144464559853077,6.9673910223444855
SHOnly,SH only,676,30,20,13.892339928739169,0.0013326577609404922,6.8577281357968474
SHOnly,SH only,677,30,10,9.8476983963493687,0.0013966393889859319,6.4056054137479235
SHOnly,SH only,678,30,0,14.10604466738504,0.0014181847218424082,6.6326680171169237
SHOnly,SH only,679,30,-10,11.101905871462817,0.0013966393889859319,7.0280858313449928
SHOnly,SH only,680,30,-20,4.6982881143403246,0.0013326577609404922,6.7087446836697744
SHOnly,SH only,681,30,-30,10.974800968721977,0.0015144464559853077,7.1261948568400388
SHOnly,SH only,682,30,-45,24.553175192197251,0.00080013019032776356,8.945390881595614
SHOnly,SH only,683,205,-45,3.5349723672764939,0.00080013019032776356,8.9840773807934955
SHOnly,SH only,684,205,-30,15.507477597756536,0.0015144464559853077,7.7898663854889945
SHOnly,SH only,685,205,-20,11.101905984016177,0.0013326577609404922,7.0686110325809475
SHOnly,SH only,686,205,-10,4.9239914100594815,0.0013966393889859319,6.8787019127596833
SHOnly,SH only,687,205,0,11.168952722705445,0.0014181847218424082,6.9487598551795848
SHOnly,SH only,688,205,10,20.60935684332042,0.0013966393889859319,6.9553946813300733
SHOnly,SH only,689,205,20,13.481721255281723,0.0013326577609404922,6.8884173223096949
SHOnly,SH only,690,205,30,8.6574997742182269,0.0015144464559853077,6.7963246106241169
SHOnly,SH only,691,205,45,16.937618103837618,0.0015018255217000842,8.0155819704365161
SHOnly,SH only,692,205,60,30.000001193671139,0.0010619510430842638,8.2020742025761812
SHOnly,SH only,693,205,75,15.000000037063414,0.0005497062811627984,6.6943029006593804
SHOnly,SH only,694,25,75,15.000000037063414,0.0005497062811627984,6.5240363430916144
SHOnly,SH only,695,25,60,15.294998365211272,0.0010619510430842638,5.9267206388020126
SHOnly,SH only,696,25,45,3.5349723672764939,0.0015018255217000842,6.0105992666616892
SHOnly,SH only,697,25,30,15.507477597756536,0.0015144464559853077,6.9773688204826412
SHOnly,SH only,698,25,20,11.101905984016177,0.0013326577609404922,6.7502494061364624
SHOnly,SH only,699,25,10,4.9239914100594815,0.0013966393889859319,6.3281000093428137
SHOnly,SH only,700,25,0,11.168952722705445,0.0014181847218424082,6.6262177818418877
SHOnly,SH only,701,25,-10,13.892339487305048,0.0013966393889859319,7.1222983278349679
SHOnly,SH only,702,25,-20,9.395526819952865,0.0013326577609404922,6.7321241160376424
SHOnly,SH only,703,25,-30,13.481723060064377,0.0015144464559853077,7.201807514803213
SHOnly,SH only,704,25,-45,24.694085979776748,0.00080013019032776356,9.0368100144330565
SHOnly,SH only,705,200,-45,7.0665741911739026,0.00080013019032776356,8.6051823263476148
SHOnly,SH only,706,200,-30,16.937616033087821,0.0015144464559853077,7.5899610534728961
SHOnly,SH only,707,200,-20,10.000000035409951,0.0013326577609404922,7.0471808467218713
SHOnly,SH only,709,200,0,9.9999999527339298,0.0014181847218424082,6.7100864297129537
SHOnly,SH only,710,200,10,19.999999905467796,0.0013966393889859319,6.6560239584808638
SHOnly,SH only,711,200,20,16.847752641975024,0.0013326577609404922,6.7834690183270459
SHOnly,SH only,712,200,30,12.981059482482918,0.0015144464559853077,6.954769096220411
SHOnly,SH only,713,200,45,19.080583620201772,0.0015018255217000842,8.013737954279236
SHOnly,SH only,714,200,60,30.000000435073549,0.0010619510430842638,8.2812122742409748
SHOnly,SH only,715,200,75,15.000000080789578,0.0005497062811627984,6.6890121022250355
SHOnly,SH only,716,20,75,15.000000080789578,0.0005497062811627984,6.6239030332202153
SHOnly,SH only,717,20,60,16.146339438123881,0.0010619510430842638,5.8424359941243686
SHOnly,SH only,718,20,45,7.0665741911739026,0.0015018255217000842,6.0259953369611283
SHOnly,SH only,719,20,30,16.937616033087821,0.0015144464559853077,6.9380086291125727
SHOnly,SH only,720,20,20,10.000000035409951,0.0013326577609404922,6.6549270166011913
SHOnly,SH only,722,20,0,9.9999999527339298,0.0014181847218424082,6.572092290622165
SHOnly,SH only,723,20,-10,17.584023511028544,0.0013966393889859319,7.1658729695921322
SHOnly,SH only,724,20,-20,14.090652447229385,0.0013326577609404922,6.9286485763062293
SHOnly,SH only,725,20,-30,16.84775355865764,0.0015144464559853077,7.0539690763422724
SHOnly,SH only,726,20,-45,21.721267918499912,0.00080013019032776356,8.4117339399472044
SHOnly,SH only,727,195,-45,10.591410371458657,0.00080013019032776356,8.3975638566677553
SHOnly,SH only,728,195,-30,19.080583481669692,0.0015144464559853077,7.4151398378727018
SHOnly,SH only,729,195,-20,11.101905300103793,0.0013326577609404922,6.97170767662546
SHOnly,SH only,730,195,-10,4.923991137574113,0.0013966393889859319,6.5635299726047416
SHOnly,SH only,731,195,0,11.168952636407244,0.0014181847218424082,6.4752856674267232
SHOnly,SH only,732,195,10,20.609356788468691,0.0013966393889859319,6.4188831371675841
SHOnly,SH only,733,195,20,20.653636294849793,0.0013326577609404922,6.8874231104550949
SHOnly,SH only,734,195,30,17.298330000057948,0.0015144464559853077,7.0905519316187657
SHOnly,SH only,735,195,45,21.721268164114861,0.0015018255217000842,8.0643733306816774
SHOnly,SH only,736,195,60,30.000000110732287,0.0010619510430842638,8.3602963693017553
SHOnly,SH only,737,195,75,15.000000205801689,0.0005497062811627984,6.7356880862771362
SHOnly,SH only,738,15,75,15.000000205801689,0.0005497062811627984,6.7373073049167944
SHOnly,SH only,739,15,60,17.469138312232101,0.0010619510430842638,5.7378249911988091
SHOnly,SH only,740,15,45,10.591410371458657,0.0015018255217000842,5.889311114568522
SHOnly,SH only,741,15,30,19.080583481669692,0.0015144464559853077,6.798597352710356
SHOnly,SH only,742,15,20,11.101905300103793,0.0013326577609404922,6.4335544273926706
SHOnly,SH only,743,15,10,4.923991137574113,0.0013966393889859319,5.9681360808767492
SHOnly,SH only,744,15,0,11.168952636407244,0.0014181847218424082,6.3610604791574241
SHOnly,SH only,745,15,-10,20.609356788468691,0.0013966393889859319,7.0371957864696499
SHOnly,SH only,746,15,-20,16.847753386581868,0.0013326577609404922,7.0894239243289041
SHOnly,SH only,747,15,-30,12.981060183000123,0.0015144464559853077,6.9837835592759374
SHOnly,SH only,748,15,-45,19.080582938811499,0.00080013019032776356,7.8742717067164074
SHOnly,SH only,749,190,-45,14.106043320415029,0.00080013019032776356,8.3240914331771538
SHOnly,SH only,750,190,-30,21.721268924650655,0.0015144464559853077,7.4426466372281315
SHOnly,SH only,751,190,-20,13.892338774103179,0.0013326577609404922,7.021096786834403
SHOnly,SH only,752,190,-10,9.8476990078007134,0.0013966393889859319,6.495274049445535
SHOnly,SH only,753,190,0,14.106043901218957,0.0014181847218424082,6.4700656240237118
SHOnly,SH only,754,190,10,22.337905413351134,0.0013966393889859319,6.4904955834982383
SHOnly,SH only,755,190,20,24.692721414933498,0.0013326577609404922,6.9265666222265683
SHOnly,SH only,756,190,30,21.607103231533049,0.0015144464559853077,7.2694997590245602
SHOnly,SH only,757,190,45,24.694086482247521,0.0015018255217000842,8.1084011521461115
SHOnly,SH only,758,190,60,29.999999880144909,0.0010619510430842638,8.3842218359443272
SHOnly,SH only,759,190,75,15.000000876882917,0.0005497062811627984,6.7188951714098781
SHOnly,SH only,760,10,75,15.000000876882917,0.0005497062811627984,6.8255863652530966
SHOnly,SH only,761,10,60,19.160311976351618,0.0010619510430842638,5.6772822485840804
SHOnly,SH only,762,10,45,14.106043320415029,0.0015018255217000842,5.7186354458242228
SHOnly,SH only,763,10,30,21.721268924650655,0.0015144464559853077,6.5503919353262265
SHOnly,SH only,764,10,20,13.892338774103179,0.0013326577609404922,6.1462374530801354
SHOnly,SH only,765,10,10,9.8476990078007134,0.0013966393889859319,5.6999081488178867
SHOnly,SH only,766,10,0,14.106043901218957,0.0014181847218424082,6.1555221512866236
SHOnly,SH only,767,10,-10,22.068454646158248,0.0013966393889859319,6.8939807172503782
SHOnly,SH only,768,10,-20,13.481723172448659,0.0013326577609404922,6.9557870030024596
SHOnly,SH only,769,10,-30,8.6574993691915836,0.0015144464559853077,6.9050768475623334
SHOnly,SH only,770,10,-45,16.937618201740335,0.00080013019032776356,7.6746429285225162
SHOnly,SH only,771,185,-45,17.606966457268481,0.00080013019032776356,8.2949488615416467
SHOnly,SH only,772,185,-30,24.40718767599158,0.0015144464559853077,7.4327267562915011
SHOnly,SH only,773,185,-20,17.584023118169156,0.0013326577609404922,6.9167199088801192
SHOnly,SH only,774,185,-10,14.770835684902895,0.0013966393889859319,6.7090216447294351
SHOnly,SH only,775,185,0,17.963859965917774,0.0014181847218424082,6.7125855689070342
SHOnly,SH only,776,185,10,24.954120181789488,0.0013966393889859319,6.5989822986566109
SHOnly,SH only,777,185,20,28.862630859837058,0.0013326577609404922,7.109954576779006
SHOnly,SH only,778,185,30,25.905078268461338,0.0015144464559853077,7.5061182466602991
SHOnly,SH only,779,185,45,27.885566114219476,0.0015018255217000842,8.1638398708615814
SHOnly,SH only,780,185,60,30.000000997038136,0.0010619510430842638,8.4418431424455669
SHOnly,SH only,781,185,75,15.000000519710634,0.0005497062811627984,6.7537728599921278
SHOnly,SH only,782,5,75,15.000000519710634,0.0005497062811627984,6.8603792681669242
SHOnly,SH only,783,5,60,21.124322746870448,0.0010619510430842638,5.6115697959695856
SHOnly,SH only,784,5,45,17.606966457268481,0.0015018255217000842,5.6038635445393234
SHOnly,SH only,785,5,30,24.40718767599158,0.0015144464559853077,6.3515077125119941
SHOnly,SH only,786,5,20,17.584023118169156,0.0013326577609404922,5.8942041837977177
SHOnly,SH only,787,5,10,14.770835684902895,0.0013966393889859319,5.4985074858840832
SHOnly,SH only,788,5,0,17.963859965917774,0.0014181847218424082,6.0081406765329257
SHOnly,SH only,789,5,-10,20.536778500153151,0.0013966393889859319,6.6853484281113769
SHOnly,SH only,790,5,-20,10.974801001997228,0.0013326577609404922,6.8113069271044653
SHOnly,SH only,791,5,-30,4.3297835269819025,0.0015144464559853077,6.7110873661688233
SHOnly,SH only,792,5,-45,15.507477087468549,0.00080013019032776356,7.4784670890079132
SUpDEqSH,SUpDEq SH,0,0,-45,14.999999554707983,0.00080013019032776356,6.1871425637189441
SUpDEqSH,SUpDEq SH,2,0,-20,9.9999997858989413,0.0013326577609404922,6.4628234110217875
SUpDEqSH,SUpDEq SH,3,0,-10,20.000000162186488,0.0013966393889859319,6.7354711422797644
SUpDEqSH,SUpDEq SH,4,0,0,22.268744313392595,0.0014181847218424082,6.6390501083030111
SUpDEqSH,SUpDEq SH,5,0,10,19.693103693538394,0.0013966393889859319,6.3760975005843283
SUpDEqSH,SUpDEq SH,6,0,20,21.720796614325359,0.0013326577609404922,6.5718728803701882
SUpDEqSH,SUpDEq SH,7,0,30,27.34479831653633,0.0015144464559853077,6.6303773307189378
SUpDEqSH,SUpDEq SH,8,0,45,21.090580470751792,0.0015018255217000842,5.3352995227970732
SUpDEqSH,SUpDEq SH,9,0,60,23.283731818796717,0.0010619510430842638,5.2071681356305914
SUpDEqSH,SUpDEq SH,10,0,75,15.000000120055846,0.0005497062811627984,5.0615596407003922
SUpDEqSH,SUpDEq SH,12,180,75,15.000000120055846,0.0005497062811627984,5.5799107129438275
SUpDEqSH,SUpDEq SH,13,180,60,30.000000445292049,0.0010619510430842638,7.1927361068227444
SUpDEqSH,SUpDEq SH,14,180,45,31.220426124312098,0.0015018255217000842,7.5746409571834272
SUpDEqSH,SUpDEq SH,15,180,30,30.189833851059973,0.0015144464559853077,7.317097445820651
SUpDEqSH,SUpDEq SH,16,180,20,33.108874982180794,0.0013326577609404922,6.9306256527068539
SUpDEqSH,SUpDEq SH,17,180,10,28.212088559080865,0.0013966393889859319,6.7841506130326286
SUpDEqSH,SUpDEq SH,18,180,0,22.268744313392595,0.0014181847218424082,6.0431073276117528
SUpDEqSH,SUpDEq SH,19,180,-10,19.693103693538394,0.0013966393889859319,5.4808682014925321
SUpDEqSH,SUpDEq SH,20,180,-20,21.720796614325359,0.0013326577609404922,6.1943212046842566
SUpDEqSH,SUpDEq SH,21,180,-30,27.34479831653633,0.0015144464559853077,6.6339020065577623
SUpDEqSH,SUpDEq SH,22,180,-45,21.090580470751792,0.00080013019032776356,7.2269337515676284
SUpDEqSH,SUpDEq SH,23,355,-45,15.507477087468549,0.00080013019032776356,6.2337153490974453
SUpDEqSH,SUpDEq SH,24,355,-30,4.3297835269819025,0.0015144464559853077,5.2880561880550196
SUpDEqSH,SUpDEq SH,25,355,-20,10.974801001997228,0.0013326577609404922,6.3327997816786512
SUpDEqSH,SUpDEq SH,26,355,-10,20.536778500153151,0.0013966393889859319,6.5508807837101299
SUpDEqSH,SUpDEq SH,27,355,0,17.963859965917774,0.0014181847218424082,6.3762190246698447
SUpDEqSH,SUpDEq SH,28,355,10,14.770835684902895,0.0013966393889859319,6.1060752481295903
SUpDEqSH,SUpDEq SH,29,355,20,17.584023118169156,0.0013326577609404922,6.4289934403422961
SUpDEqSH,SUpDEq SH,30,355,30,24.40718767599158,0.0015144464559853077,6.6007247692542501
SUpDEqSH,SUpDEq SH,31,355,45,17.606966457268481,0.0015018255217000842,5.306693950038075
SUpDEqSH,SUpDEq SH,32,355,60,21.124322746870448,0.0010619510430842638,5.1811360095468126
SUpDEqSH,SUpDEq SH,33,355,75,15.000000519710634,0.0005497062811627984,5.0835661260358149
SUpDEqSH,SUpDEq SH,34,175,75,15.000000519710634,0.0005497062811627984,5.5928748475579972
SUpDEqSH,SUpDEq SH,35,175,60,30.000000997038136,0.0010619510430842638,7.2069056509234093
SUpDEqSH,SUpDEq SH,36,175,45,27.885566114219476,0.0015018255217000842,7.5662422359001678
SUpDEqSH,SUpDEq SH,37,175,30,25.905078268461338,0.0015144464559853077,7.2719135489297964
SUpDEqSH,SUpDEq SH,38,175,20,28.862630859837058,0.0013326577609404922,6.7759896396409154
SUpDEqSH,SUpDEq SH,39,175,10,24.954120181789488,0.0013966393889859319,6.7577587347733505
SUpDEqSH,SUpDEq SH,40,175,0,17.963859965917774,0.0014181847218424082,5.9467750139605977
SUpDEqSH,SUpDEq SH,41,175,-10,14.770835684902895,0.0013966393889859319,5.4696865932192793
SUpDEqSH,SUpDEq SH,42,175,-20,17.584023118169156,0.0013326577609404922,5.9667194537789534
SUpDEqSH,SUpDEq SH,43,175,-30,24.40718767599158,0.0015144464559853077,6.5657352482970195
SUpDEqSH,SUpDEq SH,44,175,-45,17.606966457268481,0.00080013019032776356,7.2398928750920648
SUpDEqSH,SUpDEq SH,45,350,-45,16.937618201740335,0.00080013019032776356,6.2644887217511176
SUpDEqSH,SUpDEq SH,46,350,-30,8.6574993691915836,0.0015144464559853077,5.5180934844908416
SUpDEqSH,SUpDEq SH,47,350,-20,13.481723172448659,0.0013326577609404922,6.2097838880345311
SUpDEqSH,SUpDEq SH,48,350,-10,22.068454646158248,0.0013966393889859319,6.383273882506705
SUpDEqSH,SUpDEq SH,49,350,0,14.106043901218957,0.0014181847218424082,6.0733861187276679
SUpDEqSH,SUpDEq SH,50,350,10,9.8476990078007134,0.0013966393889859319,5.7619710660912418
SUpDEqSH,SUpDEq SH,51,350,20,13.892338774103179,0.0013326577609404922,6.193897132972074
SUpDEqSH,SUpDEq SH,52,350,30,21.721268924650655,0.0015144464559853077,6.4737985253666315
SUpDEqSH,SUpDEq SH,53,350,45,14.106043320415029,0.0015018255217000842,5.1669365566105787
SUpDEqSH,SUpDEq SH,54,350,60,19.160311976351618,0.0010619510430842638,5.1603618188573597
SUpDEqSH,SUpDEq SH,55,350,75,15.000000876882917,0.0005497062811627984,5.0599971007420681
SUpDEqSH,SUpDEq SH,56,170,75,15.000000876882917,0.0005497062811627984,5.6632272203069709
SUpDEqSH,SUpDEq SH,57,170,60,29.999999880144909,0.0010619510430842638,7.2713557159239874
SUpDEqSH,SUpDEq SH,58,170,45,24.694086482247521,0.0015018255217000842,7.4721440367348642
SUpDEqSH,SUpDEq SH,59,170,30,21.607103231533049,0.0015144464559853077,7.0037369950221002
SUpDEqSH,SUpDEq SH,60,170,20,24.692721414933498,0.0013326577609404922,6.6048369626383936
SUpDEqSH,SUpDEq SH,61,170,10,22.337905413351134,0.0013966393889859319,6.5630303735174156
SUpDEqSH,SUpDEq SH,62,170,0,14.106043901218957,0.0014181847218424082,5.8207577368947376
SUpDEqSH,SUpDEq SH,63,170,-10,9.8476990078007134,0.0013966393889859319,5.362506324856871
SUpDEqSH,SUpDEq SH,64,170,-20,13.892338774103179,0.0013326577609404922,5.8939623094905791
SUpDEqSH,SUpDEq SH,65,170,-30,21.721268924650655,0.0015144464559853077,6.6659682036775907
SUpDEqSH,SUpDEq SH,66,170,-45,14.106043320415029,0.00080013019032776356,7.1807853977974503
SUpDEqSH,SUpDEq SH,67,345,-45,19.080582938811499,0.00080013019032776356,6.4462401193740959
SUpDEqSH,SUpDEq SH,68,345,-30,12.981060183000123,0.0015144464559853077,5.8096518828511696
SUpDEqSH,SUpDEq SH,69,345,-20,16.847753386581868,0.0013326577609404922,6.0602955301138879
SUpDEqSH,SUpDEq SH,70,345,-10,20.609356788468691,0.0013966393889859319,6.2390299836338894
SUpDEqSH,SUpDEq SH,71,345,0,11.168952636407244,0.0014181847218424082,5.8254844786619762
SUpDEqSH,SUpDEq SH,72,345,10,4.923991137574113,0.0013966393889859319,5.3123035612453737
SUpDEqSH,SUpDEq SH,73,345,20,11.101905300103793,0.0013326577609404922,5.9577500024529577
SUpDEqSH,SUpDEq SH,74,345,30,19.080583481669692,0.0015144464559853077,6.4135524583576569
SUpDEqSH,SUpDEq SH,75,345,45,10.591410371458657,0.0015018255217000842,5.113326566222276
SUpDEqSH,SUpDEq SH,76,345,60,17.469138312232101,0.0010619510430842638,5.1318397950115964
SUpDEqSH,SUpDEq SH,77,345,75,15.000000205801689,0.0005497062811627984,5.1008014530688346
SUpDEqSH,SUpDEq SH,78,165,75,15.000000205801689,0.0005497062811627984,5.6407481375890329
SUpDEqSH,SUpDEq SH,79,165,60,30.000000110732287,0.0010619510430842638,7.2467941791965131
SUpDEqSH,SUpDEq SH,80,165,45,21.721268164114861,0.0015018255217000842,7.3447899154719218
SUpDEqSH,SUpDEq SH,81,165,30,17.298330000057948,0.0015144464559853077,6.7123830778200446
SUpDEqSH,SUpDEq SH,82,165,20,20.653636294849793,0.0013326577609404922,6.4452541772550402
SUpDEqSH,SUpDEq SH,83,165,10,20.609356788468691,0.0013966393889859319,6.4453336579166409
SUpDEqSH,SUpDEq SH,84,165,0,11.168952636407244,0.0014181847218424082,5.7772876758325049
SUpDEqSH,SUpDEq SH,85,165,-10,4.923991137574113,0.0013966393889859319,5.2664918247710055
SUpDEqSH,SUpDEq SH,86,165,-20,11.101905300103793,0.0013326577609404922,5.8430234366461296
SUpDEqSH,SUpDEq SH,87,165,-30,19.080583481669692,0.0015144464559853077,6.5185800002263115
SUpDEqSH,SUpDEq SH,88,165,-45,10.591410371458657,0.00080013019032776356,7.1166980829477637
SUpDEqSH,SUpDEq SH,89,340,-45,21.721267918499912,0.00080013019032776356,6.8067836818664773
SUpDEqSH,SUpDEq SH,90,340,-30,16.84775355865764,0.0015144464559853077,6.0066495131093829
SUpDEqSH,SUpDEq SH,91,340,-20,14.090652447229385,0.0013326577609404922,6.0049344792290418
SUpDEqSH,SUpDEq SH,92,340,-10,17.584023511028544,0.0013966393889859319,6.0897764077992687
SUpDEqSH,SUpDEq SH,93,340,0,9.9999999527339298,0.0014181847218424082,5.5508372729618065
SUpDEqSH,SUpDEq SH,95,340,20,10.000000035409951,0.0013326577609404922,5.7504690503597029
SUpDEqSH,SUpDEq SH,96,340,30,16.937616033087821,0.0015144464559853077,6.437755988950812
SUpDEqSH,SUpDEq SH,97,340,45,7.0665741911739026,0.0015018255217000842,5.0472708626818026
SUpDEqSH,SUpDEq SH,98,340,60,16.146339438123881,0.0010619510430842638,5.1308679594108968
SUpDEqSH,SUpDEq SH,99,340,75,15.000000080789578,0.0005497062811627984,5.0830900084796973
SUpDEqSH,SUpDEq SH,100,160,75,15.000000080789578,0.0005497062811627984,5.6238547842935498
SUpDEqSH,SUpDEq SH,101,160,60,30.000000435073549,0.0010619510430842638,7.230398341480714
SUpDEqSH,SUpDEq SH,102,160,45,19.080583620201772,0.0015018255217000842,7.2339125011389136
SUpDEqSH,SUpDEq SH,103,160,30,12.981059482482918,0.0015144464559853077,6.3614167007355293
SUpDEqSH,SUpDEq SH,104,160,20,16.847752641975024,0.0013326577609404922,6.1133042110381943
SUpDEqSH,SUpDEq SH,105,160,10,19.999999905467796,0.0013966393889859319,6.2868276691695941
SUpDEqSH,SUpDEq SH,106,160,0,9.9999999527339298,0.0014181847218424082,5.8269485122483902
SUpDEqSH,SUpDEq SH,108,160,-20,10.000000035409951,0.0013326577609404922,5.9327082963929039
SUpDEqSH,SUpDEq SH,109,160,-30,16.937616033087821,0.0015144464559853077,6.5137353147690478
SUpDEqSH,SUpDEq SH,110,160,-45,7.0665741911739026,0.00080013019032776356,6.9936574251574317
SUpDEqSH,SUpDEq SH,111,335,-45,24.694085979776748,0.00080013019032776356,6.8637339431123374
SUpDEqSH,SUpDEq SH,112,335,-30,13.481723060064377,0.0015144464559853077,5.9539254679381948
SUpDEqSH,SUpDEq SH,113,335,-20,9.395526819952865,0.0013326577609404922,5.8537279345787674
SUpDEqSH,SUpDEq SH,114,335,-10,13.892339487305048,0.0013966393889859319,6.0394692964104504
SUpDEqSH,SUpDEq SH,115,335,0,11.168952722705445,0.0014181847218424082,5.3686322904916324
SUpDEqSH,SUpDEq SH,116,335,10,4.9239914100594815,0.0013966393889859319,4.9186647467431106
SUpDEqSH,SUpDEq SH,117,335,20,11.101905984016177,0.0013326577609404922,5.595417948914311
SUpDEqSH,SUpDEq SH,118,335,30,15.507477597756536,0.0015144464559853077,6.4047112537137565
SUpDEqSH,SUpDEq SH,119,335,45,3.5349723672764939,0.0015018255217000842,4.9038739158963622
SUpDEqSH,SUpDEq SH,120,335,60,15.294998365211272,0.0010619510430842638,5.1476680299619106
SUpDEqSH,SUpDEq SH,121,335,75,15.000000037063414,0.0005497062811627984,5.0572831403757501
SUpDEqSH,SUpDEq SH,122,155,75,15.000000037063414,0.0005497062811627984,5.568875584461046
SUpDEqSH,SUpDEq SH,123,155,60,30.000001193671139,0.0010619510430842638,7.1421727710088838
SUpDEqSH,SUpDEq SH,124,155,45,16.937618103837618,0.0015018255217000842,7.0913345511649064
SUpDEqSH,SUpDEq SH,125,155,30,8.6574997742182269,0.0015144464559853077,6.0094205572166262
SUpDEqSH,SUpDEq SH,126,155,20,13.481721255281723,0.0013326577609404922,5.8074638669478693
SUpDEqSH,SUpDEq SH,127,155,10,20.60935684332042,0.0013966393889859319,6.2840702516047635
SUpDEqSH,SUpDEq SH,128,155,0,11.168952722705445,0.0014181847218424082,5.9902067963928829
SUpDEqSH,SUpDEq SH,129,155,-10,4.9239914100594815,0.0013966393889859319,5.4638530061041299
SUpDEqSH,SUpDEq SH,130,155,-20,11.101905984016177,0.0013326577609404922,6.0173259783001889
SUpDEqSH,SUpDEq SH,131,155,-30,15.507477597756536,0.0015144464559853077,6.4894005230866876
SUpDEqSH,SUpDEq SH,132,155,-45,3.5349723672764939,0.00080013019032776356,7.0047833571280336
SUpDEqSH,SUpDEq SH,133,330,-45,24.553175192197251,0.00080013019032776356,6.4946827704307628
SUpDEqSH,SUpDEq SH,134,330,-30,10.974800968721977,0.0015144464559853077,5.9627350799919077
SUpDEqSH,SUpDEq SH,135,330,-20,4.6982881143403246,0.0013326577609404922,5.5970463138862465
SUpDEqSH,SUpDEq SH,136,330,-10,11.101905871462817,0.0013966393889859319,5.9431570681955881
SUpDEqSH,SUpDEq SH,137,330,0,14.10604466738504,0.0014181847218424082,5.3188474298701873
SUpDEqSH,SUpDEq SH,138,330,10,9.8476983963493687,0.0013966393889859319,5.0393904002632448
SUpDEqSH,SUpDEq SH,139,330,20,13.892339928739169,0.0013326577609404922,5.5125180707950907
SUpDEqSH,SUpDEq SH,140,330,30,14.999998739050708,0.0015144464559853077,6.3865810296834091
SUpDEqSH,SUpDEq SH,142,330,60,15.000001038303349,0.0010619510430842638,5.1926417494992423
SUpDEqSH,SUpDEq SH,143,330,75,14.999999926042548,0.0005497062811627984,5.1014887786086272
SUpDEqSH,SUpDEq SH,144,150,75,14.999999926042548,0.0005497062811627984,5.5514849510165307
SUpDEqSH,SUpDEq SH,145,150,60,30.000000111323018,0.0010619510430842638,6.9880843406675321
SUpDEqSH,SUpDEq SH,146,150,45,15.507477619497367,0.0015018255217000842,6.8876506113726288
SUpDEqSH,SUpDEq SH,147,150,30,4.3297829047621343,0.0015144464559853077,5.6180349554179339
SUpDEqSH,SUpDEq SH,148,150,20,10.974799216332263,0.0013326577609404922,5.9140468392692496
SUpDEqSH,SUpDEq SH,149,150,10,20.536778047345422,0.0013966393889859319,6.4656468205250244
SUpDEqSH,SUpDEq SH,150,150,0,14.10604466738504,0.0014181847218424082,6.1697959350360998
SUpDEqSH,SUpDEq SH,151,150,-10,9.8476983963493687,0.0013966393889859319,5.6326700316894724
SUpDEqSH,SUpDEq SH,152,150,-20,13.892339928739169,0.0013326577609404922,5.9160861812766123
SUpDEqSH,SUpDEq SH,153,150,-30,14.999998739050708,0.0015144464559853077,6.5709883911708751
SUpDEqSH,SUpDEq SH,155,325,-45,21.090583039068701,0.00080013019032776356,6.369748453972222
SUpDEqSH,SUpDEq SH,156,325,-30,9.9999992480583071,0.0015144464559853077,5.8184010216236057
SUpDEqSH,SUpDEq SH,158,325,-10,10.000000442464293,0.0013966393889859319,5.8806433017627713
SUpDEqSH,SUpDEq SH,159,325,0,17.963860447378917,0.0014181847218424082,5.5413934409589904
SUpDEqSH,SUpDEq SH,160,325,10,14.770837930353938,0.0013966393889859319,5.2820046371147544
SUpDEqSH,SUpDEq SH,161,325,20,17.584023511028544,0.0013326577609404922,5.4562025427196463
SUpDEqSH,SUpDEq SH,162,325,30,15.507477619497367,0.0015144464559853077,6.5122163848337857
SUpDEqSH,SUpDEq SH,163,325,45,3.5349726093893015,0.0015018255217000842,4.7586090591252761
SUpDEqSH,SUpDEq SH,164,325,60,15.294998948342053,0.0010619510430842638,5.1762566112216764
SUpDEqSH,SUpDEq SH,165,325,75,15.000000513611642,0.0005497062811627984,5.0888944357082755
SUpDEqSH,SUpDEq SH,166,145,75,15.000000513611642,0.0005497062811627984,5.5483458455894645
SUpDEqSH,SUpDEq SH,167,145,60,29.999999338596972,0.0010619510430842638,6.7800923905814638
SUpDEqSH,SUpDEq SH,168,145,45,14.999999418095857,0.0015018255217000842,6.5835078712104202
SUpDEqSH,SUpDEq SH,170,145,20,9.9999992480583071,0.0013326577609404922,6.1009534056981982
SUpDEqSH,SUpDEq SH,171,145,10,19.999999690522536,0.0013966393889859319,6.6286181159480781
SUpDEqSH,SUpDEq SH,172,145,0,17.963860447378917,0.0014181847218424082,6.3084818054420513
SUpDEqSH,SUpDEq SH,173,145,-10,14.770837930353938,0.0013966393889859319,6.0189332108847617
SUpDEqSH,SUpDEq SH,174,145,-20,17.584023511028544,0.0013326577609404922,5.9857870373097679
SUpDEqSH,SUpDEq SH,175,145,-30,15.507477619497367,0.0015144464559853077,6.4927110833774426
SUpDEqSH,SUpDEq SH,176,145,-45,3.5349726093893015,0.00080013019032776356,7.3411168800712412
SUpDEqSH,SUpDEq SH,177,320,-45,17.606967058132422,0.00080013019032776356,6.2387640820534633
SUpDEqSH,SUpDEq SH,178,320,-30,10.974800783883671,0.0015144464559853077,5.8856752297152051
SUpDEqSH,SUpDEq SH,179,320,-20,4.6982895983919564,0.0013326577609404922,5.4220944254522898
SUpDEqSH,SUpDEq SH,180,320,-10,11.101905566123458,0.0013966393889859319,5.8984808770745758
SUpDEqSH,SUpDEq SH,181,320,0,20.590672409097611,0.0014181847218424082,5.7219164172901547
SUpDEqSH,SUpDEq SH,182,320,10,19.693105071764794,0.0013966393889859319,5.4827075650895152
SUpDEqSH,SUpDEq SH,183,320,20,18.782569533125056,0.0013326577609404922,5.4509804239850492
SUpDEqSH,SUpDEq SH,184,320,30,16.937618856363812,0.0015144464559853077,6.4434919663777945
SUpDEqSH,SUpDEq SH,185,320,45,7.0665759174006428,0.0015018255217000842,4.9818941699834864
SUpDEqSH,SUpDEq SH,186,320,60,16.146340174030033,0.0010619510430842638,5.2120973611746244
SUpDEqSH,SUpDEq SH,187,320,75,15.000000045981704,0.0005497062811627984,5.0535188857504929
SUpDEqSH,SUpDEq SH,188,140,75,15.000000045981704,0.0005497062811627984,5.546366833971125
SUpDEqSH,SUpDEq SH,189,140,60,30.000000754713284,0.0010619510430842638,6.6452192409782933
SUpDEqSH,SUpDEq SH,190,140,45,15.507478746963535,0.0015018255217000842,6.3519330304131039
SUpDEqSH,SUpDEq SH,191,140,30,4.3297856282053244,0.0015144464559853077,5.6903226390801356
SUpDEqSH,SUpDEq SH,192,140,20,10.974801461651374,0.0013326577609404922,6.2523854026353272
SUpDEqSH,SUpDEq SH,193,140,10,20.536778438540473,0.0013966393889859319,6.7976285363098894
SUpDEqSH,SUpDEq SH,194,140,0,22.268745808076812,0.0014181847218424082,6.524243352500176
SUpDEqSH,SUpDEq SH,195,140,-10,19.693105071764794,0.0013966393889859319,6.3814112054728094
SUpDEqSH,SUpDEq SH,196,140,-20,18.782569533125056,0.0013326577609404922,6.086638478023656
SUpDEqSH,SUpDEq SH,197,140,-30,16.937618856363812,0.0015144464559853077,6.4047550866245508
SUpDEqSH,SUpDEq SH,198,140,-45,7.0665759174006428,0.00080013019032776356,7.7594688947194328
SUpDEqSH,SUpDEq SH,199,315,-45,14.106044843106213,0.00080013019032776356,6.2064491711804246
SUpDEqSH,SUpDEq SH,200,315,-30,13.481722024217131,0.0015144464559853077,5.9753022151597115
SUpDEqSH,SUpDEq SH,201,315,-20,9.3955270425035575,0.0013326577609404922,5.648095775492898
SUpDEqSH,SUpDEq SH,202,315,-10,13.892338468968779,0.0013966393889859319,6.0674473018921811
SUpDEqSH,SUpDEq SH,203,315,0,22.268744826474858,0.0014181847218424082,5.9264679719057485
SUpDEqSH,SUpDEq SH,204,315,10,17.584022658769534,0.0013966393889859319,5.6087139482053052
SUpDEqSH,SUpDEq SH,205,315,20,14.090651603071073,0.0013326577609404922,5.5211018301703927
SUpDEqSH,SUpDEq SH,206,315,30,16.847751846686993,0.0015144464559853077,6.384468540218796
SUpDEqSH,SUpDEq SH,207,315,45,10.591412221441374,0.0015018255217000842,5.2343902231734054
SUpDEqSH,SUpDEq SH,208,315,60,17.469139229498978,0.0010619510430842638,5.2783814341912869
SUpDEqSH,SUpDEq SH,209,315,75,15.000000759196658,0.0005497062811627984,5.0462895245892696
SUpDEqSH,SUpDEq SH,210,135,75,15.000000759196658,0.0005497062811627984,5.539063560660292
SUpDEqSH,SUpDEq SH,211,135,60,27.967953256853754,0.0010619510430842638,6.5127519086463366
SUpDEqSH,SUpDEq SH,212,135,45,16.937618541531808,0.0015018255217000842,6.0657503963311967
SUpDEqSH,SUpDEq SH,213,135,30,8.6575008924471586,0.0015144464559853077,5.9064394690580206
SUpDEqSH,SUpDEq SH,214,135,20,13.481723581082752,0.0013326577609404922,6.419118471698968
SUpDEqSH,SUpDEq SH,215,135,10,22.068454074222679,0.0013966393889859319,6.8045502822969981
SUpDEqSH,SUpDEq SH,216,135,0,24.814217316458059,0.0014181847218424082,6.5689496758354116
SUpDEqSH,SUpDEq SH,217,135,-10,17.584022658769534,0.0013966393889859319,6.4018906634169639
SUpDEqSH,SUpDEq SH,218,135,-20,14.090651603071073,0.0013326577609404922,6.0675041770344027
SUpDEqSH,SUpDEq SH,219,135,-30,16.847751846686993,0.0015144464559853077,6.3992994001081795
SUpDEqSH,SUpDEq SH,220,135,-45,10.591412221441374,0.00080013019032776356,8.1657232230338952
SUpDEqSH,SUpDEq SH,221,310,-45,10.591412169898064,0.00080013019032776356,6.1489384065389885
SUpDEqSH,SUpDEq SH,222,310,-30,16.847751615755694,0.0015144464559853077,6.1306942989101856
SUpDEqSH,SUpDEq SH,223,310,-20,14.090650791577101,0.0013326577609404922,5.9581729464193867
SUpDEqSH,SUpDEq SH,224,310,-10,17.584022183303819,0.0013966393889859319,6.1904685595880213
SUpDEqSH,SUpDEq SH,225,310,0,22.26874569765862,0.0014181847218424082,6.0612727763827507
SUpDEqSH,SUpDEq SH,226,310,10,13.892339559573843,0.0013966393889859319,5.7293759845756789
SUpDEqSH,SUpDEq SH,227,310,20,9.3955278474439847,0.0013326577609404922,5.6597516396825389
SUpDEqSH,SUpDEq SH,228,310,30,13.481722693495358,0.0015144464559853077,6.3386640212284613
SUpDEqSH,SUpDEq SH,229,310,45,14.106044861351487,0.0015018255217000842,5.3210954128408643
SUpDEqSH,SUpDEq SH,230,310,60,19.160311981928583,0.0010619510430842638,5.3395613743168679
SUpDEqSH,SUpDEq SH,231,310,75,15.000000045981704,0.0005497062811627984,5.0195910802103176
SUpDEqSH,SUpDEq SH,232,130,75,15.000000045981704,0.0005497062811627984,5.5282283189431771
SUpDEqSH,SUpDEq SH,233,130,60,25.579586991885623,0.0010619510430842638,6.3646449685056954
SUpDEqSH,SUpDEq SH,234,130,45,19.080584438556169,0.0015018255217000842,6.0161059529708192
SUpDEqSH,SUpDEq SH,235,130,30,12.981060122360738,0.0015144464559853077,5.9575815602495732
SUpDEqSH,SUpDEq SH,236,130,20,16.847752970154431,0.0013326577609404922,6.3916256434520964
SUpDEqSH,SUpDEq SH,237,130,10,24.407187574190903,0.0013966393889859319,6.6067269789172265
SUpDEqSH,SUpDEq SH,238,130,0,22.26874569765862,0.0014181847218424082,6.3682521166339772
SUpDEqSH,SUpDEq SH,239,130,-10,13.892339559573843,0.0013966393889859319,6.3875855935331343
SUpDEqSH,SUpDEq SH,240,130,-20,9.3955278474439847,0.0013326577609404922,6.1809088386625941
SUpDEqSH,SUpDEq SH,241,130,-30,13.481722693495358,0.0015144464559853077,6.5330299093994908
SUpDEqSH,SUpDEq SH,242,130,-45,14.106044861351487,0.00080013019032776356,8.5643300816027121
SUpDEqSH,SUpDEq SH,243,305,-45,7.0665737578836278,0.00080013019032776356,6.114670440462735
SUpDEqSH,SUpDEq SH,244,305,-30,16.937618103837618,0.0015144464559853077,6.1821994678251766
SUpDEqSH,SUpDEq SH,245,305,-20,18.782571022300161,0.0013326577609404922,6.2237892430941537
SUpDEqSH,SUpDEq SH,246,305,-10,21.720794676281667,0.0013966393889859319,6.1246034881982245
SUpDEqSH,SUpDEq SH,247,305,0,20.590672601212329,0.0014181847218424082,6.0270716942667697
SUpDEqSH,SUpDEq SH,248,305,10,11.101906097405333,0.0013966393889859319,5.7806195788126082
SUpDEqSH,SUpDEq SH,249,305,20,4.6982881143403246,0.0013326577609404922,5.5403014547651583
SUpDEqSH,SUpDEq SH,250,305,30,10.974799216332263,0.0015144464559853077,6.3125987302630984
SUpDEqSH,SUpDEq SH,251,305,45,17.606969385403353,0.0015018255217000842,5.4480107709459062
SUpDEqSH,SUpDEq SH,252,305,60,21.124323795477249,0.0010619510430842638,5.4452476385926696
SUpDEqSH,SUpDEq SH,253,305,75,15.000000513611642,0.0005497062811627984,5.0233955179807701
SUpDEqSH,SUpDEq SH,254,125,75,15.000000513611642,0.0005497062811627984,5.5150695709431163
SUpDEqSH,SUpDEq SH,255,125,60,23.283732169116558,0.0010619510430842638,6.3024749541525145
SUpDEqSH,SUpDEq SH,256,125,45,21.090580421606788,0.0015018255217000842,5.9375317436383828
SUpDEqSH,SUpDEq SH,257,125,30,17.298331880789124,0.0015144464559853077,5.8311218559212765
SUpDEqSH,SUpDEq SH,258,125,20,20.653637823309932,0.0013326577609404922,6.2619408561005665
SUpDEqSH,SUpDEq SH,259,125,10,19.693105582230331,0.0013966393889859319,6.5321901095306663
SUpDEqSH,SUpDEq SH,260,125,0,20.590672601212329,0.0014181847218424082,6.3601028990494735
SUpDEqSH,SUpDEq SH,261,125,-10,11.101906097405333,0.0013966393889859319,6.4365758783876252
SUpDEqSH,SUpDEq SH,262,125,-20,4.6982881143403246,0.0013326577609404922,6.2018005873006778
SUpDEqSH,SUpDEq SH,263,125,-30,10.974799216332263,0.0015144464559853077,6.8660849977734477
SUpDEqSH,SUpDEq SH,264,125,-45,17.606969385403353,0.00080013019032776356,8.8550484007361074
SUpDEqSH,SUpDEq SH,265,300,-45,3.5349723672764939,0.00080013019032776356,5.6280225139433151
SUpDEqSH,SUpDEq SH,266,300,-30,15.507477882749432,0.0015144464559853077,6.3845973537579059
SUpDEqSH,SUpDEq SH,267,300,-20,21.720797258522222,0.0013326577609404922,6.4496384921720242
SUpDEqSH,SUpDEq SH,268,300,-10,19.693102264372424,0.0013966393889859319,6.1206453653065802
SUpDEqSH,SUpDEq SH,269,300,0,20.000001081696542,0.0014181847218424082,6.0482278265474489
SUpDEqSH,SUpDEq SH,270,300,10,10.000001188003743,0.0013966393889859319,5.8803766885692275
SUpDEqSH,SUpDEq SH,272,300,30,9.999999029626526,0.0015144464559853077,6.3300805237709996
SUpDEqSH,SUpDEq SH,273,300,45,21.09058345153683,0.0015018255217000842,5.5918792672035895
SUpDEqSH,SUpDEq SH,274,300,60,23.283732956340483,0.0010619510430842638,5.4646064428335599
SUpDEqSH,SUpDEq SH,275,300,75,14.999999926042548,0.0005497062811627984,5.0508214480478024
SUpDEqSH,SUpDEq SH,276,120,75,14.999999926042548,0.0005497062811627984,5.4517311857360289
SUpDEqSH,SUpDEq SH,277,120,60,21.124323816652065,0.0010619510430842638,6.2348295652915873
SUpDEqSH,SUpDEq SH,278,120,45,17.606966457268481,0.0015018255217000842,5.8958096262213866
SUpDEqSH,SUpDEq SH,279,120,30,21.607104488938131,0.0015144464559853077,5.7967268147604374
SUpDEqSH,SUpDEq SH,280,120,20,17.584023920930079,0.0013326577609404922,6.2107215761701688
SUpDEqSH,SUpDEq SH,281,120,10,14.770834162524009,0.0013966393889859319,6.3772307552340211
SUpDEqSH,SUpDEq SH,282,120,0,17.963860119699778,0.0014181847218424082,6.492744774705276
SUpDEqSH,SUpDEq SH,283,120,-10,10.000001188003743,0.0013966393889859319,6.4462375327562427
SUpDEqSH,SUpDEq SH,285,120,-30,9.999999029626526,0.0015144464559853077,7.1434377294440399
SUpDEqSH,SUpDEq SH,286,120,-45,21.09058345153683,0.00080013019032776356,9.0843560213239911
SUpDEqSH,SUpDEq SH,288,295,-30,14.999999968681948,0.0015144464559853077,6.6276194575114609
SUpDEqSH,SUpDEq SH,289,295,-20,17.584023688118002,0.0013326577609404922,6.5291126285158469
SUpDEqSH,SUpDEq SH,290,295,-10,14.7708350451899,0.0013966393889859319,6.2904832858600637
SUpDEqSH,SUpDEq SH,291,295,0,17.963859654834859,0.0014181847218424082,6.1254087095397374
SUpDEqSH,SUpDEq SH,292,295,10,11.101906323216596,0.0013966393889859319,6.0051503677303932
SUpDEqSH,SUpDEq SH,293,295,20,4.6982885557778449,0.0013326577609404922,5.7551090648634586
SUpDEqSH,SUpDEq SH,294,295,30,10.974800180129701,0.0015144464559853077,6.46472696231372
SUpDEqSH,SUpDEq SH,295,295,45,21.09058089744196,0.0015018255217000842,5.5772768721818773
SUpDEqSH,SUpDEq SH,296,295,60,23.283731703845064,0.0010619510430842638,5.4958243252541692
SUpDEqSH,SUpDEq SH,297,295,75,15.000000037063414,0.0005497062811627984,5.0448296817856466
SUpDEqSH,SUpDEq SH,298,115,75,15.000000037063414,0.0005497062811627984,5.3805743310564296
SUpDEqSH,SUpDEq SH,299,115,60,19.1603114048904,0.0010619510430842638,6.0340384421791091
SUpDEqSH,SUpDEq SH,300,115,45,14.106044049359161,0.0015018255217000842,5.6898363487280381
SUpDEqSH,SUpDEq SH,301,115,30,21.721268937441273,0.0015144464559853077,5.8715049687820482
SUpDEqSH,SUpDEq SH,302,115,20,13.892339676756846,0.0013326577609404922,6.1154689085710627
SUpDEqSH,SUpDEq SH,303,115,10,9.8476988264340477,0.0013966393889859319,6.3685305558473662
SUpDEqSH,SUpDEq SH,304,115,0,14.106043681994763,0.0014181847218424082,6.7011783859385012
SUpDEqSH,SUpDEq SH,305,115,-10,11.101906323216596,0.0013966393889859319,6.6347519048036565
SUpDEqSH,SUpDEq SH,306,115,-20,4.6982885557778449,0.0013326577609404922,6.3403511734612685
SUpDEqSH,SUpDEq SH,307,115,-30,10.974800180129701,0.0015144464559853077,7.437227364748801
SUpDEqSH,SUpDEq SH,308,115,-45,24.553175192197251,0.00080013019032776356,9.1997131338283662
SUpDEqSH,SUpDEq SH,309,290,-45,3.5349729711425013,0.00080013019032776356,5.4090874175928914
SUpDEqSH,SUpDEq SH,310,290,-30,15.507476946310584,0.0015144464559853077,6.5874344337428061
SUpDEqSH,SUpDEq SH,311,290,-20,13.892338343524369,0.0013326577609404922,6.6540516263642866
SUpDEqSH,SUpDEq SH,312,290,-10,9.8476990078007134,0.0013966393889859319,6.2387779196247894
SUpDEqSH,SUpDEq SH,313,290,0,14.106044537805667,0.0014181847218424082,6.2988858920775588
SUpDEqSH,SUpDEq SH,314,290,10,13.892339928739169,0.0013966393889859319,6.3474478214396548
SUpDEqSH,SUpDEq SH,315,290,20,9.3955278431111164,0.0013326577609404922,6.1362178770211919
SUpDEqSH,SUpDEq SH,316,290,30,13.481723153110721,0.0015144464559853077,6.6150785822110869
SUpDEqSH,SUpDEq SH,317,290,45,17.606966632428144,0.0015018255217000842,5.5588220529610872
SUpDEqSH,SUpDEq SH,318,290,60,21.124323628857301,0.0010619510430842638,5.4695593307454429
SUpDEqSH,SUpDEq SH,319,290,75,15.000000080789578,0.0005497062811627984,5.0656143170653953
SUpDEqSH,SUpDEq SH,320,110,75,15.000000080789578,0.0005497062811627984,5.3812402574111013
SUpDEqSH,SUpDEq SH,321,110,60,17.469138507459274,0.0010619510430842638,5.8748462151239922
SUpDEqSH,SUpDEq SH,322,110,45,10.591410810340577,0.0015018255217000842,5.5996143354745218
SUpDEqSH,SUpDEq SH,323,110,30,19.080583258701811,0.0015144464559853077,5.9978596913276867
SUpDEqSH,SUpDEq SH,324,110,20,11.101904792308432,0.0013326577609404922,5.8945451376574569
SUpDEqSH,SUpDEq SH,325,110,10,4.923991137574113,0.0013966393889859319,6.1643356196822108
SUpDEqSH,SUpDEq SH,326,110,0,11.168952764252944,0.0014181847218424082,6.7234381418242153
SUpDEqSH,SUpDEq SH,327,110,-10,13.892339928739169,0.0013966393889859319,6.9408728061689287
SUpDEqSH,SUpDEq SH,328,110,-20,9.3955278431111164,0.0013326577609404922,6.6634171930022328
SUpDEqSH,SUpDEq SH,329,110,-30,13.481723153110721,0.0015144464559853077,7.4215566865547569
SUpDEqSH,SUpDEq SH,330,110,-45,26.335321932194201,0.00080013019032776356,9.0369078577647297
SUpDEqSH,SUpDEq SH,331,285,-45,7.066573973819299,0.00080013019032776356,6.0253217679118656
SUpDEqSH,SUpDEq SH,332,285,-30,16.937618364774703,0.0015144464559853077,6.9113722502061909
SUpDEqSH,SUpDEq SH,333,285,-20,11.101905237270087,0.0013326577609404922,7.0117753146139536
SUpDEqSH,SUpDEq SH,334,285,-10,4.923991597886185,0.0013966393889859319,6.1101392556132055
SUpDEqSH,SUpDEq SH,335,285,0,11.168952776943851,0.0014181847218424082,6.3991008613740039
SUpDEqSH,SUpDEq SH,336,285,10,17.584023920930079,0.0013966393889859319,6.5286721309695546
SUpDEqSH,SUpDEq SH,337,285,20,14.090652882944042,0.0013326577609404922,6.4200283741293731
SUpDEqSH,SUpDEq SH,338,285,30,16.847753664559015,0.0015144464559853077,6.7114639086297556
SUpDEqSH,SUpDEq SH,339,285,45,14.106044534968714,0.0015018255217000842,5.4950670221589277
SUpDEqSH,SUpDEq SH,340,285,60,19.16031220270019,0.0010619510430842638,5.3853777760352219
SUpDEqSH,SUpDEq SH,341,285,75,15.000000205801689,0.0005497062811627984,5.105802025938905
SUpDEqSH,SUpDEq SH,342,105,75,15.000000205801689,0.0005497062811627984,5.4307090510325784
SUpDEqSH,SUpDEq SH,343,105,60,16.146339982767262,0.0010619510430842638,5.649529718972925
SUpDEqSH,SUpDEq SH,344,105,45,7.0665746820713302,0.0015018255217000842,5.5981978396474039
SUpDEqSH,SUpDEq SH,345,105,30,16.937617826182553,0.0015144464559853077,6.0686722876334693
SUpDEqSH,SUpDEq SH,346,105,20,10.000001042231721,0.0013326577609404922,6.3116523638920876
SUpDEqSH,SUpDEq SH,348,105,0,9.9999997713238429,0.0014181847218424082,6.6313596225836164
SUpDEqSH,SUpDEq SH,349,105,-10,17.584023920930079,0.0013966393889859319,6.823763394376285
SUpDEqSH,SUpDEq SH,350,105,-20,14.090652882944042,0.0013326577609404922,6.8184574611864006
SUpDEqSH,SUpDEq SH,351,105,-30,16.847753664559015,0.0015144464559853077,7.4310707449880198
SUpDEqSH,SUpDEq SH,352,105,-45,27.912101967116733,0.00080013019032776356,8.8428048989755315
SUpDEqSH,SUpDEq SH,353,280,-45,10.591410568697148,0.00080013019032776356,6.6565051834101672
SUpDEqSH,SUpDEq SH,354,280,-30,19.080584560230658,0.0015144464559853077,7.1094444263406738
SUpDEqSH,SUpDEq SH,355,280,-20,10.000000312474459,0.0013326577609404922,7.0913117039381977
SUpDEqSH,SUpDEq SH,357,280,0,10.000000063334213,0.0014181847218424082,6.6405558875651103
SUpDEqSH,SUpDEq SH,358,280,10,20.000000126668425,0.0013966393889859319,6.6636900913682151
SUpDEqSH,SUpDEq SH,359,280,20,18.782572356704865,0.0013326577609404922,6.7202605452600181
SUpDEqSH,SUpDEq SH,360,280,30,19.080583769633087,0.0015144464559853077,6.7964098958820491
SUpDEqSH,SUpDEq SH,361,280,45,10.591411252424974,0.0015018255217000842,5.4037153699600617
SUpDEqSH,SUpDEq SH,362,280,60,17.46913876234531,0.0010619510430842638,5.3306198989943407
SUpDEqSH,SUpDEq SH,363,280,75,15.000000876882917,0.0005497062811627984,5.1415333186075296
SUpDEqSH,SUpDEq SH,364,100,75,15.000000876882917,0.0005497062811627984,5.4066946795446276
SUpDEqSH,SUpDEq SH,365,100,60,15.294999564249215,0.0010619510430842638,5.5457066340407088
SUpDEqSH,SUpDEq SH,366,100,45,3.5349730246201427,0.0015018255217000842,5.4894161519679496
SUpDEqSH,SUpDEq SH,367,100,30,15.507478063998745,0.0015144464559853077,6.1440571648306284
SUpDEqSH,SUpDEq SH,368,100,20,11.101905383875703,0.0013326577609404922,6.792776594263116
SUpDEqSH,SUpDEq SH,369,100,10,4.923991597886185,0.0013966393889859319,6.7927407618879441
SUpDEqSH,SUpDEq SH,370,100,0,11.168952618752609,0.0014181847218424082,7.0834740189686354
SUpDEqSH,SUpDEq SH,371,100,-10,19.693104520766859,0.0013966393889859319,6.6567332641692394
SUpDEqSH,SUpDEq SH,372,100,-20,18.782572356704865,0.0013326577609404922,7.0275331873665694
SUpDEqSH,SUpDEq SH,373,100,-30,20.653638018260867,0.0015144464559853077,7.5689200542695456
SUpDEqSH,SUpDEq SH,374,100,-45,24.553173207647458,0.00080013019032776356,8.320108967990679
SUpDEqSH,SUpDEq SH,375,275,-45,14.106044049359161,0.00080013019032776356,7.0933187870242875
SUpDEqSH,SUpDEq SH,376,275,-30,20.53677829030493,0.0015144464559853077,7.1954262226088614
SUpDEqSH,SUpDEq SH,377,275,-20,11.101905198345321,0.0013326577609404922,7.1961708328845244
SUpDEqSH,SUpDEq SH,378,275,-10,4.9239920503845713,0.0013966393889859319,6.3523200037743441
SUpDEqSH,SUpDEq SH,379,275,0,11.16895302052127,0.0014181847218424082,6.8035543338448008
SUpDEqSH,SUpDEq SH,380,275,10,19.69310407722487,0.0013966393889859319,6.9515207080292791
SUpDEqSH,SUpDEq SH,381,275,20,21.720796852149238,0.0013326577609404922,7.1516170816989213
SUpDEqSH,SUpDEq SH,382,275,30,16.937617453527647,0.0015144464559853077,6.9635742608357267
SUpDEqSH,SUpDEq SH,383,275,45,7.0665743376950143,0.0015018255217000842,5.3344061533027869
SUpDEqSH,SUpDEq SH,384,275,60,16.146339106920092,0.0010619510430842638,5.3854788014166228
SUpDEqSH,SUpDEq SH,385,275,75,15.000000519710634,0.0005497062811627984,5.1978364372406398
SUpDEqSH,SUpDEq SH,386,95,75,15.000000519710634,0.0005497062811627984,5.4359457874344761
SUpDEqSH,SUpDEq SH,387,95,60,14.999999903155175,0.0010619510430842638,5.5510463819158788
SUpDEqSH,SUpDEq SH,389,95,30,14.999998860864325,0.0015144464559853077,6.5261062528792655
SUpDEqSH,SUpDEq SH,390,95,20,13.892339311357045,0.0013326577609404922,7.2007896999076202
SUpDEqSH,SUpDEq SH,391,95,10,9.8476999267451841,0.0013966393889859319,7.2509049873094593
SUpDEqSH,SUpDEq SH,392,95,0,14.106044325762864,0.0014181847218424082,7.347753100096468
SUpDEqSH,SUpDEq SH,393,95,-10,14.770835961042275,0.0013966393889859319,7.0128866248228743
SUpDEqSH,SUpDEq SH,394,95,-20,17.584023136331574,0.0013326577609404922,7.0907138425167462
SUpDEqSH,SUpDEq SH,395,95,-30,24.40718811313571,0.0015144464559853077,7.5959528225168631
SUpDEqSH,SUpDEq SH,396,95,-45,21.09058089744196,0.00080013019032776356,7.9948651490617344
SUpDEqSH,SUpDEq SH,397,270,-45,17.606966600082263,0.00080013019032776356,7.5910235195129312
SUpDEqSH,SUpDEq SH,398,270,-30,22.068454646158248,0.0015144464559853077,7.4535188072910046
SUpDEqSH,SUpDEq SH,399,270,-20,13.892339141059953,0.0013326577609404922,7.2563707384643301
SUpDEqSH,SUpDEq SH,400,270,-10,9.8476998269605698,0.0013966393889859319,6.7351478477495501
SUpDEqSH,SUpDEq SH,401,270,0,14.106044534885925,0.0014181847218424082,8.5189943518718838
SUpDEqSH,SUpDEq SH,402,270,10,14.770836052664333,0.0013966393889859319,7.3003904076274209
SUpDEqSH,SUpDEq SH,403,270,20,17.584023579682643,0.0013326577609404922,7.6258144147050393
SUpDEqSH,SUpDEq SH,404,270,30,15.507477087468549,0.0015144464559853077,7.0330164590181425
SUpDEqSH,SUpDEq SH,405,270,45,3.5349727355105256,0.0015018255217000842,5.2562404554562638
SUpDEqSH,SUpDEq SH,406,270,60,15.294998954736444,0.0010619510430842638,5.3526805803285384
SUpDEqSH,SUpDEq SH,407,270,75,15.000000120055846,0.0005497062811627984,5.2267842748285371
SUpDEqSH,SUpDEq SH,408,90,75,15.000000120055846,0.0005497062811627984,5.4418100249490138
SUpDEqSH,SUpDEq SH,409,90,60,15.294998954736444,0.0010619510430842638,5.6501757134570294
SUpDEqSH,SUpDEq SH,410,90,45,3.5349727355105256,0.0015018255217000842,5.3582712409758528
SUpDEqSH,SUpDEq SH,411,90,30,15.507477087468549,0.0015144464559853077,6.5723028533688543
SUpDEqSH,SUpDEq SH,412,90,20,17.584023579682643,0.0013326577609404922,7.327286206456824
SUpDEqSH,SUpDEq SH,413,90,10,14.770836052664333,0.0013966393889859319,7.356312233229823
SUpDEqSH,SUpDEq SH,414,90,0,14.106044534885925,0.0014181847218424082,8.2865378071754101
SUpDEqSH,SUpDEq SH,415,90,-10,9.8476998269605698,0.0013966393889859319,6.6830089699103219
SUpDEqSH,SUpDEq SH,416,90,-20,13.892339141059953,0.0013326577609404922,7.2051814705411399
SUpDEqSH,SUpDEq SH,417,90,-30,22.068454646158248,0.0015144464559853077,7.6384237495721123
SUpDEqSH,SUpDEq SH,418,90,-45,17.606966600082263,0.00080013019032776356,7.4884568361264083
SUpDEqSH,SUpDEq SH,419,265,-45,21.09058089744196,0.00080013019032776356,8.1883130108823039
SUpDEqSH,SUpDEq SH,420,265,-30,24.40718811313571,0.0015144464559853077,7.5357233825103442
SUpDEqSH,SUpDEq SH,421,265,-20,17.584023136331574,0.0013326577609404922,7.0900584485065901
SUpDEqSH,SUpDEq SH,422,265,-10,14.770835961042275,0.0013966393889859319,6.9574440621485794
SUpDEqSH,SUpDEq SH,423,265,0,14.106044325762864,0.0014181847218424082,7.0208748829416399
SUpDEqSH,SUpDEq SH,424,265,10,9.8476999267451841,0.0013966393889859319,7.2162504230782556
SUpDEqSH,SUpDEq SH,425,265,20,13.892339311357045,0.0013326577609404922,7.7744627896582612
SUpDEqSH,SUpDEq SH,426,265,30,14.999998860864325,0.0015144464559853077,7.160993360578126
SUpDEqSH,SUpDEq SH,428,265,60,14.999999903155175,0.0010619510430842638,5.345027022052772
SUpDEqSH,SUpDEq SH,429,265,75,15.000000519710634,0.0005497062811627984,5.2661450427555012
SUpDEqSH,SUpDEq SH,430,85,75,15.000000519710634,0.0005497062811627984,5.4753456126014619
SUpDEqSH,SUpDEq SH,431,85,60,16.146339106920092,0.0010619510430842638,5.7752409038168135
SUpDEqSH,SUpDEq SH,432,85,45,7.0665743376950143,0.0015018255217000842,5.5592474731481163
SUpDEqSH,SUpDEq SH,433,85,30,16.937617453527647,0.0015144464559853077,6.4580375433902253
SUpDEqSH,SUpDEq SH,434,85,20,21.720796852149238,0.0013326577609404922,6.9841123776575067
SUpDEqSH,SUpDEq SH,435,85,10,19.69310407722487,0.0013966393889859319,6.8445171311315907
SUpDEqSH,SUpDEq SH,436,85,0,11.16895302052127,0.0014181847218424082,7.2864411014137724
SUpDEqSH,SUpDEq SH,437,85,-10,4.9239920503845713,0.0013966393889859319,6.2482505470917085
SUpDEqSH,SUpDEq SH,438,85,-20,11.101905198345321,0.0013326577609404922,6.9395988158470381
SUpDEqSH,SUpDEq SH,439,85,-30,20.53677829030493,0.0015144464559853077,7.6235232685147771
SUpDEqSH,SUpDEq SH,440,85,-45,14.106044049359161,0.00080013019032776356,7.232533323080232
SUpDEqSH,SUpDEq SH,441,260,-45,24.553173207647458,0.00080013019032776356,8.6392795005284277
SUpDEqSH,SUpDEq SH,442,260,-30,20.653638018260867,0.0015144464559853077,7.4444059381001297
SUpDEqSH,SUpDEq SH,443,260,-20,18.782572356704865,0.0013326577609404922,6.9492903586703427
SUpDEqSH,SUpDEq SH,444,260,-10,19.693104520766859,0.0013966393889859319,6.720924230207947
SUpDEqSH,SUpDEq SH,445,260,0,11.168952618752609,0.0014181847218424082,7.0985262748352662
SUpDEqSH,SUpDEq SH,446,260,10,4.923991597886185,0.0013966393889859319,6.8245017876886029
SUpDEqSH,SUpDEq SH,447,260,20,11.101905383875703,0.0013326577609404922,7.2835552825816201
SUpDEqSH,SUpDEq SH,448,260,30,15.507478063998745,0.0015144464559853077,7.1128028800642138
SUpDEqSH,SUpDEq SH,449,260,45,3.5349730246201427,0.0015018255217000842,5.0897029476075
SUpDEqSH,SUpDEq SH,450,260,60,15.294999564249215,0.0010619510430842638,5.4371284593943194
SUpDEqSH,SUpDEq SH,451,260,75,15.000000876882917,0.0005497062811627984,5.3281081247804556
SUpDEqSH,SUpDEq SH,452,80,75,15.000000876882917,0.0005497062811627984,5.4472825813280314
SUpDEqSH,SUpDEq SH,453,80,60,17.46913876234531,0.0010619510430842638,5.8713296102211592
SUpDEqSH,SUpDEq SH,454,80,45,10.591411252424974,0.0015018255217000842,5.7121430426968649
SUpDEqSH,SUpDEq SH,455,80,30,19.080583769633087,0.0015144464559853077,6.4517011439085312
SUpDEqSH,SUpDEq SH,456,80,20,18.782572356704865,0.0013326577609404922,6.5736438297715098
SUpDEqSH,SUpDEq SH,457,80,10,20.000000126668425,0.0013966393889859319,6.5982050458598271
SUpDEqSH,SUpDEq SH,458,80,0,10.000000063334213,0.0014181847218424082,6.8063570025628195
SUpDEqSH,SUpDEq SH,460,80,-20,10.000000312474459,0.0013326577609404922,6.8686028729932591
SUpDEqSH,SUpDEq SH,461,80,-30,19.080584560230658,0.0015144464559853077,7.4890699184106042
SUpDEqSH,SUpDEq SH,462,80,-45,10.591410568697148,0.00080013019032776356,6.8769893839575129
SUpDEqSH,SUpDEq SH,463,255,-45,27.912101967116733,0.00080013019032776356,9.1018771262566496
SUpDEqSH,SUpDEq SH,464,255,-30,16.847753664559015,0.0015144464559853077,7.5711369320598445
SUpDEqSH,SUpDEq SH,465,255,-20,14.090652882944042,0.0013326577609404922,6.6715815255192474
SUpDEqSH,SUpDEq SH,466,255,-10,17.584023920930079,0.0013966393889859319,6.7037524696884896
SUpDEqSH,SUpDEq SH,467,255,0,9.9999997713238429,0.0014181847218424082,6.4500351183195059
SUpDEqSH,SUpDEq SH,469,255,20,10.000001042231721,0.0013326577609404922,6.6663606025245405
SUpDEqSH,SUpDEq SH,470,255,30,16.937617826182553,0.0015144464559853077,6.7797988233510518
SUpDEqSH,SUpDEq SH,471,255,45,7.0665746820713302,0.0015018255217000842,5.1979398155078123
SUpDEqSH,SUpDEq SH,472,255,60,16.146339982767262,0.0010619510430842638,5.5533841987097796
SUpDEqSH,SUpDEq SH,473,255,75,15.000000205801689,0.0005497062811627984,5.3169265392934264
SUpDEqSH,SUpDEq SH,474,75,75,15.000000205801689,0.0005497062811627984,5.4388840866707726
SUpDEqSH,SUpDEq SH,475,75,60,19.16031220270019,0.0010619510430842638,5.9354742368213413
SUpDEqSH,SUpDEq SH,476,75,45,14.106044534968714,0.0015018255217000842,5.8037862622871765
SUpDEqSH,SUpDEq SH,477,75,30,16.847753664559015,0.0015144464559853077,6.5649855480740049
SUpDEqSH,SUpDEq SH,478,75,20,14.090652882944042,0.0013326577609404922,6.3592127791552455
SUpDEqSH,SUpDEq SH,479,75,10,17.584023920930079,0.0013966393889859319,6.5369705945580856
SUpDEqSH,SUpDEq SH,480,75,0,11.168952776943851,0.0014181847218424082,6.5106790505497631
SUpDEqSH,SUpDEq SH,481,75,-10,4.923991597886185,0.0013966393889859319,6.1254113989653343
SUpDEqSH,SUpDEq SH,482,75,-20,11.101905237270087,0.0013326577609404922,6.6964581105788934
SUpDEqSH,SUpDEq SH,483,75,-30,16.937618364774703,0.0015144464559853077,7.3611190618854945
SUpDEqSH,SUpDEq SH,484,75,-45,7.066573973819299,0.00080013019032776356,6.2114779708367927
SUpDEqSH,SUpDEq SH,485,250,-45,26.335321932194201,0.00080013019032776356,9.487291169727321
SUpDEqSH,SUpDEq SH,486,250,-30,13.481723153110721,0.0015144464559853077,7.6946938885630694
SUpDEqSH,SUpDEq SH,487,250,-20,9.3955278431111164,0.0013326577609404922,6.5656970006893109
SUpDEqSH,SUpDEq SH,488,250,-10,13.892339928739169,0.0013966393889859319,6.6651471789022585
SUpDEqSH,SUpDEq SH,489,250,0,11.168952764252944,0.0014181847218424082,6.3776437383602689
SUpDEqSH,SUpDEq SH,490,250,10,4.923991137574113,0.0013966393889859319,5.9335514964539833
SUpDEqSH,SUpDEq SH,491,250,20,11.101904792308432,0.0013326577609404922,6.0382168377628735
SUpDEqSH,SUpDEq SH,492,250,30,19.080583258701811,0.0015144464559853077,6.5268231274010615
SUpDEqSH,SUpDEq SH,493,250,45,10.591410810340577,0.0015018255217000842,5.2892103462536308
SUpDEqSH,SUpDEq SH,494,250,60,17.469138507459274,0.0010619510430842638,5.7350858805061877
SUpDEqSH,SUpDEq SH,495,250,75,15.000000080789578,0.0005497062811627984,5.2773367198454855
SUpDEqSH,SUpDEq SH,496,70,75,15.000000080789578,0.0005497062811627984,5.4489117790742227
SUpDEqSH,SUpDEq SH,497,70,60,21.124323628857301,0.0010619510430842638,5.9781958483741287
SUpDEqSH,SUpDEq SH,498,70,45,17.606966632428144,0.0015018255217000842,5.9815950446773796
SUpDEqSH,SUpDEq SH,499,70,30,13.481723153110721,0.0015144464559853077,6.6097710821640012
SUpDEqSH,SUpDEq SH,500,70,20,9.3955278431111164,0.0013326577609404922,6.1523351640360087
SUpDEqSH,SUpDEq SH,501,70,10,13.892339928739169,0.0013966393889859319,6.2397808810279596
SUpDEqSH,SUpDEq SH,502,70,0,14.106044537805667,0.0014181847218424082,6.420111114266188
SUpDEqSH,SUpDEq SH,503,70,-10,9.8476990078007134,0.0013966393889859319,6.2512141955707623
SUpDEqSH,SUpDEq SH,504,70,-20,13.892338343524369,0.0013326577609404922,6.6073463749258563
SUpDEqSH,SUpDEq SH,505,70,-30,15.507476946310584,0.0015144464559853077,7.145915930150716
SUpDEqSH,SUpDEq SH,506,70,-45,3.5349729711425013,0.00080013019032776356,5.6291254524392436
SUpDEqSH,SUpDEq SH,507,245,-45,24.553175192197251,0.00080013019032776356,9.9435622223438607
SUpDEqSH,SUpDEq SH,508,245,-30,10.974800180129701,0.0015144464559853077,7.6561196504630225
SUpDEqSH,SUpDEq SH,509,245,-20,4.6982885557778449,0.0013326577609404922,6.4416336311446623
SUpDEqSH,SUpDEq SH,510,245,-10,11.101906323216596,0.0013966393889859319,6.3589499190147505
SUpDEqSH,SUpDEq SH,511,245,0,14.106043681994763,0.0014181847218424082,6.3973211629429869
SUpDEqSH,SUpDEq SH,512,245,10,9.8476988264340477,0.0013966393889859319,6.1649963148988771
SUpDEqSH,SUpDEq SH,513,245,20,13.892339676756846,0.0013326577609404922,6.0963783107002092
SUpDEqSH,SUpDEq SH,514,245,30,21.721268937441273,0.0015144464559853077,6.3057713320008819
SUpDEqSH,SUpDEq SH,515,245,45,14.106044049359161,0.0015018255217000842,5.336618726387468
SUpDEqSH,SUpDEq SH,516,245,60,19.1603114048904,0.0010619510430842638,5.9012115967766698
SUpDEqSH,SUpDEq SH,517,245,75,15.000000037063414,0.0005497062811627984,5.2728422111009943
SUpDEqSH,SUpDEq SH,518,65,75,15.000000037063414,0.0005497062811627984,5.4505590349124855
SUpDEqSH,SUpDEq SH,519,65,60,23.283731703845064,0.0010619510430842638,5.9904307508487582
SUpDEqSH,SUpDEq SH,520,65,45,21.09058089744196,0.0015018255217000842,6.1385768041411746
SUpDEqSH,SUpDEq SH,521,65,30,10.974800180129701,0.0015144464559853077,6.6830012488984032
SUpDEqSH,SUpDEq SH,522,65,20,4.6982885557778449,0.0013326577609404922,5.9595925416736488
SUpDEqSH,SUpDEq SH,523,65,10,11.101906323216596,0.0013966393889859319,5.9763264784196251
SUpDEqSH,SUpDEq SH,524,65,0,17.963859654834859,0.0014181847218424082,6.1950811249979232
SUpDEqSH,SUpDEq SH,525,65,-10,14.7708350451899,0.0013966393889859319,6.3108251308586176
SUpDEqSH,SUpDEq SH,526,65,-20,17.584023688118002,0.0013326577609404922,6.515094605585551
SUpDEqSH,SUpDEq SH,527,65,-30,14.999999968681948,0.0015144464559853077,7.0530609298604423
SUpDEqSH,SUpDEq SH,529,240,-45,21.09058345153683,0.00080013019032776356,10.089055668120276
SUpDEqSH,SUpDEq SH,530,240,-30,9.999999029626526,0.0015144464559853077,7.5078026438984944
SUpDEqSH,SUpDEq SH,532,240,-10,10.000001188003743,0.0013966393889859319,6.1597004360027379
SUpDEqSH,SUpDEq SH,533,240,0,17.963860119699778,0.0014181847218424082,6.1766262000143426
SUpDEqSH,SUpDEq SH,534,240,10,14.770834162524009,0.0013966393889859319,6.1358335033529094
SUpDEqSH,SUpDEq SH,535,240,20,17.584023920930079,0.0013326577609404922,6.0603327498589215
SUpDEqSH,SUpDEq SH,536,240,30,21.607104488938131,0.0015144464559853077,6.1533881865586331
SUpDEqSH,SUpDEq SH,537,240,45,17.606966457268481,0.0015018255217000842,5.4477209376633811
SUpDEqSH,SUpDEq SH,538,240,60,21.124323816652065,0.0010619510430842638,6.0005331725989128
SUpDEqSH,SUpDEq SH,539,240,75,14.999999926042548,0.0005497062811627984,5.3050543329936701
SUpDEqSH,SUpDEq SH,540,60,75,14.999999926042548,0.0005497062811627984,5.3773530719789235
SUpDEqSH,SUpDEq SH,541,60,60,23.283732956340483,0.0010619510430842638,5.9891215338387118
SUpDEqSH,SUpDEq SH,542,60,45,21.09058345153683,0.0015018255217000842,6.1843964122204786
SUpDEqSH,SUpDEq SH,543,60,30,9.999999029626526,0.0015144464559853077,6.7008559350653343
SUpDEqSH,SUpDEq SH,545,60,10,10.000001188003743,0.0013966393889859319,5.9609734158402885
SUpDEqSH,SUpDEq SH,546,60,0,20.000001081696542,0.0014181847218424082,6.1489057117919748
SUpDEqSH,SUpDEq SH,547,60,-10,19.693102264372424,0.0013966393889859319,6.3459918329357343
SUpDEqSH,SUpDEq SH,548,60,-20,21.720797258522222,0.0013326577609404922,6.487909217853538
SUpDEqSH,SUpDEq SH,549,60,-30,15.507477882749432,0.0015144464559853077,6.8308373385928691
SUpDEqSH,SUpDEq SH,550,60,-45,3.5349723672764939,0.00080013019032776356,5.7639117110363385
SUpDEqSH,SUpDEq SH,551,235,-45,17.606969385403353,0.00080013019032776356,9.8501741077213723
SUpDEqSH,SUpDEq SH,552,235,-30,10.974799216332263,0.0015144464559853077,7.0736224867841004
SUpDEqSH,SUpDEq SH,553,235,-20,4.6982881143403246,0.0013326577609404922,6.0398506681721358
SUpDEqSH,SUpDEq SH,554,235,-10,11.101906097405333,0.0013966393889859319,6.2422793199020559
SUpDEqSH,SUpDEq SH,555,235,0,20.590672601212329,0.0014181847218424082,6.2043936866515175
SUpDEqSH,SUpDEq SH,556,235,10,19.693105582230331,0.0013966393889859319,6.0451328012084184
SUpDEqSH,SUpDEq SH,557,235,20,20.653637823309932,0.0013326577609404922,6.1191387368777184
SUpDEqSH,SUpDEq SH,558,235,30,17.298331880789124,0.0015144464559853077,5.950815133399467
SUpDEqSH,SUpDEq SH,559,235,45,21.090580421606788,0.0015018255217000842,5.4874584296503324
SUpDEqSH,SUpDEq SH,560,235,60,23.283732169116558,0.0010619510430842638,6.1448766161199524
SUpDEqSH,SUpDEq SH,561,235,75,15.000000513611642,0.0005497062811627984,5.2620101308645939
SUpDEqSH,SUpDEq SH,562,55,75,15.000000513611642,0.0005497062811627984,5.4077649348046188
SUpDEqSH,SUpDEq SH,563,55,60,21.124323795477249,0.0010619510430842638,5.9412044089081881
SUpDEqSH,SUpDEq SH,564,55,45,17.606969385403353,0.0015018255217000842,6.0038712988916867
SUpDEqSH,SUpDEq SH,565,55,30,10.974799216332263,0.0015144464559853077,6.7633629203479275
SUpDEqSH,SUpDEq SH,566,55,20,4.6982881143403246,0.0013326577609404922,5.9905366594735776
SUpDEqSH,SUpDEq SH,567,55,10,11.101906097405333,0.0013966393889859319,5.9098756626124844
SUpDEqSH,SUpDEq SH,568,55,0,20.590672601212329,0.0014181847218424082,6.1005535382010292
SUpDEqSH,SUpDEq SH,569,55,-10,21.720794676281667,0.0013966393889859319,6.2997460532862126
SUpDEqSH,SUpDEq SH,570,55,-20,18.782571022300161,0.0013326577609404922,6.3528694999923285
SUpDEqSH,SUpDEq SH,571,55,-30,16.937618103837618,0.0015144464559853077,6.9020853273827703
SUpDEqSH,SUpDEq SH,572,55,-45,7.0665737578836278,0.00080013019032776356,6.0950333542565964
SUpDEqSH,SUpDEq SH,573,230,-45,14.106044861351487,0.00080013019032776356,9.4376495252163757
SUpDEqSH,SUpDEq SH,574,230,-30,13.481722693495358,0.0015144464559853077,6.8822444155671114
SUpDEqSH,SUpDEq SH,575,230,-20,9.3955278474439847,0.0013326577609404922,6.0436327318549274
SUpDEqSH,SUpDEq SH,576,230,-10,13.892339559573843,0.0013966393889859319,6.2431636971563087
SUpDEqSH,SUpDEq SH,577,230,0,22.26874569765862,0.0014181847218424082,6.3426756062387293
SUpDEqSH,SUpDEq SH,578,230,10,24.407187574190903,0.0013966393889859319,6.264802388721173
SUpDEqSH,SUpDEq SH,579,230,20,16.847752970154431,0.0013326577609404922,6.0985830708969653
SUpDEqSH,SUpDEq SH,580,230,30,12.981060122360738,0.0015144464559853077,5.7467072576439975
SUpDEqSH,SUpDEq SH,581,230,45,19.080584438556169,0.0015018255217000842,5.7135986201251976
SUpDEqSH,SUpDEq SH,582,230,60,25.579586991885623,0.0010619510430842638,6.2418412848465463
SUpDEqSH,SUpDEq SH,583,230,75,15.000000045981704,0.0005497062811627984,5.3463395683549315
SUpDEqSH,SUpDEq SH,584,50,75,15.000000045981704,0.0005497062811627984,5.3835702703058947
SUpDEqSH,SUpDEq SH,585,50,60,19.160311981928583,0.0010619510430842638,5.8466865952051288
SUpDEqSH,SUpDEq SH,586,50,45,14.106044861351487,0.0015018255217000842,5.7976590354647266
SUpDEqSH,SUpDEq SH,587,50,30,13.481722693495358,0.0015144464559853077,6.8388828937865833
SUpDEqSH,SUpDEq SH,588,50,20,9.3955278474439847,0.0013326577609404922,6.0834467453936574
SUpDEqSH,SUpDEq SH,589,50,10,13.892339559573843,0.0013966393889859319,5.9019521522978531
SUpDEqSH,SUpDEq SH,590,50,0,22.26874569765862,0.0014181847218424082,6.0266160561182831
SUpDEqSH,SUpDEq SH,591,50,-10,17.584022183303819,0.0013966393889859319,6.2137353637791852
SUpDEqSH,SUpDEq SH,592,50,-20,14.090650791577101,0.0013326577609404922,6.3453923628525732
SUpDEqSH,SUpDEq SH,593,50,-30,16.847751615755694,0.0015144464559853077,6.746712359730088
SUpDEqSH,SUpDEq SH,594,50,-45,10.591412169898064,0.00080013019032776356,6.2722633452748218
SUpDEqSH,SUpDEq SH,595,225,-45,10.591412221441374,0.00080013019032776356,8.9132477100791494
SUpDEqSH,SUpDEq SH,596,225,-30,16.847751846686993,0.0015144464559853077,6.7133148178344246
SUpDEqSH,SUpDEq SH,597,225,-20,14.090651603071073,0.0013326577609404922,6.1932016280737407
SUpDEqSH,SUpDEq SH,598,225,-10,17.584022658769534,0.0013966393889859319,6.3091454468570198
SUpDEqSH,SUpDEq SH,599,225,0,24.814217316458059,0.0014181847218424082,6.3850159297720577
SUpDEqSH,SUpDEq SH,600,225,10,22.068454074222679,0.0013966393889859319,6.3785296034031793
SUpDEqSH,SUpDEq SH,601,225,20,13.481723581082752,0.0013326577609404922,6.1080592002723559
SUpDEqSH,SUpDEq SH,602,225,30,8.6575008924471586,0.0015144464559853077,5.5302846089733544
SUpDEqSH,SUpDEq SH,603,225,45,16.937618541531808,0.0015018255217000842,5.9212629053100834
SUpDEqSH,SUpDEq SH,604,225,60,27.967953256853754,0.0010619510430842638,6.3356098496981241
SUpDEqSH,SUpDEq SH,605,225,75,15.000000759196658,0.0005497062811627984,5.4190660819399552
SUpDEqSH,SUpDEq SH,606,45,75,15.000000759196658,0.0005497062811627984,5.398005319662845
SUpDEqSH,SUpDEq SH,607,45,60,17.469139229498978,0.0010619510430842638,5.6951760370281175
SUpDEqSH,SUpDEq SH,608,45,45,10.591412221441374,0.0015018255217000842,5.5039879374401961
SUpDEqSH,SUpDEq SH,609,45,30,16.847751846686993,0.0015144464559853077,6.8175212469526336
SUpDEqSH,SUpDEq SH,610,45,20,14.090651603071073,0.0013326577609404922,6.2099970082065008
SUpDEqSH,SUpDEq SH,611,45,10,17.584022658769534,0.0013966393889859319,5.9753317335080318
SUpDEqSH,SUpDEq SH,612,45,0,22.268744826474858,0.0014181847218424082,5.9944860412162635
SUpDEqSH,SUpDEq SH,613,45,-10,13.892338468968779,0.0013966393889859319,6.0505060500228147
SUpDEqSH,SUpDEq SH,614,45,-20,9.3955270425035575,0.0013326577609404922,6.057894727844916
SUpDEqSH,SUpDEq SH,615,45,-30,13.481722024217131,0.0015144464559853077,6.6575845743608992
SUpDEqSH,SUpDEq SH,616,45,-45,14.106044843106213,0.00080013019032776356,6.4001321381526886
SUpDEqSH,SUpDEq SH,617,220,-45,7.0665759174006428,0.00080013019032776356,8.3396879952754102
SUpDEqSH,SUpDEq SH,618,220,-30,16.937618856363812,0.0015144464559853077,6.658344572026496
SUpDEqSH,SUpDEq SH,619,220,-20,18.782569533125056,0.0013326577609404922,6.2845663467841257
SUpDEqSH,SUpDEq SH,620,220,-10,19.693105071764794,0.0013966393889859319,6.2319979616430965
SUpDEqSH,SUpDEq SH,621,220,0,22.268745808076812,0.0014181847218424082,6.2439322984250856
SUpDEqSH,SUpDEq SH,622,220,10,20.536778438540473,0.0013966393889859319,6.3241257059341507
SUpDEqSH,SUpDEq SH,623,220,20,10.974801461651374,0.0013326577609404922,6.0753763254023134
SUpDEqSH,SUpDEq SH,624,220,30,4.3297856282053244,0.0015144464559853077,5.3323526127680037
SUpDEqSH,SUpDEq SH,625,220,45,15.507478746963535,0.0015018255217000842,6.0680579420181582
SUpDEqSH,SUpDEq SH,626,220,60,30.000000754713284,0.0010619510430842638,6.4371662906766964
SUpDEqSH,SUpDEq SH,627,220,75,15.000000045981704,0.0005497062811627984,5.4933341416938299
SUpDEqSH,SUpDEq SH,628,40,75,15.000000045981704,0.0005497062811627984,5.3816746964510083
SUpDEqSH,SUpDEq SH,629,40,60,16.146340174030033,0.0010619510430842638,5.5812147825484111
SUpDEqSH,SUpDEq SH,630,40,45,7.0665759174006428,0.0015018255217000842,5.2636625484927935
SUpDEqSH,SUpDEq SH,631,40,30,16.937618856363812,0.0015144464559853077,6.6864996185993384
SUpDEqSH,SUpDEq SH,632,40,20,18.782569533125056,0.0013326577609404922,6.1722326778806744
SUpDEqSH,SUpDEq SH,633,40,10,19.693105071764794,0.0013966393889859319,5.9399254531358539
SUpDEqSH,SUpDEq SH,634,40,0,20.590672409097611,0.0014181847218424082,5.8539490743726708
SUpDEqSH,SUpDEq SH,635,40,-10,11.101905566123458,0.0013966393889859319,5.9705167875925307
SUpDEqSH,SUpDEq SH,636,40,-20,4.6982895983919564,0.0013326577609404922,5.8840018486931935
SUpDEqSH,SUpDEq SH,637,40,-30,10.974800783883671,0.0015144464559853077,6.6088167140910006
SUpDEqSH,SUpDEq SH,638,40,-45,17.606967058132422,0.00080013019032776356,6.4777372857863362
SUpDEqSH,SUpDEq SH,639,215,-45,3.5349726093893015,0.00080013019032776356,7.9096104685406967
SUpDEqSH,SUpDEq SH,640,215,-30,15.507477619497367,0.0015144464559853077,6.6630260549296532
SUpDEqSH,SUpDEq SH,641,215,-20,17.584023511028544,0.0013326577609404922,6.4718509418851822
SUpDEqSH,SUpDEq SH,642,215,-10,14.770837930353938,0.0013966393889859319,6.1990976483874798
SUpDEqSH,SUpDEq SH,643,215,0,17.963860447378917,0.0014181847218424082,6.1669559259154445
SUpDEqSH,SUpDEq SH,644,215,10,19.999999690522536,0.0013966393889859319,6.1899371813609401
SUpDEqSH,SUpDEq SH,645,215,20,9.9999992480583071,0.0013326577609404922,5.8154910329426208
SUpDEqSH,SUpDEq SH,647,215,45,14.999999418095857,0.0015018255217000842,6.3443454688485641
SUpDEqSH,SUpDEq SH,648,215,60,29.999999338596972,0.0010619510430842638,6.6379002378698315
SUpDEqSH,SUpDEq SH,649,215,75,15.000000513611642,0.0005497062811627984,5.5796346288584058
SUpDEqSH,SUpDEq SH,650,35,75,15.000000513611642,0.0005497062811627984,5.3847499744859508
SUpDEqSH,SUpDEq SH,651,35,60,15.294998948342053,0.0010619510430842638,5.517276546055137
SUpDEqSH,SUpDEq SH,652,35,45,3.5349726093893015,0.0015018255217000842,5.0995376369611174
SUpDEqSH,SUpDEq SH,653,35,30,15.507477619497367,0.0015144464559853077,6.6877060509856623
SUpDEqSH,SUpDEq SH,654,35,20,17.584023511028544,0.0013326577609404922,6.183463174002986
SUpDEqSH,SUpDEq SH,655,35,10,14.770837930353938,0.0013966393889859319,5.8411837910545907
SUpDEqSH,SUpDEq SH,656,35,0,17.963860447378917,0.0014181847218424082,5.7482503128366789
SUpDEqSH,SUpDEq SH,657,35,-10,10.000000442464293,0.0013966393889859319,6.044815188557271
SUpDEqSH,SUpDEq SH,659,35,-30,9.9999992480583071,0.0015144464559853077,6.6332262234209081
SUpDEqSH,SUpDEq SH,660,35,-45,21.090583039068701,0.00080013019032776356,6.9594001703559369
SUpDEqSH,SUpDEq SH,662,210,-30,14.999998739050708,0.0015144464559853077,6.8100085550983662
SUpDEqSH,SUpDEq SH,663,210,-20,13.892339928739169,0.0013326577609404922,6.5510706917511436
SUpDEqSH,SUpDEq SH,664,210,-10,9.8476983963493687,0.0013966393889859319,6.0985730971693934
SUpDEqSH,SUpDEq SH,665,210,0,14.10604466738504,0.0014181847218424082,5.9793445333160866
SUpDEqSH,SUpDEq SH,666,210,10,20.536778047345422,0.0013966393889859319,6.0236914748224901
SUpDEqSH,SUpDEq SH,667,210,20,10.974799216332263,0.0013326577609404922,5.6227614699644803
SUpDEqSH,SUpDEq SH,668,210,30,4.3297829047621343,0.0015144464559853077,5.3096338570163271
SUpDEqSH,SUpDEq SH,669,210,45,15.507477619497367,0.0015018255217000842,6.6524395389780686
SUpDEqSH,SUpDEq SH,670,210,60,30.000000111323018,0.0010619510430842638,6.7915872231590546
SUpDEqSH,SUpDEq SH,671,210,75,14.999999926042548,0.0005497062811627984,5.6324449200286182
SUpDEqSH,SUpDEq SH,672,30,75,14.999999926042548,0.0005497062811627984,5.3984537540298856
SUpDEqSH,SUpDEq SH,673,30,60,15.000001038303349,0.0010619510430842638,5.4305487272457285
SUpDEqSH,SUpDEq SH,675,30,30,14.999998739050708,0.0015144464559853077,6.6188197589765361
SUpDEqSH,SUpDEq SH,676,30,20,13.892339928739169,0.0013326577609404922,6.0796856796813703
SUpDEqSH,SUpDEq SH,677,30,10,9.8476983963493687,0.0013966393889859319,5.6840517591963469
SUpDEqSH,SUpDEq SH,678,30,0,14.10604466738504,0.0014181847218424082,5.7266094968680932
SUpDEqSH,SUpDEq SH,679,30,-10,11.101905871462817,0.0013966393889859319,6.1768313577869378
SUpDEqSH,SUpDEq SH,680,30,-20,4.6982881143403246,0.0013326577609404922,6.1493115559190299
SUpDEqSH,SUpDEq SH,681,30,-30,10.974800968721977,0.0015144464559853077,6.6410439900307345
SUpDEqSH,SUpDEq SH,682,30,-45,24.553175192197251,0.00080013019032776356,7.5092090979513308
SUpDEqSH,SUpDEq SH,683,205,-45,3.5349723672764939,0.00080013019032776356,7.4246751142541969
SUpDEqSH,SUpDEq SH,684,205,-30,15.507477597756536,0.0015144464559853077,6.9381558745353713
SUpDEqSH,SUpDEq SH,685,205,-20,11.101905984016177,0.0013326577609404922,6.5934996968641295
SUpDEqSH,SUpDEq SH,686,205,-10,4.9239914100594815,0.0013966393889859319,5.9631875025225778
SUpDEqSH,SUpDEq SH,687,205,0,11.168952722705445,0.0014181847218424082,5.7781408673009427
SUpDEqSH,SUpDEq SH,688,205,10,20.60935684332042,0.0013966393889859319,5.8738276944572219
SUpDEqSH,SUpDEq SH,689,205,20,13.481721255281723,0.0013326577609404922,5.7489028463324949
SUpDEqSH,SUpDEq SH,690,205,30,8.6574997742182269,0.0015144464559853077,5.7005855203893372
SUpDEqSH,SUpDEq SH,691,205,45,16.937618103837618,0.0015018255217000842,6.9071614950869105
SUpDEqSH,SUpDEq SH,692,205,60,30.000001193671139,0.0010619510430842638,7.0126154428528755
SUpDEqSH,SUpDEq SH,693,205,75,15.000000037063414,0.0005497062811627984,5.7447057866599094
SUpDEqSH,SUpDEq SH,694,25,75,15.000000037063414,0.0005497062811627984,5.3588702821353928
SUpDEqSH,SUpDEq SH,695,25,60,15.294998365211272,0.0010619510430842638,5.3791186257062131
SUpDEqSH,SUpDEq SH,696,25,45,3.5349723672764939,0.0015018255217000842,5.1238696670874617
SUpDEqSH,SUpDEq SH,697,25,30,15.507477597756536,0.0015144464559853077,6.5519091257071844
SUpDEqSH,SUpDEq SH,698,25,20,11.101905984016177,0.0013326577609404922,6.0125587861936172
SUpDEqSH,SUpDEq SH,699,25,10,4.9239914100594815,0.0013966393889859319,5.5300919122084915
SUpDEqSH,SUpDEq SH,700,25,0,11.168952722705445,0.0014181847218424082,5.7160275050845106
SUpDEqSH,SUpDEq SH,701,25,-10,13.892339487305048,0.0013966393889859319,6.3889595798969765
SUpDEqSH,SUpDEq SH,702,25,-20,9.395526819952865,0.0013326577609404922,6.3518015441789109
SUpDEqSH,SUpDEq SH,703,25,-30,13.481723060064377,0.0015144464559853077,6.7434313853399352
SUpDEqSH,SUpDEq SH,704,25,-45,24.694085979776748,0.00080013019032776356,7.7164331229029894
SUpDEqSH,SUpDEq SH,705,200,-45,7.0665741911739026,0.00080013019032776356,7.1771845574426871
SUpDEqSH,SUpDEq SH,706,200,-30,16.937616033087821,0.0015144464559853077,6.8206024538501904
SUpDEqSH,SUpDEq SH,707,200,-20,10.000000035409951,0.0013326577609404922,6.4418050988151654
SUpDEqSH,SUpDEq SH,709,200,0,9.9999999527339298,0.0014181847218424082,5.6881579484804812
SUpDEqSH,SUpDEq SH,710,200,10,19.999999905467796,0.0013966393889859319,5.8616334560165235
SUpDEqSH,SUpDEq SH,711,200,20,16.847752641975024,0.0013326577609404922,5.9461041430795687
SUpDEqSH,SUpDEq SH,712,200,30,12.981059482482918,0.0015144464559853077,6.145255708757035
SUpDEqSH,SUpDEq SH,713,200,45,19.080583620201772,0.0015018255217000842,7.1740101381898986
SUpDEqSH,SUpDEq SH,714,200,60,30.000000435073549,0.0010619510430842638,7.2203992550159706
SUpDEqSH,SUpDEq SH,715,200,75,15.000000080789578,0.0005497062811627984,5.76875090641715
SUpDEqSH,SUpDEq SH,716,20,75,15.000000080789578,0.0005497062811627984,5.3608971518269168
SUpDEqSH,SUpDEq SH,717,20,60,16.146339438123881,0.0010619510430842638,5.3423612738213073
SUpDEqSH,SUpDEq SH,718,20,45,7.0665741911739026,0.0015018255217000842,5.2559455394627639
SUpDEqSH,SUpDEq SH,719,20,30,16.937616033087821,0.0015144464559853077,6.5656285348092522
SUpDEqSH,SUpDEq SH,720,20,20,10.000000035409951,0.0013326577609404922,6.0616895203387022
SUpDEqSH,SUpDEq SH,722,20,0,9.9999999527339298,0.0014181847218424082,5.7399562106682911
SUpDEqSH,SUpDEq SH,723,20,-10,17.584023511028544,0.0013966393889859319,6.491429661750848
SUpDEqSH,SUpDEq SH,724,20,-20,14.090652447229385,0.0013326577609404922,6.4982661616300845
SUpDEqSH,SUpDEq SH,725,20,-30,16.84775355865764,0.0015144464559853077,6.5681444286508812
SUpDEqSH,SUpDEq SH,726,20,-45,21.721267918499912,0.00080013019032776356,7.3046840753066418
SUpDEqSH,SUpDEq SH,727,195,-45,10.591410371458657,0.00080013019032776356,6.9911046403045738
SUpDEqSH,SUpDEq SH,728,195,-30,19.080583481669692,0.0015144464559853077,6.712963184191481
SUpDEqSH,SUpDEq SH,729,195,-20,11.101905300103793,0.0013326577609404922,6.256902985135909
SUpDEqSH,SUpDEq SH,730,195,-10,4.923991137574113,0.0013966393889859319,5.6202904831714733
SUpDEqSH,SUpDEq SH,731,195,0,11.168952636407244,0.0014181847218424082,5.6656034547450798
SUpDEqSH,SUpDEq SH,732,195,10,20.609356788468691,0.0013966393889859319,6.0065370178450195
SUpDEqSH,SUpDEq SH,733,195,20,20.653636294849793,0.0013326577609404922,6.2587687272142354
SUpDEqSH,SUpDEq SH,734,195,30,17.298330000057948,0.0015144464559853077,6.4907277642507175
SUpDEqSH,SUpDEq SH,735,195,45,21.721268164114861,0.0015018255217000842,7.3604962630690327
SUpDEqSH,SUpDEq SH,736,195,60,30.000000110732287,0.0010619510430842638,7.4283308844374298
SUpDEqSH,SUpDEq SH,737,195,75,15.000000205801689,0.0005497062811627984,5.8352366529979607
SUpDEqSH,SUpDEq SH,738,15,75,15.000000205801689,0.0005497062811627984,5.3450524400012851
SUpDEqSH,SUpDEq SH,739,15,60,17.469138312232101,0.0010619510430842638,5.3484980757492915
SUpDEqSH,SUpDEq SH,740,15,45,10.591410371458657,0.0015018255217000842,5.3374458256542647
SUpDEqSH,SUpDEq SH,741,15,30,19.080583481669692,0.0015144464559853077,6.5622315702124663
SUpDEqSH,SUpDEq SH,742,15,20,11.101905300103793,0.0013326577609404922,6.1983188892305465
SUpDEqSH,SUpDEq SH,743,15,10,4.923991137574113,0.0013966393889859319,5.7149441164793231
SUpDEqSH,SUpDEq SH,744,15,0,11.168952636407244,0.0014181847218424082,5.9340432491581225
SUpDEqSH,SUpDEq SH,745,15,-10,20.609356788468691,0.0013966393889859319,6.5468226195247414
SUpDEqSH,SUpDEq SH,746,15,-20,16.847753386581868,0.0013326577609404922,6.6000874898328643
SUpDEqSH,SUpDEq SH,747,15,-30,12.981060183000123,0.0015144464559853077,6.4218385323534815
SUpDEqSH,SUpDEq SH,748,15,-45,19.080582938811499,0.00080013019032776356,6.9082822503113821
SUpDEqSH,SUpDEq SH,749,190,-45,14.106043320415029,0.00080013019032776356,6.9669215813898608
SUpDEqSH,SUpDEq SH,750,190,-30,21.721268924650655,0.0015144464559853077,6.7230938260071351
SUpDEqSH,SUpDEq SH,751,190,-20,13.892338774103179,0.0013326577609404922,6.2075472419321747
SUpDEqSH,SUpDEq SH,752,190,-10,9.8476990078007134,0.0013966393889859319,5.5761614870986937
SUpDEqSH,SUpDEq SH,753,190,0,14.106043901218957,0.0014181847218424082,5.82184317169739
SUpDEqSH,SUpDEq SH,754,190,10,22.337905413351134,0.0013966393889859319,6.2730691071534643
SUpDEqSH,SUpDEq SH,755,190,20,24.692721414933498,0.0013326577609404922,6.5813372186821626
SUpDEqSH,SUpDEq SH,756,190,30,21.607103231533049,0.0015144464559853077,6.7981809451366724
SUpDEqSH,SUpDEq SH,757,190,45,24.694086482247521,0.0015018255217000842,7.4570342943425381
SUpDEqSH,SUpDEq SH,758,190,60,29.999999880144909,0.0010619510430842638,7.5164018642151715
SUpDEqSH,SUpDEq SH,759,190,75,15.000000876882917,0.0005497062811627984,5.8153311466526469
SUpDEqSH,SUpDEq SH,760,10,75,15.000000876882917,0.0005497062811627984,5.298438478734548
SUpDEqSH,SUpDEq SH,761,10,60,19.160311976351618,0.0010619510430842638,5.3574181680477215
SUpDEqSH,SUpDEq SH,762,10,45,14.106043320415029,0.0015018255217000842,5.359206497799895
SUpDEqSH,SUpDEq SH,763,10,30,21.721268924650655,0.0015144464559853077,6.5337819002903981
SUpDEqSH,SUpDEq SH,764,10,20,13.892338774103179,0.0013326577609404922,6.3188330614682462
SUpDEqSH,SUpDEq SH,765,10,10,9.8476990078007134,0.0013966393889859319,5.9502488646498879
SUpDEqSH,SUpDEq SH,766,10,0,14.106043901218957,0.0014181847218424082,6.2414533238675975
SUpDEqSH,SUpDEq SH,767,10,-10,22.068454646158248,0.0013966393889859319,6.6781255351620672
SUpDEqSH,SUpDEq SH,768,10,-20,13.481723172448659,0.0013326577609404922,6.6054938619795056
SUpDEqSH,SUpDEq SH,769,10,-30,8.6574993691915836,0.0015144464559853077,6.1369094838475347
SUpDEqSH,SUpDEq SH,770,10,-45,16.937618201740335,0.00080013019032776356,6.560268839409952
SUpDEqSH,SUpDEq SH,771,185,-45,17.606966457268481,0.00080013019032776356,7.0180869904222387
SUpDEqSH,SUpDEq SH,772,185,-30,24.40718767599158,0.0015144464559853077,6.704536981083268
SUpDEqSH,SUpDEq SH,773,185,-20,17.584023118169156,0.0013326577609404922,6.167542489712516
SUpDEqSH,SUpDEq SH,774,185,-10,14.770835684902895,0.0013966393889859319,5.6240746045123906
SUpDEqSH,SUpDEq SH,775,185,0,17.963859965917774,0.0014181847218424082,6.0419149963697443
SUpDEqSH,SUpDEq SH,776,185,10,24.954120181789488,0.0013966393889859319,6.5413936005746764
SUpDEqSH,SUpDEq SH,777,185,20,28.862630859837058,0.0013326577609404922,6.8279059829411475
SUpDEqSH,SUpDEq SH,778,185,30,25.905078268461338,0.0015144464559853077,7.0200601125959601
SUpDEqSH,SUpDEq SH,779,185,45,27.885566114219476,0.0015018255217000842,7.5032158522526977
SUpDEqSH,SUpDEq SH,780,185,60,30.000000997038136,0.0010619510430842638,7.6154892119280646
SUpDEqSH,SUpDEq SH,781,185,75,15.000000519710634,0.0005497062811627984,5.8577576056204208
SUpDEqSH,SUpDEq SH,782,5,75,15.000000519710634,0.0005497062811627984,5.24678905180801
SUpDEqSH,SUpDEq SH,783,5,60,21.124322746870448,0.0010619510430842638,5.3731726465376966
SUpDEqSH,SUpDEq SH,784,5,45,17.606966457268481,0.0015018255217000842,5.3856899248211922
SUpDEqSH,SUpDEq SH,785,5,30,24.40718767599158,0.0015144464559853077,6.5097310459940028
SUpDEqSH,SUpDEq SH,786,5,20,17.584023118169156,0.0013326577609404922,6.4903694892484358
SUpDEqSH,SUpDEq SH,787,5,10,14.770835684902895,0.0013966393889859319,6.3322926201979355
SUpDEqSH,SUpDEq SH,788,5,0,17.963859965917774,0.0014181847218424082,6.4943053517040417
SUpDEqSH,SUpDEq SH,789,5,-10,20.536778500153151,0.0013966393889859319,6.6779802720846559
SUpDEqSH,SUpDEq SH,790,5,-20,10.974801001997228,0.0013326577609404922,6.4710330643878757
SUpDEqSH,SUpDEq SH,791,5,-30,4.3297835269819025,0.0015144464559853077,5.8511261711130862
SUpDEqSH,SUpDEq SH,792,5,-45,15.507477087468549,0.00080013019032776356,6.2786628314878694
SUpDEqNN,SUpDEq NN,0,0,-45,14.999999554707983,0.00080013019032776356,5.0822949844414493
SUpDEqNN,SUpDEq NN,2,0,-20,9.9999997858989413,0.0013326577609404922,5.7526413841131765
SUpDEqNN,SUpDEq NN,3,0,-10,20.000000162186488,0.0013966393889859319,7.2669428025812346
SUpDEqNN,SUpDEq NN,4,0,0,22.268744313392595,0.0014181847218424082,7.0719174343504951
SUpDEqNN,SUpDEq NN,5,0,10,19.693103693538394,0.0013966393889859319,6.1985864189378796
SUpDEqNN,SUpDEq NN,6,0,20,21.720796614325359,0.0013326577609404922,6.9717579548803341
SUpDEqNN,SUpDEq NN,7,0,30,27.34479831653633,0.0015144464559853077,8.0572119334086274
SUpDEqNN,SUpDEq NN,8,0,45,21.090580470751792,0.0015018255217000842,5.7891095073934631
SUpDEqNN,SUpDEq NN,9,0,60,23.283731818796717,0.0010619510430842638,5.9397815622089549
SUpDEqNN,SUpDEq NN,10,0,75,15.000000120055846,0.0005497062811627984,5.5063803410367944
SUpDEqNN,SUpDEq NN,12,180,75,15.000000120055846,0.0005497062811627984,4.0417701399755046
SUpDEqNN,SUpDEq NN,13,180,60,30.000000445292049,0.0010619510430842638,6.4504678966884397
SUpDEqNN,SUpDEq NN,14,180,45,31.220426124312098,0.0015018255217000842,6.6667124923970338
SUpDEqNN,SUpDEq NN,15,180,30,30.189833851059973,0.0015144464559853077,6.690168352018862
SUpDEqNN,SUpDEq NN,16,180,20,33.108874982180794,0.0013326577609404922,7.1206568535261603
SUpDEqNN,SUpDEq NN,17,180,10,28.212088559080865,0.0013966393889859319,7.437557470188267
SUpDEqNN,SUpDEq NN,18,180,0,22.268744313392595,0.0014181847218424082,6.4538609979785262
SUpDEqNN,SUpDEq NN,19,180,-10,19.693103693538394,0.0013966393889859319,5.6403586539194528
SUpDEqNN,SUpDEq NN,20,180,-20,21.720796614325359,0.0013326577609404922,6.6076827938771112
SUpDEqNN,SUpDEq NN,21,180,-30,27.34479831653633,0.0015144464559853077,7.9740012686689532
SUpDEqNN,SUpDEq NN,22,180,-45,21.090580470751792,0.00080013019032776356,5.313106498011785
SUpDEqNN,SUpDEq NN,23,355,-45,15.507477087468549,0.00080013019032776356,5.2845212697138857
SUpDEqNN,SUpDEq NN,24,355,-30,4.3297835269819025,0.0015144464559853077,2.5383691524131726
SUpDEqNN,SUpDEq NN,25,355,-20,10.974801001997228,0.0013326577609404922,5.8621025022027604
SUpDEqNN,SUpDEq NN,26,355,-10,20.536778500153151,0.0013966393889859319,7.1346793116869662
SUpDEqNN,SUpDEq NN,27,355,0,17.963859965917774,0.0014181847218424082,6.6779479916905009
SUpDEqNN,SUpDEq NN,28,355,10,14.770835684902895,0.0013966393889859319,5.8434195107698086
SUpDEqNN,SUpDEq NN,29,355,20,17.584023118169156,0.0013326577609404922,6.8013490891641144
SUpDEqNN,SUpDEq NN,30,355,30,24.40718767599158,0.0015144464559853077,8.0194277639117271
SUpDEqNN,SUpDEq NN,31,355,45,17.606966457268481,0.0015018255217000842,5.5958846753892084
SUpDEqNN,SUpDEq NN,32,355,60,21.124322746870448,0.0010619510430842638,5.88574755966415
SUpDEqNN,SUpDEq NN,33,355,75,15.000000519710634,0.0005497062811627984,5.5632913711273995
SUpDEqNN,SUpDEq NN,34,175,75,15.000000519710634,0.0005497062811627984,4.1153239290001338
SUpDEqNN,SUpDEq NN,35,175,60,30.000000997038136,0.0010619510430842638,6.4547543248924546
SUpDEqNN,SUpDEq NN,36,175,45,27.885566114219476,0.0015018255217000842,6.6320008843722116
SUpDEqNN,SUpDEq NN,37,175,30,25.905078268461338,0.0015144464559853077,6.3847521469972666
SUpDEqNN,SUpDEq NN,38,175,20,28.862630859837058,0.0013326577609404922,7.092345501213547
SUpDEqNN,SUpDEq NN,39,175,10,24.954120181789488,0.0013966393889859319,7.4507178369326361
SUpDEqNN,SUpDEq NN,40,175,0,17.963859965917774,0.0014181847218424082,6.2279099970981608
SUpDEqNN,SUpDEq NN,41,175,-10,14.770835684902895,0.0013966393889859319,5.1962340732313281
SUpDEqNN,SUpDEq NN,42,175,-20,17.584023118169156,0.0013326577609404922,6.3728538663680467
SUpDEqNN,SUpDEq NN,43,175,-30,24.40718767599158,0.0015144464559853077,7.9472506705893373
SUpDEqNN,SUpDEq NN,44,175,-45,17.606966457268481,0.00080013019032776356,5.220832920225579
SUpDEqNN,SUpDEq NN,45,350,-45,16.937618201740335,0.00080013019032776356,5.502890903854146
SUpDEqNN,SUpDEq NN,46,350,-30,8.6574993691915836,0.0015144464559853077,3.7249824860324483
SUpDEqNN,SUpDEq NN,47,350,-20,13.481723172448659,0.0013326577609404922,6.0863583586367502
SUpDEqNN,SUpDEq NN,48,350,-10,22.068454646158248,0.0013966393889859319,6.9163295630512929
SUpDEqNN,SUpDEq NN,49,350,0,14.106043901218957,0.0014181847218424082,5.6804065759917615
SUpDEqNN,SUpDEq NN,50,350,10,9.8476990078007134,0.0013966393889859319,4.2940725299792639
SUpDEqNN,SUpDEq NN,51,350,20,13.892338774103179,0.0013326577609404922,5.9486519233967332
SUpDEqNN,SUpDEq NN,52,350,30,21.721268924650655,0.0015144464559853077,7.5148050812254663
SUpDEqNN,SUpDEq NN,53,350,45,14.106043320415029,0.0015018255217000842,5.1818877332523376
SUpDEqNN,SUpDEq NN,54,350,60,19.160311976351618,0.0010619510430842638,5.6614296558760211
SUpDEqNN,SUpDEq NN,55,350,75,15.000000876882917,0.0005497062811627984,5.5352628578491583
SUpDEqNN,SUpDEq NN,56,170,75,15.000000876882917,0.0005497062811627984,4.1482929192582025
SUpDEqNN,SUpDEq NN,57,170,60,29.999999880144909,0.0010619510430842638,6.5192823183826309
SUpDEqNN,SUpDEq NN,58,170,45,24.694086482247521,0.0015018255217000842,6.4536673700449789
SUpDEqNN,SUpDEq NN,59,170,30,21.607103231533049,0.0015144464559853077,5.7797593618772058
SUpDEqNN,SUpDEq NN,60,170,20,24.692721414933498,0.0013326577609404922,6.7654741357729815
SUpDEqNN,SUpDEq NN,61,170,10,22.337905413351134,0.0013966393889859319,7.3511672415275795
SUpDEqNN,SUpDEq NN,62,170,0,14.106043901218957,0.0014181847218424082,5.8531708244893217
SUpDEqNN,SUpDEq NN,63,170,-10,9.8476990078007134,0.0013966393889859319,4.0465236925136328
SUpDEqNN,SUpDEq NN,64,170,-20,13.892338774103179,0.0013326577609404922,5.9248213766960705
SUpDEqNN,SUpDEq NN,65,170,-30,21.721268924650655,0.0015144464559853077,7.8634829264827433
SUpDEqNN,SUpDEq NN,66,170,-45,14.106043320415029,0.00080013019032776356,4.9170491026492984
SUpDEqNN,SUpDEq NN,67,345,-45,19.080582938811499,0.00080013019032776356,5.8616078266122491
SUpDEqNN,SUpDEq NN,68,345,-30,12.981060183000123,0.0015144464559853077,4.8090764499737082
SUpDEqNN,SUpDEq NN,69,345,-20,16.847753386581868,0.0013326577609404922,6.2730558581802569
SUpDEqNN,SUpDEq NN,70,345,-10,20.609356788468691,0.0013966393889859319,6.5203137449544393
SUpDEqNN,SUpDEq NN,71,345,0,11.168952636407244,0.0014181847218424082,4.8622461373546422
SUpDEqNN,SUpDEq NN,72,345,10,4.923991137574113,0.0013966393889859319,2.5626025156311094
SUpDEqNN,SUpDEq NN,73,345,20,11.101905300103793,0.0013326577609404922,5.107786471820865
SUpDEqNN,SUpDEq NN,74,345,30,19.080583481669692,0.0015144464559853077,6.919544643196704
SUpDEqNN,SUpDEq NN,75,345,45,10.591410371458657,0.0015018255217000842,4.1996175463898515
SUpDEqNN,SUpDEq NN,76,345,60,17.469138312232101,0.0010619510430842638,5.3643662470981885
SUpDEqNN,SUpDEq NN,77,345,75,15.000000205801689,0.0005497062811627984,5.5789320128681243
SUpDEqNN,SUpDEq NN,78,165,75,15.000000205801689,0.0005497062811627984,4.1434382475248821
SUpDEqNN,SUpDEq NN,79,165,60,30.000000110732287,0.0010619510430842638,6.541902598045632
SUpDEqNN,SUpDEq NN,80,165,45,21.721268164114861,0.0015018255217000842,6.1787799327230797
SUpDEqNN,SUpDEq NN,81,165,30,17.298330000057948,0.0015144464559853077,5.0048835485688752
SUpDEqNN,SUpDEq NN,82,165,20,20.653636294849793,0.0013326577609404922,6.3104634345013437
SUpDEqNN,SUpDEq NN,83,165,10,20.609356788468691,0.0013966393889859319,7.1807135263643831
SUpDEqNN,SUpDEq NN,84,165,0,11.168952636407244,0.0014181847218424082,5.6437890304430871
SUpDEqNN,SUpDEq NN,85,165,-10,4.923991137574113,0.0013966393889859319,2.3245797239619774
SUpDEqNN,SUpDEq NN,86,165,-20,11.101905300103793,0.0013326577609404922,5.4114547700351654
SUpDEqNN,SUpDEq NN,87,165,-30,19.080583481669692,0.0015144464559853077,7.579845074511363
SUpDEqNN,SUpDEq NN,88,165,-45,10.591410371458657,0.00080013019032776356,4.4673225122688009
SUpDEqNN,SUpDEq NN,89,340,-45,21.721267918499912,0.00080013019032776356,6.2215050461687902
SUpDEqNN,SUpDEq NN,90,340,-30,16.84775355865764,0.0015144464559853077,5.7741347495104085
SUpDEqNN,SUpDEq NN,91,340,-20,14.090652447229385,0.0013326577609404922,6.2682505449515693
SUpDEqNN,SUpDEq NN,92,340,-10,17.584023511028544,0.0013966393889859319,6.2587312788659668
SUpDEqNN,SUpDEq NN,93,340,0,9.9999999527339298,0.0014181847218424082,4.3713967980882913
SUpDEqNN,SUpDEq NN,95,340,20,10.000000035409951,0.0013326577609404922,4.71137425897094
SUpDEqNN,SUpDEq NN,96,340,30,16.937616033087821,0.0015144464559853077,6.5532847391890501
SUpDEqNN,SUpDEq NN,97,340,45,7.0665741911739026,0.0015018255217000842,2.9482647057789531
SUpDEqNN,SUpDEq NN,98,340,60,16.146339438123881,0.0010619510430842638,4.9886470866063561
SUpDEqNN,SUpDEq NN,99,340,75,15.000000080789578,0.0005497062811627984,5.5774095107168611
SUpDEqNN,SUpDEq NN,100,160,75,15.000000080789578,0.0005497062811627984,4.1239841559978823
SUpDEqNN,SUpDEq NN,101,160,60,30.000000435073549,0.0010619510430842638,6.7015400902577928
SUpDEqNN,SUpDEq NN,102,160,45,19.080583620201772,0.0015018255217000842,5.8652258603115195
SUpDEqNN,SUpDEq NN,103,160,30,12.981059482482918,0.0015144464559853077,4.1284020049532932
SUpDEqNN,SUpDEq NN,104,160,20,16.847752641975024,0.0013326577609404922,5.8130424833608378
SUpDEqNN,SUpDEq NN,105,160,10,19.999999905467796,0.0013966393889859319,6.9116673313406674
SUpDEqNN,SUpDEq NN,106,160,0,9.9999999527339298,0.0014181847218424082,5.5058690173509195
SUpDEqNN,SUpDEq NN,108,160,-20,10.000000035409951,0.0013326577609404922,5.3675385575201418
SUpDEqNN,SUpDEq NN,109,160,-30,16.937616033087821,0.0015144464559853077,7.4138509664114363
SUpDEqNN,SUpDEq NN,110,160,-45,7.0665741911739026,0.00080013019032776356,3.6587068218954637
SUpDEqNN,SUpDEq NN,111,335,-45,24.694085979776748,0.00080013019032776356,6.3935632904645168
SUpDEqNN,SUpDEq NN,112,335,-30,13.481723060064377,0.0015144464559853077,6.2580575508852609
SUpDEqNN,SUpDEq NN,113,335,-20,9.395526819952865,0.0013326577609404922,5.2812330557097216
SUpDEqNN,SUpDEq NN,114,335,-10,13.892339487305048,0.0013966393889859319,5.954432739211251
SUpDEqNN,SUpDEq NN,115,335,0,11.168952722705445,0.0014181847218424082,4.4130631071448549
SUpDEqNN,SUpDEq NN,116,335,10,4.9239914100594815,0.0013966393889859319,2.4658195970964667
SUpDEqNN,SUpDEq NN,117,335,20,11.101905984016177,0.0013326577609404922,4.5958569036732193
SUpDEqNN,SUpDEq NN,118,335,30,15.507477597756536,0.0015144464559853077,6.42731639023261
SUpDEqNN,SUpDEq NN,119,335,45,3.5349723672764939,0.0015018255217000842,1.6187797556884604
SUpDEqNN,SUpDEq NN,120,335,60,15.294998365211272,0.0010619510430842638,4.732283386152119
SUpDEqNN,SUpDEq NN,121,335,75,15.000000037063414,0.0005497062811627984,5.5661423925877154
SUpDEqNN,SUpDEq NN,122,155,75,15.000000037063414,0.0005497062811627984,4.1180585010750059
SUpDEqNN,SUpDEq NN,123,155,60,30.000001193671139,0.0010619510430842638,6.7422414684164718
SUpDEqNN,SUpDEq NN,124,155,45,16.937618103837618,0.0015018255217000842,5.5909324389389896
SUpDEqNN,SUpDEq NN,125,155,30,8.6574997742182269,0.0015144464559853077,3.2207714742187155
SUpDEqNN,SUpDEq NN,126,155,20,13.481721255281723,0.0013326577609404922,5.3019271337363483
SUpDEqNN,SUpDEq NN,127,155,10,20.60935684332042,0.0013966393889859319,6.8604075814960446
SUpDEqNN,SUpDEq NN,128,155,0,11.168952722705445,0.0014181847218424082,5.639318751200233
SUpDEqNN,SUpDEq NN,129,155,-10,4.9239914100594815,0.0013966393889859319,2.6575706001386199
SUpDEqNN,SUpDEq NN,130,155,-20,11.101905984016177,0.0013326577609404922,5.575092106460418
SUpDEqNN,SUpDEq NN,131,155,-30,15.507477597756536,0.0015144464559853077,7.4712062242447139
SUpDEqNN,SUpDEq NN,132,155,-45,3.5349723672764939,0.00080013019032776356,2.3337821197150452
SUpDEqNN,SUpDEq NN,133,330,-45,24.553175192197251,0.00080013019032776356,6.391758038037552
SUpDEqNN,SUpDEq NN,134,330,-30,10.974800968721977,0.0015144464559853077,6.2813629524096708
SUpDEqNN,SUpDEq NN,135,330,-20,4.6982881143403246,0.0013326577609404922,3.64198036394516
SUpDEqNN,SUpDEq NN,136,330,-10,11.101905871462817,0.0013966393889859319,5.661175437175797
SUpDEqNN,SUpDEq NN,137,330,0,14.10604466738504,0.0014181847218424082,4.9756565039227647
SUpDEqNN,SUpDEq NN,138,330,10,9.8476983963493687,0.0013966393889859319,3.7606714214814669
SUpDEqNN,SUpDEq NN,139,330,20,13.892339928739169,0.0013326577609404922,4.7354019121040549
SUpDEqNN,SUpDEq NN,140,330,30,14.999998739050708,0.0015144464559853077,6.5341998941288697
SUpDEqNN,SUpDEq NN,142,330,60,15.000001038303349,0.0010619510430842638,4.6154196876133859
SUpDEqNN,SUpDEq NN,143,330,75,14.999999926042548,0.0005497062811627984,5.5737051156552022
SUpDEqNN,SUpDEq NN,144,150,75,14.999999926042548,0.0005497062811627984,4.1583875192939015
SUpDEqNN,SUpDEq NN,145,150,60,30.000000111323018,0.0010619510430842638,6.8658310358978216
SUpDEqNN,SUpDEq NN,146,150,45,15.507477619497367,0.0015018255217000842,5.46382220848212
SUpDEqNN,SUpDEq NN,147,150,30,4.3297829047621343,0.0015144464559853077,2.121458678053838
SUpDEqNN,SUpDEq NN,148,150,20,10.974799216332263,0.0013326577609404922,5.1865359561395836
SUpDEqNN,SUpDEq NN,149,150,10,20.536778047345422,0.0013966393889859319,7.0708365476723039
SUpDEqNN,SUpDEq NN,150,150,0,14.10604466738504,0.0014181847218424082,6.1986457584070216
SUpDEqNN,SUpDEq NN,151,150,-10,9.8476983963493687,0.0013966393889859319,4.6344197798424736
SUpDEqNN,SUpDEq NN,152,150,-20,13.892339928739169,0.0013326577609404922,6.0954145722974395
SUpDEqNN,SUpDEq NN,153,150,-30,14.999998739050708,0.0015144464559853077,7.837902259525606
SUpDEqNN,SUpDEq NN,155,325,-45,21.090583039068701,0.00080013019032776356,6.4401291070796196
SUpDEqNN,SUpDEq NN,156,325,-30,9.9999992480583071,0.0015144464559853077,5.9174410966260638
SUpDEqNN,SUpDEq NN,158,325,-10,10.000000442464293,0.0013966393889859319,5.5394731245415514
SUpDEqNN,SUpDEq NN,159,325,0,17.963860447378917,0.0014181847218424082,5.8511788859628471
SUpDEqNN,SUpDEq NN,160,325,10,14.770837930353938,0.0013966393889859319,4.8469180603138149
SUpDEqNN,SUpDEq NN,161,325,20,17.584023511028544,0.0013326577609404922,5.0570579278014449
SUpDEqNN,SUpDEq NN,162,325,30,15.507477619497367,0.0015144464559853077,6.9172288647096458
SUpDEqNN,SUpDEq NN,163,325,45,3.5349726093893015,0.0015018255217000842,1.3749946993624929
SUpDEqNN,SUpDEq NN,164,325,60,15.294998948342053,0.0010619510430842638,4.5684736734019422
SUpDEqNN,SUpDEq NN,165,325,75,15.000000513611642,0.0005497062811627984,5.527498593248966
SUpDEqNN,SUpDEq NN,166,145,75,15.000000513611642,0.0005497062811627984,4.1886306763493106
SUpDEqNN,SUpDEq NN,167,145,60,29.999999338596972,0.0010619510430842638,6.8134238453541025
SUpDEqNN,SUpDEq NN,168,145,45,14.999999418095857,0.0015018255217000842,5.5033131514950222
SUpDEqNN,SUpDEq NN,170,145,20,9.9999992480583071,0.0013326577609404922,5.4291199422959302
SUpDEqNN,SUpDEq NN,171,145,10,19.999999690522536,0.0013966393889859319,7.7050209072120888
SUpDEqNN,SUpDEq NN,172,145,0,17.963860447378917,0.0014181847218424082,7.0413275685830232
SUpDEqNN,SUpDEq NN,173,145,-10,14.770837930353938,0.0013966393889859319,5.8660030046981406
SUpDEqNN,SUpDEq NN,174,145,-20,17.584023511028544,0.0013326577609404922,6.3023048891006566
SUpDEqNN,SUpDEq NN,175,145,-30,15.507477619497367,0.0015144464559853077,7.5750559978983354
SUpDEqNN,SUpDEq NN,176,145,-45,3.5349726093893015,0.00080013019032776356,2.7588714712318048
SUpDEqNN,SUpDEq NN,177,320,-45,17.606967058132422,0.00080013019032776356,6.2810336484213254
SUpDEqNN,SUpDEq NN,178,320,-30,10.974800783883671,0.0015144464559853077,5.8044890229990456
SUpDEqNN,SUpDEq NN,179,320,-20,4.6982895983919564,0.0013326577609404922,3.4235482721002466
SUpDEqNN,SUpDEq NN,180,320,-10,11.101905566123458,0.0013966393889859319,5.6754507837833144
SUpDEqNN,SUpDEq NN,181,320,0,20.590672409097611,0.0014181847218424082,6.5239256463305653
SUpDEqNN,SUpDEq NN,182,320,10,19.693105071764794,0.0013966393889859319,5.6096497451639644
SUpDEqNN,SUpDEq NN,183,320,20,18.782569533125056,0.0013326577609404922,5.37167648637163
SUpDEqNN,SUpDEq NN,184,320,30,16.937618856363812,0.0015144464559853077,6.7606657685915961
SUpDEqNN,SUpDEq NN,185,320,45,7.0665759174006428,0.0015018255217000842,2.3798323318396899
SUpDEqNN,SUpDEq NN,186,320,60,16.146340174030033,0.0010619510430842638,4.6796763710152591
SUpDEqNN,SUpDEq NN,187,320,75,15.000000045981704,0.0005497062811627984,5.5008665327232569
SUpDEqNN,SUpDEq NN,188,140,75,15.000000045981704,0.0005497062811627984,4.2399919872266087
SUpDEqNN,SUpDEq NN,189,140,60,30.000000754713284,0.0010619510430842638,6.8224661014223535
SUpDEqNN,SUpDEq NN,190,140,45,15.507478746963535,0.0015018255217000842,5.6288716524779385
SUpDEqNN,SUpDEq NN,191,140,30,4.3297856282053244,0.0015144464559853077,2.6894897733366827
SUpDEqNN,SUpDEq NN,192,140,20,10.974801461651374,0.0013326577609404922,6.1103357114907588
SUpDEqNN,SUpDEq NN,193,140,10,20.536778438540473,0.0013966393889859319,8.2376079533834563
SUpDEqNN,SUpDEq NN,194,140,0,22.268745808076812,0.0014181847218424082,7.678996811855364
SUpDEqNN,SUpDEq NN,195,140,-10,19.693105071764794,0.0013966393889859319,6.4412248293862913
SUpDEqNN,SUpDEq NN,196,140,-20,18.782569533125056,0.0013326577609404922,5.7741594467190502
SUpDEqNN,SUpDEq NN,197,140,-30,16.937618856363812,0.0015144464559853077,6.8952003225389999
SUpDEqNN,SUpDEq NN,198,140,-45,7.0665759174006428,0.00080013019032776356,4.2701414077671789
SUpDEqNN,SUpDEq NN,199,315,-45,14.106044843106213,0.00080013019032776356,6.1023546265939395
SUpDEqNN,SUpDEq NN,200,315,-30,13.481722024217131,0.0015144464559853077,6.084348683787888
SUpDEqNN,SUpDEq NN,201,315,-20,9.3955270425035575,0.0013326577609404922,4.5541869136152799
SUpDEqNN,SUpDEq NN,202,315,-10,13.892338468968779,0.0013966393889859319,6.0969660742722942
SUpDEqNN,SUpDEq NN,203,315,0,22.268744826474858,0.0014181847218424082,6.8576002299021468
SUpDEqNN,SUpDEq NN,204,315,10,17.584022658769534,0.0013966393889859319,5.9469659600756986
SUpDEqNN,SUpDEq NN,205,315,20,14.090651603071073,0.0013326577609404922,5.165306565784304
SUpDEqNN,SUpDEq NN,206,315,30,16.847751846686993,0.0015144464559853077,6.4201687635109774
SUpDEqNN,SUpDEq NN,207,315,45,10.591412221441374,0.0015018255217000842,3.3228018326387398
SUpDEqNN,SUpDEq NN,208,315,60,17.469139229498978,0.0010619510430842638,4.9098415675320757
SUpDEqNN,SUpDEq NN,209,315,75,15.000000759196658,0.0005497062811627984,5.4849073623617848
SUpDEqNN,SUpDEq NN,210,135,75,15.000000759196658,0.0005497062811627984,4.244662470920022
SUpDEqNN,SUpDEq NN,211,135,60,27.967953256853754,0.0010619510430842638,6.7512338918635768
SUpDEqNN,SUpDEq NN,212,135,45,16.937618541531808,0.0015018255217000842,5.6366020263725982
SUpDEqNN,SUpDEq NN,213,135,30,8.6575008924471586,0.0015144464559853077,4.3592169963071346
SUpDEqNN,SUpDEq NN,214,135,20,13.481723581082752,0.0013326577609404922,6.8074396061394848
SUpDEqNN,SUpDEq NN,215,135,10,22.068454074222679,0.0013966393889859319,8.3667162117884217
SUpDEqNN,SUpDEq NN,216,135,0,24.814217316458059,0.0014181847218424082,7.9086936777812662
SUpDEqNN,SUpDEq NN,217,135,-10,17.584022658769534,0.0013966393889859319,6.5440857691916969
SUpDEqNN,SUpDEq NN,218,135,-20,14.090651603071073,0.0013326577609404922,5.075364382407999
SUpDEqNN,SUpDEq NN,219,135,-30,16.847751846686993,0.0015144464559853077,6.2109141053916179
SUpDEqNN,SUpDEq NN,220,135,-45,10.591412221441374,0.00080013019032776356,5.3929249507614108
SUpDEqNN,SUpDEq NN,221,310,-45,10.591412169898064,0.00080013019032776356,5.587285358516028
SUpDEqNN,SUpDEq NN,222,310,-30,16.847751615755694,0.0015144464559853077,6.4426169628484757
SUpDEqNN,SUpDEq NN,223,310,-20,14.090650791577101,0.0013326577609404922,5.5622560855715797
SUpDEqNN,SUpDEq NN,224,310,-10,17.584022183303819,0.0013966393889859319,6.4251643536425487
SUpDEqNN,SUpDEq NN,225,310,0,22.26874569765862,0.0014181847218424082,6.9783335798067476
SUpDEqNN,SUpDEq NN,226,310,10,13.892339559573843,0.0013966393889859319,5.7932218389851764
SUpDEqNN,SUpDEq NN,227,310,20,9.3955278474439847,0.0013326577609404922,4.3363669238184537
SUpDEqNN,SUpDEq NN,228,310,30,13.481722693495358,0.0015144464559853077,5.9282133605463461
SUpDEqNN,SUpDEq NN,229,310,45,14.106044861351487,0.0015018255217000842,4.2386348093495503
SUpDEqNN,SUpDEq NN,230,310,60,19.160311981928583,0.0010619510430842638,5.1557155966956989
SUpDEqNN,SUpDEq NN,231,310,75,15.000000045981704,0.0005497062811627984,5.4497086892786042
SUpDEqNN,SUpDEq NN,232,130,75,15.000000045981704,0.0005497062811627984,4.3227358898678458
SUpDEqNN,SUpDEq NN,233,130,60,25.579586991885623,0.0010619510430842638,6.5777919360327672
SUpDEqNN,SUpDEq NN,234,130,45,19.080584438556169,0.0015018255217000842,5.6072653514081452
SUpDEqNN,SUpDEq NN,235,130,30,12.981060122360738,0.0015144464559853077,5.6344782767259307
SUpDEqNN,SUpDEq NN,236,130,20,16.847752970154431,0.0013326577609404922,6.8717898700330782
SUpDEqNN,SUpDEq NN,237,130,10,24.407187574190903,0.0013966393889859319,7.8112509603212512
SUpDEqNN,SUpDEq NN,238,130,0,22.26874569765862,0.0014181847218424082,7.7257215823375613
SUpDEqNN,SUpDEq NN,239,130,-10,13.892339559573843,0.0013966393889859319,6.5172920705242525
SUpDEqNN,SUpDEq NN,240,130,-20,9.3955278474439847,0.0013326577609404922,4.2499505447426893
SUpDEqNN,SUpDEq NN,241,130,-30,13.481722693495358,0.0015144464559853077,5.5916368931104099
SUpDEqNN,SUpDEq NN,242,130,-45,14.106044861351487,0.00080013019032776356,6.1783295364607449
SUpDEqNN,SUpDEq NN,243,305,-45,7.0665737578836278,0.00080013019032776356,4.9523652168810406
SUpDEqNN,SUpDEq NN,244,305,-30,16.937618103837618,0.0015144464559853077,6.7522249916899817
SUpDEqNN,SUpDEq NN,245,305,-20,18.782571022300161,0.0013326577609404922,6.5008516664813776
SUpDEqNN,SUpDEq NN,246,305,-10,21.720794676281667,0.0013966393889859319,6.7663311397052812
SUpDEqNN,SUpDEq NN,247,305,0,20.590672601212329,0.0014181847218424082,7.1353175584162276
SUpDEqNN,SUpDEq NN,248,305,10,11.101906097405333,0.0013966393889859319,5.525371244197931
SUpDEqNN,SUpDEq NN,249,305,20,4.6982881143403246,0.0013326577609404922,2.9951444475221036
SUpDEqNN,SUpDEq NN,250,305,30,10.974799216332263,0.0015144464559853077,5.4064945354397276
SUpDEqNN,SUpDEq NN,251,305,45,17.606969385403353,0.0015018255217000842,5.1208524719398492
SUpDEqNN,SUpDEq NN,252,305,60,21.124323795477249,0.0010619510430842638,5.5426242741869451
SUpDEqNN,SUpDEq NN,253,305,75,15.000000513611642,0.0005497062811627984,5.4536965121711836
SUpDEqNN,SUpDEq NN,254,125,75,15.000000513611642,0.0005497062811627984,4.3665847686833752
SUpDEqNN,SUpDEq NN,255,125,60,23.283732169116558,0.0010619510430842638,6.3711507888228303
SUpDEqNN,SUpDEq NN,256,125,45,21.090580421606788,0.0015018255217000842,5.4192342847376613
SUpDEqNN,SUpDEq NN,257,125,30,17.298331880789124,0.0015144464559853077,6.2792646310037021
SUpDEqNN,SUpDEq NN,258,125,20,20.653637823309932,0.0013326577609404922,6.62496371335435
SUpDEqNN,SUpDEq NN,259,125,10,19.693105582230331,0.0013966393889859319,7.1603509462767843
SUpDEqNN,SUpDEq NN,260,125,0,20.590672601212329,0.0014181847218424082,7.4099060173412292
SUpDEqNN,SUpDEq NN,261,125,-10,11.101906097405333,0.0013966393889859319,6.4257728392449023
SUpDEqNN,SUpDEq NN,262,125,-20,4.6982881143403246,0.0013326577609404922,3.3123230613912202
SUpDEqNN,SUpDEq NN,263,125,-30,10.974799216332263,0.0015144464559853077,5.3883750197634228
SUpDEqNN,SUpDEq NN,264,125,-45,17.606969385403353,0.00080013019032776356,6.6101372142520454
SUpDEqNN,SUpDEq NN,265,300,-45,3.5349723672764939,0.00080013019032776356,3.5531763167910499
SUpDEqNN,SUpDEq NN,266,300,-30,15.507477882749432,0.0015144464559853077,6.9695248102434446
SUpDEqNN,SUpDEq NN,267,300,-20,21.720797258522222,0.0013326577609404922,7.0162886201536168
SUpDEqNN,SUpDEq NN,268,300,-10,19.693102264372424,0.0013966393889859319,6.8233115855723954
SUpDEqNN,SUpDEq NN,269,300,0,20.000001081696542,0.0014181847218424082,7.1038312305871756
SUpDEqNN,SUpDEq NN,270,300,10,10.000001188003743,0.0013966393889859319,5.3713356629562909
SUpDEqNN,SUpDEq NN,272,300,30,9.999999029626526,0.0015144464559853077,5.1022795827408638
SUpDEqNN,SUpDEq NN,273,300,45,21.09058345153683,0.0015018255217000842,5.8383016525277753
SUpDEqNN,SUpDEq NN,274,300,60,23.283732956340483,0.0010619510430842638,5.8817806407687723
SUpDEqNN,SUpDEq NN,275,300,75,14.999999926042548,0.0005497062811627984,5.4444357575097886
SUpDEqNN,SUpDEq NN,276,120,75,14.999999926042548,0.0005497062811627984,4.3881166500861495
SUpDEqNN,SUpDEq NN,277,120,60,21.124323816652065,0.0010619510430842638,6.0505790505632087
SUpDEqNN,SUpDEq NN,278,120,45,17.606966457268481,0.0015018255217000842,5.1372019857894147
SUpDEqNN,SUpDEq NN,279,120,30,21.607104488938131,0.0015144464559853077,6.4140612675095889
SUpDEqNN,SUpDEq NN,280,120,20,17.584023920930079,0.0013326577609404922,6.2587496525699091
SUpDEqNN,SUpDEq NN,281,120,10,14.770834162524009,0.0013966393889859319,6.3071874456643888
SUpDEqNN,SUpDEq NN,282,120,0,17.963860119699778,0.0014181847218424082,6.9743371340730258
SUpDEqNN,SUpDEq NN,283,120,-10,10.000001188003743,0.0013966393889859319,6.1601499276683143
SUpDEqNN,SUpDEq NN,285,120,-30,9.999999029626526,0.0015144464559853077,5.4499858042999065
SUpDEqNN,SUpDEq NN,286,120,-45,21.09058345153683,0.00080013019032776356,6.871899715082578
SUpDEqNN,SUpDEq NN,288,295,-30,14.999999968681948,0.0015144464559853077,6.9654028898476748
SUpDEqNN,SUpDEq NN,289,295,-20,17.584023688118002,0.0013326577609404922,7.0988604998364107
SUpDEqNN,SUpDEq NN,290,295,-10,14.7708350451899,0.0013966393889859319,6.4841614301384993
SUpDEqNN,SUpDEq NN,291,295,0,17.963859654834859,0.0014181847218424082,6.9813772010403765
SUpDEqNN,SUpDEq NN,292,295,10,11.101906323216596,0.0013966393889859319,5.5362245451922272
SUpDEqNN,SUpDEq NN,293,295,20,4.6982885557778449,0.0013326577609404922,3.183241901570371
SUpDEqNN,SUpDEq NN,294,295,30,10.974800180129701,0.0015144464559853077,5.3594847003612109
SUpDEqNN,SUpDEq NN,295,295,45,21.09058089744196,0.0015018255217000842,6.1293354016935089
SUpDEqNN,SUpDEq NN,296,295,60,23.283731703845064,0.0010619510430842638,6.0501777825266378
SUpDEqNN,SUpDEq NN,297,295,75,15.000000037063414,0.0005497062811627984,5.3701254089664996
SUpDEqNN,SUpDEq NN,298,115,75,15.000000037063414,0.0005497062811627984,4.4152407626657828
SUpDEqNN,SUpDEq NN,299,115,60,19.1603114048904,0.0010619510430842638,5.7209835647385656
SUpDEqNN,SUpDEq NN,300,115,45,14.106044049359161,0.0015018255217000842,4.6705321396585013
SUpDEqNN,SUpDEq NN,301,115,30,21.721268937441273,0.0015144464559853077,6.5197875063308155
SUpDEqNN,SUpDEq NN,302,115,20,13.892339676756846,0.0013326577609404922,5.8796288265418646
SUpDEqNN,SUpDEq NN,303,115,10,9.8476988264340477,0.0013966393889859319,5.4466474948500352
SUpDEqNN,SUpDEq NN,304,115,0,14.106043681994763,0.0014181847218424082,6.4768772459223518
SUpDEqNN,SUpDEq NN,305,115,-10,11.101906323216596,0.0013966393889859319,6.3034256146183338
SUpDEqNN,SUpDEq NN,306,115,-20,4.6982885557778449,0.0013326577609404922,3.7222728191150249
SUpDEqNN,SUpDEq NN,307,115,-30,10.974800180129701,0.0015144464559853077,5.8610159665186465
SUpDEqNN,SUpDEq NN,308,115,-45,24.553175192197251,0.00080013019032776356,6.9348683310999037
SUpDEqNN,SUpDEq NN,309,290,-45,3.5349729711425013,0.00080013019032776356,3.3550130886865088
SUpDEqNN,SUpDEq NN,310,290,-30,15.507476946310584,0.0015144464559853077,6.8055706973964423
SUpDEqNN,SUpDEq NN,311,290,-20,13.892338343524369,0.0013326577609404922,6.9543358458089326
SUpDEqNN,SUpDEq NN,312,290,-10,9.8476990078007134,0.0013966393889859319,5.5451117463364925
SUpDEqNN,SUpDEq NN,313,290,0,14.106044537805667,0.0014181847218424082,6.759789795639878
SUpDEqNN,SUpDEq NN,314,290,10,13.892339928739169,0.0013966393889859319,6.0988031442185537
SUpDEqNN,SUpDEq NN,315,290,20,9.3955278431111164,0.0013326577609404922,4.5369306854670812
SUpDEqNN,SUpDEq NN,316,290,30,13.481723153110721,0.0015144464559853077,5.8976311460092123
SUpDEqNN,SUpDEq NN,317,290,45,17.606966632428144,0.0015018255217000842,5.9842630545186788
SUpDEqNN,SUpDEq NN,318,290,60,21.124323628857301,0.0010619510430842638,6.0759558859294085
SUpDEqNN,SUpDEq NN,319,290,75,15.000000080789578,0.0005497062811627984,5.197390837467279
SUpDEqNN,SUpDEq NN,320,110,75,15.000000080789578,0.0005497062811627984,4.5151059613181834
SUpDEqNN,SUpDEq NN,321,110,60,17.469138507459274,0.0010619510430842638,5.4829471854200129
SUpDEqNN,SUpDEq NN,322,110,45,10.591410810340577,0.0015018255217000842,4.1316684664727976
SUpDEqNN,SUpDEq NN,323,110,30,19.080583258701811,0.0015144464559853077,6.627142001956245
SUpDEqNN,SUpDEq NN,324,110,20,11.101904792308432,0.0013326577609404922,5.528317905142635
SUpDEqNN,SUpDEq NN,325,110,10,4.923991137574113,0.0013966393889859319,4.466682685737613
SUpDEqNN,SUpDEq NN,326,110,0,11.168952764252944,0.0014181847218424082,6.1024739045738441
SUpDEqNN,SUpDEq NN,327,110,-10,13.892339928739169,0.0013966393889859319,6.7934931077905762
SUpDEqNN,SUpDEq NN,328,110,-20,9.3955278431111164,0.0013326577609404922,5.0131558168464787
SUpDEqNN,SUpDEq NN,329,110,-30,13.481723153110721,0.0015144464559853077,6.217834699987554
SUpDEqNN,SUpDEq NN,330,110,-45,26.335321932194201,0.00080013019032776356,6.9601476571467717
SUpDEqNN,SUpDEq NN,331,285,-45,7.066573973819299,0.00080013019032776356,4.8412257153727793
SUpDEqNN,SUpDEq NN,332,285,-30,16.937618364774703,0.0015144464559853077,6.9741997226221288
SUpDEqNN,SUpDEq NN,333,285,-20,11.101905237270087,0.0013326577609404922,7.0554863759051276
SUpDEqNN,SUpDEq NN,334,285,-10,4.923991597886185,0.0013966393889859319,4.4228647842017921
SUpDEqNN,SUpDEq NN,335,285,0,11.168952776943851,0.0014181847218424082,6.3782340228569501
SUpDEqNN,SUpDEq NN,336,285,10,17.584023920930079,0.0013966393889859319,6.6097056618525194
SUpDEqNN,SUpDEq NN,337,285,20,14.090652882944042,0.0013326577609404922,5.8537908273718022
SUpDEqNN,SUpDEq NN,338,285,30,16.847753664559015,0.0015144464559853077,6.6283198409563395
SUpDEqNN,SUpDEq NN,339,285,45,14.106044534968714,0.0015018255217000842,5.5990901834337139
SUpDEqNN,SUpDEq NN,340,285,60,19.16031220270019,0.0010619510430842638,5.9588886579932794
SUpDEqNN,SUpDEq NN,341,285,75,15.000000205801689,0.0005497062811627984,5.0637634100935589
SUpDEqNN,SUpDEq NN,342,105,75,15.000000205801689,0.0005497062811627984,4.6448897881349156
SUpDEqNN,SUpDEq NN,343,105,60,16.146339982767262,0.0010619510430842638,5.2763009429508179
SUpDEqNN,SUpDEq NN,344,105,45,7.0665746820713302,0.0015018255217000842,3.5521866298537845
SUpDEqNN,SUpDEq NN,345,105,30,16.937617826182553,0.0015144464559853077,6.7350317090516674
SUpDEqNN,SUpDEq NN,346,105,20,10.000001042231721,0.0013326577609404922,5.9302287969382714
SUpDEqNN,SUpDEq NN,348,105,0,9.9999997713238429,0.0014181847218424082,6.1068864447395903
SUpDEqNN,SUpDEq NN,349,105,-10,17.584023920930079,0.0013966393889859319,7.0465476425610509
SUpDEqNN,SUpDEq NN,350,105,-20,14.090652882944042,0.0013326577609404922,5.9990838816533616
SUpDEqNN,SUpDEq NN,351,105,-30,16.847753664559015,0.0015144464559853077,6.6655964619367492
SUpDEqNN,SUpDEq NN,352,105,-45,27.912101967116733,0.00080013019032776356,6.8894987710586753
SUpDEqNN,SUpDEq NN,353,280,-45,10.591410568697148,0.00080013019032776356,5.778321835304272
SUpDEqNN,SUpDEq NN,354,280,-30,19.080584560230658,0.0015144464559853077,7.0910552775091142
SUpDEqNN,SUpDEq NN,355,280,-20,10.000000312474459,0.0013326577609404922,6.9010644164661157
SUpDEqNN,SUpDEq NN,357,280,0,10.000000063334213,0.0014181847218424082,6.621798425217194
SUpDEqNN,SUpDEq NN,358,280,10,20.000000126668425,0.0013966393889859319,6.8447877765672009
SUpDEqNN,SUpDEq NN,359,280,20,18.782572356704865,0.0013326577609404922,6.9569850442884649
SUpDEqNN,SUpDEq NN,360,280,30,19.080583769633087,0.0015144464559853077,7.082545105173085
SUpDEqNN,SUpDEq NN,361,280,45,10.591411252424974,0.0015018255217000842,4.9383508596586472
SUpDEqNN,SUpDEq NN,362,280,60,17.46913876234531,0.0010619510430842638,5.6486328717148142
SUpDEqNN,SUpDEq NN,363,280,75,15.000000876882917,0.0005497062811627984,4.8908887408396486
SUpDEqNN,SUpDEq NN,364,100,75,15.000000876882917,0.0005497062811627984,4.7437130343890024
SUpDEqNN,SUpDEq NN,365,100,60,15.294999564249215,0.0010619510430842638,5.1715174863761497
SUpDEqNN,SUpDEq NN,366,100,45,3.5349730246201427,0.0015018255217000842,2.605816284892212
SUpDEqNN,SUpDEq NN,367,100,30,15.507478063998745,0.0015144464559853077,6.867029225112824
SUpDEqNN,SUpDEq NN,368,100,20,11.101905383875703,0.0013326577609404922,6.6555218055472745
SUpDEqNN,SUpDEq NN,369,100,10,4.923991597886185,0.0013966393889859319,4.8995948485862479
SUpDEqNN,SUpDEq NN,370,100,0,11.168952618752609,0.0014181847218424082,6.8702112677824507
SUpDEqNN,SUpDEq NN,371,100,-10,19.693104520766859,0.0013966393889859319,7.1910843067398442
SUpDEqNN,SUpDEq NN,372,100,-20,18.782572356704865,0.0013326577609404922,6.8717167310561829
SUpDEqNN,SUpDEq NN,373,100,-30,20.653638018260867,0.0015144464559853077,7.183698741749823
SUpDEqNN,SUpDEq NN,374,100,-45,24.553173207647458,0.00080013019032776356,6.7885121155161476
SUpDEqNN,SUpDEq NN,375,275,-45,14.106044049359161,0.00080013019032776356,6.3340729980713464
SUpDEqNN,SUpDEq NN,376,275,-30,20.53677829030493,0.0015144464559853077,7.0125128696322951
SUpDEqNN,SUpDEq NN,377,275,-20,11.101905198345321,0.0013326577609404922,7.050557177326743
SUpDEqNN,SUpDEq NN,378,275,-10,4.9239920503845713,0.0013966393889859319,4.7007745769303675
SUpDEqNN,SUpDEq NN,379,275,0,11.16895302052127,0.0014181847218424082,6.8668977647638254
SUpDEqNN,SUpDEq NN,380,275,10,19.69310407722487,0.0013966393889859319,7.2375238983381927
SUpDEqNN,SUpDEq NN,381,275,20,21.720796852149238,0.0013326577609404922,7.9618100824226383
SUpDEqNN,SUpDEq NN,382,275,30,16.937617453527647,0.0015144464559853077,7.4507096283297907
SUpDEqNN,SUpDEq NN,383,275,45,7.0665743376950143,0.0015018255217000842,3.943878238583419
SUpDEqNN,SUpDEq NN,384,275,60,16.146339106920092,0.0010619510430842638,5.2871711238411736
SUpDEqNN,SUpDEq NN,385,275,75,15.000000519710634,0.0005497062811627984,4.7137971084110895
SUpDEqNN,SUpDEq NN,386,95,75,15.000000519710634,0.0005497062811627984,4.9036419795365518
SUpDEqNN,SUpDEq NN,387,95,60,14.999999903155175,0.0010619510430842638,5.2863937973033321
SUpDEqNN,SUpDEq NN,389,95,30,14.999998860864325,0.0015144464559853077,7.2732715821590297
SUpDEqNN,SUpDEq NN,390,95,20,13.892339311357045,0.0013326577609404922,7.6423826849272665
SUpDEqNN,SUpDEq NN,391,95,10,9.8476999267451841,0.0013966393889859319,6.3700920798270237
SUpDEqNN,SUpDEq NN,392,95,0,14.106044325762864,0.0014181847218424082,7.2729317839123304
SUpDEqNN,SUpDEq NN,393,95,-10,14.770835961042275,0.0013966393889859319,7.0984264813328277
SUpDEqNN,SUpDEq NN,394,95,-20,17.584023136331574,0.0013326577609404922,7.0172881920905379
SUpDEqNN,SUpDEq NN,395,95,-30,24.40718811313571,0.0015144464559853077,7.4554075655594092
SUpDEqNN,SUpDEq NN,396,95,-45,21.09058089744196,0.00080013019032776356,6.6967398271568266
SUpDEqNN,SUpDEq NN,397,270,-45,17.606966600082263,0.00080013019032776356,6.6091525539344582
SUpDEqNN,SUpDEq NN,398,270,-30,22.068454646158248,0.0015144464559853077,7.0240358782494914
SUpDEqNN,SUpDEq NN,399,270,-20,13.892339141059953,0.0013326577609404922,7.2438172562594305
SUpDEqNN,SUpDEq NN,400,270,-10,9.8476998269605698,0.0013966393889859319,6.1000006399236559
SUpDEqNN,SUpDEq NN,401,270,0,14.106044534885925,0.0014181847218424082,8.2010088560530914
SUpDEqNN,SUpDEq NN,402,270,10,14.770836052664333,0.0013966393889859319,7.4475195182257865
SUpDEqNN,SUpDEq NN,403,270,20,17.584023579682643,0.0013326577609404922,8.2868009898330683
SUpDEqNN,SUpDEq NN,404,270,30,15.507477087468549,0.0015144464559853077,7.5592044241211029
SUpDEqNN,SUpDEq NN,405,270,45,3.5349727355105256,0.0015018255217000842,2.644418692671763
SUpDEqNN,SUpDEq NN,406,270,60,15.294998954736444,0.0010619510430842638,5.1220270861417578
SUpDEqNN,SUpDEq NN,407,270,75,15.000000120055846,0.0005497062811627984,4.5771283296523322
SUpDEqNN,SUpDEq NN,408,90,75,15.000000120055846,0.0005497062811627984,5.0468102362258573
SUpDEqNN,SUpDEq NN,409,90,60,15.294998954736444,0.0010619510430842638,5.5755231832129102
SUpDEqNN,SUpDEq NN,410,90,45,3.5349727355105256,0.0015018255217000842,2.7319482554834607
SUpDEqNN,SUpDEq NN,411,90,30,15.507477087468549,0.0015144464559853077,7.5135442683601692
SUpDEqNN,SUpDEq NN,412,90,20,17.584023579682643,0.0013326577609404922,8.0797535943831331
SUpDEqNN,SUpDEq NN,413,90,10,14.770836052664333,0.0013966393889859319,7.3671940136242862
SUpDEqNN,SUpDEq NN,414,90,0,14.106044534885925,0.0014181847218424082,8.1249721082479898
SUpDEqNN,SUpDEq NN,415,90,-10,9.8476998269605698,0.0013966393889859319,5.9297129801715212
SUpDEqNN,SUpDEq NN,416,90,-20,13.892339141059953,0.0013326577609404922,6.8720519621647265
SUpDEqNN,SUpDEq NN,417,90,-30,22.068454646158248,0.0015144464559853077,7.556725731521718
SUpDEqNN,SUpDEq NN,418,90,-45,17.606966600082263,0.00080013019032776356,6.4920607451028554
SUpDEqNN,SUpDEq NN,419,265,-45,21.09058089744196,0.00080013019032776356,6.9836280542279745
SUpDEqNN,SUpDEq NN,420,265,-30,24.40718811313571,0.0015144464559853077,7.0649693064398011
SUpDEqNN,SUpDEq NN,421,265,-20,17.584023136331574,0.0013326577609404922,7.2253137805949867
SUpDEqNN,SUpDEq NN,422,265,-10,14.770835961042275,0.0013966393889859319,7.130797494827231
SUpDEqNN,SUpDEq NN,423,265,0,14.106044325762864,0.0014181847218424082,7.2166407439798297
SUpDEqNN,SUpDEq NN,424,265,10,9.8476999267451841,0.0013966393889859319,6.4516927545111082
SUpDEqNN,SUpDEq NN,425,265,20,13.892339311357045,0.0013326577609404922,7.7385627814094651
SUpDEqNN,SUpDEq NN,426,265,30,14.999998860864325,0.0015144464559853077,7.5592666518436511
SUpDEqNN,SUpDEq NN,428,265,60,14.999999903155175,0.0010619510430842638,4.9900128961808523
SUpDEqNN,SUpDEq NN,429,265,75,15.000000519710634,0.0005497062811627984,4.3653428948855515
SUpDEqNN,SUpDEq NN,430,85,75,15.000000519710634,0.0005497062811627984,5.2350756415571968
SUpDEqNN,SUpDEq NN,431,85,60,16.146339106920092,0.0010619510430842638,5.9634153915332613
SUpDEqNN,SUpDEq NN,432,85,45,7.0665743376950143,0.0015018255217000842,4.0129304623288968
SUpDEqNN,SUpDEq NN,433,85,30,16.937617453527647,0.0015144464559853077,7.3571639865062144
SUpDEqNN,SUpDEq NN,434,85,20,21.720796852149238,0.0013326577609404922,7.5547639972084317
SUpDEqNN,SUpDEq NN,435,85,10,19.69310407722487,0.0013966393889859319,7.2735262865919941
SUpDEqNN,SUpDEq NN,436,85,0,11.16895302052127,0.0014181847218424082,7.1772833106450094
SUpDEqNN,SUpDEq NN,437,85,-10,4.9239920503845713,0.0013966393889859319,4.4917382790137905
SUpDEqNN,SUpDEq NN,438,85,-20,11.101905198345321,0.0013326577609404922,6.4691631207255105
SUpDEqNN,SUpDEq NN,439,85,-30,20.53677829030493,0.0015144464559853077,7.6012945262578002
SUpDEqNN,SUpDEq NN,440,85,-45,14.106044049359161,0.00080013019032776356,6.2025982364016707
SUpDEqNN,SUpDEq NN,441,260,-45,24.553173207647458,0.00080013019032776356,7.2218696466052341
SUpDEqNN,SUpDEq NN,442,260,-30,20.653638018260867,0.0015144464559853077,6.9489178451220903
SUpDEqNN,SUpDEq NN,443,260,-20,18.782572356704865,0.0013326577609404922,6.8584492683576466
SUpDEqNN,SUpDEq NN,444,260,-10,19.693104520766859,0.0013966393889859319,7.0847833449513615
SUpDEqNN,SUpDEq NN,445,260,0,11.168952618752609,0.0014181847218424082,6.8897826310151409
SUpDEqNN,SUpDEq NN,446,260,10,4.923991597886185,0.0013966393889859319,4.9593769402563277
SUpDEqNN,SUpDEq NN,447,260,20,11.101905383875703,0.0013326577609404922,6.6681463427904708
SUpDEqNN,SUpDEq NN,448,260,30,15.507478063998745,0.0015144464559853077,7.4368328522931337
SUpDEqNN,SUpDEq NN,449,260,45,3.5349730246201427,0.0015018255217000842,2.3044334164789579
SUpDEqNN,SUpDEq NN,450,260,60,15.294999564249215,0.0010619510430842638,4.9888442993492452
SUpDEqNN,SUpDEq NN,451,260,75,15.000000876882917,0.0005497062811627984,4.2240973431168918
SUpDEqNN,SUpDEq NN,452,80,75,15.000000876882917,0.0005497062811627984,5.3944239890112575
SUpDEqNN,SUpDEq NN,453,80,60,17.46913876234531,0.0010619510430842638,6.3437244640833406
SUpDEqNN,SUpDEq NN,454,80,45,10.591411252424974,0.0015018255217000842,4.9912894376202859
SUpDEqNN,SUpDEq NN,455,80,30,19.080583769633087,0.0015144464559853077,6.8123133915232836
SUpDEqNN,SUpDEq NN,456,80,20,18.782572356704865,0.0013326577609404922,6.7555289811981458
SUpDEqNN,SUpDEq NN,457,80,10,20.000000126668425,0.0013966393889859319,6.8183481874031138
SUpDEqNN,SUpDEq NN,458,80,0,10.000000063334213,0.0014181847218424082,6.8304011362351025
SUpDEqNN,SUpDEq NN,460,80,-20,10.000000312474459,0.0013326577609404922,6.3815248717364002
SUpDEqNN,SUpDEq NN,461,80,-30,19.080584560230658,0.0015144464559853077,7.4652369353793091
SUpDEqNN,SUpDEq NN,462,80,-45,10.591410568697148,0.00080013019032776356,5.7365895278220007
SUpDEqNN,SUpDEq NN,463,255,-45,27.912101967116733,0.00080013019032776356,7.2878728468859997
SUpDEqNN,SUpDEq NN,464,255,-30,16.847753664559015,0.0015144464559853077,6.5783972782903559
SUpDEqNN,SUpDEq NN,465,255,-20,14.090652882944042,0.0013326577609404922,6.0519136370921167
SUpDEqNN,SUpDEq NN,466,255,-10,17.584023920930079,0.0013966393889859319,7.1061280683801975
SUpDEqNN,SUpDEq NN,467,255,0,9.9999997713238429,0.0014181847218424082,6.1793944797701013
SUpDEqNN,SUpDEq NN,469,255,20,10.000001042231721,0.0013326577609404922,5.7709641564001979
SUpDEqNN,SUpDEq NN,470,255,30,16.937617826182553,0.0015144464559853077,7.1218183803926989
SUpDEqNN,SUpDEq NN,471,255,45,7.0665746820713302,0.0015018255217000842,3.3274699101740115
SUpDEqNN,SUpDEq NN,472,255,60,16.146339982767262,0.0010619510430842638,5.0482995225585121
SUpDEqNN,SUpDEq NN,473,255,75,15.000000205801689,0.0005497062811627984,4.0366095544992113
SUpDEqNN,SUpDEq NN,474,75,75,15.000000205801689,0.0005497062811627984,5.4755705540479589
SUpDEqNN,SUpDEq NN,475,75,60,19.16031220270019,0.0010619510430842638,6.6231748039985492
SUpDEqNN,SUpDEq NN,476,75,45,14.106044534968714,0.0015018255217000842,5.6868153403016342
SUpDEqNN,SUpDEq NN,477,75,30,16.847753664559015,0.0015144464559853077,6.4528861700206503
SUpDEqNN,SUpDEq NN,478,75,20,14.090652882944042,0.0013326577609404922,5.798696804082093
SUpDEqNN,SUpDEq NN,479,75,10,17.584023920930079,0.0013966393889859319,6.399943058686973
SUpDEqNN,SUpDEq NN,480,75,0,11.168952776943851,0.0014181847218424082,6.5780601414812256
SUpDEqNN,SUpDEq NN,481,75,-10,4.923991597886185,0.0013966393889859319,4.3984090107745839
SUpDEqNN,SUpDEq NN,482,75,-20,11.101905237270087,0.0013326577609404922,6.4403352071664139
SUpDEqNN,SUpDEq NN,483,75,-30,16.937618364774703,0.0015144464559853077,7.291680945952657
SUpDEqNN,SUpDEq NN,484,75,-45,7.066573973819299,0.00080013019032776356,4.7257703936126738
SUpDEqNN,SUpDEq NN,485,250,-45,26.335321932194201,0.00080013019032776356,7.4434051281764591
SUpDEqNN,SUpDEq NN,486,250,-30,13.481723153110721,0.0015144464559853077,6.2382640095098489
SUpDEqNN,SUpDEq NN,487,250,-20,9.3955278431111164,0.0013326577609404922,5.1787661668566249
SUpDEqNN,SUpDEq NN,488,250,-10,13.892339928739169,0.0013966393889859319,6.6052782189746972
SUpDEqNN,SUpDEq NN,489,250,0,11.168952764252944,0.0014181847218424082,5.9216028490351684
SUpDEqNN,SUpDEq NN,490,250,10,4.923991137574113,0.0013966393889859319,4.4942619033866915
SUpDEqNN,SUpDEq NN,491,250,20,11.101904792308432,0.0013326577609404922,5.441613929836743
SUpDEqNN,SUpDEq NN,492,250,30,19.080583258701811,0.0015144464559853077,6.9985941998645282
SUpDEqNN,SUpDEq NN,493,250,45,10.591410810340577,0.0015018255217000842,3.9916085714768781
SUpDEqNN,SUpDEq NN,494,250,60,17.469138507459274,0.0010619510430842638,5.2697201119863513
SUpDEqNN,SUpDEq NN,495,250,75,15.000000080789578,0.0005497062811627984,3.9451392637925879
SUpDEqNN,SUpDEq NN,496,70,75,15.000000080789578,0.0005497062811627984,5.5365813556280523
SUpDEqNN,SUpDEq NN,497,70,60,21.124323628857301,0.0010619510430842638,6.6001605765374869
SUpDEqNN,SUpDEq NN,498,70,45,17.606966632428144,0.0015018255217000842,6.3121609493586535
SUpDEqNN,SUpDEq NN,499,70,30,13.481723153110721,0.0015144464559853077,6.0034549035405513
SUpDEqNN,SUpDEq NN,500,70,20,9.3955278431111164,0.0013326577609404922,4.7837645275569312
SUpDEqNN,SUpDEq NN,501,70,10,13.892339928739169,0.0013966393889859319,5.9128826697833885
SUpDEqNN,SUpDEq NN,502,70,0,14.106044537805667,0.0014181847218424082,6.7945742239834033
SUpDEqNN,SUpDEq NN,503,70,-10,9.8476990078007134,0.0013966393889859319,5.6420228075960788
SUpDEqNN,SUpDEq NN,504,70,-20,13.892338343524369,0.0013326577609404922,6.7216918951549509
SUpDEqNN,SUpDEq NN,505,70,-30,15.507476946310584,0.0015144464559853077,7.203967705372273
SUpDEqNN,SUpDEq NN,506,70,-45,3.5349729711425013,0.00080013019032776356,3.3561607779350968
SUpDEqNN,SUpDEq NN,507,245,-45,24.553175192197251,0.00080013019032776356,7.6356826901587347
SUpDEqNN,SUpDEq NN,508,245,-30,10.974800180129701,0.0015144464559853077,5.9950880555036257
SUpDEqNN,SUpDEq NN,509,245,-20,4.6982885557778449,0.0013326577609404922,4.0545536823888169
SUpDEqNN,SUpDEq NN,510,245,-10,11.101906323216596,0.0013966393889859319,6.1553719195145931
SUpDEqNN,SUpDEq NN,511,245,0,14.106043681994763,0.0014181847218424082,6.3206625604071602
SUpDEqNN,SUpDEq NN,512,245,10,9.8476988264340477,0.0013966393889859319,5.3227684949746239
SUpDEqNN,SUpDEq NN,513,245,20,13.892339676756846,0.0013326577609404922,5.7692662310769434
SUpDEqNN,SUpDEq NN,514,245,30,21.721268937441273,0.0015144464559853077,6.9813388856469629
SUpDEqNN,SUpDEq NN,515,245,45,14.106044049359161,0.0015018255217000842,4.5289808961816496
SUpDEqNN,SUpDEq NN,516,245,60,19.1603114048904,0.0010619510430842638,5.537334489411287
SUpDEqNN,SUpDEq NN,517,245,75,15.000000037063414,0.0005497062811627984,3.87497207216951
SUpDEqNN,SUpDEq NN,518,65,75,15.000000037063414,0.0005497062811627984,5.6285619434883127
SUpDEqNN,SUpDEq NN,519,65,60,23.283731703845064,0.0010619510430842638,6.4741952835775241
SUpDEqNN,SUpDEq NN,520,65,45,21.09058089744196,0.0015018255217000842,6.4946374469132397
SUpDEqNN,SUpDEq NN,521,65,30,10.974800180129701,0.0015144464559853077,5.5996161770726145
SUpDEqNN,SUpDEq NN,522,65,20,4.6982885557778449,0.0013326577609404922,3.5483150552315901
SUpDEqNN,SUpDEq NN,523,65,10,11.101906323216596,0.0013966393889859319,5.3738251403419568
SUpDEqNN,SUpDEq NN,524,65,0,17.963859654834859,0.0014181847218424082,6.9206119834300637
SUpDEqNN,SUpDEq NN,525,65,-10,14.7708350451899,0.0013966393889859319,6.6223499868271185
SUpDEqNN,SUpDEq NN,526,65,-20,17.584023688118002,0.0013326577609404922,7.0350211640679161
SUpDEqNN,SUpDEq NN,527,65,-30,14.999999968681948,0.0015144464559853077,7.4314703595032459
SUpDEqNN,SUpDEq NN,529,240,-45,21.09058345153683,0.00080013019032776356,7.5634684431700201
SUpDEqNN,SUpDEq NN,530,240,-30,9.999999029626526,0.0015144464559853077,5.7800545552242122
SUpDEqNN,SUpDEq NN,532,240,-10,10.000001188003743,0.0013966393889859319,6.0887706022424348
SUpDEqNN,SUpDEq NN,533,240,0,17.963860119699778,0.0014181847218424082,6.7247994915850491
SUpDEqNN,SUpDEq NN,534,240,10,14.770834162524009,0.0013966393889859319,6.1482376240601955
SUpDEqNN,SUpDEq NN,535,240,20,17.584023920930079,0.0013326577609404922,6.0337823901906038
SUpDEqNN,SUpDEq NN,536,240,30,21.607104488938131,0.0015144464559853077,6.8528334939615156
SUpDEqNN,SUpDEq NN,537,240,45,17.606966457268481,0.0015018255217000842,4.9942918426920295
SUpDEqNN,SUpDEq NN,538,240,60,21.124323816652065,0.0010619510430842638,5.7540055257414826
SUpDEqNN,SUpDEq NN,539,240,75,14.999999926042548,0.0005497062811627984,3.8605226230132001
SUpDEqNN,SUpDEq NN,540,60,75,14.999999926042548,0.0005497062811627984,5.6198384791694824
SUpDEqNN,SUpDEq NN,541,60,60,23.283732956340483,0.0010619510430842638,6.2268630757965333
SUpDEqNN,SUpDEq NN,542,60,45,21.09058345153683,0.0015018255217000842,6.2862183874358921
SUpDEqNN,SUpDEq NN,543,60,30,9.999999029626526,0.0015144464559853077,5.4854116825277082
SUpDEqNN,SUpDEq NN,545,60,10,10.000001188003743,0.0013966393889859319,5.3362899274148301
SUpDEqNN,SUpDEq NN,546,60,0,20.000001081696542,0.0014181847218424082,7.0915849736549186
SUpDEqNN,SUpDEq NN,547,60,-10,19.693102264372424,0.0013966393889859319,7.0825531895644724
SUpDEqNN,SUpDEq NN,548,60,-20,21.720797258522222,0.0013326577609404922,7.0816805384455277
SUpDEqNN,SUpDEq NN,549,60,-30,15.507477882749432,0.0015144464559853077,7.478687649531107
SUpDEqNN,SUpDEq NN,550,60,-45,3.5349723672764939,0.00080013019032776356,3.6072261424860401
SUpDEqNN,SUpDEq NN,551,235,-45,17.606969385403353,0.00080013019032776356,7.3209663967858205
SUpDEqNN,SUpDEq NN,552,235,-30,10.974799216332263,0.0015144464559853077,5.5078553033839484
SUpDEqNN,SUpDEq NN,553,235,-20,4.6982881143403246,0.0013326577609404922,3.5661766300626336
SUpDEqNN,SUpDEq NN,554,235,-10,11.101906097405333,0.0013966393889859319,6.2480884448832148
SUpDEqNN,SUpDEq NN,555,235,0,20.590672601212329,0.0014181847218424082,7.246278491054178
SUpDEqNN,SUpDEq NN,556,235,10,19.693105582230331,0.0013966393889859319,6.8804257216341291
SUpDEqNN,SUpDEq NN,557,235,20,20.653637823309932,0.0013326577609404922,6.4770675331553154
SUpDEqNN,SUpDEq NN,558,235,30,17.298331880789124,0.0015144464559853077,6.2965043533274887
SUpDEqNN,SUpDEq NN,559,235,45,21.090580421606788,0.0015018255217000842,5.3022305536034704
SUpDEqNN,SUpDEq NN,560,235,60,23.283732169116558,0.0010619510430842638,5.9389450546576974
SUpDEqNN,SUpDEq NN,561,235,75,15.000000513611642,0.0005497062811627984,3.7482358843052723
SUpDEqNN,SUpDEq NN,562,55,75,15.000000513611642,0.0005497062811627984,5.715726350793763
SUpDEqNN,SUpDEq NN,563,55,60,21.124323795477249,0.0010619510430842638,5.9176294603765225
SUpDEqNN,SUpDEq NN,564,55,45,17.606969385403353,0.0015018255217000842,5.61815740289099
SUpDEqNN,SUpDEq NN,565,55,30,10.974799216332263,0.0015144464559853077,5.9174410697093629
SUpDEqNN,SUpDEq NN,566,55,20,4.6982881143403246,0.0013326577609404922,3.4032897748008613
SUpDEqNN,SUpDEq NN,567,55,10,11.101906097405333,0.0013966393889859319,5.4858668642331079
SUpDEqNN,SUpDEq NN,568,55,0,20.590672601212329,0.0014181847218424082,7.1622185272618824
SUpDEqNN,SUpDEq NN,569,55,-10,21.720794676281667,0.0013966393889859319,6.9779200501329255
SUpDEqNN,SUpDEq NN,570,55,-20,18.782571022300161,0.0013326577609404922,6.504475331412106
SUpDEqNN,SUpDEq NN,571,55,-30,16.937618103837618,0.0015144464559853077,7.2821278807424852
SUpDEqNN,SUpDEq NN,572,55,-45,7.0665737578836278,0.00080013019032776356,4.8064193194124494
SUpDEqNN,SUpDEq NN,573,230,-45,14.106044861351487,0.00080013019032776356,6.7342973275342874
SUpDEqNN,SUpDEq NN,574,230,-30,13.481722693495358,0.0015144464559853077,5.8963365630512747
SUpDEqNN,SUpDEq NN,575,230,-20,9.3955278474439847,0.0013326577609404922,4.4788724629601324
SUpDEqNN,SUpDEq NN,576,230,-10,13.892339559573843,0.0013966393889859319,6.5029779559222272
SUpDEqNN,SUpDEq NN,577,230,0,22.26874569765862,0.0014181847218424082,7.7471163708392341
SUpDEqNN,SUpDEq NN,578,230,10,24.407187574190903,0.0013966393889859319,7.6091978878294784
SUpDEqNN,SUpDEq NN,579,230,20,16.847752970154431,0.0013326577609404922,6.7806644293541831
SUpDEqNN,SUpDEq NN,580,230,30,12.981060122360738,0.0015144464559853077,5.4703076724000192
SUpDEqNN,SUpDEq NN,581,230,45,19.080584438556169,0.0015018255217000842,5.46639040540098
SUpDEqNN,SUpDEq NN,582,230,60,25.579586991885623,0.0010619510430842638,6.0107503990435509
SUpDEqNN,SUpDEq NN,583,230,75,15.000000045981704,0.0005497062811627984,3.7881560985859255
SUpDEqNN,SUpDEq NN,584,50,75,15.000000045981704,0.0005497062811627984,5.6789974356312376
SUpDEqNN,SUpDEq NN,585,50,60,19.160311981928583,0.0010619510430842638,5.5236622885359701
SUpDEqNN,SUpDEq NN,586,50,45,14.106044861351487,0.0015018255217000842,4.727141266500384
SUpDEqNN,SUpDEq NN,587,50,30,13.481722693495358,0.0015144464559853077,6.606269064886658
SUpDEqNN,SUpDEq NN,588,50,20,9.3955278474439847,0.0013326577609404922,4.7518601050471325
SUpDEqNN,SUpDEq NN,589,50,10,13.892339559573843,0.0013966393889859319,5.9792876575142069
SUpDEqNN,SUpDEq NN,590,50,0,22.26874569765862,0.0014181847218424082,7.115027439488383
SUpDEqNN,SUpDEq NN,591,50,-10,17.584022183303819,0.0013966393889859319,6.6611797498495227
SUpDEqNN,SUpDEq NN,592,50,-20,14.090650791577101,0.0013326577609404922,5.7594203361345082
SUpDEqNN,SUpDEq NN,593,50,-30,16.847751615755694,0.0015144464559853077,6.7243822056670588
SUpDEqNN,SUpDEq NN,594,50,-45,10.591412169898064,0.00080013019032776356,5.5065979103586304
SUpDEqNN,SUpDEq NN,595,225,-45,10.591412221441374,0.00080013019032776356,5.8411388961227999
SUpDEqNN,SUpDEq NN,596,225,-30,16.847751846686993,0.0015144464559853077,6.335529127430215
SUpDEqNN,SUpDEq NN,597,225,-20,14.090651603071073,0.0013326577609404922,5.2680382078193455
SUpDEqNN,SUpDEq NN,598,225,-10,17.584022658769534,0.0013966393889859319,6.5680440036065866
SUpDEqNN,SUpDEq NN,599,225,0,24.814217316458059,0.0014181847218424082,7.8562492266893278
SUpDEqNN,SUpDEq NN,600,225,10,22.068454074222679,0.0013966393889859319,8.1654964123867089
SUpDEqNN,SUpDEq NN,601,225,20,13.481723581082752,0.0013326577609404922,6.5700822077769692
SUpDEqNN,SUpDEq NN,602,225,30,8.6575008924471586,0.0015144464559853077,4.1991412151542429
SUpDEqNN,SUpDEq NN,603,225,45,16.937618541531808,0.0015018255217000842,5.4181388840469422
SUpDEqNN,SUpDEq NN,604,225,60,27.967953256853754,0.0010619510430842638,6.0391646650648916
SUpDEqNN,SUpDEq NN,605,225,75,15.000000759196658,0.0005497062811627984,3.8291703692297121
SUpDEqNN,SUpDEq NN,606,45,75,15.000000759196658,0.0005497062811627984,5.7074467895263163
SUpDEqNN,SUpDEq NN,607,45,60,17.469139229498978,0.0010619510430842638,5.1417112886758369
SUpDEqNN,SUpDEq NN,608,45,45,10.591412221441374,0.0015018255217000842,3.6067952659305536
SUpDEqNN,SUpDEq NN,609,45,30,16.847751846686993,0.0015144464559853077,7.211618525722316
SUpDEqNN,SUpDEq NN,610,45,20,14.090651603071073,0.0013326577609404922,6.0655252141910667
SUpDEqNN,SUpDEq NN,611,45,10,17.584022658769534,0.0013966393889859319,6.5396799562649992
SUpDEqNN,SUpDEq NN,612,45,0,22.268744826474858,0.0014181847218424082,7.0233630120852579
SUpDEqNN,SUpDEq NN,613,45,-10,13.892338468968779,0.0013966393889859319,6.2585774892246624
SUpDEqNN,SUpDEq NN,614,45,-20,9.3955270425035575,0.0013326577609404922,4.6643080487327255
SUpDEqNN,SUpDEq NN,615,45,-30,13.481722024217131,0.0015144464559853077,6.2696217557573073
SUpDEqNN,SUpDEq NN,616,45,-45,14.106044843106213,0.00080013019032776356,6.0145786707736395
SUpDEqNN,SUpDEq NN,617,220,-45,7.0665759174006428,0.00080013019032776356,4.5765844388259032
SUpDEqNN,SUpDEq NN,618,220,-30,16.937618856363812,0.0015144464559853077,6.8169278428844615
SUpDEqNN,SUpDEq NN,619,220,-20,18.782569533125056,0.0013326577609404922,5.9697038265545812
SUpDEqNN,SUpDEq NN,620,220,-10,19.693105071764794,0.0013966393889859319,6.5061742788091692
SUpDEqNN,SUpDEq NN,621,220,0,22.268745808076812,0.0014181847218424082,7.6478798984347494
SUpDEqNN,SUpDEq NN,622,220,10,20.536778438540473,0.0013966393889859319,8.1410043634173235
SUpDEqNN,SUpDEq NN,623,220,20,10.974801461651374,0.0013326577609404922,5.8554580908557234
SUpDEqNN,SUpDEq NN,624,220,30,4.3297856282053244,0.0015144464559853077,2.6201354662472771
SUpDEqNN,SUpDEq NN,625,220,45,15.507478746963535,0.0015018255217000842,5.2286447844892017
SUpDEqNN,SUpDEq NN,626,220,60,30.000000754713284,0.0010619510430842638,5.954010274231698
SUpDEqNN,SUpDEq NN,627,220,75,15.000000045981704,0.0005497062811627984,3.8525936154610281
SUpDEqNN,SUpDEq NN,628,40,75,15.000000045981704,0.0005497062811627984,5.7193558618738161
SUpDEqNN,SUpDEq NN,629,40,60,16.146340174030033,0.0010619510430842638,4.8991523874207026
SUpDEqNN,SUpDEq NN,630,40,45,7.0665759174006428,0.0015018255217000842,2.596103644781115
SUpDEqNN,SUpDEq NN,631,40,30,16.937618856363812,0.0015144464559853077,7.2619229944080113
SUpDEqNN,SUpDEq NN,632,40,20,18.782569533125056,0.0013326577609404922,6.5437541681951465
SUpDEqNN,SUpDEq NN,633,40,10,19.693105071764794,0.0013966393889859319,6.5603850341932937
SUpDEqNN,SUpDEq NN,634,40,0,20.590672409097611,0.0014181847218424082,6.7587806996982041
SUpDEqNN,SUpDEq NN,635,40,-10,11.101905566123458,0.0013966393889859319,5.8184874037759933
SUpDEqNN,SUpDEq NN,636,40,-20,4.6982895983919564,0.0013326577609404922,3.4289675076466777
SUpDEqNN,SUpDEq NN,637,40,-30,10.974800783883671,0.0015144464559853077,6.1025432665868244
SUpDEqNN,SUpDEq NN,638,40,-45,17.606967058132422,0.00080013019032776356,6.2515806716221762
SUpDEqNN,SUpDEq NN,639,215,-45,3.5349726093893015,0.00080013019032776356,2.9512934913864255
SUpDEqNN,SUpDEq NN,640,215,-30,15.507477619497367,0.0015144464559853077,7.2522170738095522
SUpDEqNN,SUpDEq NN,641,215,-20,17.584023511028544,0.0013326577609404922,6.6640022605551472
SUpDEqNN,SUpDEq NN,642,215,-10,14.770837930353938,0.0013966393889859319,6.2943853169628605
SUpDEqNN,SUpDEq NN,643,215,0,17.963860447378917,0.0014181847218424082,7.1144110884996543
SUpDEqNN,SUpDEq NN,644,215,10,19.999999690522536,0.0013966393889859319,7.5482384653589802
SUpDEqNN,SUpDEq NN,645,215,20,9.9999992480583071,0.0013326577609404922,5.2089876042155385
SUpDEqNN,SUpDEq NN,647,215,45,14.999999418095857,0.0015018255217000842,5.2637743817208777
SUpDEqNN,SUpDEq NN,648,215,60,29.999999338596972,0.0010619510430842638,5.9792888663413093
SUpDEqNN,SUpDEq NN,649,215,75,15.000000513611642,0.0005497062811627984,3.8915228211950232
SUpDEqNN,SUpDEq NN,650,35,75,15.000000513611642,0.0005497062811627984,5.7654081853583925
SUpDEqNN,SUpDEq NN,651,35,60,15.294998948342053,0.0010619510430842638,4.7749321786187835
SUpDEqNN,SUpDEq NN,652,35,45,3.5349726093893015,0.0015018255217000842,1.496874904311027
SUpDEqNN,SUpDEq NN,653,35,30,15.507477619497367,0.0015144464559853077,6.9647552333573266
SUpDEqNN,SUpDEq NN,654,35,20,17.584023511028544,0.0013326577609404922,6.0193992031096659
SUpDEqNN,SUpDEq NN,655,35,10,14.770837930353938,0.0013966393889859319,5.7246986076659852
SUpDEqNN,SUpDEq NN,656,35,0,17.963860447378917,0.0014181847218424082,6.3736200538290992
SUpDEqNN,SUpDEq NN,657,35,-10,10.000000442464293,0.0013966393889859319,5.6883533571870766
SUpDEqNN,SUpDEq NN,659,35,-30,9.9999992480583071,0.0015144464559853077,6.3240677045694547
SUpDEqNN,SUpDEq NN,660,35,-45,21.090583039068701,0.00080013019032776356,6.5981906251974101
SUpDEqNN,SUpDEq NN,662,210,-30,14.999998739050708,0.0015144464559853077,7.2901942812204883
SUpDEqNN,SUpDEq NN,663,210,-20,13.892339928739169,0.0013326577609404922,6.6942347538169917
SUpDEqNN,SUpDEq NN,664,210,-10,9.8476983963493687,0.0013966393889859319,5.0260029184056263
SUpDEqNN,SUpDEq NN,665,210,0,14.10604466738504,0.0014181847218424082,6.0967186935052782
SUpDEqNN,SUpDEq NN,666,210,10,20.536778047345422,0.0013966393889859319,6.8708718076594746
SUpDEqNN,SUpDEq NN,667,210,20,10.974799216332263,0.0013326577609404922,5.1608084481066223
SUpDEqNN,SUpDEq NN,668,210,30,4.3297829047621343,0.0015144464559853077,2.1005435318067529
SUpDEqNN,SUpDEq NN,669,210,45,15.507477619497367,0.0015018255217000842,5.4000772203355014
SUpDEqNN,SUpDEq NN,670,210,60,30.000000111323018,0.0010619510430842638,5.9703945575264648
SUpDEqNN,SUpDEq NN,671,210,75,14.999999926042548,0.0005497062811627984,3.8886494719589946
SUpDEqNN,SUpDEq NN,672,30,75,14.999999926042548,0.0005497062811627984,5.8115510004395556
SUpDEqNN,SUpDEq NN,673,30,60,15.000001038303349,0.0010619510430842638,4.7228713991842657
SUpDEqNN,SUpDEq NN,675,30,30,14.999998739050708,0.0015144464559853077,6.5106063949608339
SUpDEqNN,SUpDEq NN,676,30,20,13.892339928739169,0.0013326577609404922,5.1281185635833078
SUpDEqNN,SUpDEq NN,677,30,10,9.8476983963493687,0.0013966393889859319,4.3054141032422812
SUpDEqNN,SUpDEq NN,678,30,0,14.10604466738504,0.0014181847218424082,5.4795188894673261
SUpDEqNN,SUpDEq NN,679,30,-10,11.101905871462817,0.0013966393889859319,5.9296214119851891
SUpDEqNN,SUpDEq NN,680,30,-20,4.6982881143403246,0.0013326577609404922,3.8887818582907441
SUpDEqNN,SUpDEq NN,681,30,-30,10.974800968721977,0.0015144464559853077,6.7738138766990126
SUpDEqNN,SUpDEq NN,682,30,-45,24.553175192197251,0.00080013019032776356,6.7628971158042184
SUpDEqNN,SUpDEq NN,683,205,-45,3.5349723672764939,0.00080013019032776356,2.46605393740293
SUpDEqNN,SUpDEq NN,684,205,-30,15.507477597756536,0.0015144464559853077,7.2768661797065706
SUpDEqNN,SUpDEq NN,685,205,-20,11.101905984016177,0.0013326577609404922,6.3841379780953904
SUpDEqNN,SUpDEq NN,686,205,-10,4.9239914100594815,0.0013966393889859319,2.9649445416352322
SUpDEqNN,SUpDEq NN,687,205,0,11.168952722705445,0.0014181847218424082,5.322463328198336
SUpDEqNN,SUpDEq NN,688,205,10,20.60935684332042,0.0013966393889859319,6.6260329659140869
SUpDEqNN,SUpDEq NN,689,205,20,13.481721255281723,0.0013326577609404922,5.4649825878746565
SUpDEqNN,SUpDEq NN,690,205,30,8.6574997742182269,0.0015144464559853077,3.1101741490447044
SUpDEqNN,SUpDEq NN,691,205,45,16.937618103837618,0.0015018255217000842,5.6191255513240677
SUpDEqNN,SUpDEq NN,692,205,60,30.000001193671139,0.0010619510430842638,6.0636167185031065
SUpDEqNN,SUpDEq NN,693,205,75,15.000000037063414,0.0005497062811627984,3.9193596023995472
SUpDEqNN,SUpDEq NN,694,25,75,15.000000037063414,0.0005497062811627984,5.7993069955552849
SUpDEqNN,SUpDEq NN,695,25,60,15.294998365211272,0.0010619510430842638,4.8254920822993803
SUpDEqNN,SUpDEq NN,696,25,45,3.5349723672764939,0.0015018255217000842,1.8462842648233171
SUpDEqNN,SUpDEq NN,697,25,30,15.507477597756536,0.0015144464559853077,6.4556798093841481
SUpDEqNN,SUpDEq NN,698,25,20,11.101905984016177,0.0013326577609404922,4.5448151433510144
SUpDEqNN,SUpDEq NN,699,25,10,4.9239914100594815,0.0013966393889859319,2.6252197788421707
SUpDEqNN,SUpDEq NN,700,25,0,11.168952722705445,0.0014181847218424082,4.5558159132837641
SUpDEqNN,SUpDEq NN,701,25,-10,13.892339487305048,0.0013966393889859319,6.3976710804048222
SUpDEqNN,SUpDEq NN,702,25,-20,9.395526819952865,0.0013326577609404922,5.5679342168598129
SUpDEqNN,SUpDEq NN,703,25,-30,13.481723060064377,0.0015144464559853077,7.3183108564611237
SUpDEqNN,SUpDEq NN,704,25,-45,24.694085979776748,0.00080013019032776356,6.8515556677852123
SUpDEqNN,SUpDEq NN,705,200,-45,7.0665741911739026,0.00080013019032776356,3.7226896658519588
SUpDEqNN,SUpDEq NN,706,200,-30,16.937616033087821,0.0015144464559853077,7.2974972437113337
SUpDEqNN,SUpDEq NN,707,200,-20,10.000000035409951,0.0013326577609404922,6.0749497695694856
SUpDEqNN,SUpDEq NN,709,200,0,9.9999999527339298,0.0014181847218424082,5.072149885013288
SUpDEqNN,SUpDEq NN,710,200,10,19.999999905467796,0.0013966393889859319,6.5785446049982079
SUpDEqNN,SUpDEq NN,711,200,20,16.847752641975024,0.0013326577609404922,5.7884243445869812
SUpDEqNN,SUpDEq NN,712,200,30,12.981059482482918,0.0015144464559853077,4.0534978415391887
SUpDEqNN,SUpDEq NN,713,200,45,19.080583620201772,0.0015018255217000842,5.9213422170798005
SUpDEqNN,SUpDEq NN,714,200,60,30.000000435073549,0.0010619510430842638,6.0848997916236991
SUpDEqNN,SUpDEq NN,715,200,75,15.000000080789578,0.0005497062811627984,3.9200203329408465
SUpDEqNN,SUpDEq NN,716,20,75,15.000000080789578,0.0005497062811627984,5.8644395920963284
SUpDEqNN,SUpDEq NN,717,20,60,16.146339438123881,0.0010619510430842638,5.0580924403155043
SUpDEqNN,SUpDEq NN,718,20,45,7.0665741911739026,0.0015018255217000842,3.0982205163250454
SUpDEqNN,SUpDEq NN,719,20,30,16.937616033087821,0.0015144464559853077,6.6029333730475939
SUpDEqNN,SUpDEq NN,720,20,20,10.000000035409951,0.0013326577609404922,4.445777265962672
SUpDEqNN,SUpDEq NN,722,20,0,9.9999999527339298,0.0014181847218424082,4.3629758760942003
SUpDEqNN,SUpDEq NN,723,20,-10,17.584023511028544,0.0013966393889859319,6.6971205679221733
SUpDEqNN,SUpDEq NN,724,20,-20,14.090652447229385,0.0013326577609404922,6.7580649694160737
SUpDEqNN,SUpDEq NN,725,20,-30,16.84775355865764,0.0015144464559853077,6.6514788949732857
SUpDEqNN,SUpDEq NN,726,20,-45,21.721267918499912,0.00080013019032776356,6.5371410791520779
SUpDEqNN,SUpDEq NN,727,195,-45,10.591410371458657,0.00080013019032776356,4.6160147755802932
SUpDEqNN,SUpDEq NN,728,195,-30,19.080583481669692,0.0015144464559853077,7.3108632658924853
SUpDEqNN,SUpDEq NN,729,195,-20,11.101905300103793,0.0013326577609404922,6.0211119841147536
SUpDEqNN,SUpDEq NN,730,195,-10,4.923991137574113,0.0013966393889859319,2.3588976060996716
SUpDEqNN,SUpDEq NN,731,195,0,11.168952636407244,0.0014181847218424082,5.2715909355151114
SUpDEqNN,SUpDEq NN,732,195,10,20.609356788468691,0.0013966393889859319,6.8788788888779315
SUpDEqNN,SUpDEq NN,733,195,20,20.653636294849793,0.0013326577609404922,6.1240519388926069
SUpDEqNN,SUpDEq NN,734,195,30,17.298330000057948,0.0015144464559853077,4.9513465806961454
SUpDEqNN,SUpDEq NN,735,195,45,21.721268164114861,0.0015018255217000842,6.2532951846652134
SUpDEqNN,SUpDEq NN,736,195,60,30.000000110732287,0.0010619510430842638,6.0945959558415614
SUpDEqNN,SUpDEq NN,737,195,75,15.000000205801689,0.0005497062811627984,3.9356427771517413
SUpDEqNN,SUpDEq NN,738,15,75,15.000000205801689,0.0005497062811627984,5.9063606753655966
SUpDEqNN,SUpDEq NN,739,15,60,17.469138312232101,0.0010619510430842638,5.5090569737770601
SUpDEqNN,SUpDEq NN,740,15,45,10.591410371458657,0.0015018255217000842,4.2093515016506942
SUpDEqNN,SUpDEq NN,741,15,30,19.080583481669692,0.0015144464559853077,6.9768599633695878
SUpDEqNN,SUpDEq NN,742,15,20,11.101905300103793,0.0013326577609404922,4.7944478066315481
SUpDEqNN,SUpDEq NN,743,15,10,4.923991137574113,0.0013966393889859319,2.5345785504991909
SUpDEqNN,SUpDEq NN,744,15,0,11.168952636407244,0.0014181847218424082,4.9069733946401248
SUpDEqNN,SUpDEq NN,745,15,-10,20.609356788468691,0.0013966393889859319,7.0204166699370765
SUpDEqNN,SUpDEq NN,746,15,-20,16.847753386581868,0.0013326577609404922,6.8161600216737135
SUpDEqNN,SUpDEq NN,747,15,-30,12.981060183000123,0.0015144464559853077,5.6567648989114767
SUpDEqNN,SUpDEq NN,748,15,-45,19.080582938811499,0.00080013019032776356,5.9405861968342837
SUpDEqNN,SUpDEq NN,749,190,-45,14.106043320415029,0.00080013019032776356,4.9948326630215556
SUpDEqNN,SUpDEq NN,750,190,-30,21.721268924650655,0.0015144464559853077,7.5245315361407599
SUpDEqNN,SUpDEq NN,751,190,-20,13.892338774103179,0.0013326577609404922,6.1842436000839598
SUpDEqNN,SUpDEq NN,752,190,-10,9.8476990078007134,0.0013966393889859319,3.9556159293091402
SUpDEqNN,SUpDEq NN,753,190,0,14.106043901218957,0.0014181847218424082,5.827535350389164
SUpDEqNN,SUpDEq NN,754,190,10,22.337905413351134,0.0013966393889859319,7.1270968206749492
SUpDEqNN,SUpDEq NN,755,190,20,24.692721414933498,0.0013326577609404922,6.543119721079659
SUpDEqNN,SUpDEq NN,756,190,30,21.607103231533049,0.0015144464559853077,5.7958628483476629
SUpDEqNN,SUpDEq NN,757,190,45,24.694086482247521,0.0015018255217000842,6.6306613533788683
SUpDEqNN,SUpDEq NN,758,190,60,29.999999880144909,0.0010619510430842638,6.1189408657271827
SUpDEqNN,SUpDEq NN,759,190,75,15.000000876882917,0.0005497062811627984,3.8817520907028222
SUpDEqNN,SUpDEq NN,760,10,75,15.000000876882917,0.0005497062811627984,5.9472848976510111
SUpDEqNN,SUpDEq NN,761,10,60,19.160311976351618,0.0010619510430842638,5.9669656125213404
SUpDEqNN,SUpDEq NN,762,10,45,14.106043320415029,0.0015018255217000842,5.1686016377895454
SUpDEqNN,SUpDEq NN,763,10,30,21.721268924650655,0.0015144464559853077,7.4516435533026488
SUpDEqNN,SUpDEq NN,764,10,20,13.892338774103179,0.0013326577609404922,5.6619952460469252
SUpDEqNN,SUpDEq NN,765,10,10,9.8476990078007134,0.0013966393889859319,4.1527451967509998
SUpDEqNN,SUpDEq NN,766,10,0,14.106043901218957,0.0014181847218424082,5.8357307442767459
SUpDEqNN,SUpDEq NN,767,10,-10,22.068454646158248,0.0013966393889859319,7.3378218204867958
SUpDEqNN,SUpDEq NN,768,10,-20,13.481723172448659,0.0013326577609404922,6.2843625399344605
SUpDEqNN,SUpDEq NN,769,10,-30,8.6574993691915836,0.0015144464559853077,4.5812893131318768
SUpDEqNN,SUpDEq NN,770,10,-45,16.937618201740335,0.00080013019032776356,5.5255427400318684
SUpDEqNN,SUpDEq NN,771,185,-45,17.606966457268481,0.00080013019032776356,5.1940078107544547
SUpDEqNN,SUpDEq NN,772,185,-30,24.40718767599158,0.0015144464559853077,7.7984454049899874
SUpDEqNN,SUpDEq NN,773,185,-20,17.584023118169156,0.0013326577609404922,6.5042749204239305
SUpDEqNN,SUpDEq NN,774,185,-10,14.770835684902895,0.0013966393889859319,5.1400751077449716
SUpDEqNN,SUpDEq NN,775,185,0,17.963859965917774,0.0014181847218424082,6.362624428156308
SUpDEqNN,SUpDEq NN,776,185,10,24.954120181789488,0.0013966393889859319,7.2629930375448417
SUpDEqNN,SUpDEq NN,777,185,20,28.862630859837058,0.0013326577609404922,6.8890647079139278
SUpDEqNN,SUpDEq NN,778,185,30,25.905078268461338,0.0015144464559853077,6.3161027036759636
SUpDEqNN,SUpDEq NN,779,185,45,27.885566114219476,0.0015018255217000842,6.9070360529812209
SUpDEqNN,SUpDEq NN,780,185,60,30.000000997038136,0.0010619510430842638,6.1862029414827511
SUpDEqNN,SUpDEq NN,781,185,75,15.000000519710634,0.0005497062811627984,3.9082468580846199
SUpDEqNN,SUpDEq NN,782,5,75,15.000000519710634,0.0005497062811627984,5.9762056948653877
SUpDEqNN,SUpDEq NN,783,5,60,21.124322746870448,0.0010619510430842638,6.1860517429339401
SUpDEqNN,SUpDEq NN,784,5,45,17.606966457268481,0.0015018255217000842,5.7365989561558965
SUpDEqNN,SUpDEq NN,785,5,30,24.40718767599158,0.0015144464559853077,7.8494128434236776
SUpDEqNN,SUpDEq NN,786,5,20,17.584023118169156,0.0013326577609404922,6.6910595465946834
SUpDEqNN,SUpDEq NN,787,5,10,14.770835684902895,0.0013966393889859319,5.7911837967095297
SUpDEqNN,SUpDEq NN,788,5,0,17.963859965917774,0.0014181847218424082,6.7333803804400878
SUpDEqNN,SUpDEq NN,789,5,-10,20.536778500153151,0.0013966393889859319,7.4181390642544365
SUpDEqNN,SUpDEq NN,790,5,-20,10.974801001997228,0.0013326577609404922,5.6030370333984232
SUpDEqNN,SUpDEq NN,791,5,-30,4.3297835269819025,0.0015144464559853077,3.475207571665706
SUpDEqNN,SUpDEq NN,792,5,-45,15.507477087468549,0.00080013019032776356,5.1761553888192884
SUpDEqBary,SUpDEq Barycentric,0,0,-45,14.999999554707983,0.00080013019032776356,5.276698062607152
SUpDEqBary,SUpDEq Barycentric,2,0,-20,9.9999997858989413,0.0013326577609404922,5.4834656854806578
SUpDEqBary,SUpDEq Barycentric,3,0,-10,20.000000162186488,0.0013966393889859319,6.9255763338806728
SUpDEqBary,SUpDEq Barycentric,4,0,0,22.268744313392595,0.0014181847218424082,7.0215081143604152
SUpDEqBary,SUpDEq Barycentric,5,0,10,19.693103693538394,0.0013966393889859319,5.7650090225492123
SUpDEqBary,SUpDEq Barycentric,6,0,20,21.720796614325359,0.0013326577609404922,6.21156511475185
SUpDEqBary,SUpDEq Barycentric,7,0,30,27.34479831653633,0.0015144464559853077,6.2145885397069272
SUpDEqBary,SUpDEq Barycentric,8,0,45,21.090580470751792,0.0015018255217000842,5.4278533093514767
SUpDEqBary,SUpDEq Barycentric,9,0,60,23.283731818796717,0.0010619510430842638,5.9787354629472418
SUpDEqBary,SUpDEq Barycentric,10,0,75,15.000000120055846,0.0005497062811627984,5.4760362669837823
SUpDEqBary,SUpDEq Barycentric,12,180,75,15.000000120055846,0.0005497062811627984,3.9446450675888101
SUpDEqBary,SUpDEq Barycentric,13,180,60,30.000000445292049,0.0010619510430842638,6.2998551559936793
SUpDEqBary,SUpDEq Barycentric,14,180,45,31.220426124312098,0.0015018255217000842,6.5988567197547896
SUpDEqBary,SUpDEq Barycentric,15,180,30,30.189833851059973,0.0015144464559853077,6.2686713854254066
SUpDEqBary,SUpDEq Barycentric,16,180,20,33.108874982180794,0.0013326577609404922,6.5908219869564215
SUpDEqBary,SUpDEq Barycentric,17,180,10,28.212088559080865,0.0013966393889859319,6.259148115365651
SUpDEqBary,SUpDEq Barycentric,18,180,0,22.268744313392595,0.0014181847218424082,5.5424946850380499
SUpDEqBary,SUpDEq Barycentric,19,180,-10,19.693103693538394,0.0013966393889859319,5.4489515143761516
SUpDEqBary,SUpDEq Barycentric,20,180,-20,21.720796614325359,0.0013326577609404922,6.1658229010738674
SUpDEqBary,SUpDEq Barycentric,21,180,-30,27.34479831653633,0.0015144464559853077,6.5620010328418097
SUpDEqBary,SUpDEq Barycentric,22,180,-45,21.090580470751792,0.00080013019032776356,5.3416406449585727
SUpDEqBary,SUpDEq Barycentric,23,355,-45,15.507477087468549,0.00080013019032776356,5.3974078933940213
SUpDEqBary,SUpDEq Barycentric,24,355,-30,4.3297835269819025,0.0015144464559853077,2.5808028223253006
SUpDEqBary,SUpDEq Barycentric,25,355,-20,10.974801001997228,0.0013326577609404922,5.4938258447671338
SUpDEqBary,SUpDEq Barycentric,26,355,-10,20.536778500153151,0.0013966393889859319,6.503542809296575
SUpDEqBary,SUpDEq Barycentric,27,355,0,17.963859965917774,0.0014181847218424082,6.4673268337455569
SUpDEqBary,SUpDEq Barycentric,28,355,10,14.770835684902895,0.0013966393889859319,5.5074282970204029
SUpDEqBary,SUpDEq Barycentric,29,355,20,17.584023118169156,0.0013326577609404922,6.8944927815654209
SUpDEqBary,SUpDEq Barycentric,30,355,30,24.40718767599158,0.0015144464559853077,6.5213508610543673
SUpDEqBary,SUpDEq Barycentric,31,355,45,17.606966457268481,0.0015018255217000842,5.2414307036423642
SUpDEqBary,SUpDEq Barycentric,32,355,60,21.124322746870448,0.0010619510430842638,5.9243239405290895
SUpDEqBary,SUpDEq Barycentric,33,355,75,15.000000519710634,0.0005497062811627984,5.5281643407614416
SUpDEqBary,SUpDEq Barycentric,34,175,75,15.000000519710634,0.0005497062811627984,4.0174290079364461
SUpDEqBary,SUpDEq Barycentric,35,175,60,30.000000997038136,0.0010619510430842638,6.2454774378453415
SUpDEqBary,SUpDEq Barycentric,36,175,45,27.885566114219476,0.0015018255217000842,6.5465176576513011
SUpDEqBary,SUpDEq Barycentric,37,175,30,25.905078268461338,0.0015144464559853077,5.9002679030351866
SUpDEqBary,SUpDEq Barycentric,38,175,20,28.862630859837058,0.0013326577609404922,6.2581502551438408
SUpDEqBary,SUpDEq Barycentric,39,175,10,24.954120181789488,0.0013966393889859319,6.1098735790666749
SUpDEqBary,SUpDEq Barycentric,40,175,0,17.963859965917774,0.0014181847218424082,6.0929836145698459
SUpDEqBary,SUpDEq Barycentric,41,175,-10,14.770835684902895,0.0013966393889859319,5.0254267113702094
SUpDEqBary,SUpDEq Barycentric,42,175,-20,17.584023118169156,0.0013326577609404922,6.7685117964740558
SUpDEqBary,SUpDEq Barycentric,43,175,-30,24.40718767599158,0.0015144464559853077,7.0182672013178111
SUpDEqBary,SUpDEq Barycentric,44,175,-45,17.606966457268481,0.00080013019032776356,5.1912380248919741
SUpDEqBary,SUpDEq Barycentric,45,350,-45,16.937618201740335,0.00080013019032776356,5.5209304331508289
SUpDEqBary,SUpDEq Barycentric,46,350,-30,8.6574993691915836,0.0015144464559853077,3.7807625476268054
SUpDEqBary,SUpDEq Barycentric,47,350,-20,13.481723172448659,0.0013326577609404922,5.8239710615596829
SUpDEqBary,SUpDEq Barycentric,48,350,-10,22.068454646158248,0.0013966393889859319,5.7896658841648652
SUpDEqBary,SUpDEq Barycentric,49,350,0,14.106043901218957,0.0014181847218424082,5.2647221194782459
SUpDEqBary,SUpDEq Barycentric,50,350,10,9.8476990078007134,0.0013966393889859319,4.1090109231677161
SUpDEqBary,SUpDEq Barycentric,51,350,20,13.892338774103179,0.0013326577609404922,6.7276423459518444
SUpDEqBary,SUpDEq Barycentric,52,350,30,21.721268924650655,0.0015144464559853077,6.8123046204730704
SUpDEqBary,SUpDEq Barycentric,53,350,45,14.106043320415029,0.0015018255217000842,4.6708458374191455
SUpDEqBary,SUpDEq Barycentric,54,350,60,19.160311976351618,0.0010619510430842638,5.6919381592544012
SUpDEqBary,SUpDEq Barycentric,55,350,75,15.000000876882917,0.0005497062811627984,5.4334003455226414
SUpDEqBary,SUpDEq Barycentric,56,170,75,15.000000876882917,0.0005497062811627984,4.0436455441989372
SUpDEqBary,SUpDEq Barycentric,57,170,60,29.999999880144909,0.0010619510430842638,6.2457249099578869
SUpDEqBary,SUpDEq Barycentric,58,170,45,24.694086482247521,0.0015018255217000842,6.3645673495458031
SUpDEqBary,SUpDEq Barycentric,59,170,30,21.607103231533049,0.0015144464559853077,5.3446063746183006
SUpDEqBary,SUpDEq Barycentric,60,170,20,24.692721414933498,0.0013326577609404922,5.821132565597785
SUpDEqBary,SUpDEq Barycentric,61,170,10,22.337905413351134,0.0013966393889859319,6.4637175651986105
SUpDEqBary,SUpDEq Barycentric,62,170,0,14.106043901218957,0.0014181847218424082,6.4453824638983379
SUpDEqBary,SUpDEq Barycentric,63,170,-10,9.8476990078007134,0.0013966393889859319,3.9652535666807109
SUpDEqBary,SUpDEq Barycentric,64,170,-20,13.892338774103179,0.0013326577609404922,6.6543459875479831
SUpDEqBary,SUpDEq Barycentric,65,170,-30,21.721268924650655,0.0015144464559853077,7.826042529084015
SUpDEqBary,SUpDEq Barycentric,66,170,-45,14.106043320415029,0.00080013019032776356,4.8703510886303851
SUpDEqBary,SUpDEq Barycentric,67,345,-45,19.080582938811499,0.00080013019032776356,5.746995044362686
SUpDEqBary,SUpDEq Barycentric,68,345,-30,12.981060183000123,0.0015144464559853077,4.8191210041510324
SUpDEqBary,SUpDEq Barycentric,69,345,-20,16.847753386581868,0.0013326577609404922,6.2047537998400424
SUpDEqBary,SUpDEq Barycentric,70,345,-10,20.609356788468691,0.0013966393889859319,5.9397013531311273
SUpDEqBary,SUpDEq Barycentric,71,345,0,11.168952636407244,0.0014181847218424082,4.4452699821743771
SUpDEqBary,SUpDEq Barycentric,72,345,10,4.923991137574113,0.0013966393889859319,2.4887348836756971
SUpDEqBary,SUpDEq Barycentric,73,345,20,11.101905300103793,0.0013326577609404922,5.8208996976377847
SUpDEqBary,SUpDEq Barycentric,74,345,30,19.080583481669692,0.0015144464559853077,6.7790449366765895
SUpDEqBary,SUpDEq Barycentric,75,345,45,10.591410371458657,0.0015018255217000842,3.7296480037224318
SUpDEqBary,SUpDEq Barycentric,76,345,60,17.469138312232101,0.0010619510430842638,5.326870128211616
SUpDEqBary,SUpDEq Barycentric,77,345,75,15.000000205801689,0.0005497062811627984,5.3841005576146115
SUpDEqBary,SUpDEq Barycentric,78,165,75,15.000000205801689,0.0005497062811627984,4.0030717554991782
SUpDEqBary,SUpDEq Barycentric,79,165,60,30.000000110732287,0.0010619510430842638,6.1757644155110007
SUpDEqBary,SUpDEq Barycentric,80,165,45,21.721268164114861,0.0015018255217000842,6.1458703914506119
SUpDEqBary,SUpDEq Barycentric,81,165,30,17.298330000057948,0.0015144464559853077,4.7025101759686887
SUpDEqBary,SUpDEq Barycentric,82,165,20,20.653636294849793,0.0013326577609404922,5.4765616432600686
SUpDEqBary,SUpDEq Barycentric,83,165,10,20.609356788468691,0.0013966393889859319,6.7802559838710721
SUpDEqBary,SUpDEq Barycentric,84,165,0,11.168952636407244,0.0014181847218424082,6.291612205505885
SUpDEqBary,SUpDEq Barycentric,85,165,-10,4.923991137574113,0.0013966393889859319,2.2574504399692206
SUpDEqBary,SUpDEq Barycentric,86,165,-20,11.101905300103793,0.0013326577609404922,6.0429188978916182
SUpDEqBary,SUpDEq Barycentric,87,165,-30,19.080583481669692,0.0015144464559853077,8.0872026412541747
SUpDEqBary,SUpDEq Barycentric,88,165,-45,10.591410371458657,0.00080013019032776356,4.3435024696908222
SUpDEqBary,SUpDEq Barycentric,89,340,-45,21.721267918499912,0.00080013019032776356,6.0695329788038599
SUpDEqBary,SUpDEq Barycentric,90,340,-30,16.84775355865764,0.0015144464559853077,5.7500683922503368
SUpDEqBary,SUpDEq Barycentric,91,340,-20,14.090652447229385,0.0013326577609404922,6.2855450389375287
SUpDEqBary,SUpDEq Barycentric,92,340,-10,17.584023511028544,0.0013966393889859319,6.1512614484506036
SUpDEqBary,SUpDEq Barycentric,93,340,0,9.9999999527339298,0.0014181847218424082,4.3050901467524278
SUpDEqBary,SUpDEq Barycentric,95,340,20,10.000000035409951,0.0013326577609404922,4.8864270080183898
SUpDEqBary,SUpDEq Barycentric,96,340,30,16.937616033087821,0.0015144464559853077,6.3748392706569597
SUpDEqBary,SUpDEq Barycentric,97,340,45,7.0665741911739026,0.0015018255217000842,2.6270626803513606
SUpDEqBary,SUpDEq Barycentric,98,340,60,16.146339438123881,0.0010619510430842638,4.8517860183248613
SUpDEqBary,SUpDEq Barycentric,99,340,75,15.000000080789578,0.0005497062811627984,5.2098422912557067
SUpDEqBary,SUpDEq Barycentric,100,160,75,15.000000080789578,0.0005497062811627984,3.977884674776814
SUpDEqBary,SUpDEq Barycentric,101,160,60,30.000000435073549,0.0010619510430842638,6.2337110755342273
SUpDEqBary,SUpDEq Barycentric,102,160,45,19.080583620201772,0.0015018255217000842,5.8406891052346257
SUpDEqBary,SUpDEq Barycentric,103,160,30,12.981059482482918,0.0015144464559853077,3.8957214703880569
SUpDEqBary,SUpDEq Barycentric,104,160,20,16.847752641975024,0.0013326577609404922,5.1408841693263705
SUpDEqBary,SUpDEq Barycentric,105,160,10,19.999999905467796,0.0013966393889859319,6.8014475949963646
SUpDEqBary,SUpDEq Barycentric,106,160,0,9.9999999527339298,0.0014181847218424082,5.799295064137711
SUpDEqBary,SUpDEq Barycentric,108,160,-20,10.000000035409951,0.0013326577609404922,5.4308682767471961
SUpDEqBary,SUpDEq Barycentric,109,160,-30,16.937616033087821,0.0015144464559853077,7.6026015043195798
SUpDEqBary,SUpDEq Barycentric,110,160,-45,7.0665741911739026,0.00080013019032776356,3.4662088005752354
SUpDEqBary,SUpDEq Barycentric,111,335,-45,24.694085979776748,0.00080013019032776356,6.0708635003191764
SUpDEqBary,SUpDEq Barycentric,112,335,-30,13.481723060064377,0.0015144464559853077,6.287680681781965
SUpDEqBary,SUpDEq Barycentric,113,335,-20,9.395526819952865,0.0013326577609404922,5.3308898252996944
SUpDEqBary,SUpDEq Barycentric,114,335,-10,13.892339487305048,0.0013966393889859319,5.9303750444493915
SUpDEqBary,SUpDEq Barycentric,115,335,0,11.168952722705445,0.0014181847218424082,4.329762621141211
SUpDEqBary,SUpDEq Barycentric,116,335,10,4.9239914100594815,0.0013966393889859319,2.388517420456425
SUpDEqBary,SUpDEq Barycentric,117,335,20,11.101905984016177,0.0013326577609404922,4.6321510937048735
SUpDEqBary,SUpDEq Barycentric,118,335,30,15.507477597756536,0.0015144464559853077,6.0224251293760895
SUpDEqBary,SUpDEq Barycentric,119,335,45,3.5349723672764939,0.0015018255217000842,1.4688335371152108
SUpDEqBary,SUpDEq Barycentric,120,335,60,15.294998365211272,0.0010619510430842638,4.4642123497642778
SUpDEqBary,SUpDEq Barycentric,121,335,75,15.000000037063414,0.0005497062811627984,4.9946299364112496
SUpDEqBary,SUpDEq Barycentric,122,155,75,15.000000037063414,0.0005497062811627984,3.9306747965091846
SUpDEqBary,SUpDEq Barycentric,123,155,60,30.000001193671139,0.0010619510430842638,6.2287544388012286
SUpDEqBary,SUpDEq Barycentric,124,155,45,16.937618103837618,0.0015018255217000842,5.5895547970159152
SUpDEqBary,SUpDEq Barycentric,125,155,30,8.6574997742182269,0.0015144464559853077,3.0407747884073775
SUpDEqBary,SUpDEq Barycentric,126,155,20,13.481721255281723,0.0013326577609404922,4.9966046417289087
SUpDEqBary,SUpDEq Barycentric,127,155,10,20.60935684332042,0.0013966393889859319,6.6696282419842312
SUpDEqBary,SUpDEq Barycentric,128,155,0,11.168952722705445,0.0014181847218424082,5.5443549300758894
SUpDEqBary,SUpDEq Barycentric,129,155,-10,4.9239914100594815,0.0013966393889859319,2.6668803768355995
SUpDEqBary,SUpDEq Barycentric,130,155,-20,11.101905984016177,0.0013326577609404922,5.5513790367567841
SUpDEqBary,SUpDEq Barycentric,131,155,-30,15.507477597756536,0.0015144464559853077,7.0574941490563612
SUpDEqBary,SUpDEq Barycentric,132,155,-45,3.5349723672764939,0.00080013019032776356,2.2699234289378674
SUpDEqBary,SUpDEq Barycentric,133,330,-45,24.553175192197251,0.00080013019032776356,5.9028452818787374
SUpDEqBary,SUpDEq Barycentric,134,330,-30,10.974800968721977,0.0015144464559853077,6.3705431043645007
SUpDEqBary,SUpDEq Barycentric,135,330,-20,4.6982881143403246,0.0013326577609404922,3.6685221957922112
SUpDEqBary,SUpDEq Barycentric,136,330,-10,11.101905871462817,0.0013966393889859319,5.4529661118619215
SUpDEqBary,SUpDEq Barycentric,137,330,0,14.10604466738504,0.0014181847218424082,5.0112367761361778
SUpDEqBary,SUpDEq Barycentric,138,330,10,9.8476983963493687,0.0013966393889859319,3.6275892353272776
SUpDEqBary,SUpDEq Barycentric,139,330,20,13.892339928739169,0.0013326577609404922,4.6720536040018201
SUpDEqBary,SUpDEq Barycentric,140,330,30,14.999998739050708,0.0015144464559853077,6.5184632305256995
SUpDEqBary,SUpDEq Barycentric,142,330,60,15.000001038303349,0.0010619510430842638,4.2038867812511143
SUpDEqBary,SUpDEq Barycentric,143,330,75,14.999999926042548,0.0005497062811627984,4.8832870880681876
SUpDEqBary,SUpDEq Barycentric,144,150,75,14.999999926042548,0.0005497062811627984,3.9432919297725815
SUpDEqBary,SUpDEq Barycentric,145,150,60,30.000000111323018,0.0010619510430842638,6.2266991378068974
SUpDEqBary,SUpDEq Barycentric,146,150,45,15.507477619497367,0.0015018255217000842,5.4366526107191389
SUpDEqBary,SUpDEq Barycentric,147,150,30,4.3297829047621343,0.0015144464559853077,2.0212954708520332
SUpDEqBary,SUpDEq Barycentric,148,150,20,10.974799216332263,0.0013326577609404922,4.98351924394529
SUpDEqBary,SUpDEq Barycentric,149,150,10,20.536778047345422,0.0013966393889859319,6.900112124084222
SUpDEqBary,SUpDEq Barycentric,150,150,0,14.10604466738504,0.0014181847218424082,6.4629543078521969
SUpDEqBary,SUpDEq Barycentric,151,150,-10,9.8476983963493687,0.0013966393889859319,4.5982400230707414
SUpDEqBary,SUpDEq Barycentric,152,150,-20,13.892339928739169,0.0013326577609404922,6.1058368274162964
SUpDEqBary,SUpDEq Barycentric,153,150,-30,14.999998739050708,0.0015144464559853077,7.7884456931991135
SUpDEqBary,SUpDEq Barycentric,155,325,-45,21.090583039068701,0.00080013019032776356,5.9798363101685688
SUpDEqBary,SUpDEq Barycentric,156,325,-30,9.9999992480583071,0.0015144464559853077,6.0677484438833034
SUpDEqBary,SUpDEq Barycentric,158,325,-10,10.000000442464293,0.0013966393889859319,5.5615660391876363
SUpDEqBary,SUpDEq Barycentric,159,325,0,17.963860447378917,0.0014181847218424082,6.0155815050816992
SUpDEqBary,SUpDEq Barycentric,160,325,10,14.770837930353938,0.0013966393889859319,4.6580207673395773
SUpDEqBary,SUpDEq Barycentric,161,325,20,17.584023511028544,0.0013326577609404922,4.8085795925073809
SUpDEqBary,SUpDEq Barycentric,162,325,30,15.507477619497367,0.0015144464559853077,6.9250504564050637
SUpDEqBary,SUpDEq Barycentric,163,325,45,3.5349726093893015,0.0015018255217000842,1.3373562407049386
SUpDEqBary,SUpDEq Barycentric,164,325,60,15.294998948342053,0.0010619510430842638,4.3476103730221292
SUpDEqBary,SUpDEq Barycentric,165,325,75,15.000000513611642,0.0005497062811627984,5.0285712894460337
SUpDEqBary,SUpDEq Barycentric,166,145,75,15.000000513611642,0.0005497062811627984,3.9358376904919821
SUpDEqBary,SUpDEq Barycentric,167,145,60,29.999999338596972,0.0010619510430842638,6.0983893167293362
SUpDEqBary,SUpDEq Barycentric,168,145,45,14.999999418095857,0.0015018255217000842,5.4393430350815901
SUpDEqBary,SUpDEq Barycentric,170,145,20,9.9999992480583071,0.0013326577609404922,5.2413790536530183
SUpDEqBary,SUpDEq Barycentric,171,145,10,19.999999690522536,0.0013966393889859319,7.2749070761339478
SUpDEqBary,SUpDEq Barycentric,172,145,0,17.963860447378917,0.0014181847218424082,7.061491128463941
SUpDEqBary,SUpDEq Barycentric,173,145,-10,14.770837930353938,0.0013966393889859319,5.7201497028372748
SUpDEqBary,SUpDEq Barycentric,174,145,-20,17.584023511028544,0.0013326577609404922,6.1989674821395377
SUpDEqBary,SUpDEq Barycentric,175,145,-30,15.507477619497367,0.0015144464559853077,7.5477163394136406
SUpDEqBary,SUpDEq Barycentric,176,145,-45,3.5349726093893015,0.00080013019032776356,2.8138359285525421
SUpDEqBary,SUpDEq Barycentric,177,320,-45,17.606967058132422,0.00080013019032776356,5.7728384437713025
SUpDEqBary,SUpDEq Barycentric,178,320,-30,10.974800783883671,0.0015144464559853077,5.8024193936174377
SUpDEqBary,SUpDEq Barycentric,179,320,-20,4.6982895983919564,0.0013326577609404922,3.3625191676270094
SUpDEqBary,SUpDEq Barycentric,180,320,-10,11.101905566123458,0.0013966393889859319,5.6504789799143031
SUpDEqBary,SUpDEq Barycentric,181,320,0,20.590672409097611,0.0014181847218424082,6.6273580865116637
SUpDEqBary,SUpDEq Barycentric,182,320,10,19.693105071764794,0.0013966393889859319,5.4773396783492467
SUpDEqBary,SUpDEq Barycentric,183,320,20,18.782569533125056,0.0013326577609404922,5.0051919838002918
SUpDEqBary,SUpDEq Barycentric,184,320,30,16.937618856363812,0.0015144464559853077,6.7538643394019342
SUpDEqBary,SUpDEq Barycentric,185,320,45,7.0665759174006428,0.0015018255217000842,2.2626450269199427
SUpDEqBary,SUpDEq Barycentric,186,320,60,16.146340174030033,0.0010619510430842638,4.574778285406107
SUpDEqBary,SUpDEq Barycentric,187,320,75,15.000000045981704,0.0005497062811627984,5.1047655941160439
SUpDEqBary,SUpDEq Barycentric,188,140,75,15.000000045981704,0.0005497062811627984,3.9835941027152342
SUpDEqBary,SUpDEq Barycentric,189,140,60,30.000000754713284,0.0010619510430842638,6.466819590910422
SUpDEqBary,SUpDEq Barycentric,190,140,45,15.507478746963535,0.0015018255217000842,5.6136021376703331
SUpDEqBary,SUpDEq Barycentric,191,140,30,4.3297856282053244,0.0015144464559853077,2.7679465018170428
SUpDEqBary,SUpDEq Barycentric,192,140,20,10.974801461651374,0.0013326577609404922,5.6454294234158038
SUpDEqBary,SUpDEq Barycentric,193,140,10,20.536778438540473,0.0013966393889859319,7.6163054891903377
SUpDEqBary,SUpDEq Barycentric,194,140,0,22.268745808076812,0.0014181847218424082,7.4862993180899897
SUpDEqBary,SUpDEq Barycentric,195,140,-10,19.693105071764794,0.0013966393889859319,6.2777915099692168
SUpDEqBary,SUpDEq Barycentric,196,140,-20,18.782569533125056,0.0013326577609404922,5.6289869334434028
SUpDEqBary,SUpDEq Barycentric,197,140,-30,16.937618856363812,0.0015144464559853077,6.881759159946844
SUpDEqBary,SUpDEq Barycentric,198,140,-45,7.0665759174006428,0.00080013019032776356,4.3639590474251548
SUpDEqBary,SUpDEq Barycentric,199,315,-45,14.106044843106213,0.00080013019032776356,5.6639271916937721
SUpDEqBary,SUpDEq Barycentric,200,315,-30,13.481722024217131,0.0015144464559853077,5.9059634614292413
SUpDEqBary,SUpDEq Barycentric,201,315,-20,9.3955270425035575,0.0013326577609404922,4.3878886123598768
SUpDEqBary,SUpDEq Barycentric,202,315,-10,13.892338468968779,0.0013966393889859319,5.9610242700911646
SUpDEqBary,SUpDEq Barycentric,203,315,0,22.268744826474858,0.0014181847218424082,6.5808891062135135
SUpDEqBary,SUpDEq Barycentric,204,315,10,17.584022658769534,0.0013966393889859319,5.859277661124346
SUpDEqBary,SUpDEq Barycentric,205,315,20,14.090651603071073,0.0013326577609404922,4.8556646378692623
SUpDEqBary,SUpDEq Barycentric,206,315,30,16.847751846686993,0.0015144464559853077,6.3326284828361707
SUpDEqBary,SUpDEq Barycentric,207,315,45,10.591412221441374,0.0015018255217000842,3.1138064711158879
SUpDEqBary,SUpDEq Barycentric,208,315,60,17.469139229498978,0.0010619510430842638,4.8679089027452154
SUpDEqBary,SUpDEq Barycentric,209,315,75,15.000000759196658,0.0005497062811627984,5.2141869706188242
SUpDEqBary,SUpDEq Barycentric,210,135,75,15.000000759196658,0.0005497062811627984,3.995807875902111
SUpDEqBary,SUpDEq Barycentric,211,135,60,27.967953256853754,0.0010619510430842638,6.7574494424426295
SUpDEqBary,SUpDEq Barycentric,212,135,45,16.937618541531808,0.0015018255217000842,5.7171489516494987
SUpDEqBary,SUpDEq Barycentric,213,135,30,8.6575008924471586,0.0015144464559853077,4.4766265448389149
SUpDEqBary,SUpDEq Barycentric,214,135,20,13.481723581082752,0.0013326577609404922,6.3207995450711989
SUpDEqBary,SUpDEq Barycentric,215,135,10,22.068454074222679,0.0013966393889859319,7.6543139312743413
SUpDEqBary,SUpDEq Barycentric,216,135,0,24.814217316458059,0.0014181847218424082,7.6220484441668654
SUpDEqBary,SUpDEq Barycentric,217,135,-10,17.584022658769534,0.0013966393889859319,6.3658033682627373
SUpDEqBary,SUpDEq Barycentric,218,135,-20,14.090651603071073,0.0013326577609404922,4.92377661938092
SUpDEqBary,SUpDEq Barycentric,219,135,-30,16.847751846686993,0.0015144464559853077,6.1949604992303113
SUpDEqBary,SUpDEq Barycentric,220,135,-45,10.591412221441374,0.00080013019032776356,5.4692570118569019
SUpDEqBary,SUpDEq Barycentric,221,310,-45,10.591412169898064,0.00080013019032776356,5.339359327040615
SUpDEqBary,SUpDEq Barycentric,222,310,-30,16.847751615755694,0.0015144464559853077,6.4065816051609179
SUpDEqBary,SUpDEq Barycentric,223,310,-20,14.090650791577101,0.0013326577609404922,5.2062121383382083
SUpDEqBary,SUpDEq Barycentric,224,310,-10,17.584022183303819,0.0013966393889859319,6.2163460294733763
SUpDEqBary,SUpDEq Barycentric,225,310,0,22.26874569765862,0.0014181847218424082,6.555081447527642
SUpDEqBary,SUpDEq Barycentric,226,310,10,13.892339559573843,0.0013966393889859319,5.5729732223891206
SUpDEqBary,SUpDEq Barycentric,227,310,20,9.3955278474439847,0.0013326577609404922,4.2188458364201784
SUpDEqBary,SUpDEq Barycentric,228,310,30,13.481722693495358,0.0015144464559853077,5.7663280296343036
SUpDEqBary,SUpDEq Barycentric,229,310,45,14.106044861351487,0.0015018255217000842,3.9345429440673403
SUpDEqBary,SUpDEq Barycentric,230,310,60,19.160311981928583,0.0010619510430842638,5.1260771198333597
SUpDEqBary,SUpDEq Barycentric,231,310,75,15.000000045981704,0.0005497062811627984,5.282732784569526
SUpDEqBary,SUpDEq Barycentric,232,130,75,15.000000045981704,0.0005497062811627984,4.138223688424123
SUpDEqBary,SUpDEq Barycentric,233,130,60,25.579586991885623,0.0010619510430842638,6.7437954029404956
SUpDEqBary,SUpDEq Barycentric,234,130,45,19.080584438556169,0.0015018255217000842,5.6004159812563232
SUpDEqBary,SUpDEq Barycentric,235,130,30,12.981060122360738,0.0015144464559853077,5.6929077971086635
SUpDEqBary,SUpDEq Barycentric,236,130,20,16.847752970154431,0.0013326577609404922,6.6170372228413807
SUpDEqBary,SUpDEq Barycentric,237,130,10,24.407187574190903,0.0013966393889859319,7.9773248918703565
SUpDEqBary,SUpDEq Barycentric,238,130,0,22.26874569765862,0.0014181847218424082,7.2297734731223642
SUpDEqBary,SUpDEq Barycentric,239,130,-10,13.892339559573843,0.0013966393889859319,6.3227755477330421
SUpDEqBary,SUpDEq Barycentric,240,130,-20,9.3955278474439847,0.0013326577609404922,4.1336904877263727
SUpDEqBary,SUpDEq Barycentric,241,130,-30,13.481722693495358,0.0015144464559853077,5.4852632296790622
SUpDEqBary,SUpDEq Barycentric,242,130,-45,14.106044861351487,0.00080013019032776356,6.2326861852562141
SUpDEqBary,SUpDEq Barycentric,243,305,-45,7.0665737578836278,0.00080013019032776356,4.8659850286808011
SUpDEqBary,SUpDEq Barycentric,244,305,-30,16.937618103837618,0.0015144464559853077,6.7470436562575919
SUpDEqBary,SUpDEq Barycentric,245,305,-20,18.782571022300161,0.0013326577609404922,6.004263098696466
SUpDEqBary,SUpDEq Barycentric,246,305,-10,21.720794676281667,0.0013966393889859319,6.4970428725204181
SUpDEqBary,SUpDEq Barycentric,247,305,0,20.590672601212329,0.0014181847218424082,6.8591849955116828
SUpDEqBary,SUpDEq Barycentric,248,305,10,11.101906097405333,0.0013966393889859319,5.2887477462158294
SUpDEqBary,SUpDEq Barycentric,249,305,20,4.6982881143403246,0.0013326577609404922,2.978694998791565
SUpDEqBary,SUpDEq Barycentric,250,305,30,10.974799216332263,0.0015144464559853077,5.3986495082842358
SUpDEqBary,SUpDEq Barycentric,251,305,45,17.606969385403353,0.0015018255217000842,4.7560026056838716
SUpDEqBary,SUpDEq Barycentric,252,305,60,21.124323795477249,0.0010619510430842638,5.4818001435995942
SUpDEqBary,SUpDEq Barycentric,253,305,75,15.000000513611642,0.0005497062811627984,5.367008826852822
SUpDEqBary,SUpDEq Barycentric,254,125,75,15.000000513611642,0.0005497062811627984,4.2709623081562773
SUpDEqBary,SUpDEq Barycentric,255,125,60,23.283732169116558,0.0010619510430842638,6.5573881734231012
SUpDEqBary,SUpDEq Barycentric,256,125,45,21.090580421606788,0.0015018255217000842,5.3266706235721033
SUpDEqBary,SUpDEq Barycentric,257,125,30,17.298331880789124,0.0015144464559853077,6.2866731758288008
SUpDEqBary,SUpDEq Barycentric,258,125,20,20.653637823309932,0.0013326577609404922,6.263825066452438
SUpDEqBary,SUpDEq Barycentric,259,125,10,19.693105582230331,0.0013966393889859319,7.7827415146283565
SUpDEqBary,SUpDEq Barycentric,260,125,0,20.590672601212329,0.0014181847218424082,7.5328273492731173
SUpDEqBary,SUpDEq Barycentric,261,125,-10,11.101906097405333,0.0013966393889859319,6.0539788039427513
SUpDEqBary,SUpDEq Barycentric,262,125,-20,4.6982881143403246,0.0013326577609404922,3.2678193886338076
SUpDEqBary,SUpDEq Barycentric,263,125,-30,10.974799216332263,0.0015144464559853077,5.4085499964699491
SUpDEqBary,SUpDEq Barycentric,264,125,-45,17.606969385403353,0.00080013019032776356,6.6206579995889117
SUpDEqBary,SUpDEq Barycentric,265,300,-45,3.5349723672764939,0.00080013019032776356,3.5746698127824588
SUpDEqBary,SUpDEq Barycentric,266,300,-30,15.507477882749432,0.0015144464559853077,6.9495091052947773
SUpDEqBary,SUpDEq Barycentric,267,300,-20,21.720797258522222,0.0013326577609404922,6.6203309397708576
SUpDEqBary,SUpDEq Barycentric,268,300,-10,19.693102264372424,0.0013966393889859319,6.4921687919492168
SUpDEqBary,SUpDEq Barycentric,269,300,0,20.000001081696542,0.0014181847218424082,7.0420945718969001
SUpDEqBary,SUpDEq Barycentric,270,300,10,10.000001188003743,0.0013966393889859319,5.3475713514008749
SUpDEqBary,SUpDEq Barycentric,272,300,30,9.999999029626526,0.0015144464559853077,5.2043413853526603
SUpDEqBary,SUpDEq Barycentric,273,300,45,21.09058345153683,0.0015018255217000842,5.4491872180947087
SUpDEqBary,SUpDEq Barycentric,274,300,60,23.283732956340483,0.0010619510430842638,5.7678047573761244
SUpDEqBary,SUpDEq Barycentric,275,300,75,14.999999926042548,0.0005497062811627984,5.4426761925785323
SUpDEqBary,SUpDEq Barycentric,276,120,75,14.999999926042548,0.0005497062811627984,4.3858927266521697
SUpDEqBary,SUpDEq Barycentric,277,120,60,21.124323816652065,0.0010619510430842638,6.2696335016839546
SUpDEqBary,SUpDEq Barycentric,278,120,45,17.606966457268481,0.0015018255217000842,5.0379660122507186
SUpDEqBary,SUpDEq Barycentric,279,120,30,21.607104488938131,0.0015144464559853077,6.4133194962898248
SUpDEqBary,SUpDEq Barycentric,280,120,20,17.584023920930079,0.0013326577609404922,5.7927863731055718
SUpDEqBary,SUpDEq Barycentric,281,120,10,14.770834162524009,0.0013966393889859319,6.7694643764912543
SUpDEqBary,SUpDEq Barycentric,282,120,0,17.963860119699778,0.0014181847218424082,7.2096638022756849
SUpDEqBary,SUpDEq Barycentric,283,120,-10,10.000001188003743,0.0013966393889859319,6.0096316173439215
SUpDEqBary,SUpDEq Barycentric,285,120,-30,9.999999029626526,0.0015144464559853077,5.4840503621198042
SUpDEqBary,SUpDEq Barycentric,286,120,-45,21.09058345153683,0.00080013019032776356,6.8775106249731977
SUpDEqBary,SUpDEq Barycentric,288,295,-30,14.999999968681948,0.0015144464559853077,6.9559069749790812
SUpDEqBary,SUpDEq Barycentric,289,295,-20,17.584023688118002,0.0013326577609404922,6.837179447875636
SUpDEqBary,SUpDEq Barycentric,290,295,-10,14.7708350451899,0.0013966393889859319,6.1721264647743483
SUpDEqBary,SUpDEq Barycentric,291,295,0,17.963859654834859,0.0014181847218424082,6.9853673068520585
SUpDEqBary,SUpDEq Barycentric,292,295,10,11.101906323216596,0.0013966393889859319,5.5540826127654022
SUpDEqBary,SUpDEq Barycentric,293,295,20,4.6982885557778449,0.0013326577609404922,3.1172866024273094
SUpDEqBary,SUpDEq Barycentric,294,295,30,10.974800180129701,0.0015144464559853077,5.3352891980125268
SUpDEqBary,SUpDEq Barycentric,295,295,45,21.09058089744196,0.0015018255217000842,5.6696170922226736
SUpDEqBary,SUpDEq Barycentric,296,295,60,23.283731703845064,0.0010619510430842638,5.9145714994243663
SUpDEqBary,SUpDEq Barycentric,297,295,75,15.000000037063414,0.0005497062811627984,5.4249650030711578
SUpDEqBary,SUpDEq Barycentric,298,115,75,15.000000037063414,0.0005497062811627984,4.4302673332652125
SUpDEqBary,SUpDEq Barycentric,299,115,60,19.1603114048904,0.0010619510430842638,5.89411173769399
SUpDEqBary,SUpDEq Barycentric,300,115,45,14.106044049359161,0.0015018255217000842,4.5676674953247387
SUpDEqBary,SUpDEq Barycentric,301,115,30,21.721268937441273,0.0015144464559853077,6.530420729043005
SUpDEqBary,SUpDEq Barycentric,302,115,20,13.892339676756846,0.0013326577609404922,5.7005000504917538
SUpDEqBary,SUpDEq Barycentric,303,115,10,9.8476988264340477,0.0013966393889859319,5.6200518436174249
SUpDEqBary,SUpDEq Barycentric,304,115,0,14.106043681994763,0.0014181847218424082,6.6061111569218784
SUpDEqBary,SUpDEq Barycentric,305,115,-10,11.101906323216596,0.0013966393889859319,6.1145907015444205
SUpDEqBary,SUpDEq Barycentric,306,115,-20,4.6982885557778449,0.0013326577609404922,3.7107073388044323
SUpDEqBary,SUpDEq Barycentric,307,115,-30,10.974800180129701,0.0015144464559853077,5.8101798088366232
SUpDEqBary,SUpDEq Barycentric,308,115,-45,24.553175192197251,0.00080013019032776356,6.9453461951300026
SUpDEqBary,SUpDEq Barycentric,309,290,-45,3.5349729711425013,0.00080013019032776356,3.3883226918277463
SUpDEqBary,SUpDEq Barycentric,310,290,-30,15.507476946310584,0.0015144464559853077,6.7017902509539145
SUpDEqBary,SUpDEq Barycentric,311,290,-20,13.892338343524369,0.0013326577609404922,6.9007894030343628
SUpDEqBary,SUpDEq Barycentric,312,290,-10,9.8476990078007134,0.0013966393889859319,5.3836441452826991
SUpDEqBary,SUpDEq Barycentric,313,290,0,14.106044537805667,0.0014181847218424082,6.64776126184959
SUpDEqBary,SUpDEq Barycentric,314,290,10,13.892339928739169,0.0013966393889859319,6.040802645718216
SUpDEqBary,SUpDEq Barycentric,315,290,20,9.3955278431111164,0.0013326577609404922,4.3275068340338585
SUpDEqBary,SUpDEq Barycentric,316,290,30,13.481723153110721,0.0015144464559853077,5.5437855216124969
SUpDEqBary,SUpDEq Barycentric,317,290,45,17.606966632428144,0.0015018255217000842,5.5642195071151583
SUpDEqBary,SUpDEq Barycentric,318,290,60,21.124323628857301,0.0010619510430842638,5.9576600801932615
SUpDEqBary,SUpDEq Barycentric,319,290,75,15.000000080789578,0.0005497062811627984,5.2746210084787428
SUpDEqBary,SUpDEq Barycentric,320,110,75,15.000000080789578,0.0005497062811627984,4.5420015601830181
SUpDEqBary,SUpDEq Barycentric,321,110,60,17.469138507459274,0.0010619510430842638,5.5947820274265423
SUpDEqBary,SUpDEq Barycentric,322,110,45,10.591410810340577,0.0015018255217000842,4.0367089468584458
SUpDEqBary,SUpDEq Barycentric,323,110,30,19.080583258701811,0.0015144464559853077,6.6388138115901691
SUpDEqBary,SUpDEq Barycentric,324,110,20,11.101904792308432,0.0013326577609404922,5.5535803850965246
SUpDEqBary,SUpDEq Barycentric,325,110,10,4.923991137574113,0.0013966393889859319,4.4968631897143103
SUpDEqBary,SUpDEq Barycentric,326,110,0,11.168952764252944,0.0014181847218424082,5.8696485801627025
SUpDEqBary,SUpDEq Barycentric,327,110,-10,13.892339928739169,0.0013966393889859319,6.7940482493675516
SUpDEqBary,SUpDEq Barycentric,328,110,-20,9.3955278431111164,0.0013326577609404922,4.9603478441636568
SUpDEqBary,SUpDEq Barycentric,329,110,-30,13.481723153110721,0.0015144464559853077,5.975743923812459
SUpDEqBary,SUpDEq Barycentric,330,110,-45,26.335321932194201,0.00080013019032776356,6.9586056789565367
SUpDEqBary,SUpDEq Barycentric,331,285,-45,7.066573973819299,0.00080013019032776356,4.8744246911641858
SUpDEqBary,SUpDEq Barycentric,332,285,-30,16.937618364774703,0.0015144464559853077,6.8138069370352374
SUpDEqBary,SUpDEq Barycentric,333,285,-20,11.101905237270087,0.0013326577609404922,7.025052454488212
SUpDEqBary,SUpDEq Barycentric,334,285,-10,4.923991597886185,0.0013966393889859319,4.3603903945696283
SUpDEqBary,SUpDEq Barycentric,335,285,0,11.168952776943851,0.0014181847218424082,6.2069123519995744
SUpDEqBary,SUpDEq Barycentric,336,285,10,17.584023920930079,0.0013966393889859319,6.4555002014705458
SUpDEqBary,SUpDEq Barycentric,337,285,20,14.090652882944042,0.0013326577609404922,5.4790809826264146
SUpDEqBary,SUpDEq Barycentric,338,285,30,16.847753664559015,0.0015144464559853077,6.2989333294469425
SUpDEqBary,SUpDEq Barycentric,339,285,45,14.106044534968714,0.0015018255217000842,5.2687083381775004
SUpDEqBary,SUpDEq Barycentric,340,285,60,19.16031220270019,0.0010619510430842638,5.8924504437270775
SUpDEqBary,SUpDEq Barycentric,341,285,75,15.000000205801689,0.0005497062811627984,5.1093089896560757
SUpDEqBary,SUpDEq Barycentric,342,105,75,15.000000205801689,0.0005497062811627984,4.6703569257372726
SUpDEqBary,SUpDEq Barycentric,343,105,60,16.146339982767262,0.0010619510430842638,5.2695803904873424
SUpDEqBary,SUpDEq Barycentric,344,105,45,7.0665746820713302,0.0015018255217000842,3.5125604857441561
SUpDEqBary,SUpDEq Barycentric,345,105,30,16.937617826182553,0.0015144464559853077,6.6789596303621606
SUpDEqBary,SUpDEq Barycentric,346,105,20,10.000001042231721,0.0013326577609404922,5.9292792713190128
SUpDEqBary,SUpDEq Barycentric,348,105,0,9.9999997713238429,0.0014181847218424082,6.1513777869928417
SUpDEqBary,SUpDEq Barycentric,349,105,-10,17.584023920930079,0.0013966393889859319,7.0587095251024552
SUpDEqBary,SUpDEq Barycentric,350,105,-20,14.090652882944042,0.0013326577609404922,5.8663184402465509
SUpDEqBary,SUpDEq Barycentric,351,105,-30,16.847753664559015,0.0015144464559853077,6.26167633058457
SUpDEqBary,SUpDEq Barycentric,352,105,-45,27.912101967116733,0.00080013019032776356,6.9255043770948417
SUpDEqBary,SUpDEq Barycentric,353,280,-45,10.591410568697148,0.00080013019032776356,5.8206748946084597
SUpDEqBary,SUpDEq Barycentric,354,280,-30,19.080584560230658,0.0015144464559853077,7.0837980939516179
SUpDEqBary,SUpDEq Barycentric,355,280,-20,10.000000312474459,0.0013326577609404922,6.9001639594324731
SUpDEqBary,SUpDEq Barycentric,357,280,0,10.000000063334213,0.0014181847218424082,6.6598636348568991
SUpDEqBary,SUpDEq Barycentric,358,280,10,20.000000126668425,0.0013966393889859319,6.6345153016095022
SUpDEqBary,SUpDEq Barycentric,359,280,20,18.782572356704865,0.0013326577609404922,6.3363178587613564
SUpDEqBary,SUpDEq Barycentric,360,280,30,19.080583769633087,0.0015144464559853077,6.8903999076380522
SUpDEqBary,SUpDEq Barycentric,361,280,45,10.591411252424974,0.0015018255217000842,4.7203544746940338
SUpDEqBary,SUpDEq Barycentric,362,280,60,17.46913876234531,0.0010619510430842638,5.6593506674665184
SUpDEqBary,SUpDEq Barycentric,363,280,75,15.000000876882917,0.0005497062811627984,4.9134800206777962
SUpDEqBary,SUpDEq Barycentric,364,100,75,15.000000876882917,0.0005497062811627984,4.7567074497584141
SUpDEqBary,SUpDEq Barycentric,365,100,60,15.294999564249215,0.0010619510430842638,4.9749610085578748
SUpDEqBary,SUpDEq Barycentric,366,100,45,3.5349730246201427,0.0015018255217000842,2.5914958597464084
SUpDEqBary,SUpDEq Barycentric,367,100,30,15.507478063998745,0.0015144464559853077,6.5258569823583823
SUpDEqBary,SUpDEq Barycentric,368,100,20,11.101905383875703,0.0013326577609404922,6.5378865245501538
SUpDEqBary,SUpDEq Barycentric,369,100,10,4.923991597886185,0.0013966393889859319,4.7366975574920511
SUpDEqBary,SUpDEq Barycentric,370,100,0,11.168952618752609,0.0014181847218424082,6.9031595509204147
SUpDEqBary,SUpDEq Barycentric,371,100,-10,19.693104520766859,0.0013966393889859319,7.1283518202326066
SUpDEqBary,SUpDEq Barycentric,372,100,-20,18.782572356704865,0.0013326577609404922,6.6044393373146022
SUpDEqBary,SUpDEq Barycentric,373,100,-30,20.653638018260867,0.0015144464559853077,6.8443616937814715
SUpDEqBary,SUpDEq Barycentric,374,100,-45,24.553173207647458,0.00080013019032776356,6.7826190968444138
SUpDEqBary,SUpDEq Barycentric,375,275,-45,14.106044049359161,0.00080013019032776356,6.3472039172386818
SUpDEqBary,SUpDEq Barycentric,376,275,-30,20.53677829030493,0.0015144464559853077,6.9499503261512503
SUpDEqBary,SUpDEq Barycentric,377,275,-20,11.101905198345321,0.0013326577609404922,7.0797871155539269
SUpDEqBary,SUpDEq Barycentric,378,275,-10,4.9239920503845713,0.0013966393889859319,4.6698249222881918
SUpDEqBary,SUpDEq Barycentric,379,275,0,11.16895302052127,0.0014181847218424082,6.879813996533267
SUpDEqBary,SUpDEq Barycentric,380,275,10,19.69310407722487,0.0013966393889859319,6.8747982793506681
SUpDEqBary,SUpDEq Barycentric,381,275,20,21.720796852149238,0.0013326577609404922,7.2127885645584078
SUpDEqBary,SUpDEq Barycentric,382,275,30,16.937617453527647,0.0015144464559853077,7.38357348714512
SUpDEqBary,SUpDEq Barycentric,383,275,45,7.0665743376950143,0.0015018255217000842,3.8257731370379093
SUpDEqBary,SUpDEq Barycentric,384,275,60,16.146339106920092,0.0010619510430842638,5.2874056742581397
SUpDEqBary,SUpDEq Barycentric,385,275,75,15.000000519710634,0.0005497062811627984,4.6653110739790566
SUpDEqBary,SUpDEq Barycentric,386,95,75,15.000000519710634,0.0005497062811627984,4.8532460695642321
SUpDEqBary,SUpDEq Barycentric,387,95,60,14.999999903155175,0.0010619510430842638,4.8438506851163092
SUpDEqBary,SUpDEq Barycentric,389,95,30,14.999998860864325,0.0015144464559853077,7.2234579746611134
SUpDEqBary,SUpDEq Barycentric,390,95,20,13.892339311357045,0.0013326577609404922,7.2732239293106318
SUpDEqBary,SUpDEq Barycentric,391,95,10,9.8476999267451841,0.0013966393889859319,5.954493741212838
SUpDEqBary,SUpDEq Barycentric,392,95,0,14.106044325762864,0.0014181847218424082,7.1799885792208382
SUpDEqBary,SUpDEq Barycentric,393,95,-10,14.770835961042275,0.0013966393889859319,6.9366744156463112
SUpDEqBary,SUpDEq Barycentric,394,95,-20,17.584023136331574,0.0013326577609404922,6.7899073463707884
SUpDEqBary,SUpDEq Barycentric,395,95,-30,24.40718811313571,0.0015144464559853077,7.0867557611093481
SUpDEqBary,SUpDEq Barycentric,396,95,-45,21.09058089744196,0.00080013019032776356,6.6671922588416948
SUpDEqBary,SUpDEq Barycentric,397,270,-45,17.606966600082263,0.00080013019032776356,6.5948333654919793
SUpDEqBary,SUpDEq Barycentric,398,270,-30,22.068454646158248,0.0015144464559853077,6.9374958752266194
SUpDEqBary,SUpDEq Barycentric,399,270,-20,13.892339141059953,0.0013326577609404922,7.1613904950618039
SUpDEqBary,SUpDEq Barycentric,400,270,-10,9.8476998269605698,0.0013966393889859319,5.9886076717888388
SUpDEqBary,SUpDEq Barycentric,401,270,0,14.106044534885925,0.0014181847218424082,8.2499338003869056
SUpDEqBary,SUpDEq Barycentric,402,270,10,14.770836052664333,0.0013966393889859319,6.9545988698386676
SUpDEqBary,SUpDEq Barycentric,403,270,20,17.584023579682643,0.0013326577609404922,7.591249581082911
SUpDEqBary,SUpDEq Barycentric,404,270,30,15.507477087468549,0.0015144464559853077,7.5341618033627187
SUpDEqBary,SUpDEq Barycentric,405,270,45,3.5349727355105256,0.0015018255217000842,2.6021715102546081
SUpDEqBary,SUpDEq Barycentric,406,270,60,15.294998954736444,0.0010619510430842638,5.0223238159975176
SUpDEqBary,SUpDEq Barycentric,407,270,75,15.000000120055846,0.0005497062811627984,4.4246273222360335
SUpDEqBary,SUpDEq Barycentric,408,90,75,15.000000120055846,0.0005497062811627984,5.0055417677969896
SUpDEqBary,SUpDEq Barycentric,409,90,60,15.294998954736444,0.0010619510430842638,5.3974119077888281
SUpDEqBary,SUpDEq Barycentric,410,90,45,3.5349727355105256,0.0015018255217000842,2.703602165479428
SUpDEqBary,SUpDEq Barycentric,411,90,30,15.507477087468549,0.0015144464559853077,7.5430373782102329
SUpDEqBary,SUpDEq Barycentric,412,90,20,17.584023579682643,0.0013326577609404922,7.3879544592216515
SUpDEqBary,SUpDEq Barycentric,413,90,10,14.770836052664333,0.0013966393889859319,7.0038785443070282
SUpDEqBary,SUpDEq Barycentric,414,90,0,14.106044534885925,0.0014181847218424082,8.135303144911914
SUpDEqBary,SUpDEq Barycentric,415,90,-10,9.8476998269605698,0.0013966393889859319,5.8308131190970265
SUpDEqBary,SUpDEq Barycentric,416,90,-20,13.892339141059953,0.0013326577609404922,6.7937986177061562
SUpDEqBary,SUpDEq Barycentric,417,90,-30,22.068454646158248,0.0015144464559853077,7.331563082729863
SUpDEqBary,SUpDEq Barycentric,418,90,-45,17.606966600082263,0.00080013019032776356,6.4397018255386911
SUpDEqBary,SUpDEq Barycentric,419,265,-45,21.09058089744196,0.00080013019032776356,6.9564939626121429
SUpDEqBary,SUpDEq Barycentric,420,265,-30,24.40718811313571,0.0015144464559853077,6.8219908248440619
SUpDEqBary,SUpDEq Barycentric,421,265,-20,17.584023136331574,0.0013326577609404922,7.0400474035000631
SUpDEqBary,SUpDEq Barycentric,422,265,-10,14.770835961042275,0.0013966393889859319,6.997373052374658
SUpDEqBary,SUpDEq Barycentric,423,265,0,14.106044325762864,0.0014181847218424082,7.1353161235084004
SUpDEqBary,SUpDEq Barycentric,424,265,10,9.8476999267451841,0.0013966393889859319,6.0131837395422556
SUpDEqBary,SUpDEq Barycentric,425,265,20,13.892339311357045,0.0013326577609404922,7.4206796004278024
SUpDEqBary,SUpDEq Barycentric,426,265,30,14.999998860864325,0.0015144464559853077,7.4998569126454138
SUpDEqBary,SUpDEq Barycentric,428,265,60,14.999999903155175,0.0010619510430842638,4.7667084974384544
SUpDEqBary,SUpDEq Barycentric,429,265,75,15.000000519710634,0.0005497062811627984,4.220471228158079
SUpDEqBary,SUpDEq Barycentric,430,85,75,15.000000519710634,0.0005497062811627984,5.2441908649668232
SUpDEqBary,SUpDEq Barycentric,431,85,60,16.146339106920092,0.0010619510430842638,5.9403070258020003
SUpDEqBary,SUpDEq Barycentric,432,85,45,7.0665743376950143,0.0015018255217000842,3.9275245540630674
SUpDEqBary,SUpDEq Barycentric,433,85,30,16.937617453527647,0.0015144464559853077,7.3023855307270518
SUpDEqBary,SUpDEq Barycentric,434,85,20,21.720796852149238,0.0013326577609404922,6.9466243689357956
SUpDEqBary,SUpDEq Barycentric,435,85,10,19.69310407722487,0.0013966393889859319,6.9929856591336179
SUpDEqBary,SUpDEq Barycentric,436,85,0,11.16895302052127,0.0014181847218424082,7.2045207001921883
SUpDEqBary,SUpDEq Barycentric,437,85,-10,4.9239920503845713,0.0013966393889859319,4.4454120986763268
SUpDEqBary,SUpDEq Barycentric,438,85,-20,11.101905198345321,0.0013326577609404922,6.4960116346181858
SUpDEqBary,SUpDEq Barycentric,439,85,-30,20.53677829030493,0.0015144464559853077,7.5394471241621748
SUpDEqBary,SUpDEq Barycentric,440,85,-45,14.106044049359161,0.00080013019032776356,6.1051819986650395
SUpDEqBary,SUpDEq Barycentric,441,260,-45,24.553173207647458,0.00080013019032776356,7.1954948583974021
SUpDEqBary,SUpDEq Barycentric,442,260,-30,20.653638018260867,0.0015144464559853077,6.6049854921939044
SUpDEqBary,SUpDEq Barycentric,443,260,-20,18.782572356704865,0.0013326577609404922,6.6589132433891134
SUpDEqBary,SUpDEq Barycentric,444,260,-10,19.693104520766859,0.0013966393889859319,7.0155295794083035
SUpDEqBary,SUpDEq Barycentric,445,260,0,11.168952618752609,0.0014181847218424082,6.9248446882565329
SUpDEqBary,SUpDEq Barycentric,446,260,10,4.923991597886185,0.0013966393889859319,4.7614138102502093
SUpDEqBary,SUpDEq Barycentric,447,260,20,11.101905383875703,0.0013326577609404922,6.5721037314440593
SUpDEqBary,SUpDEq Barycentric,448,260,30,15.507478063998745,0.0015144464559853077,7.0703814256574331
SUpDEqBary,SUpDEq Barycentric,449,260,45,3.5349730246201427,0.0015018255217000842,2.2864167293950355
SUpDEqBary,SUpDEq Barycentric,450,260,60,15.294999564249215,0.0010619510430842638,4.9245096856474193
SUpDEqBary,SUpDEq Barycentric,451,260,75,15.000000876882917,0.0005497062811627984,4.180870649329739
SUpDEqBary,SUpDEq Barycentric,452,80,75,15.000000876882917,0.0005497062811627984,5.4087896858362434
SUpDEqBary,SUpDEq Barycentric,453,80,60,17.46913876234531,0.0010619510430842638,6.3467246514340792
SUpDEqBary,SUpDEq Barycentric,454,80,45,10.591411252424974,0.0015018255217000842,4.8282219658005401
SUpDEqBary,SUpDEq Barycentric,455,80,30,19.080583769633087,0.0015144464559853077,6.6141766612433708
SUpDEqBary,SUpDEq Barycentric,456,80,20,18.782572356704865,0.0013326577609404922,6.2613017900517782
SUpDEqBary,SUpDEq Barycentric,457,80,10,20.000000126668425,0.0013966393889859319,6.6031390975089153
SUpDEqBary,SUpDEq Barycentric,458,80,0,10.000000063334213,0.0014181847218424082,6.8622270716057585
SUpDEqBary,SUpDEq Barycentric,460,80,-20,10.000000312474459,0.0013326577609404922,6.3874967981427879
SUpDEqBary,SUpDEq Barycentric,461,80,-30,19.080584560230658,0.0015144464559853077,7.4442764355407567
SUpDEqBary,SUpDEq Barycentric,462,80,-45,10.591410568697148,0.00080013019032776356,5.6632200851664987
SUpDEqBary,SUpDEq Barycentric,463,255,-45,27.912101967116733,0.00080013019032776356,7.2646697699830476
SUpDEqBary,SUpDEq Barycentric,464,255,-30,16.847753664559015,0.0015144464559853077,6.3192936087460403
SUpDEqBary,SUpDEq Barycentric,465,255,-20,14.090652882944042,0.0013326577609404922,5.9427677402843475
SUpDEqBary,SUpDEq Barycentric,466,255,-10,17.584023920930079,0.0013966393889859319,7.1132181899912323
SUpDEqBary,SUpDEq Barycentric,467,255,0,9.9999997713238429,0.0014181847218424082,6.2192509503678366
SUpDEqBary,SUpDEq Barycentric,469,255,20,10.000001042231721,0.0013326577609404922,5.7734026854709759
SUpDEqBary,SUpDEq Barycentric,470,255,30,16.937617826182553,0.0015144464559853077,7.0428834913206027
SUpDEqBary,SUpDEq Barycentric,471,255,45,7.0665746820713302,0.0015018255217000842,3.2482762201822539
SUpDEqBary,SUpDEq Barycentric,472,255,60,16.146339982767262,0.0010619510430842638,5.0845964998873727
SUpDEqBary,SUpDEq Barycentric,473,255,75,15.000000205801689,0.0005497062811627984,4.0201060714582333
SUpDEqBary,SUpDEq Barycentric,474,75,75,15.000000205801689,0.0005497062811627984,5.5235985696551841
SUpDEqBary,SUpDEq Barycentric,475,75,60,19.16031220270019,0.0010619510430842638,6.5549603205800251
SUpDEqBary,SUpDEq Barycentric,476,75,45,14.106044534968714,0.0015018255217000842,5.4505984329007333
SUpDEqBary,SUpDEq Barycentric,477,75,30,16.847753664559015,0.0015144464559853077,6.1392689417019763
SUpDEqBary,SUpDEq Barycentric,478,75,20,14.090652882944042,0.0013326577609404922,5.3913536448911694
SUpDEqBary,SUpDEq Barycentric,479,75,10,17.584023920930079,0.0013966393889859319,6.2851505296676295
SUpDEqBary,SUpDEq Barycentric,480,75,0,11.168952776943851,0.0014181847218424082,6.4011909512968055
SUpDEqBary,SUpDEq Barycentric,481,75,-10,4.923991597886185,0.0013966393889859319,4.3312187011954428
SUpDEqBary,SUpDEq Barycentric,482,75,-20,11.101905237270087,0.0013326577609404922,6.3915653404159949
SUpDEqBary,SUpDEq Barycentric,483,75,-30,16.937618364774703,0.0015144464559853077,7.0409920264474231
SUpDEqBary,SUpDEq Barycentric,484,75,-45,7.066573973819299,0.00080013019032776356,4.6971895668319705
SUpDEqBary,SUpDEq Barycentric,485,250,-45,26.335321932194201,0.00080013019032776356,7.4348894060820552
SUpDEqBary,SUpDEq Barycentric,486,250,-30,13.481723153110721,0.0015144464559853077,6.0811771856748127
SUpDEqBary,SUpDEq Barycentric,487,250,-20,9.3955278431111164,0.0013326577609404922,5.1508915832106075
SUpDEqBary,SUpDEq Barycentric,488,250,-10,13.892339928739169,0.0013966393889859319,6.6103721783859362
SUpDEqBary,SUpDEq Barycentric,489,250,0,11.168952764252944,0.0014181847218424082,5.6158928167003799
SUpDEqBary,SUpDEq Barycentric,490,250,10,4.923991137574113,0.0013966393889859319,4.5250281811680768
SUpDEqBary,SUpDEq Barycentric,491,250,20,11.101904792308432,0.0013326577609404922,5.4634268120447178
SUpDEqBary,SUpDEq Barycentric,492,250,30,19.080583258701811,0.0015144464559853077,7.0145994250081296
SUpDEqBary,SUpDEq Barycentric,493,250,45,10.591410810340577,0.0015018255217000842,3.8803967254926164
SUpDEqBary,SUpDEq Barycentric,494,250,60,17.469138507459274,0.0010619510430842638,5.3712616653680287
SUpDEqBary,SUpDEq Barycentric,495,250,75,15.000000080789578,0.0005497062811627984,3.931972010576565
SUpDEqBary,SUpDEq Barycentric,496,70,75,15.000000080789578,0.0005497062811627984,5.5920480483704331
SUpDEqBary,SUpDEq Barycentric,497,70,60,21.124323628857301,0.0010619510430842638,6.4379697268121738
SUpDEqBary,SUpDEq Barycentric,498,70,45,17.606966632428144,0.0015018255217000842,5.9467464454229804
SUpDEqBary,SUpDEq Barycentric,499,70,30,13.481723153110721,0.0015144464559853077,5.6256098416371083
SUpDEqBary,SUpDEq Barycentric,500,70,20,9.3955278431111164,0.0013326577609404922,4.5812384393832808
SUpDEqBary,SUpDEq Barycentric,501,70,10,13.892339928739169,0.0013966393889859319,5.8378711914559602
SUpDEqBary,SUpDEq Barycentric,502,70,0,14.106044537805667,0.0014181847218424082,6.6685940411943569
SUpDEqBary,SUpDEq Barycentric,503,70,-10,9.8476990078007134,0.0013966393889859319,5.3839443430825531
SUpDEqBary,SUpDEq Barycentric,504,70,-20,13.892338343524369,0.0013326577609404922,6.682930604816141
SUpDEqBary,SUpDEq Barycentric,505,70,-30,15.507476946310584,0.0015144464559853077,6.9944248475869619
SUpDEqBary,SUpDEq Barycentric,506,70,-45,3.5349729711425013,0.00080013019032776356,3.3528676495140033
SUpDEqBary,SUpDEq Barycentric,507,245,-45,24.553175192197251,0.00080013019032776356,7.6415592771524521
SUpDEqBary,SUpDEq Barycentric,508,245,-30,10.974800180129701,0.0015144464559853077,5.92411507121707
SUpDEqBary,SUpDEq Barycentric,509,245,-20,4.6982885557778449,0.0013326577609404922,4.0213032763119969
SUpDEqBary,SUpDEq Barycentric,510,245,-10,11.101906323216596,0.0013966393889859319,5.9891900820353223
SUpDEqBary,SUpDEq Barycentric,511,245,0,14.106043681994763,0.0014181847218424082,6.4740009696083769
SUpDEqBary,SUpDEq Barycentric,512,245,10,9.8476988264340477,0.0013966393889859319,5.5216205335202995
SUpDEqBary,SUpDEq Barycentric,513,245,20,13.892339676756846,0.0013326577609404922,5.6136764766781502
SUpDEqBary,SUpDEq Barycentric,514,245,30,21.721268937441273,0.0015144464559853077,6.9918153417915985
SUpDEqBary,SUpDEq Barycentric,515,245,45,14.106044049359161,0.0015018255217000842,4.3738392130707817
SUpDEqBary,SUpDEq Barycentric,516,245,60,19.1603114048904,0.0010619510430842638,5.6576940591684615
SUpDEqBary,SUpDEq Barycentric,517,245,75,15.000000037063414,0.0005497062811627984,3.8435690660803998
SUpDEqBary,SUpDEq Barycentric,518,65,75,15.000000037063414,0.0005497062811627984,5.6750206694580072
SUpDEqBary,SUpDEq Barycentric,519,65,60,23.283731703845064,0.0010619510430842638,6.3050416695205795
SUpDEqBary,SUpDEq Barycentric,520,65,45,21.09058089744196,0.0015018255217000842,6.0050243042635465
SUpDEqBary,SUpDEq Barycentric,521,65,30,10.974800180129701,0.0015144464559853077,5.5334463611294176
SUpDEqBary,SUpDEq Barycentric,522,65,20,4.6982885557778449,0.0013326577609404922,3.4852876577592897
SUpDEqBary,SUpDEq Barycentric,523,65,10,11.101906323216596,0.0013966393889859319,5.3817220328431983
SUpDEqBary,SUpDEq Barycentric,524,65,0,17.963859654834859,0.0014181847218424082,6.9255396377412355
SUpDEqBary,SUpDEq Barycentric,525,65,-10,14.7708350451899,0.0013966393889859319,6.289316438759033
SUpDEqBary,SUpDEq Barycentric,526,65,-20,17.584023688118002,0.0013326577609404922,6.8395593264120729
SUpDEqBary,SUpDEq Barycentric,527,65,-30,14.999999968681948,0.0015144464559853077,7.4380669838506712
SUpDEqBary,SUpDEq Barycentric,529,240,-45,21.09058345153683,0.00080013019032776356,7.5683366305384743
SUpDEqBary,SUpDEq Barycentric,530,240,-30,9.999999029626526,0.0015144464559853077,5.770194498617375
SUpDEqBary,SUpDEq Barycentric,532,240,-10,10.000001188003743,0.0013966393889859319,6.0491398994795267
SUpDEqBary,SUpDEq Barycentric,533,240,0,17.963860119699778,0.0014181847218424082,7.2001897450622092
SUpDEqBary,SUpDEq Barycentric,534,240,10,14.770834162524009,0.0013966393889859319,6.6081805653596497
SUpDEqBary,SUpDEq Barycentric,535,240,20,17.584023920930079,0.0013326577609404922,5.6704825385137969
SUpDEqBary,SUpDEq Barycentric,536,240,30,21.607104488938131,0.0015144464559853077,6.8522012713522793
SUpDEqBary,SUpDEq Barycentric,537,240,45,17.606966457268481,0.0015018255217000842,4.8664269902443262
SUpDEqBary,SUpDEq Barycentric,538,240,60,21.124323816652065,0.0010619510430842638,5.8776319067935301
SUpDEqBary,SUpDEq Barycentric,539,240,75,14.999999926042548,0.0005497062811627984,3.8218389355981888
SUpDEqBary,SUpDEq Barycentric,540,60,75,14.999999926042548,0.0005497062811627984,5.6156512560032965
SUpDEqBary,SUpDEq Barycentric,541,60,60,23.283732956340483,0.0010619510430842638,6.0699398537343905
SUpDEqBary,SUpDEq Barycentric,542,60,45,21.09058345153683,0.0015018255217000842,5.7638495016651561
SUpDEqBary,SUpDEq Barycentric,543,60,30,9.999999029626526,0.0015144464559853077,5.5867401033711337
SUpDEqBary,SUpDEq Barycentric,545,60,10,10.000001188003743,0.0013966393889859319,5.3057723937344985
SUpDEqBary,SUpDEq Barycentric,546,60,0,20.000001081696542,0.0014181847218424082,7.0369267945495384
SUpDEqBary,SUpDEq Barycentric,547,60,-10,19.693102264372424,0.0013966393889859319,6.7373821353254035
SUpDEqBary,SUpDEq Barycentric,548,60,-20,21.720797258522222,0.0013326577609404922,6.6705022341302262
SUpDEqBary,SUpDEq Barycentric,549,60,-30,15.507477882749432,0.0015144464559853077,7.5009672553156461
SUpDEqBary,SUpDEq Barycentric,550,60,-45,3.5349723672764939,0.00080013019032776356,3.6073154548555491
SUpDEqBary,SUpDEq Barycentric,551,235,-45,17.606969385403353,0.00080013019032776356,7.3794880024385243
SUpDEqBary,SUpDEq Barycentric,552,235,-30,10.974799216332263,0.0015144464559853077,5.515899708553504
SUpDEqBary,SUpDEq Barycentric,553,235,-20,4.6982881143403246,0.0013326577609404922,3.4991568976511558
SUpDEqBary,SUpDEq Barycentric,554,235,-10,11.101906097405333,0.0013966393889859319,6.1679274490924598
SUpDEqBary,SUpDEq Barycentric,555,235,0,20.590672601212329,0.0014181847218424082,7.5657248538949142
SUpDEqBary,SUpDEq Barycentric,556,235,10,19.693105582230331,0.0013966393889859319,7.4885928913452799
SUpDEqBary,SUpDEq Barycentric,557,235,20,20.653637823309932,0.0013326577609404922,6.0294686063864029
SUpDEqBary,SUpDEq Barycentric,558,235,30,17.298331880789124,0.0015144464559853077,6.3269198342124069
SUpDEqBary,SUpDEq Barycentric,559,235,45,21.090580421606788,0.0015018255217000842,5.2099846934937935
SUpDEqBary,SUpDEq Barycentric,560,235,60,23.283732169116558,0.0010619510430842638,5.9339075268774257
SUpDEqBary,SUpDEq Barycentric,561,235,75,15.000000513611642,0.0005497062811627984,3.716152851423979
SUpDEqBary,SUpDEq Barycentric,562,55,75,15.000000513611642,0.0005497062811627984,5.6118182356721729
SUpDEqBary,SUpDEq Barycentric,563,55,60,21.124323795477249,0.0010619510430842638,5.8098543969458101
SUpDEqBary,SUpDEq Barycentric,564,55,45,17.606969385403353,0.0015018255217000842,5.1267502329606378
SUpDEqBary,SUpDEq Barycentric,565,55,30,10.974799216332263,0.0015144464559853077,5.88502577763931
SUpDEqBary,SUpDEq Barycentric,566,55,20,4.6982881143403246,0.0013326577609404922,3.3871618100135548
SUpDEqBary,SUpDEq Barycentric,567,55,10,11.101906097405333,0.0013966393889859319,5.2195156223604249
SUpDEqBary,SUpDEq Barycentric,568,55,0,20.590672601212329,0.0014181847218424082,6.8929327584842364
SUpDEqBary,SUpDEq Barycentric,569,55,-10,21.720794676281667,0.0013966393889859319,6.6745272758941292
SUpDEqBary,SUpDEq Barycentric,570,55,-20,18.782571022300161,0.0013326577609404922,6.1033415557320092
SUpDEqBary,SUpDEq Barycentric,571,55,-30,16.937618103837618,0.0015144464559853077,7.299615012589987
SUpDEqBary,SUpDEq Barycentric,572,55,-45,7.0665737578836278,0.00080013019032776356,4.8200273535298761
SUpDEqBary,SUpDEq Barycentric,573,230,-45,14.106044861351487,0.00080013019032776356,6.8065474147887377
SUpDEqBary,SUpDEq Barycentric,574,230,-30,13.481722693495358,0.0015144464559853077,5.8355691398845808
SUpDEqBary,SUpDEq Barycentric,575,230,-20,9.3955278474439847,0.0013326577609404922,4.3441892113259097
SUpDEqBary,SUpDEq Barycentric,576,230,-10,13.892339559573843,0.0013966393889859319,6.4736634733030209
SUpDEqBary,SUpDEq Barycentric,577,230,0,22.26874569765862,0.0014181847218424082,7.4055176599204851
SUpDEqBary,SUpDEq Barycentric,578,230,10,24.407187574190903,0.0013966393889859319,7.5506293503170863
SUpDEqBary,SUpDEq Barycentric,579,230,20,16.847752970154431,0.0013326577609404922,6.5443139170722731
SUpDEqBary,SUpDEq Barycentric,580,230,30,12.981060122360738,0.0015144464559853077,5.5411725818001507
SUpDEqBary,SUpDEq Barycentric,581,230,45,19.080584438556169,0.0015018255217000842,5.4693901020764146
SUpDEqBary,SUpDEq Barycentric,582,230,60,25.579586991885623,0.0010619510430842638,5.8651492603509148
SUpDEqBary,SUpDEq Barycentric,583,230,75,15.000000045981704,0.0005497062811627984,3.7572315237364591
SUpDEqBary,SUpDEq Barycentric,584,50,75,15.000000045981704,0.0005497062811627984,5.4995300476217581
SUpDEqBary,SUpDEq Barycentric,585,50,60,19.160311981928583,0.0010619510430842638,5.4580083424248356
SUpDEqBary,SUpDEq Barycentric,586,50,45,14.106044861351487,0.0015018255217000842,4.3519784562706745
SUpDEqBary,SUpDEq Barycentric,587,50,30,13.481722693495358,0.0015144464559853077,6.3524548038163324
SUpDEqBary,SUpDEq Barycentric,588,50,20,9.3955278474439847,0.0013326577609404922,4.5939597423435314
SUpDEqBary,SUpDEq Barycentric,589,50,10,13.892339559573843,0.0013966393889859319,5.6420090292956679
SUpDEqBary,SUpDEq Barycentric,590,50,0,22.26874569765862,0.0014181847218424082,6.5387643509944384
SUpDEqBary,SUpDEq Barycentric,591,50,-10,17.584022183303819,0.0013966393889859319,6.4259745592757875
SUpDEqBary,SUpDEq Barycentric,592,50,-20,14.090650791577101,0.0013326577609404922,5.5126897864018982
SUpDEqBary,SUpDEq Barycentric,593,50,-30,16.847751615755694,0.0015144464559853077,6.6566857477140218
SUpDEqBary,SUpDEq Barycentric,594,50,-45,10.591412169898064,0.00080013019032776356,5.4186851917282679
SUpDEqBary,SUpDEq Barycentric,595,225,-45,10.591412221441374,0.00080013019032776356,5.8818658762155032
SUpDEqBary,SUpDEq Barycentric,596,225,-30,16.847751846686993,0.0015144464559853077,6.3191380364174279
SUpDEqBary,SUpDEq Barycentric,597,225,-20,14.090651603071073,0.0013326577609404922,5.0724708629722226
SUpDEqBary,SUpDEq Barycentric,598,225,-10,17.584022658769534,0.0013966393889859319,6.4639980865743079
SUpDEqBary,SUpDEq Barycentric,599,225,0,24.814217316458059,0.0014181847218424082,7.6982915020905986
SUpDEqBary,SUpDEq Barycentric,600,225,10,22.068454074222679,0.0013966393889859319,7.210538531219421
SUpDEqBary,SUpDEq Barycentric,601,225,20,13.481723581082752,0.0013326577609404922,6.0046273687817919
SUpDEqBary,SUpDEq Barycentric,602,225,30,8.6575008924471586,0.0015144464559853077,4.3094680293257355
SUpDEqBary,SUpDEq Barycentric,603,225,45,16.937618541531808,0.0015018255217000842,5.4205469181885446
SUpDEqBary,SUpDEq Barycentric,604,225,60,27.967953256853754,0.0010619510430842638,5.7699836410518737
SUpDEqBary,SUpDEq Barycentric,605,225,75,15.000000759196658,0.0005497062811627984,3.8086755235068379
SUpDEqBary,SUpDEq Barycentric,606,45,75,15.000000759196658,0.0005497062811627984,5.4042358992825346
SUpDEqBary,SUpDEq Barycentric,607,45,60,17.469139229498978,0.0010619510430842638,5.0721308564715031
SUpDEqBary,SUpDEq Barycentric,608,45,45,10.591412221441374,0.0015018255217000842,3.3715763703596022
SUpDEqBary,SUpDEq Barycentric,609,45,30,16.847751846686993,0.0015144464559853077,7.152773124464229
SUpDEqBary,SUpDEq Barycentric,610,45,20,14.090651603071073,0.0013326577609404922,5.7596807263788214
SUpDEqBary,SUpDEq Barycentric,611,45,10,17.584022658769534,0.0013966393889859319,6.3298974576790847
SUpDEqBary,SUpDEq Barycentric,612,45,0,22.268744826474858,0.0014181847218424082,6.5849286300558187
SUpDEqBary,SUpDEq Barycentric,613,45,-10,13.892338468968779,0.0013966393889859319,5.9821179831886786
SUpDEqBary,SUpDEq Barycentric,614,45,-20,9.3955270425035575,0.0013326577609404922,4.5543068606936261
SUpDEqBary,SUpDEq Barycentric,615,45,-30,13.481722024217131,0.0015144464559853077,5.9692222735695823
SUpDEqBary,SUpDEq Barycentric,616,45,-45,14.106044843106213,0.00080013019032776356,5.7923152857885869
SUpDEqBary,SUpDEq Barycentric,617,220,-45,7.0665759174006428,0.00080013019032776356,4.6526310270347704
SUpDEqBary,SUpDEq Barycentric,618,220,-30,16.937618856363812,0.0015144464559853077,6.8058367567387528
SUpDEqBary,SUpDEq Barycentric,619,220,-20,18.782569533125056,0.0013326577609404922,5.7770719071677616
SUpDEqBary,SUpDEq Barycentric,620,220,-10,19.693105071764794,0.0013966393889859319,6.3366033371888904
SUpDEqBary,SUpDEq Barycentric,621,220,0,22.268745808076812,0.0014181847218424082,7.5926512619230921
SUpDEqBary,SUpDEq Barycentric,622,220,10,20.536778438540473,0.0013966393889859319,7.2957999549226136
SUpDEqBary,SUpDEq Barycentric,623,220,20,10.974801461651374,0.0013326577609404922,5.341810675566161
SUpDEqBary,SUpDEq Barycentric,624,220,30,4.3297856282053244,0.0015144464559853077,2.7018289559868713
SUpDEqBary,SUpDEq Barycentric,625,220,45,15.507478746963535,0.0015018255217000842,5.3999204465200679
SUpDEqBary,SUpDEq Barycentric,626,220,60,30.000000754713284,0.0010619510430842638,5.6782990698196665
SUpDEqBary,SUpDEq Barycentric,627,220,75,15.000000045981704,0.0005497062811627984,3.8576718618329209
SUpDEqBary,SUpDEq Barycentric,628,40,75,15.000000045981704,0.0005497062811627984,5.2924568879613778
SUpDEqBary,SUpDEq Barycentric,629,40,60,16.146340174030033,0.0010619510430842638,4.7484165895426296
SUpDEqBary,SUpDEq Barycentric,630,40,45,7.0665759174006428,0.0015018255217000842,2.4978724708741371
SUpDEqBary,SUpDEq Barycentric,631,40,30,16.937618856363812,0.0015144464559853077,7.2767865765656721
SUpDEqBary,SUpDEq Barycentric,632,40,20,18.782569533125056,0.0013326577609404922,6.1355709866742645
SUpDEqBary,SUpDEq Barycentric,633,40,10,19.693105071764794,0.0013966393889859319,6.3428939833806712
SUpDEqBary,SUpDEq Barycentric,634,40,0,20.590672409097611,0.0014181847218424082,6.7536296936417779
SUpDEqBary,SUpDEq Barycentric,635,40,-10,11.101905566123458,0.0013966393889859319,5.563665993436536
SUpDEqBary,SUpDEq Barycentric,636,40,-20,4.6982895983919564,0.0013326577609404922,3.4234319163127633
SUpDEqBary,SUpDEq Barycentric,637,40,-30,10.974800783883671,0.0015144464559853077,6.0916871539847541
SUpDEqBary,SUpDEq Barycentric,638,40,-45,17.606967058132422,0.00080013019032776356,5.8904521945052801
SUpDEqBary,SUpDEq Barycentric,639,215,-45,3.5349726093893015,0.00080013019032776356,3.042376321129852
SUpDEqBary,SUpDEq Barycentric,640,215,-30,15.507477619497367,0.0015144464559853077,7.235957148649149
SUpDEqBary,SUpDEq Barycentric,641,215,-20,17.584023511028544,0.0013326577609404922,6.547927672472226
SUpDEqBary,SUpDEq Barycentric,642,215,-10,14.770837930353938,0.0013966393889859319,6.1596628968750817
SUpDEqBary,SUpDEq Barycentric,643,215,0,17.963860447378917,0.0014181847218424082,7.3325932945420194
SUpDEqBary,SUpDEq Barycentric,644,215,10,19.999999690522536,0.0013966393889859319,7.2425764120756524
SUpDEqBary,SUpDEq Barycentric,645,215,20,9.9999992480583071,0.0013326577609404922,5.0452742839453499
SUpDEqBary,SUpDEq Barycentric,647,215,45,14.999999418095857,0.0015018255217000842,5.3597211453511706
SUpDEqBary,SUpDEq Barycentric,648,215,60,29.999999338596972,0.0010619510430842638,5.6005521409934929
SUpDEqBary,SUpDEq Barycentric,649,215,75,15.000000513611642,0.0005497062811627984,3.8725622946171119
SUpDEqBary,SUpDEq Barycentric,650,35,75,15.000000513611642,0.0005497062811627984,5.2145589375966956
SUpDEqBary,SUpDEq Barycentric,651,35,60,15.294998948342053,0.0010619510430842638,4.4549862045013038
SUpDEqBary,SUpDEq Barycentric,652,35,45,3.5349726093893015,0.0015018255217000842,1.4547829605353082
SUpDEqBary,SUpDEq Barycentric,653,35,30,15.507477619497367,0.0015144464559853077,7.0200082762192411
SUpDEqBary,SUpDEq Barycentric,654,35,20,17.584023511028544,0.0013326577609404922,5.8136629436056602
SUpDEqBary,SUpDEq Barycentric,655,35,10,14.770837930353938,0.0013966393889859319,5.4845640233557296
SUpDEqBary,SUpDEq Barycentric,656,35,0,17.963860447378917,0.0014181847218424082,6.4652841360041524
SUpDEqBary,SUpDEq Barycentric,657,35,-10,10.000000442464293,0.0013966393889859319,5.6751857994864086
SUpDEqBary,SUpDEq Barycentric,659,35,-30,9.9999992480583071,0.0015144464559853077,6.5546295093705345
SUpDEqBary,SUpDEq Barycentric,660,35,-45,21.090583039068701,0.00080013019032776356,6.2403984316165575
SUpDEqBary,SUpDEq Barycentric,662,210,-30,14.999998739050708,0.0015144464559853077,7.2665025142929718
SUpDEqBary,SUpDEq Barycentric,663,210,-20,13.892339928739169,0.0013326577609404922,6.6977105668986603
SUpDEqBary,SUpDEq Barycentric,664,210,-10,9.8476983963493687,0.0013966393889859319,5.0769287062730957
SUpDEqBary,SUpDEq Barycentric,665,210,0,14.10604466738504,0.0014181847218424082,6.3328261981167495
SUpDEqBary,SUpDEq Barycentric,666,210,10,20.536778047345422,0.0013966393889859319,6.7215332522086477
SUpDEqBary,SUpDEq Barycentric,667,210,20,10.974799216332263,0.0013326577609404922,5.1272490011202301
SUpDEqBary,SUpDEq Barycentric,668,210,30,4.3297829047621343,0.0015144464559853077,2.0989885800210897
SUpDEqBary,SUpDEq Barycentric,669,210,45,15.507477619497367,0.0015018255217000842,5.4444046086052653
SUpDEqBary,SUpDEq Barycentric,670,210,60,30.000000111323018,0.0010619510430842638,5.6100318425914733
SUpDEqBary,SUpDEq Barycentric,671,210,75,14.999999926042548,0.0005497062811627984,3.8760709309115366
SUpDEqBary,SUpDEq Barycentric,672,30,75,14.999999926042548,0.0005497062811627984,5.0953021309444502
SUpDEqBary,SUpDEq Barycentric,673,30,60,15.000001038303349,0.0010619510430842638,4.1879715215421225
SUpDEqBary,SUpDEq Barycentric,675,30,30,14.999998739050708,0.0015144464559853077,6.48397422136496
SUpDEqBary,SUpDEq Barycentric,676,30,20,13.892339928739169,0.0013326577609404922,5.1210038283694486
SUpDEqBary,SUpDEq Barycentric,677,30,10,9.8476983963493687,0.0013966393889859319,4.1685117248806698
SUpDEqBary,SUpDEq Barycentric,678,30,0,14.10604466738504,0.0014181847218424082,5.5215169113183782
SUpDEqBary,SUpDEq Barycentric,679,30,-10,11.101905871462817,0.0013966393889859319,5.6327250808904816
SUpDEqBary,SUpDEq Barycentric,680,30,-20,4.6982881143403246,0.0013326577609404922,3.9217923038593976
SUpDEqBary,SUpDEq Barycentric,681,30,-30,10.974800968721977,0.0015144464559853077,7.037642691265412
SUpDEqBary,SUpDEq Barycentric,682,30,-45,24.553175192197251,0.00080013019032776356,6.4671956376001836
SUpDEqBary,SUpDEq Barycentric,683,205,-45,3.5349723672764939,0.00080013019032776356,2.5839010841588683
SUpDEqBary,SUpDEq Barycentric,684,205,-30,15.507477597756536,0.0015144464559853077,7.0430260441267762
SUpDEqBary,SUpDEq Barycentric,685,205,-20,11.101905984016177,0.0013326577609404922,6.3925182364466426
SUpDEqBary,SUpDEq Barycentric,686,205,-10,4.9239914100594815,0.0013966393889859319,3.0140128393453822
SUpDEqBary,SUpDEq Barycentric,687,205,0,11.168952722705445,0.0014181847218424082,5.1519748932911451
SUpDEqBary,SUpDEq Barycentric,688,205,10,20.60935684332042,0.0013966393889859319,6.3809352072412855
SUpDEqBary,SUpDEq Barycentric,689,205,20,13.481721255281723,0.0013326577609404922,5.7034392072195041
SUpDEqBary,SUpDEq Barycentric,690,205,30,8.6574997742182269,0.0015144464559853077,3.1442853140145659
SUpDEqBary,SUpDEq Barycentric,691,205,45,16.937618103837618,0.0015018255217000842,5.6813974234330908
SUpDEqBary,SUpDEq Barycentric,692,205,60,30.000001193671139,0.0010619510430842638,5.7021542347382717
SUpDEqBary,SUpDEq Barycentric,693,205,75,15.000000037063414,0.0005497062811627984,3.9003756188877166
SUpDEqBary,SUpDEq Barycentric,694,25,75,15.000000037063414,0.0005497062811627984,5.2267852132247263
SUpDEqBary,SUpDEq Barycentric,695,25,60,15.294998365211272,0.0010619510430842638,4.5014304499809237
SUpDEqBary,SUpDEq Barycentric,696,25,45,3.5349723672764939,0.0015018255217000842,1.8921492764125574
SUpDEqBary,SUpDEq Barycentric,697,25,30,15.507477597756536,0.0015144464559853077,6.0038547693240023
SUpDEqBary,SUpDEq Barycentric,698,25,20,11.101905984016177,0.0013326577609404922,4.5066625461679699
SUpDEqBary,SUpDEq Barycentric,699,25,10,4.9239914100594815,0.0013966393889859319,2.5759755504755364
SUpDEqBary,SUpDEq Barycentric,700,25,0,11.168952722705445,0.0014181847218424082,4.4281048381384656
SUpDEqBary,SUpDEq Barycentric,701,25,-10,13.892339487305048,0.0013966393889859319,6.3687671388236087
SUpDEqBary,SUpDEq Barycentric,702,25,-20,9.395526819952865,0.0013326577609404922,5.63760031293155
SUpDEqBary,SUpDEq Barycentric,703,25,-30,13.481723060064377,0.0015144464559853077,7.3742977328389978
SUpDEqBary,SUpDEq Barycentric,704,25,-45,24.694085979776748,0.00080013019032776356,6.5617111279852107
SUpDEqBary,SUpDEq Barycentric,705,200,-45,7.0665741911739026,0.00080013019032776356,3.9654354012310464
SUpDEqBary,SUpDEq Barycentric,706,200,-30,16.937616033087821,0.0015144464559853077,6.9773351554871548
SUpDEqBary,SUpDEq Barycentric,707,200,-20,10.000000035409951,0.0013326577609404922,5.8225473879257015
SUpDEqBary,SUpDEq Barycentric,709,200,0,9.9999999527339298,0.0014181847218424082,4.8773531255866782
SUpDEqBary,SUpDEq Barycentric,710,200,10,19.999999905467796,0.0013966393889859319,6.5736342961557819
SUpDEqBary,SUpDEq Barycentric,711,200,20,16.847752641975024,0.0013326577609404922,6.1065933877342298
SUpDEqBary,SUpDEq Barycentric,712,200,30,12.981059482482918,0.0015144464559853077,4.099348677587189
SUpDEqBary,SUpDEq Barycentric,713,200,45,19.080583620201772,0.0015018255217000842,5.9269310962295352
SUpDEqBary,SUpDEq Barycentric,714,200,60,30.000000435073549,0.0010619510430842638,5.771441590456809
SUpDEqBary,SUpDEq Barycentric,715,200,75,15.000000080789578,0.0005497062811627984,3.8844215371444961
SUpDEqBary,SUpDEq Barycentric,716,20,75,15.000000080789578,0.0005497062811627984,5.4235404691417806
SUpDEqBary,SUpDEq Barycentric,717,20,60,16.146339438123881,0.0010619510430842638,4.8837735708346237
SUpDEqBary,SUpDEq Barycentric,718,20,45,7.0665741911739026,0.0015018255217000842,3.2093516913713658
SUpDEqBary,SUpDEq Barycentric,719,20,30,16.937616033087821,0.0015144464559853077,6.343010204365279
SUpDEqBary,SUpDEq Barycentric,720,20,20,10.000000035409951,0.0013326577609404922,4.2297008892904735
SUpDEqBary,SUpDEq Barycentric,722,20,0,9.9999999527339298,0.0014181847218424082,4.292790857293781
SUpDEqBary,SUpDEq Barycentric,723,20,-10,17.584023511028544,0.0013966393889859319,6.5839122454406427
SUpDEqBary,SUpDEq Barycentric,724,20,-20,14.090652447229385,0.0013326577609404922,6.7928957230525473
SUpDEqBary,SUpDEq Barycentric,725,20,-30,16.84775355865764,0.0015144464559853077,6.6289255864732715
SUpDEqBary,SUpDEq Barycentric,726,20,-45,21.721267918499912,0.00080013019032776356,6.2206622483572946
SUpDEqBary,SUpDEq Barycentric,727,195,-45,10.591410371458657,0.00080013019032776356,4.7770941349879683
SUpDEqBary,SUpDEq Barycentric,728,195,-30,19.080583481669692,0.0015144464559853077,6.7690537888449915
SUpDEqBary,SUpDEq Barycentric,729,195,-20,11.101905300103793,0.0013326577609404922,5.3441642554263717
SUpDEqBary,SUpDEq Barycentric,730,195,-10,4.923991137574113,0.0013966393889859319,2.2147634103313649
SUpDEqBary,SUpDEq Barycentric,731,195,0,11.168952636407244,0.0014181847218424082,4.7999217459025436
SUpDEqBary,SUpDEq Barycentric,732,195,10,20.609356788468691,0.0013966393889859319,6.545752399609202
SUpDEqBary,SUpDEq Barycentric,733,195,20,20.653636294849793,0.0013326577609404922,6.537930401048488
SUpDEqBary,SUpDEq Barycentric,734,195,30,17.298330000057948,0.0015144464559853077,5.0068539317496654
SUpDEqBary,SUpDEq Barycentric,735,195,45,21.721268164114861,0.0015018255217000842,6.223623105798918
SUpDEqBary,SUpDEq Barycentric,736,195,60,30.000000110732287,0.0010619510430842638,5.8514866419136151
SUpDEqBary,SUpDEq Barycentric,737,195,75,15.000000205801689,0.0005497062811627984,3.9034873503223837
SUpDEqBary,SUpDEq Barycentric,738,15,75,15.000000205801689,0.0005497062811627984,5.6157531797278786
SUpDEqBary,SUpDEq Barycentric,739,15,60,17.469138312232101,0.0010619510430842638,5.4624233034899614
SUpDEqBary,SUpDEq Barycentric,740,15,45,10.591410371458657,0.0015018255217000842,4.3952943578808137
SUpDEqBary,SUpDEq Barycentric,741,15,30,19.080583481669692,0.0015144464559853077,6.412530807117867
SUpDEqBary,SUpDEq Barycentric,742,15,20,11.101905300103793,0.0013326577609404922,4.2030365412716018
SUpDEqBary,SUpDEq Barycentric,743,15,10,4.923991137574113,0.0013966393889859319,2.4257143459240371
SUpDEqBary,SUpDEq Barycentric,744,15,0,11.168952636407244,0.0014181847218424082,4.552561384690069
SUpDEqBary,SUpDEq Barycentric,745,15,-10,20.609356788468691,0.0013966393889859319,6.4329470861670037
SUpDEqBary,SUpDEq Barycentric,746,15,-20,16.847753386581868,0.0013326577609404922,6.7263009482846279
SUpDEqBary,SUpDEq Barycentric,747,15,-30,12.981060183000123,0.0015144464559853077,5.6645535911520204
SUpDEqBary,SUpDEq Barycentric,748,15,-45,19.080582938811499,0.00080013019032776356,5.7775753918995214
SUpDEqBary,SUpDEq Barycentric,749,190,-45,14.106043320415029,0.00080013019032776356,5.1411707212685878
SUpDEqBary,SUpDEq Barycentric,750,190,-30,21.721268924650655,0.0015144464559853077,6.6068216508453723
SUpDEqBary,SUpDEq Barycentric,751,190,-20,13.892338774103179,0.0013326577609404922,5.0707238270531265
SUpDEqBary,SUpDEq Barycentric,752,190,-10,9.8476990078007134,0.0013966393889859319,3.7599950372510933
SUpDEqBary,SUpDEq Barycentric,753,190,0,14.106043901218957,0.0014181847218424082,4.9689674982633099
SUpDEqBary,SUpDEq Barycentric,754,190,10,22.337905413351134,0.0013966393889859319,6.4128263247317472
SUpDEqBary,SUpDEq Barycentric,755,190,20,24.692721414933498,0.0013326577609404922,6.8171288506243135
SUpDEqBary,SUpDEq Barycentric,756,190,30,21.607103231533049,0.0015144464559853077,5.7754538887276174
SUpDEqBary,SUpDEq Barycentric,757,190,45,24.694086482247521,0.0015018255217000842,6.5884764468645036
SUpDEqBary,SUpDEq Barycentric,758,190,60,29.999999880144909,0.0010619510430842638,5.9263934917169427
SUpDEqBary,SUpDEq Barycentric,759,190,75,15.000000876882917,0.0005497062811627984,3.8367191874364548
SUpDEqBary,SUpDEq Barycentric,760,10,75,15.000000876882917,0.0005497062811627984,5.758173471911574
SUpDEqBary,SUpDEq Barycentric,761,10,60,19.160311976351618,0.0010619510430842638,5.9965049307214144
SUpDEqBary,SUpDEq Barycentric,762,10,45,14.106043320415029,0.0015018255217000842,5.2278385094556592
SUpDEqBary,SUpDEq Barycentric,763,10,30,21.721268924650655,0.0015144464559853077,6.3579518718153905
SUpDEqBary,SUpDEq Barycentric,764,10,20,13.892338774103179,0.0013326577609404922,4.4415067909336452
SUpDEqBary,SUpDEq Barycentric,765,10,10,9.8476990078007134,0.0013966393889859319,3.9448994858389939
SUpDEqBary,SUpDEq Barycentric,766,10,0,14.106043901218957,0.0014181847218424082,5.4608566605986617
SUpDEqBary,SUpDEq Barycentric,767,10,-10,22.068454646158248,0.0013966393889859319,6.1660964817474024
SUpDEqBary,SUpDEq Barycentric,768,10,-20,13.481723172448659,0.0013326577609404922,6.0133223477224353
SUpDEqBary,SUpDEq Barycentric,769,10,-30,8.6574993691915836,0.0015144464559853077,4.6187968651107134
SUpDEqBary,SUpDEq Barycentric,770,10,-45,16.937618201740335,0.00080013019032776356,5.5226867290756658
SUpDEqBary,SUpDEq Barycentric,771,185,-45,17.606966457268481,0.00080013019032776356,5.3231836157854353
SUpDEqBary,SUpDEq Barycentric,772,185,-30,24.40718767599158,0.0015144464559853077,6.5287112111811521
SUpDEqBary,SUpDEq Barycentric,773,185,-20,17.584023118169156,0.0013326577609404922,5.5881783854134719
SUpDEqBary,SUpDEq Barycentric,774,185,-10,14.770835684902895,0.0013966393889859319,4.8585294792331446
SUpDEqBary,SUpDEq Barycentric,775,185,0,17.963859965917774,0.0014181847218424082,5.2489597487023048
SUpDEqBary,SUpDEq Barycentric,776,185,10,24.954120181789488,0.0013966393889859319,6.3208885053113963
SUpDEqBary,SUpDEq Barycentric,777,185,20,28.862630859837058,0.0013326577609404922,6.7774115900535321
SUpDEqBary,SUpDEq Barycentric,778,185,30,25.905078268461338,0.0015144464559853077,6.1866149068192646
SUpDEqBary,SUpDEq Barycentric,779,185,45,27.885566114219476,0.0015018255217000842,6.8334059482511913
SUpDEqBary,SUpDEq Barycentric,780,185,60,30.000000997038136,0.0010619510430842638,6.0594348878883633
SUpDEqBary,SUpDEq Barycentric,781,185,75,15.000000519710634,0.0005497062811627984,3.8461663948026894
SUpDEqBary,SUpDEq Barycentric,782,5,75,15.000000519710634,0.0005497062811627984,5.8868602081623074
SUpDEqBary,SUpDEq Barycentric,783,5,60,21.124322746870448,0.0010619510430842638,6.2267589987562619
SUpDEqBary,SUpDEq Barycentric,784,5,45,17.606966457268481,0.0015018255217000842,5.5201841441024433
SUpDEqBary,SUpDEq Barycentric,785,5,30,24.40718767599158,0.0015144464559853077,6.2260987046674083
SUpDEqBary,SUpDEq Barycentric,786,5,20,17.584023118169156,0.0013326577609404922,5.2252796082058275
SUpDEqBary,SUpDEq Barycentric,787,5,10,14.770835684902895,0.0013966393889859319,5.3971509372735005
SUpDEqBary,SUpDEq Barycentric,788,5,0,17.963859965917774,0.0014181847218424082,6.5540263840583597
SUpDEqBary,SUpDEq Barycentric,789,5,-10,20.536778500153151,0.0013966393889859319,6.8200260718347598
SUpDEqBary,SUpDEq Barycentric,790,5,-20,10.974801001997228,0.0013326577609404922,5.2739633981080507
SUpDEqBary,SUpDEq Barycentric,791,5,-30,4.3297835269819025,0.0015144464559853077,3.5087504496398991
SUpDEqBary,SUpDEq Barycentric,792,5,-45,15.507477087468549,0.00080013019032776356,5.315460009823469
MCA,MCA,0,0,-45,14.999999554707983,0.00080013019032776356,5.4319963669463069
MCA,MCA,2,0,-20,9.9999997858989413,0.0013326577609404922,4.5229592193305344
MCA,MCA,3,0,-10,20.000000162186488,0.0013966393889859319,4.7798882442191877
MCA,MCA,4,0,0,22.268744313392595,0.0014181847218424082,4.5700587928052556
MCA,MCA,5,0,10,19.693103693538394,0.0013966393889859319,4.0342832855363691
MCA,MCA,6,0,20,21.720796614325359,0.0013326577609404922,4.00387854039547
MCA,MCA,7,0,30,27.34479831653633,0.0015144464559853077,4.186150326441517
MCA,MCA,8,0,45,21.090580470751792,0.0015018255217000842,3.426842173060149
MCA,MCA,9,0,60,23.283731818796717,0.0010619510430842638,3.6047145862204517
MCA,MCA,10,0,75,15.000000120055846,0.0005497062811627984,3.3350943791482095
MCA,MCA,12,180,75,15.000000120055846,0.0005497062811627984,4.3953038090080874
MCA,MCA,13,180,60,30.000000445292049,0.0010619510430842638,5.4506547570660784
MCA,MCA,14,180,45,31.220426124312098,0.0015018255217000842,5.0654159247211545
MCA,MCA,15,180,30,30.189833851059973,0.0015144464559853077,5.1853605580447582
MCA,MCA,16,180,20,33.108874982180794,0.0013326577609404922,5.4888250337696158
MCA,MCA,17,180,10,28.212088559080865,0.0013966393889859319,5.5362226244864194
MCA,MCA,18,180,0,22.268744313392595,0.0014181847218424082,4.9180046122851167
MCA,MCA,19,180,-10,19.693103693538394,0.0013966393889859319,4.3421231979969086
MCA,MCA,20,180,-20,21.720796614325359,0.0013326577609404922,4.8130449567672251
MCA,MCA,21,180,-30,27.34479831653633,0.0015144464559853077,5.1159858974455963
MCA,MCA,22,180,-45,21.090580470751792,0.00080013019032776356,5.2065054691506996
MCA,MCA,23,355,-45,15.507477087468549,0.00080013019032776356,5.578205687194397
MCA,MCA,24,355,-30,4.3297835269819025,0.0015144464559853077,4.0230131176448625
MCA,MCA,25,355,-20,10.974801001997228,0.0013326577609404922,4.4431334068663366
MCA,MCA,26,355,-10,20.536778500153151,0.0013966393889859319,4.7218313304992217
MCA,MCA,27,355,0,17.963859965917774,0.0014181847218424082,4.4455973150923862
MCA,MCA,28,355,10,14.770835684902895,0.0013966393889859319,3.9100390743390947
MCA,MCA,29,355,20,17.584023118169156,0.0013326577609404922,3.9507621608882544
MCA,MCA,30,355,30,24.40718767599158,0.0015144464559853077,4.1781325018296362
MCA,MCA,31,355,45,17.606966457268481,0.0015018255217000842,3.4228908833151723
MCA,MCA,32,355,60,21.124322746870448,0.0010619510430842638,3.6110309598277364
MCA,MCA,33,355,75,15.000000519710634,0.0005497062811627984,3.3675201666093413
MCA,MCA,34,175,75,15.000000519710634,0.0005497062811627984,4.4094541668202263
MCA,MCA,35,175,60,30.000000997038136,0.0010619510430842638,5.4142841466204681
MCA,MCA,36,175,45,27.885566114219476,0.0015018255217000842,5.0841286565282982
MCA,MCA,37,175,30,25.905078268461338,0.0015144464559853077,5.1527345636214728
MCA,MCA,38,175,20,28.862630859837058,0.0013326577609404922,5.3370293275418357
MCA,MCA,39,175,10,24.954120181789488,0.0013966393889859319,5.457179211139553
MCA,MCA,40,175,0,17.963859965917774,0.0014181847218424082,4.7847116415560249
MCA,MCA,41,175,-10,14.770835684902895,0.0013966393889859319,4.2996857581743804
MCA,MCA,42,175,-20,17.584023118169156,0.0013326577609404922,4.6193299104230201
MCA,MCA,43,175,-30,24.40718767599158,0.0015144464559853077,5.0377163528459299
MCA,MCA,44,175,-45,17.606966457268481,0.00080013019032776356,5.1714920486397684
MCA,MCA,45,350,-45,16.937618201740335,0.00080013019032776356,5.7126187832930038
MCA,MCA,46,350,-30,8.6574993691915836,0.0015144464559853077,4.3130764780251099
MCA,MCA,47,350,-20,13.481723172448659,0.0013326577609404922,4.352362785334015
MCA,MCA,48,350,-10,22.068454646158248,0.0013966393889859319,4.7115743472667528
MCA,MCA,49,350,0,14.106043901218957,0.0014181847218424082,4.3429395500954193
MCA,MCA,50,350,10,9.8476990078007134,0.0013966393889859319,3.7660817873082588
MCA,MCA,51,350,20,13.892338774103179,0.0013326577609404922,3.9051157905257217
MCA,MCA,52,350,30,21.721268924650655,0.0015144464559853077,4.1175614998925898
MCA,MCA,53,350,45,14.106043320415029,0.0015018255217000842,3.2916129271468288
MCA,MCA,54,350,60,19.160311976351618,0.0010619510430842638,3.6340965964105605
MCA,MCA,55,350,75,15.000000876882917,0.0005497062811627984,3.3733051148396527
MCA,MCA,56,170,75,15.000000876882917,0.0005497062811627984,4.4111280964855597
MCA,MCA,57,170,60,29.999999880144909,0.0010619510430842638,5.4590353809166379
MCA,MCA,58,170,45,24.694086482247521,0.0015018255217000842,5.0430338127746301
MCA,MCA,59,170,30,21.607103231533049,0.0015144464559853077,4.978096160198529
MCA,MCA,60,170,20,24.692721414933498,0.0013326577609404922,5.2323961228647642
MCA,MCA,61,170,10,22.337905413351134,0.0013966393889859319,5.2127074829682973
MCA,MCA,62,170,0,14.106043901218957,0.0014181847218424082,4.670826226744099
MCA,MCA,63,170,-10,9.8476990078007134,0.0013966393889859319,4.1484345873500175
MCA,MCA,64,170,-20,13.892338774103179,0.0013326577609404922,4.6114815482231437
MCA,MCA,65,170,-30,21.721268924650655,0.0015144464559853077,5.160652424697191
MCA,MCA,66,170,-45,14.106043320415029,0.00080013019032776356,5.044610602982754
MCA,MCA,67,345,-45,19.080582938811499,0.00080013019032776356,5.9637458462334898
MCA,MCA,68,345,-30,12.981060183000123,0.0015144464559853077,4.6462028168899456
MCA,MCA,69,345,-20,16.847753386581868,0.0013326577609404922,4.270417407896546
MCA,MCA,70,345,-10,20.609356788468691,0.0013966393889859319,4.7141086886085111
MCA,MCA,71,345,0,11.168952636407244,0.0014181847218424082,4.3072796102481341
MCA,MCA,72,345,10,4.923991137574113,0.0013966393889859319,3.5294069918777526
MCA,MCA,73,345,20,11.101905300103793,0.0013326577609404922,3.8401972820862587
MCA,MCA,74,345,30,19.080583481669692,0.0015144464559853077,4.0645105325935225
MCA,MCA,75,345,45,10.591410371458657,0.0015018255217000842,3.2665178371533425
MCA,MCA,76,345,60,17.469138312232101,0.0010619510430842638,3.6584548159233048
MCA,MCA,77,345,75,15.000000205801689,0.0005497062811627984,3.432665609801556
MCA,MCA,78,165,75,15.000000205801689,0.0005497062811627984,4.3835797654425912
MCA,MCA,79,165,60,30.000000110732287,0.0010619510430842638,5.4055292578306187
MCA,MCA,80,165,45,21.721268164114861,0.0015018255217000842,4.9942865154308711
MCA,MCA,81,165,30,17.298330000057948,0.0015144464559853077,4.8457738652566729
MCA,MCA,82,165,20,20.653636294849793,0.0013326577609404922,5.1117900350652938
MCA,MCA,83,165,10,20.609356788468691,0.0013966393889859319,5.0247398817919242
MCA,MCA,84,165,0,11.168952636407244,0.0014181847218424082,4.6050719224423347
MCA,MCA,85,165,-10,4.923991137574113,0.0013966393889859319,4.0082950253538439
MCA,MCA,86,165,-20,11.101905300103793,0.0013326577609404922,4.6379008040656595
MCA,MCA,87,165,-30,19.080583481669692,0.0015144464559853077,5.1323258317737759
MCA,MCA,88,165,-45,10.591410371458657,0.00080013019032776356,4.9337398041974945
MCA,MCA,89,340,-45,21.721267918499912,0.00080013019032776356,6.3621668847624173
MCA,MCA,90,340,-30,16.84775355865764,0.0015144464559853077,4.7674224860959704
MCA,MCA,91,340,-20,14.090652447229385,0.0013326577609404922,4.3046565602778415
MCA,MCA,92,340,-10,17.584023511028544,0.0013966393889859319,4.663755497063554
MCA,MCA,93,340,0,9.9999999527339298,0.0014181847218424082,4.2299944850639948
MCA,MCA,95,340,20,10.000000035409951,0.0013326577609404922,3.8442838511294259
MCA,MCA,96,340,30,16.937616033087821,0.0015144464559853077,4.1334613527759876
MCA,MCA,97,340,45,7.0665741911739026,0.0015018255217000842,3.1972116984809533
MCA,MCA,98,340,60,16.146339438123881,0.0010619510430842638,3.718228653838898
MCA,MCA,99,340,75,15.000000080789578,0.0005497062811627984,3.4344202721987043
MCA,MCA,100,160,75,15.000000080789578,0.0005497062811627984,4.3790213656922541
MCA,MCA,101,160,60,30.000000435073549,0.0010619510430842638,5.4295087009196417
MCA,MCA,102,160,45,19.080583620201772,0.0015018255217000842,4.9782724128192379
MCA,MCA,103,160,30,12.981059482482918,0.0015144464559853077,4.7111719898124589
MCA,MCA,104,160,20,16.847752641975024,0.0013326577609404922,4.8091896167729127
MCA,MCA,105,160,10,19.999999905467796,0.0013966393889859319,4.8276219000745888
MCA,MCA,106,160,0,9.9999999527339298,0.0014181847218424082,4.5959822433855431
MCA,MCA,108,160,-20,10.000000035409951,0.0013326577609404922,4.7767962437107299
MCA,MCA,109,160,-30,16.937616033087821,0.0015144464559853077,5.1772757507117468
MCA,MCA,110,160,-45,7.0665741911739026,0.00080013019032776356,4.8022906102566729
MCA,MCA,111,335,-45,24.694085979776748,0.00080013019032776356,6.4507926379025342
MCA,MCA,112,335,-30,13.481723060064377,0.0015144464559853077,4.7987073920162269
MCA,MCA,113,335,-20,9.395526819952865,0.0013326577609404922,4.2090737560837264
MCA,MCA,114,335,-10,13.892339487305048,0.0013966393889859319,4.7261130059741019
MCA,MCA,115,335,0,11.168952722705445,0.0014181847218424082,4.1814149189541983
MCA,MCA,116,335,10,4.9239914100594815,0.0013966393889859319,3.5322609902319781
MCA,MCA,117,335,20,11.101905984016177,0.0013326577609404922,3.83407227543838
MCA,MCA,118,335,30,15.507477597756536,0.0015144464559853077,4.1793617205679441
MCA,MCA,119,335,45,3.5349723672764939,0.0015018255217000842,3.11993379819822
MCA,MCA,120,335,60,15.294998365211272,0.0010619510430842638,3.7759157836381432
MCA,MCA,121,335,75,15.000000037063414,0.0005497062811627984,3.4483986289345667
MCA,MCA,122,155,75,15.000000037063414,0.0005497062811627984,4.3362042175767508
MCA,MCA,123,155,60,30.000001193671139,0.0010619510430842638,5.3408640504695573
MCA,MCA,124,155,45,16.937618103837618,0.0015018255217000842,4.9403212064120332
MCA,MCA,125,155,30,8.6574997742182269,0.0015144464559853077,4.5841080850117315
MCA,MCA,126,155,20,13.481721255281723,0.0013326577609404922,4.5623895633641665
MCA,MCA,127,155,10,20.60935684332042,0.0013966393889859319,4.8892654383443341
MCA,MCA,128,155,0,11.168952722705445,0.0014181847218424082,4.6564632063530542
MCA,MCA,129,155,-10,4.9239914100594815,0.0013966393889859319,4.2071313918724362
MCA,MCA,130,155,-20,11.101905984016177,0.0013326577609404922,4.8114189857653749
MCA,MCA,131,155,-30,15.507477597756536,0.0015144464559853077,5.1473781057142167
MCA,MCA,132,155,-45,3.5349723672764939,0.00080013019032776356,4.8140070865561313
MCA,MCA,133,330,-45,24.553175192197251,0.00080013019032776356,5.9772462167734375
MCA,MCA,134,330,-30,10.974800968721977,0.0015144464559853077,4.9087152210517484
MCA,MCA,135,330,-20,4.6982881143403246,0.0013326577609404922,4.1551218801708423
MCA,MCA,136,330,-10,11.101905871462817,0.0013966393889859319,4.7834046317506127
MCA,MCA,137,330,0,14.10604466738504,0.0014181847218424082,4.2031685767167746
MCA,MCA,138,330,10,9.8476983963493687,0.0013966393889859319,3.7790705484975344
MCA,MCA,139,330,20,13.892339928739169,0.0013326577609404922,3.8442532799397542
MCA,MCA,140,330,30,14.999998739050708,0.0015144464559853077,4.1795508109501425
MCA,MCA,142,330,60,15.000001038303349,0.0010619510430842638,3.8726856625363695
MCA,MCA,143,330,75,14.999999926042548,0.0005497062811627984,3.5280189856294686
MCA,MCA,144,150,75,14.999999926042548,0.0005497062811627984,4.3238974324155599
MCA,MCA,145,150,60,30.000000111323018,0.0010619510430842638,5.2794891837019682
MCA,MCA,146,150,45,15.507477619497367,0.0015018255217000842,4.9281821308777722
MCA,MCA,147,150,30,4.3297829047621343,0.0015144464559853077,4.3674253654948876
MCA,MCA,148,150,20,10.974799216332263,0.0013326577609404922,4.6644916098574623
MCA,MCA,149,150,10,20.536778047345422,0.0013966393889859319,5.0820758618868176
MCA,MCA,150,150,0,14.10604466738504,0.0014181847218424082,4.8061897109096634
MCA,MCA,151,150,-10,9.8476983963493687,0.0013966393889859319,4.3645049217495631
MCA,MCA,152,150,-20,13.892339928739169,0.0013326577609404922,4.6405543030727125
MCA,MCA,153,150,-30,14.999998739050708,0.0015144464559853077,5.2160423457863612
MCA,MCA,155,325,-45,21.090583039068701,0.00080013019032776356,5.7330008353115245
MCA,MCA,156,325,-30,9.9999992480583071,0.0015144464559853077,4.8871157778750032
MCA,MCA,158,325,-10,10.000000442464293,0.0013966393889859319,4.7818415889978034
MCA,MCA,159,325,0,17.963860447378917,0.0014181847218424082,4.4966574742393535
MCA,MCA,160,325,10,14.770837930353938,0.0013966393889859319,4.1167355802807801
MCA,MCA,161,325,20,17.584023511028544,0.0013326577609404922,3.8701421797606672
MCA,MCA,162,325,30,15.507477619497367,0.0015144464559853077,4.3392834882515983
MCA,MCA,163,325,45,3.5349726093893015,0.0015018255217000842,3.0819745201881776
MCA,MCA,164,325,60,15.294998948342053,0.0010619510430842638,3.8762473715805559
MCA,MCA,165,325,75,15.000000513611642,0.0005497062811627984,3.5325096741159161
MCA,MCA,166,145,75,15.000000513611642,0.0005497062811627984,4.3319836471403512
MCA,MCA,167,145,60,29.999999338596972,0.0010619510430842638,5.0879728039372063
MCA,MCA,168,145,45,14.999999418095857,0.0015018255217000842,4.8379444378821264
MCA,MCA,170,145,20,9.9999992480583071,0.0013326577609404922,4.8636195684467358
MCA,MCA,171,145,10,19.999999690522536,0.0013966393889859319,5.19221930142354
MCA,MCA,172,145,0,17.963860447378917,0.0014181847218424082,4.9322724277346053
MCA,MCA,173,145,-10,14.770837930353938,0.0013966393889859319,4.6454614006847343
MCA,MCA,174,145,-20,17.584023511028544,0.0013326577609404922,4.6342510357425937
MCA,MCA,175,145,-30,15.507477619497367,0.0015144464559853077,5.0783434803615117
MCA,MCA,176,145,-45,3.5349726093893015,0.00080013019032776356,5.0683360525093697
MCA,MCA,177,320,-45,17.606967058132422,0.00080013019032776356,5.5520828556072876
MCA,MCA,178,320,-30,10.974800783883671,0.0015144464559853077,4.9784893923794424
MCA,MCA,179,320,-20,4.6982895983919564,0.0013326577609404922,4.4497091861014288
MCA,MCA,180,320,-10,11.101905566123458,0.0013966393889859319,4.8968302136337263
MCA,MCA,181,320,0,20.590672409097611,0.0014181847218424082,4.7141627840767937
MCA,MCA,182,320,10,19.693105071764794,0.0013966393889859319,4.3655852544263167
MCA,MCA,183,320,20,18.782569533125056,0.0013326577609404922,3.8868858284147505
MCA,MCA,184,320,30,16.937618856363812,0.0015144464559853077,4.2688894870979635
MCA,MCA,185,320,45,7.0665759174006428,0.0015018255217000842,3.2930225353710423
MCA,MCA,186,320,60,16.146340174030033,0.0010619510430842638,3.9082027753555626
MCA,MCA,187,320,75,15.000000045981704,0.0005497062811627984,3.5566572450942022
MCA,MCA,188,140,75,15.000000045981704,0.0005497062811627984,4.3242353834750737
MCA,MCA,189,140,60,30.000000754713284,0.0010619510430842638,4.9889890741352954
MCA,MCA,190,140,45,15.507478746963535,0.0015018255217000842,4.8234817442451465
MCA,MCA,191,140,30,4.3297856282053244,0.0015144464559853077,4.5681521740665776
MCA,MCA,192,140,20,10.974801461651374,0.0013326577609404922,4.9888794307797939
MCA,MCA,193,140,10,20.536778438540473,0.0013966393889859319,5.3155634711854134
MCA,MCA,194,140,0,22.268745808076812,0.0014181847218424082,5.1115458953545314
MCA,MCA,195,140,-10,19.693105071764794,0.0013966393889859319,4.8949358687510749
MCA,MCA,196,140,-20,18.782569533125056,0.0013326577609404922,4.6185864831138446
MCA,MCA,197,140,-30,16.937618856363812,0.0015144464559853077,4.9262185513039833
MCA,MCA,198,140,-45,7.0665759174006428,0.00080013019032776356,5.4550669653983928
MCA,MCA,199,315,-45,14.106044843106213,0.00080013019032776356,5.5760131405833118
MCA,MCA,200,315,-30,13.481722024217131,0.0015144464559853077,4.9848268488664136
MCA,MCA,201,315,-20,9.3955270425035575,0.0013326577609404922,4.7872530796668924
MCA,MCA,202,315,-10,13.892338468968779,0.0013966393889859319,5.1797011638957793
MCA,MCA,203,315,0,22.268744826474858,0.0014181847218424082,4.9522013025561327
MCA,MCA,204,315,10,17.584022658769534,0.0013966393889859319,4.4765100984107074
MCA,MCA,205,315,20,14.090651603071073,0.0013326577609404922,4.0009737811513961
MCA,MCA,206,315,30,16.847751846686993,0.0015144464559853077,4.2511076582608078
MCA,MCA,207,315,45,10.591412221441374,0.0015018255217000842,3.4547693986006065
MCA,MCA,208,315,60,17.469139229498978,0.0010619510430842638,3.9277395938640862
MCA,MCA,209,315,75,15.000000759196658,0.0005497062811627984,3.5415231197827408
MCA,MCA,210,135,75,15.000000759196658,0.0005497062811627984,4.2798342832570491
MCA,MCA,211,135,60,27.967953256853754,0.0010619510430842638,4.9006233072523111
MCA,MCA,212,135,45,16.937618541531808,0.0015018255217000842,4.6965995265506031
MCA,MCA,213,135,30,8.6575008924471586,0.0015144464559853077,4.7329953440539763
MCA,MCA,214,135,20,13.481723581082752,0.0013326577609404922,5.1585944674670019
MCA,MCA,215,135,10,22.068454074222679,0.0013966393889859319,5.4309855726430714
MCA,MCA,216,135,0,24.814217316458059,0.0014181847218424082,5.2058438028315779
MCA,MCA,217,135,-10,17.584022658769534,0.0013966393889859319,4.9620592436075404
MCA,MCA,218,135,-20,14.090651603071073,0.0013326577609404922,4.5641880913261303
MCA,MCA,219,135,-30,16.847751846686993,0.0015144464559853077,4.8697553133683549
MCA,MCA,220,135,-45,10.591412221441374,0.00080013019032776356,5.7866285201873149
MCA,MCA,221,310,-45,10.591412169898064,0.00080013019032776356,5.5563603211275909
MCA,MCA,222,310,-30,16.847751615755694,0.0015144464559853077,5.1445816132342053
MCA,MCA,223,310,-20,14.090650791577101,0.0013326577609404922,5.1518117382440289
MCA,MCA,224,310,-10,17.584022183303819,0.0013966393889859319,5.343164959078532
MCA,MCA,225,310,0,22.26874569765862,0.0014181847218424082,5.1030423597269534
MCA,MCA,226,310,10,13.892339559573843,0.0013966393889859319,4.6143280313058312
MCA,MCA,227,310,20,9.3955278474439847,0.0013326577609404922,4.1315649831657062
MCA,MCA,228,310,30,13.481722693495358,0.0015144464559853077,4.2506623356056741
MCA,MCA,229,310,45,14.106044861351487,0.0015018255217000842,3.5064361364114629
MCA,MCA,230,310,60,19.160311981928583,0.0010619510430842638,3.9772147840398948
MCA,MCA,231,310,75,15.000000045981704,0.0005497062811627984,3.5168584439620969
MCA,MCA,232,130,75,15.000000045981704,0.0005497062811627984,4.2474209485853267
MCA,MCA,233,130,60,25.579586991885623,0.0010619510430842638,4.7534451973733374
MCA,MCA,234,130,45,19.080584438556169,0.0015018255217000842,4.76065512555832
MCA,MCA,235,130,30,12.981060122360738,0.0015144464559853077,4.8408673971616318
MCA,MCA,236,130,20,16.847752970154431,0.0013326577609404922,5.1905714099435025
MCA,MCA,237,130,10,24.407187574190903,0.0013966393889859319,5.3360586208477523
MCA,MCA,238,130,0,22.26874569765862,0.0014181847218424082,5.1253671920182446
MCA,MCA,239,130,-10,13.892339559573843,0.0013966393889859319,5.0630971647643079
MCA,MCA,240,130,-20,9.3955278474439847,0.0013326577609404922,4.7101675290880376
MCA,MCA,241,130,-30,13.481722693495358,0.0015144464559853077,4.9731084630090185
MCA,MCA,242,130,-45,14.106044861351487,0.00080013019032776356,6.1274143773631531
MCA,MCA,243,305,-45,7.0665737578836278,0.00080013019032776356,5.4262951923420566
MCA,MCA,244,305,-30,16.937618103837618,0.0015144464559853077,5.2814005992097632
MCA,MCA,245,305,-20,18.782571022300161,0.0013326577609404922,5.4094494599786884
MCA,MCA,246,305,-10,21.720794676281667,0.0013966393889859319,5.298147421021028
MCA,MCA,247,305,0,20.590672601212329,0.0014181847218424082,5.0334192997329916
MCA,MCA,248,305,10,11.101906097405333,0.0013966393889859319,4.7113447734607412
MCA,MCA,249,305,20,4.6982881143403246,0.0013326577609404922,3.9910867780500769
MCA,MCA,250,305,30,10.974799216332263,0.0015144464559853077,4.3130129635157974
MCA,MCA,251,305,45,17.606969385403353,0.0015018255217000842,3.619709428334291
MCA,MCA,252,305,60,21.124323795477249,0.0010619510430842638,4.0600136940199336
MCA,MCA,253,305,75,15.000000513611642,0.0005497062811627984,3.5453548117707498
MCA,MCA,254,125,75,15.000000513611642,0.0005497062811627984,4.2489524393917879
MCA,MCA,255,125,60,23.283732169116558,0.0010619510430842638,4.733208621312488
MCA,MCA,256,125,45,21.090580421606788,0.0015018255217000842,4.7993826684917904
MCA,MCA,257,125,30,17.298331880789124,0.0015144464559853077,4.7961193244411771
MCA,MCA,258,125,20,20.653637823309932,0.0013326577609404922,5.1678600029485144
MCA,MCA,259,125,10,19.693105582230331,0.0013966393889859319,5.3471909874451322
MCA,MCA,260,125,0,20.590672601212329,0.0014181847218424082,5.1818552140995129
MCA,MCA,261,125,-10,11.101906097405333,0.0013966393889859319,5.1499015377062083
MCA,MCA,262,125,-20,4.6982881143403246,0.0013326577609404922,4.7880907705569546
MCA,MCA,263,125,-30,10.974799216332263,0.0015144464559853077,5.2906809001861497
MCA,MCA,264,125,-45,17.606969385403353,0.00080013019032776356,6.3965443061108491
MCA,MCA,265,300,-45,3.5349723672764939,0.00080013019032776356,4.7827069360693715
MCA,MCA,266,300,-30,15.507477882749432,0.0015144464559853077,5.503115312373577
MCA,MCA,267,300,-20,21.720797258522222,0.0013326577609404922,5.6606836109237681
MCA,MCA,268,300,-10,19.693102264372424,0.0013966393889859319,5.2586561227561157
MCA,MCA,269,300,0,20.000001081696542,0.0014181847218424082,5.0309726234437138
MCA,MCA,270,300,10,10.000001188003743,0.0013966393889859319,4.8468981570714798
MCA,MCA,272,300,30,9.999999029626526,0.0015144464559853077,4.3834968709106068
MCA,MCA,273,300,45,21.09058345153683,0.0015018255217000842,3.8161883763230766
MCA,MCA,274,300,60,23.283732956340483,0.0010619510430842638,4.0629854453229104
MCA,MCA,275,300,75,14.999999926042548,0.0005497062811627984,3.5682643634515077
MCA,MCA,276,120,75,14.999999926042548,0.0005497062811627984,4.1281722258210358
MCA,MCA,277,120,60,21.124323816652065,0.0010619510430842638,4.6385242755016325
MCA,MCA,278,120,45,17.606966457268481,0.0015018255217000842,4.841749411691759
MCA,MCA,279,120,30,21.607104488938131,0.0015144464559853077,4.8610276509406605
MCA,MCA,280,120,20,17.584023920930079,0.0013326577609404922,5.2493582099577001
MCA,MCA,281,120,10,14.770834162524009,0.0013966393889859319,5.2888556372455655
MCA,MCA,282,120,0,17.963860119699778,0.0014181847218424082,5.3783492610295234
MCA,MCA,283,120,-10,10.000001188003743,0.0013966393889859319,5.1724716579940413
MCA,MCA,285,120,-30,9.999999029626526,0.0015144464559853077,5.5386745272315263
MCA,MCA,286,120,-45,21.09058345153683,0.00080013019032776356,6.5842482836598499
MCA,MCA,288,295,-30,14.999999968681948,0.0015144464559853077,5.7147794919437898
MCA,MCA,289,295,-20,17.584023688118002,0.0013326577609404922,5.7093679096807968
MCA,MCA,290,295,-10,14.7708350451899,0.0013966393889859319,5.3992924247167533
MCA,MCA,291,295,0,17.963859654834859,0.0014181847218424082,5.0156604868107317
MCA,MCA,292,295,10,11.101906323216596,0.0013966393889859319,4.9099777927719517
MCA,MCA,293,295,20,4.6982885557778449,0.0013326577609404922,4.2435892917436284
MCA,MCA,294,295,30,10.974800180129701,0.0015144464559853077,4.5245591646179237
MCA,MCA,295,295,45,21.09058089744196,0.0015018255217000842,3.8828926182238037
MCA,MCA,296,295,60,23.283731703845064,0.0010619510430842638,4.0565477214182488
MCA,MCA,297,295,75,15.000000037063414,0.0005497062811627984,3.5390126611588117
MCA,MCA,298,115,75,15.000000037063414,0.0005497062811627984,4.0210744583756783
MCA,MCA,299,115,60,19.1603114048904,0.0010619510430842638,4.4598475762370775
MCA,MCA,300,115,45,14.106044049359161,0.0015018255217000842,4.6478649244209729
MCA,MCA,301,115,30,21.721268937441273,0.0015144464559853077,4.9057416295534804
MCA,MCA,302,115,20,13.892339676756846,0.0013326577609404922,5.1724532000024421
MCA,MCA,303,115,10,9.8476988264340477,0.0013966393889859319,5.2913495975731086
MCA,MCA,304,115,0,14.106043681994763,0.0014181847218424082,5.4807674024096444
MCA,MCA,305,115,-10,11.101906323216596,0.0013966393889859319,5.2646386561628269
MCA,MCA,306,115,-20,4.6982885557778449,0.0013326577609404922,4.9825750111786427
MCA,MCA,307,115,-30,10.974800180129701,0.0015144464559853077,5.841736743522457
MCA,MCA,308,115,-45,24.553175192197251,0.00080013019032776356,6.7647876909817173
MCA,MCA,309,290,-45,3.5349729711425013,0.00080013019032776356,4.6132053079312243
MCA,MCA,310,290,-30,15.507476946310584,0.0015144464559853077,5.6456017841594628
MCA,MCA,311,290,-20,13.892338343524369,0.0013326577609404922,5.7193880108447708
MCA,MCA,312,290,-10,9.8476990078007134,0.0013966393889859319,5.2277277818712333
MCA,MCA,313,290,0,14.106044537805667,0.0014181847218424082,5.1261269981078428
MCA,MCA,314,290,10,13.892339928739169,0.0013966393889859319,5.2007285730319515
MCA,MCA,315,290,20,9.3955278431111164,0.0013326577609404922,4.5989909941816203
MCA,MCA,316,290,30,13.481723153110721,0.0015144464559853077,4.6688875384825055
MCA,MCA,317,290,45,17.606966632428144,0.0015018255217000842,3.9640358854118727
MCA,MCA,318,290,60,21.124323628857301,0.0010619510430842638,3.9986386611136071
MCA,MCA,319,290,75,15.000000080789578,0.0005497062811627984,3.5669646610489618
MCA,MCA,320,110,75,15.000000080789578,0.0005497062811627984,4.0062619685065757
MCA,MCA,321,110,60,17.469138507459274,0.0010619510430842638,4.3260158661105717
MCA,MCA,322,110,45,10.591410810340577,0.0015018255217000842,4.5609324310569983
MCA,MCA,323,110,30,19.080583258701811,0.0015144464559853077,4.9433107224279516
MCA,MCA,324,110,20,11.101904792308432,0.0013326577609404922,4.8112533455878639
MCA,MCA,325,110,10,4.923991137574113,0.0013966393889859319,4.953609395214932
MCA,MCA,326,110,0,11.168952764252944,0.0014181847218424082,5.4580609963701754
MCA,MCA,327,110,-10,13.892339928739169,0.0013966393889859319,5.4900797773764642
MCA,MCA,328,110,-20,9.3955278431111164,0.0013326577609404922,5.2944556743100568
MCA,MCA,329,110,-30,13.481723153110721,0.0015144464559853077,5.8925683988606634
MCA,MCA,330,110,-45,26.335321932194201,0.00080013019032776356,6.7965321334289914
MCA,MCA,331,285,-45,7.066573973819299,0.00080013019032776356,5.2403319086471392
MCA,MCA,332,285,-30,16.937618364774703,0.0015144464559853077,5.933904710632337
MCA,MCA,333,285,-20,11.101905237270087,0.0013326577609404922,5.9204249636367132
MCA,MCA,334,285,-10,4.923991597886185,0.0013966393889859319,4.9887894964690238
MCA,MCA,335,285,0,11.168952776943851,0.0014181847218424082,5.1764220444331297
MCA,MCA,336,285,10,17.584023920930079,0.0013966393889859319,5.3653472375630296
MCA,MCA,337,285,20,14.090652882944042,0.0013326577609404922,4.8328763752508319
MCA,MCA,338,285,30,16.847753664559015,0.0015144464559853077,4.7438267072246845
MCA,MCA,339,285,45,14.106044534968714,0.0015018255217000842,4.0043434614026516
MCA,MCA,340,285,60,19.16031220270019,0.0010619510430842638,3.9098928328159359
MCA,MCA,341,285,75,15.000000205801689,0.0005497062811627984,3.6068304565246208
MCA,MCA,342,105,75,15.000000205801689,0.0005497062811627984,4.0194783107918575
MCA,MCA,343,105,60,16.146339982767262,0.0010619510430842638,4.1462519277704191
MCA,MCA,344,105,45,7.0665746820713302,0.0015018255217000842,4.4963454873604132
MCA,MCA,345,105,30,16.937617826182553,0.0015144464559853077,4.8737960606171304
MCA,MCA,346,105,20,10.000001042231721,0.0013326577609404922,4.9970701032675144
MCA,MCA,348,105,0,9.9999997713238429,0.0014181847218424082,5.3137858059657699
MCA,MCA,349,105,-10,17.584023920930079,0.0013966393889859319,5.3825216979492563
MCA,MCA,350,105,-20,14.090652882944042,0.0013326577609404922,5.4259200300566608
MCA,MCA,351,105,-30,16.847753664559015,0.0015144464559853077,5.9440273153113514
MCA,MCA,352,105,-45,27.912101967116733,0.00080013019032776356,6.8056127645206459
MCA,MCA,353,280,-45,10.591410568697148,0.00080013019032776356,5.741478308605207
MCA,MCA,354,280,-30,19.080584560230658,0.0015144464559853077,6.0192150204043893
MCA,MCA,355,280,-20,10.000000312474459,0.0013326577609404922,5.8599164400468027
MCA,MCA,357,280,0,10.000000063334213,0.0014181847218424082,5.4885337216986558
MCA,MCA,358,280,10,20.000000126668425,0.0013966393889859319,5.4281299886346979
MCA,MCA,359,280,20,18.782572356704865,0.0013326577609404922,4.9922667418930722
MCA,MCA,360,280,30,19.080583769633087,0.0015144464559853077,4.8364045352320977
MCA,MCA,361,280,45,10.591411252424974,0.0015018255217000842,3.9611289774034502
MCA,MCA,362,280,60,17.46913876234531,0.0010619510430842638,3.8584221873683049
MCA,MCA,363,280,75,15.000000876882917,0.0005497062811627984,3.6480264811320215
MCA,MCA,364,100,75,15.000000876882917,0.0005497062811627984,3.9675346054678129
MCA,MCA,365,100,60,15.294999564249215,0.0010619510430842638,4.0256821375693228
MCA,MCA,366,100,45,3.5349730246201427,0.0015018255217000842,4.288504125631464
MCA,MCA,367,100,30,15.507478063998745,0.0015144464559853077,4.6712178459606184
MCA,MCA,368,100,20,11.101905383875703,0.0013326577609404922,5.1855710461104705
MCA,MCA,369,100,10,4.923991597886185,0.0013966393889859319,5.2173355182900316
MCA,MCA,370,100,0,11.168952618752609,0.0014181847218424082,5.5894805412984425
MCA,MCA,371,100,-10,19.693104520766859,0.0013966393889859319,5.1444502827021914
MCA,MCA,372,100,-20,18.782572356704865,0.0013326577609404922,5.617352514285411
MCA,MCA,373,100,-30,20.653638018260867,0.0015144464559853077,6.0926604553649213
MCA,MCA,374,100,-45,24.553173207647458,0.00080013019032776356,6.5453061583149728
MCA,MCA,375,275,-45,14.106044049359161,0.00080013019032776356,6.0031498627358282
MCA,MCA,376,275,-30,20.53677829030493,0.0015144464559853077,5.9352883554469322
MCA,MCA,377,275,-20,11.101905198345321,0.0013326577609404922,5.8239162570685492
MCA,MCA,378,275,-10,4.9239920503845713,0.0013966393889859319,5.0944852531589708
MCA,MCA,379,275,0,11.16895302052127,0.0014181847218424082,5.5252976532255476
MCA,MCA,380,275,10,19.69310407722487,0.0013966393889859319,5.6134821197290217
MCA,MCA,381,275,20,21.720796852149238,0.0013326577609404922,5.1930554977070322
MCA,MCA,382,275,30,16.937617453527647,0.0015144464559853077,5.0596013037361152
MCA,MCA,383,275,45,7.0665743376950143,0.0015018255217000842,3.8995245668868308
MCA,MCA,384,275,60,16.146339106920092,0.0010619510430842638,3.9376994627709512
MCA,MCA,385,275,75,15.000000519710634,0.0005497062811627984,3.6990881623362415
MCA,MCA,386,95,75,15.000000519710634,0.0005497062811627984,3.9466550500605169
MCA,MCA,387,95,60,14.999999903155175,0.0010619510430842638,3.9764125031194029
MCA,MCA,389,95,30,14.999998860864325,0.0015144464559853077,4.881860868495254
MCA,MCA,390,95,20,13.892339311357045,0.0013326577609404922,5.4001686866426475
MCA,MCA,391,95,10,9.8476999267451841,0.0013966393889859319,5.760481908107483
MCA,MCA,392,95,0,14.106044325762864,0.0014181847218424082,5.7921814159905738
MCA,MCA,393,95,-10,14.770835961042275,0.0013966393889859319,5.384537435768161
MCA,MCA,394,95,-20,17.584023136331574,0.0013326577609404922,5.6994061670808751
MCA,MCA,395,95,-30,24.40718811313571,0.0015144464559853077,6.115331624143062
MCA,MCA,396,95,-45,21.09058089744196,0.00080013019032776356,6.4310097706011895
MCA,MCA,397,270,-45,17.606966600082263,0.00080013019032776356,6.2710499414107579
MCA,MCA,398,270,-30,22.068454646158248,0.0015144464559853077,6.052985637837585
MCA,MCA,399,270,-20,13.892339141059953,0.0013326577609404922,5.7370745752588679
MCA,MCA,400,270,-10,9.8476998269605698,0.0013966393889859319,5.3436511282085259
MCA,MCA,401,270,0,14.106044534885925,0.0014181847218424082,5.4601292499783094
MCA,MCA,402,270,10,14.770836052664333,0.0013966393889859319,5.9005706372851412
MCA,MCA,403,270,20,17.584023579682643,0.0013326577609404922,5.5582827885797608
MCA,MCA,404,270,30,15.507477087468549,0.0015144464559853077,5.0846638439475935
MCA,MCA,405,270,45,3.5349727355105256,0.0015018255217000842,3.7732876123803845
MCA,MCA,406,270,60,15.294998954736444,0.0010619510430842638,3.913748087228925
MCA,MCA,407,270,75,15.000000120055846,0.0005497062811627984,3.7413668920480374
MCA,MCA,408,90,75,15.000000120055846,0.0005497062811627984,3.9137109682170372
MCA,MCA,409,90,60,15.294998954736444,0.0010619510430842638,4.0194991735082164
MCA,MCA,410,90,45,3.5349727355105256,0.0015018255217000842,3.9942758469834798
MCA,MCA,411,90,30,15.507477087468549,0.0015144464559853077,4.8189117235053036
MCA,MCA,412,90,20,17.584023579682643,0.0013326577609404922,5.4128787066217168
MCA,MCA,413,90,10,14.770836052664333,0.0013966393889859319,5.9631597000055327
MCA,MCA,414,90,0,14.106044534885925,0.0014181847218424082,5.4401556881419983
MCA,MCA,415,90,-10,9.8476998269605698,0.0013966393889859319,5.2359370193049948
MCA,MCA,416,90,-20,13.892339141059953,0.0013326577609404922,5.8194716698954645
MCA,MCA,417,90,-30,22.068454646158248,0.0015144464559853077,6.1757279973125145
MCA,MCA,418,90,-45,17.606966600082263,0.00080013019032776356,6.1454384656126697
MCA,MCA,419,265,-45,21.09058089744196,0.00080013019032776356,6.5804102390078185
MCA,MCA,420,265,-30,24.40718811313571,0.0015144464559853077,5.9701594643414246
MCA,MCA,421,265,-20,17.584023136331574,0.0013326577609404922,5.5171583119239695
MCA,MCA,422,265,-10,14.770835961042275,0.0013966393889859319,5.5000820734526759
MCA,MCA,423,265,0,14.106044325762864,0.0014181847218424082,5.5897736997161571
MCA,MCA,424,265,10,9.8476999267451841,0.0013966393889859319,5.5480506242322924
MCA,MCA,425,265,20,13.892339311357045,0.0013326577609404922,5.6870152159789864
MCA,MCA,426,265,30,14.999998860864325,0.0015144464559853077,5.2353821322252534
MCA,MCA,428,265,60,14.999999903155175,0.0010619510430842638,3.9030392745861437
MCA,MCA,429,265,75,15.000000519710634,0.0005497062811627984,3.8054426839472195
MCA,MCA,430,85,75,15.000000519710634,0.0005497062811627984,3.9208041991095501
MCA,MCA,431,85,60,16.146339106920092,0.0010619510430842638,4.0572104698736959
MCA,MCA,432,85,45,7.0665743376950143,0.0015018255217000842,4.0695822735554028
MCA,MCA,433,85,30,16.937617453527647,0.0015144464559853077,4.6455040869366435
MCA,MCA,434,85,20,21.720796852149238,0.0013326577609404922,5.20582478804348
MCA,MCA,435,85,10,19.69310407722487,0.0013966393889859319,5.5010812294409641
MCA,MCA,436,85,0,11.16895302052127,0.0014181847218424082,5.875291088102359
MCA,MCA,437,85,-10,4.9239920503845713,0.0013966393889859319,4.9026256394293908
MCA,MCA,438,85,-20,11.101905198345321,0.0013326577609404922,5.7116361701339864
MCA,MCA,439,85,-30,20.53677829030493,0.0015144464559853077,6.2819826236438878
MCA,MCA,440,85,-45,14.106044049359161,0.00080013019032776356,6.0829384647576434
MCA,MCA,441,260,-45,24.553173207647458,0.00080013019032776356,6.7596711403565815
MCA,MCA,442,260,-30,20.653638018260867,0.0015144464559853077,5.7836112921627532
MCA,MCA,443,260,-20,18.782572356704865,0.0013326577609404922,5.3693104528194588
MCA,MCA,444,260,-10,19.693104520766859,0.0013966393889859319,5.3284273110178964
MCA,MCA,445,260,0,11.168952618752609,0.0014181847218424082,5.6095204530857865
MCA,MCA,446,260,10,4.923991597886185,0.0013966393889859319,5.19533999979671
MCA,MCA,447,260,20,11.101905383875703,0.0013326577609404922,5.4635954778857583
MCA,MCA,448,260,30,15.507478063998745,0.0015144464559853077,5.3487754480484835
MCA,MCA,449,260,45,3.5349730246201427,0.0015018255217000842,3.848533057034091
MCA,MCA,450,260,60,15.294999564249215,0.0010619510430842638,3.9918100946773909
MCA,MCA,451,260,75,15.000000876882917,0.0005497062811627984,3.8519265298126544
MCA,MCA,452,80,75,15.000000876882917,0.0005497062811627984,3.8642463236468427
MCA,MCA,453,80,60,17.46913876234531,0.0010619510430842638,4.0476852805200503
MCA,MCA,454,80,45,10.591411252424974,0.0015018255217000842,4.0758404318899535
MCA,MCA,455,80,30,19.080583769633087,0.0015144464559853077,4.5359400558112677
MCA,MCA,456,80,20,18.782572356704865,0.0013326577609404922,4.7925668155089713
MCA,MCA,457,80,10,20.000000126668425,0.0013966393889859319,5.4160732361956914
MCA,MCA,458,80,0,10.000000063334213,0.0014181847218424082,5.6445224857429457
MCA,MCA,460,80,-20,10.000000312474459,0.0013326577609404922,5.7408344733279639
MCA,MCA,461,80,-30,19.080584560230658,0.0015144464559853077,6.1634496652409352
MCA,MCA,462,80,-45,10.591410568697148,0.00080013019032776356,5.8897690430933087
MCA,MCA,463,255,-45,27.912101967116733,0.00080013019032776356,6.8918842712968571
MCA,MCA,464,255,-30,16.847753664559015,0.0015144464559853077,5.7974949931348467
MCA,MCA,465,255,-20,14.090652882944042,0.0013326577609404922,5.1780542382385342
MCA,MCA,466,255,-10,17.584023920930079,0.0013966393889859319,5.4943886113349425
MCA,MCA,467,255,0,9.9999997713238429,0.0014181847218424082,5.057069388625627
MCA,MCA,469,255,20,10.000001042231721,0.0013326577609404922,5.1732589820520367
MCA,MCA,470,255,30,16.937617826182553,0.0015144464559853077,5.230575847529221
MCA,MCA,471,255,45,7.0665746820713302,0.0015018255217000842,4.1358871173983225
MCA,MCA,472,255,60,16.146339982767262,0.0010619510430842638,4.1370096144982416
MCA,MCA,473,255,75,15.000000205801689,0.0005497062811627984,3.8773172744091635
MCA,MCA,474,75,75,15.000000205801689,0.0005497062811627984,3.8065760625394165
MCA,MCA,475,75,60,19.16031220270019,0.0010619510430842638,3.9917465133450065
MCA,MCA,476,75,45,14.106044534968714,0.0015018255217000842,3.9775721567125291
MCA,MCA,477,75,30,16.847753664559015,0.0015144464559853077,4.5440027994431942
MCA,MCA,478,75,20,14.090652882944042,0.0013326577609404922,4.7804166088776388
MCA,MCA,479,75,10,17.584023920930079,0.0013966393889859319,5.384504017338906
MCA,MCA,480,75,0,11.168952776943851,0.0014181847218424082,5.3290577803251677
MCA,MCA,481,75,-10,4.923991597886185,0.0013966393889859319,5.0289200224093742
MCA,MCA,482,75,-20,11.101905237270087,0.0013326577609404922,5.7182282481586402
MCA,MCA,483,75,-30,16.937618364774703,0.0015144464559853077,6.0580635967148559
MCA,MCA,484,75,-45,7.066573973819299,0.00080013019032776356,5.2822588153289702
MCA,MCA,485,250,-45,26.335321932194201,0.00080013019032776356,7.0883032477899572
MCA,MCA,486,250,-30,13.481723153110721,0.0015144464559853077,5.8746939257758495
MCA,MCA,487,250,-20,9.3955278431111164,0.0013326577609404922,5.0921676857624041
MCA,MCA,488,250,-10,13.892339928739169,0.0013966393889859319,5.4809229029077757
MCA,MCA,489,250,0,11.168952764252944,0.0014181847218424082,5.1604988050382135
MCA,MCA,490,250,10,4.923991137574113,0.0013966393889859319,4.9043039266435846
MCA,MCA,491,250,20,11.101904792308432,0.0013326577609404922,4.9137174596765876
MCA,MCA,492,250,30,19.080583258701811,0.0015144464559853077,5.2029685559720171
MCA,MCA,493,250,45,10.591410810340577,0.0015018255217000842,4.3455897114220994
MCA,MCA,494,250,60,17.469138507459274,0.0010619510430842638,4.3499080007162796
MCA,MCA,495,250,75,15.000000080789578,0.0005497062811627984,3.88048134016113
MCA,MCA,496,70,75,15.000000080789578,0.0005497062811627984,3.8061225140818036
MCA,MCA,497,70,60,21.124323628857301,0.0010619510430842638,3.9704751730572458
MCA,MCA,498,70,45,17.606966632428144,0.0015018255217000842,3.9489818050525418
MCA,MCA,499,70,30,13.481723153110721,0.0015144464559853077,4.421238180719512
MCA,MCA,500,70,20,9.3955278431111164,0.0013326577609404922,4.6357303972678432
MCA,MCA,501,70,10,13.892339928739169,0.0013966393889859319,5.1711601717323115
MCA,MCA,502,70,0,14.106044537805667,0.0014181847218424082,5.3225645037770741
MCA,MCA,503,70,-10,9.8476990078007134,0.0013966393889859319,5.2086916841351005
MCA,MCA,504,70,-20,13.892338343524369,0.0013326577609404922,5.687572279132997
MCA,MCA,505,70,-30,15.507476946310584,0.0015144464559853077,5.7866742402015037
MCA,MCA,506,70,-45,3.5349729711425013,0.00080013019032776356,4.5819446785877993
MCA,MCA,507,245,-45,24.553175192197251,0.00080013019032776356,7.3238756506773335
MCA,MCA,508,245,-30,10.974800180129701,0.0015144464559853077,5.8895001360445516
MCA,MCA,509,245,-20,4.6982885557778449,0.0013326577609404922,4.9583038919478373
MCA,MCA,510,245,-10,11.101906323216596,0.0013966393889859319,5.2510269166406749
MCA,MCA,511,245,0,14.106043681994763,0.0014181847218424082,5.3988508616595956
MCA,MCA,512,245,10,9.8476988264340477,0.0013966393889859319,5.2571432496852442
MCA,MCA,513,245,20,13.892339676756846,0.0013326577609404922,5.1384310574964456
MCA,MCA,514,245,30,21.721268937441273,0.0015144464559853077,5.0838557878184325
MCA,MCA,515,245,45,14.106044049359161,0.0015018255217000842,4.4835623662938184
MCA,MCA,516,245,60,19.1603114048904,0.0010619510430842638,4.5157440110480289
MCA,MCA,517,245,75,15.000000037063414,0.0005497062811627984,3.8975639842835732
MCA,MCA,518,65,75,15.000000037063414,0.0005497062811627984,3.7560658613962161
MCA,MCA,519,65,60,23.283731703845064,0.0010619510430842638,3.9450672589679097
MCA,MCA,520,65,45,21.09058089744196,0.0015018255217000842,3.9851368036285093
MCA,MCA,521,65,30,10.974800180129701,0.0015144464559853077,4.359583342704493
MCA,MCA,522,65,20,4.6982885557778449,0.0013326577609404922,4.257282596297598
MCA,MCA,523,65,10,11.101906323216596,0.0013966393889859319,4.8737557856628051
MCA,MCA,524,65,0,17.963859654834859,0.0014181847218424082,5.2118814153466282
MCA,MCA,525,65,-10,14.7708350451899,0.0013966393889859319,5.3021566327244214
MCA,MCA,526,65,-20,17.584023688118002,0.0013326577609404922,5.611369212140521
MCA,MCA,527,65,-30,14.999999968681948,0.0015144464559853077,5.7524209924744589
MCA,MCA,529,240,-45,21.09058345153683,0.00080013019032776356,7.4152440966113318
MCA,MCA,530,240,-30,9.999999029626526,0.0015144464559853077,5.8025676535733588
MCA,MCA,532,240,-10,10.000001188003743,0.0013966393889859319,5.1074287701011132
MCA,MCA,533,240,0,17.963860119699778,0.0014181847218424082,5.3202321240038222
MCA,MCA,534,240,10,14.770834162524009,0.0013966393889859319,5.2449389899950933
MCA,MCA,535,240,20,17.584023920930079,0.0013326577609404922,5.0685003309744951
MCA,MCA,536,240,30,21.607104488938131,0.0015144464559853077,5.0085162938816907
MCA,MCA,537,240,45,17.606966457268481,0.0015018255217000842,4.6401526837006735
MCA,MCA,538,240,60,21.124323816652065,0.0010619510430842638,4.6633421458373689
MCA,MCA,539,240,75,14.999999926042548,0.0005497062811627984,3.9790087556969129
MCA,MCA,540,60,75,14.999999926042548,0.0005497062811627984,3.69182915606679
MCA,MCA,541,60,60,23.283732956340483,0.0010619510430842638,3.9582579629746149
MCA,MCA,542,60,45,21.09058345153683,0.0015018255217000842,4.0235500448831401
MCA,MCA,543,60,30,9.999999029626526,0.0015144464559853077,4.2904570481084638
MCA,MCA,545,60,10,10.000001188003743,0.0013966393889859319,4.8104444522984027
MCA,MCA,546,60,0,20.000001081696542,0.0014181847218424082,5.1903227716571338
MCA,MCA,547,60,-10,19.693102264372424,0.0013966393889859319,5.3269200828905907
MCA,MCA,548,60,-20,21.720797258522222,0.0013326577609404922,5.5487115687118438
MCA,MCA,549,60,-30,15.507477882749432,0.0015144464559853077,5.4410474258837107
MCA,MCA,550,60,-45,3.5349723672764939,0.00080013019032776356,4.632184853464886
MCA,MCA,551,235,-45,17.606969385403353,0.00080013019032776356,7.2125553014619017
MCA,MCA,552,235,-30,10.974799216332263,0.0015144464559853077,5.4329363268015554
MCA,MCA,553,235,-20,4.6982881143403246,0.0013326577609404922,4.6486801560879405
MCA,MCA,554,235,-10,11.101906097405333,0.0013966393889859319,5.1785209660073512
MCA,MCA,555,235,0,20.590672601212329,0.0014181847218424082,5.2763518440396586
MCA,MCA,556,235,10,19.693105582230331,0.0013966393889859319,5.0976591828867948
MCA,MCA,557,235,20,20.653637823309932,0.0013326577609404922,5.0663771006353358
MCA,MCA,558,235,30,17.298331880789124,0.0015144464559853077,4.8347512947770577
MCA,MCA,559,235,45,21.090580421606788,0.0015018255217000842,4.6360633248940291
MCA,MCA,560,235,60,23.283732169116558,0.0010619510430842638,4.7744455421046945
MCA,MCA,561,235,75,15.000000513611642,0.0005497062811627984,3.9444202893382081
MCA,MCA,562,55,75,15.000000513611642,0.0005497062811627984,3.6952172228000575
MCA,MCA,563,55,60,21.124323795477249,0.0010619510430842638,3.8783435711303653
MCA,MCA,564,55,45,17.606969385403353,0.0015018255217000842,3.8886445141460015
MCA,MCA,565,55,30,10.974799216332263,0.0015144464559853077,4.278763493171601
MCA,MCA,566,55,20,4.6982881143403246,0.0013326577609404922,4.104708300256771
MCA,MCA,567,55,10,11.101906097405333,0.0013966393889859319,4.7168397721230999
MCA,MCA,568,55,0,20.590672601212329,0.0014181847218424082,5.1955211969016855
MCA,MCA,569,55,-10,21.720794676281667,0.0013966393889859319,5.2089937087716134
MCA,MCA,570,55,-20,18.782571022300161,0.0013326577609404922,5.3569784232916513
MCA,MCA,571,55,-30,16.937618103837618,0.0015144464559853077,5.3597786222072292
MCA,MCA,572,55,-45,7.0665737578836278,0.00080013019032776356,5.0558472141526458
MCA,MCA,573,230,-45,14.106044861351487,0.00080013019032776356,6.9229911372932085
MCA,MCA,574,230,-30,13.481722693495358,0.0015144464559853077,5.2774231958912772
MCA,MCA,575,230,-20,9.3955278474439847,0.0013326577609404922,4.634313027806316
MCA,MCA,576,230,-10,13.892339559573843,0.0013966393889859319,5.1051141004161771
MCA,MCA,577,230,0,22.26874569765862,0.0014181847218424082,5.2890541195269485
MCA,MCA,578,230,10,24.407187574190903,0.0013966393889859319,5.1836870104167021
MCA,MCA,579,230,20,16.847752970154431,0.0013326577609404922,4.9240920695246908
MCA,MCA,580,230,30,12.981060122360738,0.0015144464559853077,4.6985920277623077
MCA,MCA,581,230,45,19.080584438556169,0.0015018255217000842,4.802378515732733
MCA,MCA,582,230,60,25.579586991885623,0.0010619510430842638,4.9092989489343877
MCA,MCA,583,230,75,15.000000045981704,0.0005497062811627984,4.0264487501256898
MCA,MCA,584,50,75,15.000000045981704,0.0005497062811627984,3.6893647799914024
MCA,MCA,585,50,60,19.160311981928583,0.0010619510430842638,3.8210920593366287
MCA,MCA,586,50,45,14.106044861351487,0.0015018255217000842,3.7610322534277416
MCA,MCA,587,50,30,13.481722693495358,0.0015144464559853077,4.3289601407300378
MCA,MCA,588,50,20,9.3955278474439847,0.0013326577609404922,4.0760810318781351
MCA,MCA,589,50,10,13.892339559573843,0.0013966393889859319,4.6036110434299866
MCA,MCA,590,50,0,22.26874569765862,0.0014181847218424082,5.0186243380522209
MCA,MCA,591,50,-10,17.584022183303819,0.0013966393889859319,5.0928162139674926
MCA,MCA,592,50,-20,14.090650791577101,0.0013326577609404922,5.3141285036952359
MCA,MCA,593,50,-30,16.847751615755694,0.0015144464559853077,5.1532422458632974
MCA,MCA,594,50,-45,10.591412169898064,0.00080013019032776356,5.2113645604938954
MCA,MCA,595,225,-45,10.591412221441374,0.00080013019032776356,6.4864445909196782
MCA,MCA,596,225,-30,16.847751846686993,0.0015144464559853077,5.1339485908621763
MCA,MCA,597,225,-20,14.090651603071073,0.0013326577609404922,4.746187707090022
MCA,MCA,598,225,-10,17.584022658769534,0.0013966393889859319,5.133461344920712
MCA,MCA,599,225,0,24.814217316458059,0.0014181847218424082,5.1846173986701141
MCA,MCA,600,225,10,22.068454074222679,0.0013966393889859319,5.1681858533673477
MCA,MCA,601,225,20,13.481723581082752,0.0013326577609404922,4.8342416300177415
MCA,MCA,602,225,30,8.6575008924471586,0.0015144464559853077,4.5278196540050848
MCA,MCA,603,225,45,16.937618541531808,0.0015018255217000842,4.9010816380979199
MCA,MCA,604,225,60,27.967953256853754,0.0010619510430842638,4.9871425308674118
MCA,MCA,605,225,75,15.000000759196658,0.0005497062811627984,4.1191606791485569
MCA,MCA,606,45,75,15.000000759196658,0.0005497062811627984,3.7030605227945301
MCA,MCA,607,45,60,17.469139229498978,0.0010619510430842638,3.7291050101316814
MCA,MCA,608,45,45,10.591412221441374,0.0015018255217000842,3.575166898439579
MCA,MCA,609,45,30,16.847751846686993,0.0015144464559853077,4.3127400849954975
MCA,MCA,610,45,20,14.090651603071073,0.0013326577609404922,4.0813529384469689
MCA,MCA,611,45,10,17.584022658769534,0.0013966393889859319,4.4900655596575332
MCA,MCA,612,45,0,22.268744826474858,0.0014181847218424082,4.8563215901098493
MCA,MCA,613,45,-10,13.892338468968779,0.0013966393889859319,4.8932180203373701
MCA,MCA,614,45,-20,9.3955270425035575,0.0013326577609404922,4.9936500269670638
MCA,MCA,615,45,-30,13.481722024217131,0.0015144464559853077,5.0696128980452313
MCA,MCA,616,45,-45,14.106044843106213,0.00080013019032776356,5.3833333546303104
MCA,MCA,617,220,-45,7.0665759174006428,0.00080013019032776356,6.0360942309005345
MCA,MCA,618,220,-30,16.937618856363812,0.0015144464559853077,5.0696868526510466
MCA,MCA,619,220,-20,18.782569533125056,0.0013326577609404922,4.8336743758934819
MCA,MCA,620,220,-10,19.693105071764794,0.0013966393889859319,5.0533710370177269
MCA,MCA,621,220,0,22.268745808076812,0.0014181847218424082,5.0078073602462503
MCA,MCA,622,220,10,20.536778438540473,0.0013966393889859319,5.0626455103633168
MCA,MCA,623,220,20,10.974801461651374,0.0013326577609404922,4.850080113537337
MCA,MCA,624,220,30,4.3297856282053244,0.0015144464559853077,4.3581045210133063
MCA,MCA,625,220,45,15.507478746963535,0.0015018255217000842,4.8585305201513256
MCA,MCA,626,220,60,30.000000754713284,0.0010619510430842638,5.0270794537846522
MCA,MCA,627,220,75,15.000000045981704,0.0005497062811627984,4.2074280904326038
MCA,MCA,628,40,75,15.000000045981704,0.0005497062811627984,3.6936230430433978
MCA,MCA,629,40,60,16.146340174030033,0.0010619510430842638,3.6406595672242701
MCA,MCA,630,40,45,7.0665759174006428,0.0015018255217000842,3.454853072438985
MCA,MCA,631,40,30,16.937618856363812,0.0015144464559853077,4.2185159472636515
MCA,MCA,632,40,20,18.782569533125056,0.0013326577609404922,4.0118712175785305
MCA,MCA,633,40,10,19.693105071764794,0.0013966393889859319,4.3702791127075544
MCA,MCA,634,40,0,20.590672409097611,0.0014181847218424082,4.5746779483497866
MCA,MCA,635,40,-10,11.101905566123458,0.0013966393889859319,4.6688496057616371
MCA,MCA,636,40,-20,4.6982895983919564,0.0013326577609404922,4.688917151482844
MCA,MCA,637,40,-30,10.974800783883671,0.0015144464559853077,4.947611420495015
MCA,MCA,638,40,-45,17.606967058132422,0.00080013019032776356,5.3817472778746032
MCA,MCA,639,215,-45,3.5349726093893015,0.00080013019032776356,5.695890318902098
MCA,MCA,640,215,-30,15.507477619497367,0.0015144464559853077,4.9896229242424308
MCA,MCA,641,215,-20,17.584023511028544,0.0013326577609404922,5.0497451748007274
MCA,MCA,642,215,-10,14.770837930353938,0.0013966393889859319,4.9781440735614879
MCA,MCA,643,215,0,17.963860447378917,0.0014181847218424082,4.9123861278454681
MCA,MCA,644,215,10,19.999999690522536,0.0013966393889859319,5.0471434559282606
MCA,MCA,645,215,20,9.9999992480583071,0.0013326577609404922,4.7028495109259172
MCA,MCA,647,215,45,14.999999418095857,0.0015018255217000842,4.8661758113080165
MCA,MCA,648,215,60,29.999999338596972,0.0010619510430842638,5.1244953509008377
MCA,MCA,649,215,75,15.000000513611642,0.0005497062811627984,4.273908641287421
MCA,MCA,650,35,75,15.000000513611642,0.0005497062811627984,3.6681482007382709
MCA,MCA,651,35,60,15.294998948342053,0.0010619510430842638,3.604973305274318
MCA,MCA,652,35,45,3.5349726093893015,0.0015018255217000842,3.3058271152763794
MCA,MCA,653,35,30,15.507477619497367,0.0015144464559853077,4.2646166236733727
MCA,MCA,654,35,20,17.584023511028544,0.0013326577609404922,4.0484986158011207
MCA,MCA,655,35,10,14.770837930353938,0.0013966393889859319,4.1738258459186959
MCA,MCA,656,35,0,17.963860447378917,0.0014181847218424082,4.3229323281942493
MCA,MCA,657,35,-10,10.000000442464293,0.0013966393889859319,4.5199406854817301
MCA,MCA,659,35,-30,9.9999992480583071,0.0015144464559853077,4.9229148117600028
MCA,MCA,660,35,-45,21.090583039068701,0.00080013019032776356,5.9323849466683489
MCA,MCA,662,210,-30,14.999998739050708,0.0015144464559853077,5.1559632460829272
MCA,MCA,663,210,-20,13.892339928739169,0.0013326577609404922,5.1019648008968081
MCA,MCA,664,210,-10,9.8476983963493687,0.0013966393889859319,4.8095303287781608
MCA,MCA,665,210,0,14.10604466738504,0.0014181847218424082,4.7728412024657878
MCA,MCA,666,210,10,20.536778047345422,0.0013966393889859319,4.9882505890377029
MCA,MCA,667,210,20,10.974799216332263,0.0013326577609404922,4.6106125457993388
MCA,MCA,668,210,30,4.3297829047621343,0.0015144464559853077,4.1815715637944786
MCA,MCA,669,210,45,15.507477619497367,0.0015018255217000842,4.9257072509651723
MCA,MCA,670,210,60,30.000000111323018,0.0010619510430842638,5.1481311880191463
MCA,MCA,671,210,75,14.999999926042548,0.0005497062811627984,4.2977102518428163
MCA,MCA,672,30,75,14.999999926042548,0.0005497062811627984,3.6925707297855195
MCA,MCA,673,30,60,15.000001038303349,0.0010619510430842638,3.5530180245296168
MCA,MCA,675,30,30,14.999998739050708,0.0015144464559853077,4.2422744387133973
MCA,MCA,676,30,20,13.892339928739169,0.0013326577609404922,3.9458048733611464
MCA,MCA,677,30,10,9.8476983963493687,0.0013966393889859319,3.9761657168638611
MCA,MCA,678,30,0,14.10604466738504,0.0014181847218424082,4.1516361583098416
MCA,MCA,679,30,-10,11.101905871462817,0.0013966393889859319,4.4559485702392587
MCA,MCA,680,30,-20,4.6982881143403246,0.0013326577609404922,4.4032316520080954
MCA,MCA,681,30,-30,10.974800968721977,0.0015144464559853077,4.8949674790275983
MCA,MCA,682,30,-45,24.553175192197251,0.00080013019032776356,6.4952913342719407
MCA,MCA,683,205,-45,3.5349723672764939,0.00080013019032776356,5.4481865308956738
MCA,MCA,684,205,-30,15.507477597756536,0.0015144464559853077,5.2948392036364824
MCA,MCA,685,205,-20,11.101905984016177,0.0013326577609404922,5.2017602257411539
MCA,MCA,686,205,-10,4.9239914100594815,0.0013966393889859319,4.6493718775681039
MCA,MCA,687,205,0,11.168952722705445,0.0014181847218424082,4.6645106569551498
MCA,MCA,688,205,10,20.60935684332042,0.0013966393889859319,4.8853354319749132
MCA,MCA,689,205,20,13.481721255281723,0.0013326577609404922,4.7567132057328783
MCA,MCA,690,205,30,8.6574997742182269,0.0015144464559853077,4.3473707940841031
MCA,MCA,691,205,45,16.937618103837618,0.0015018255217000842,4.9756168796845355
MCA,MCA,692,205,60,30.000001193671139,0.0010619510430842638,5.2599586363133719
MCA,MCA,693,205,75,15.000000037063414,0.0005497062811627984,4.3802187559342514
MCA,MCA,694,25,75,15.000000037063414,0.0005497062811627984,3.6589057303652068
MCA,MCA,695,25,60,15.294998365211272,0.0010619510430842638,3.5043402964122081
MCA,MCA,696,25,45,3.5349723672764939,0.0015018255217000842,3.3172051671497411
MCA,MCA,697,25,30,15.507477597756536,0.0015144464559853077,4.2406648424688198
MCA,MCA,698,25,20,11.101905984016177,0.0013326577609404922,3.857194596963271
MCA,MCA,699,25,10,4.9239914100594815,0.0013966393889859319,3.7217115636883338
MCA,MCA,700,25,0,11.168952722705445,0.0014181847218424082,4.0197321172561233
MCA,MCA,701,25,-10,13.892339487305048,0.0013966393889859319,4.5144527601170692
MCA,MCA,702,25,-20,9.395526819952865,0.0013326577609404922,4.4664349773271317
MCA,MCA,703,25,-30,13.481723060064377,0.0015144464559853077,4.9686604809496631
MCA,MCA,704,25,-45,24.694085979776748,0.00080013019032776356,6.6202180484459907
MCA,MCA,705,200,-45,7.0665741911739026,0.00080013019032776356,5.3218835202989947
MCA,MCA,706,200,-30,16.937616033087821,0.0015144464559853077,5.3012889467162569
MCA,MCA,707,200,-20,10.000000035409951,0.0013326577609404922,5.1253604408689677
MCA,MCA,709,200,0,9.9999999527339298,0.0014181847218424082,4.565257832258399
MCA,MCA,710,200,10,19.999999905467796,0.0013966393889859319,4.8774881466532891
MCA,MCA,711,200,20,16.847752641975024,0.0013326577609404922,4.8922856752857848
MCA,MCA,712,200,30,12.981059482482918,0.0015144464559853077,4.5663293993155269
MCA,MCA,713,200,45,19.080583620201772,0.0015018255217000842,5.0780962761905233
MCA,MCA,714,200,60,30.000000435073549,0.0010619510430842638,5.3512624250429717
MCA,MCA,715,200,75,15.000000080789578,0.0005497062811627984,4.3689133633982156
MCA,MCA,716,20,75,15.000000080789578,0.0005497062811627984,3.6693541199375548
MCA,MCA,717,20,60,16.146339438123881,0.0010619510430842638,3.488866116881697
MCA,MCA,718,20,45,7.0665741911739026,0.0015018255217000842,3.4320595448670264
MCA,MCA,719,20,30,16.937616033087821,0.0015144464559853077,4.2390254471189559
MCA,MCA,720,20,20,10.000000035409951,0.0013326577609404922,3.8035640950168101
MCA,MCA,722,20,0,9.9999999527339298,0.0014181847218424082,3.9795006690981283
MCA,MCA,723,20,-10,17.584023511028544,0.0013966393889859319,4.5901755538075442
MCA,MCA,724,20,-20,14.090652447229385,0.0013326577609404922,4.5539585915985139
MCA,MCA,725,20,-30,16.84775355865764,0.0015144464559853077,4.8206087420670665
MCA,MCA,726,20,-45,21.721267918499912,0.00080013019032776356,6.1953537103276037
MCA,MCA,727,195,-45,10.591410371458657,0.00080013019032776356,5.2428961225935717
MCA,MCA,728,195,-30,19.080583481669692,0.0015144464559853077,5.2504280113378767
MCA,MCA,729,195,-20,11.101905300103793,0.0013326577609404922,5.0022139661700855
MCA,MCA,730,195,-10,4.923991137574113,0.0013966393889859319,4.3350281576577068
MCA,MCA,731,195,0,11.168952636407244,0.0014181847218424082,4.575903085495086
MCA,MCA,732,195,10,20.609356788468691,0.0013966393889859319,4.970788340845818
MCA,MCA,733,195,20,20.653636294849793,0.0013326577609404922,5.0725335689135775
MCA,MCA,734,195,30,17.298330000057948,0.0015144464559853077,4.7351257034022476
MCA,MCA,735,195,45,21.721268164114861,0.0015018255217000842,5.1558129125490728
MCA,MCA,736,195,60,30.000000110732287,0.0010619510430842638,5.4229957353049576
MCA,MCA,737,195,75,15.000000205801689,0.0005497062811627984,4.3692168898468093
MCA,MCA,738,15,75,15.000000205801689,0.0005497062811627984,3.6431078085111306
MCA,MCA,739,15,60,17.469138312232101,0.0010619510430842638,3.4670461616146726
MCA,MCA,740,15,45,10.591410371458657,0.0015018255217000842,3.5082667094854458
MCA,MCA,741,15,30,19.080583481669692,0.0015144464559853077,4.2260446774962652
MCA,MCA,742,15,20,11.101905300103793,0.0013326577609404922,3.7974437501141725
MCA,MCA,743,15,10,4.923991137574113,0.0013966393889859319,3.5952648415771931
MCA,MCA,744,15,0,11.168952636407244,0.0014181847218424082,4.1160824403126588
MCA,MCA,745,15,-10,20.609356788468691,0.0013966393889859319,4.6057896952435966
MCA,MCA,746,15,-20,16.847753386581868,0.0013326577609404922,4.6366044705354206
MCA,MCA,747,15,-30,12.981060183000123,0.0015144464559853077,4.6713979312750515
MCA,MCA,748,15,-45,19.080582938811499,0.00080013019032776356,5.8509689817906709
MCA,MCA,749,190,-45,14.106043320415029,0.00080013019032776356,5.226977174405314
MCA,MCA,750,190,-30,21.721268924650655,0.0015144464559853077,5.2590723734786886
MCA,MCA,751,190,-20,13.892338774103179,0.0013326577609404922,4.9476972970581139
MCA,MCA,752,190,-10,9.8476990078007134,0.0013966393889859319,4.4115915807078503
MCA,MCA,753,190,0,14.106043901218957,0.0014181847218424082,4.7700588716409991
MCA,MCA,754,190,10,22.337905413351134,0.0013966393889859319,5.1738325915818768
MCA,MCA,755,190,20,24.692721414933498,0.0013326577609404922,5.2717184078652854
MCA,MCA,756,190,30,21.607103231533049,0.0015144464559853077,4.9330675424826884
MCA,MCA,757,190,45,24.694086482247521,0.0015018255217000842,5.1693312090882255
MCA,MCA,758,190,60,29.999999880144909,0.0010619510430842638,5.402947141964531
MCA,MCA,759,190,75,15.000000876882917,0.0005497062811627984,4.3254370530570947
MCA,MCA,760,10,75,15.000000876882917,0.0005497062811627984,3.6146071411037584
MCA,MCA,761,10,60,19.160311976351618,0.0010619510430842638,3.4872257772400279
MCA,MCA,762,10,45,14.106043320415029,0.0015018255217000842,3.5257246825162651
MCA,MCA,763,10,30,21.721268924650655,0.0015144464559853077,4.1995161914881969
MCA,MCA,764,10,20,13.892338774103179,0.0013326577609404922,3.7865565090834696
MCA,MCA,765,10,10,9.8476990078007134,0.0013966393889859319,3.7334363237188417
MCA,MCA,766,10,0,14.106043901218957,0.0014181847218424082,4.3014504122884452
MCA,MCA,767,10,-10,22.068454646158248,0.0013966393889859319,4.6837458270056223
MCA,MCA,768,10,-20,13.481723172448659,0.0013326577609404922,4.6074089538346747
MCA,MCA,769,10,-30,8.6574993691915836,0.0015144464559853077,4.4365460907456225
MCA,MCA,770,10,-45,16.937618201740335,0.00080013019032776356,5.6432536594339533
MCA,MCA,771,185,-45,17.606966457268481,0.00080013019032776356,5.2380713086880135
MCA,MCA,772,185,-30,24.40718767599158,0.0015144464559853077,5.2540949934471364
MCA,MCA,773,185,-20,17.584023118169156,0.0013326577609404922,4.9127725279547851
MCA,MCA,774,185,-10,14.770835684902895,0.0013966393889859319,4.5464827400375114
MCA,MCA,775,185,0,17.963859965917774,0.0014181847218424082,4.994461644515531
MCA,MCA,776,185,10,24.954120181789488,0.0013966393889859319,5.3508078358311986
MCA,MCA,777,185,20,28.862630859837058,0.0013326577609404922,5.4495386154557925
MCA,MCA,778,185,30,25.905078268461338,0.0015144464559853077,5.0432527514542782
MCA,MCA,779,185,45,27.885566114219476,0.0015018255217000842,5.1792325311852796
MCA,MCA,780,185,60,30.000000997038136,0.0010619510430842638,5.4251296538405089
MCA,MCA,781,185,75,15.000000519710634,0.0005497062811627984,4.3294131262183502
MCA,MCA,782,5,75,15.000000519710634,0.0005497062811627984,3.5715749030085719
MCA,MCA,783,5,60,21.124322746870448,0.0010619510430842638,3.52012218307283
MCA,MCA,784,5,45,17.606966457268481,0.0015018255217000842,3.5718347151518959
MCA,MCA,785,5,30,24.40718767599158,0.0015144464559853077,4.1931769226112729
MCA,MCA,786,5,20,17.584023118169156,0.0013326577609404922,3.9025182351933485
MCA,MCA,787,5,10,14.770835684902895,0.0013966393889859319,3.9938178680938772
MCA,MCA,788,5,0,17.963859965917774,0.0014181847218424082,4.4135575490209309
MCA,MCA,789,5,-10,20.536778500153151,0.0013966393889859319,4.6305258222630972
MCA,MCA,790,5,-20,10.974801001997228,0.0013326577609404922,4.5043931551647214
MCA,MCA,791,5,-30,4.3297835269819025,0.0015144464559853077,4.2568872374706341
MCA,MCA,792,5,-45,15.507477087468549,0.00080013019032776356,5.4601001420000124
MCARv351,MCAR v3.5.1,0,0,-45,14.999999554707983,0.00080013019032776356,4.2590146346168813
MCARv351,MCAR v3.5.1,2,0,-20,9.9999997858989413,0.0013326577609404922,3.6321575464267544
MCARv351,MCAR v3.5.1,3,0,-10,20.000000162186488,0.0013966393889859319,3.5153858079142251
MCARv351,MCAR v3.5.1,4,0,0,22.268744313392595,0.0014181847218424082,3.3363120503741288
MCARv351,MCAR v3.5.1,5,0,10,19.693103693538394,0.0013966393889859319,2.8519934483052927
MCARv351,MCAR v3.5.1,6,0,20,21.720796614325359,0.0013326577609404922,2.862143227348942
MCARv351,MCAR v3.5.1,7,0,30,27.34479831653633,0.0015144464559853077,2.9976552371000036
MCARv351,MCAR v3.5.1,8,0,45,21.090580470751792,0.0015018255217000842,2.6486972951757504
MCARv351,MCAR v3.5.1,9,0,60,23.283731818796717,0.0010619510430842638,2.47166539909772
MCARv351,MCAR v3.5.1,10,0,75,15.000000120055846,0.0005497062811627984,2.3720068876102598
MCARv351,MCAR v3.5.1,12,180,75,15.000000120055846,0.0005497062811627984,3.2457823464281419
MCARv351,MCAR v3.5.1,13,180,60,30.000000445292049,0.0010619510430842638,4.0615014554822713
MCARv351,MCAR v3.5.1,14,180,45,31.220426124312098,0.0015018255217000842,3.6135183991726745
MCARv351,MCAR v3.5.1,15,180,30,30.189833851059973,0.0015144464559853077,3.6305760381257048
MCARv351,MCAR v3.5.1,16,180,20,33.108874982180794,0.0013326577609404922,4.033347812333246
MCARv351,MCAR v3.5.1,17,180,10,28.212088559080865,0.0013966393889859319,4.1812083743195165
MCARv351,MCAR v3.5.1,18,180,0,22.268744313392595,0.0014181847218424082,3.5973370592037055
MCARv351,MCAR v3.5.1,19,180,-10,19.693103693538394,0.0013966393889859319,3.4801176124983928
MCARv351,MCAR v3.5.1,20,180,-20,21.720796614325359,0.0013326577609404922,3.733257090894647
MCARv351,MCAR v3.5.1,21,180,-30,27.34479831653633,0.0015144464559853077,4.0377669570455357
MCARv351,MCAR v3.5.1,22,180,-45,21.090580470751792,0.00080013019032776356,4.2190541306493614
MCARv351,MCAR v3.5.1,23,355,-45,15.507477087468549,0.00080013019032776356,4.2872227797817155
MCARv351,MCAR v3.5.1,24,355,-30,4.3297835269819025,0.0015144464559853077,3.2845058805684704
MCARv351,MCAR v3.5.1,25,355,-20,10.974801001997228,0.0013326577609404922,3.6229649173182086
MCARv351,MCAR v3.5.1,26,355,-10,20.536778500153151,0.0013966393889859319,3.5218168710814299
MCARv351,MCAR v3.5.1,27,355,0,17.963859965917774,0.0014181847218424082,3.2633409225638998
MCARv351,MCAR v3.5.1,28,355,10,14.770835684902895,0.0013966393889859319,2.8029219200007653
MCARv351,MCAR v3.5.1,29,355,20,17.584023118169156,0.0013326577609404922,2.8204889563535311
MCARv351,MCAR v3.5.1,30,355,30,24.40718767599158,0.0015144464559853077,2.9280255233746106
MCARv351,MCAR v3.5.1,31,355,45,17.606966457268481,0.0015018255217000842,2.641450109528539
MCARv351,MCAR v3.5.1,32,355,60,21.124322746870448,0.0010619510430842638,2.4876586320162204
MCARv351,MCAR v3.5.1,33,355,75,15.000000519710634,0.0005497062811627984,2.3525285506955411
MCARv351,MCAR v3.5.1,34,175,75,15.000000519710634,0.0005497062811627984,3.258031971402028
MCARv351,MCAR v3.5.1,35,175,60,30.000000997038136,0.0010619510430842638,3.9960537596870638
MCARv351,MCAR v3.5.1,36,175,45,27.885566114219476,0.0015018255217000842,3.5594101614240885
MCARv351,MCAR v3.5.1,37,175,30,25.905078268461338,0.0015144464559853077,3.5679839115830911
MCARv351,MCAR v3.5.1,38,175,20,28.862630859837058,0.0013326577609404922,3.8747420539439195
MCARv351,MCAR v3.5.1,39,175,10,24.954120181789488,0.0013966393889859319,4.1026047897483489
MCARv351,MCAR v3.5.1,40,175,0,17.963859965917774,0.0014181847218424082,3.5037953976727607
MCARv351,MCAR v3.5.1,41,175,-10,14.770835684902895,0.0013966393889859319,3.4616567073492033
MCARv351,MCAR v3.5.1,42,175,-20,17.584023118169156,0.0013326577609404922,3.5506174977262588
MCARv351,MCAR v3.5.1,43,175,-30,24.40718767599158,0.0015144464559853077,3.9584626144429049
MCARv351,MCAR v3.5.1,44,175,-45,17.606966457268481,0.00080013019032776356,4.098337136010227
MCARv351,MCAR v3.5.1,45,350,-45,16.937618201740335,0.00080013019032776356,4.2643398646787256
MCARv351,MCAR v3.5.1,46,350,-30,8.6574993691915836,0.0015144464559853077,3.4049085760248086
MCARv351,MCAR v3.5.1,47,350,-20,13.481723172448659,0.0013326577609404922,3.5644223662116059
MCARv351,MCAR v3.5.1,48,350,-10,22.068454646158248,0.0013966393889859319,3.5006903044332911
MCARv351,MCAR v3.5.1,49,350,0,14.106043901218957,0.0014181847218424082,3.2060625710500541
MCARv351,MCAR v3.5.1,50,350,10,9.8476990078007134,0.0013966393889859319,2.7187892200166268
MCARv351,MCAR v3.5.1,51,350,20,13.892338774103179,0.0013326577609404922,2.8363366289494589
MCARv351,MCAR v3.5.1,52,350,30,21.721268924650655,0.0015144464559853077,2.868304991702896
MCARv351,MCAR v3.5.1,53,350,45,14.106043320415029,0.0015018255217000842,2.5370486502101346
MCARv351,MCAR v3.5.1,54,350,60,19.160311976351618,0.0010619510430842638,2.5060946498254548
MCARv351,MCAR v3.5.1,55,350,75,15.000000876882917,0.0005497062811627984,2.313189601683431
MCARv351,MCAR v3.5.1,56,170,75,15.000000876882917,0.0005497062811627984,3.284685168240046
MCARv351,MCAR v3.5.1,57,170,60,29.999999880144909,0.0010619510430842638,3.9889648334861025
MCARv351,MCAR v3.5.1,58,170,45,24.694086482247521,0.0015018255217000842,3.5126669356348823
MCARv351,MCAR v3.5.1,59,170,30,21.607103231533049,0.0015144464559853077,3.3877897457129857
MCARv351,MCAR v3.5.1,60,170,20,24.692721414933498,0.0013326577609404922,3.8316423141206952
MCARv351,MCAR v3.5.1,61,170,10,22.337905413351134,0.0013966393889859319,3.9253429414899439
MCARv351,MCAR v3.5.1,62,170,0,14.106043901218957,0.0014181847218424082,3.4387405338316768
MCARv351,MCAR v3.5.1,63,170,-10,9.8476990078007134,0.0013966393889859319,3.286292613278484
MCARv351,MCAR v3.5.1,64,170,-20,13.892338774103179,0.0013326577609404922,3.4530311890535419
MCARv351,MCAR v3.5.1,65,170,-30,21.721268924650655,0.0015144464559853077,3.9061349314109148
MCARv351,MCAR v3.5.1,66,170,-45,14.106043320415029,0.00080013019032776356,3.9403078259872739
MCARv351,MCAR v3.5.1,67,345,-45,19.080582938811499,0.00080013019032776356,4.4071667278667341
MCARv351,MCAR v3.5.1,68,345,-30,12.981060183000123,0.0015144464559853077,3.5961076814853317
MCARv351,MCAR v3.5.1,69,345,-20,16.847753386581868,0.0013326577609404922,3.5030328684894445
MCARv351,MCAR v3.5.1,70,345,-10,20.609356788468691,0.0013966393889859319,3.4429214754540869
MCARv351,MCAR v3.5.1,71,345,0,11.168952636407244,0.0014181847218424082,3.1842687472548792
MCARv351,MCAR v3.5.1,72,345,10,4.923991137574113,0.0013966393889859319,2.6693439097671994
MCARv351,MCAR v3.5.1,73,345,20,11.101905300103793,0.0013326577609404922,2.8048510671561315
MCARv351,MCAR v3.5.1,74,345,30,19.080583481669692,0.0015144464559853077,2.7797770012592791
MCARv351,MCAR v3.5.1,75,345,45,10.591410371458657,0.0015018255217000842,2.5311001610875623
MCARv351,MCAR v3.5.1,76,345,60,17.469138312232101,0.0010619510430842638,2.502959191832721
MCARv351,MCAR v3.5.1,77,345,75,15.000000205801689,0.0005497062811627984,2.3264331620021164
MCARv351,MCAR v3.5.1,78,165,75,15.000000205801689,0.0005497062811627984,3.2268580485098992
MCARv351,MCAR v3.5.1,79,165,60,30.000000110732287,0.0010619510430842638,3.9435993474445836
MCARv351,MCAR v3.5.1,80,165,45,21.721268164114861,0.0015018255217000842,3.5585134580333007
MCARv351,MCAR v3.5.1,81,165,30,17.298330000057948,0.0015144464559853077,3.2966579486615357
MCARv351,MCAR v3.5.1,82,165,20,20.653636294849793,0.0013326577609404922,3.8228815651314263
MCARv351,MCAR v3.5.1,83,165,10,20.609356788468691,0.0013966393889859319,3.7533770369973429
MCARv351,MCAR v3.5.1,84,165,0,11.168952636407244,0.0014181847218424082,3.4928314941662859
MCARv351,MCAR v3.5.1,85,165,-10,4.923991137574113,0.0013966393889859319,3.0719094211717359
MCARv351,MCAR v3.5.1,86,165,-20,11.101905300103793,0.0013326577609404922,3.3823687898961627
MCARv351,MCAR v3.5.1,87,165,-30,19.080583481669692,0.0015144464559853077,3.7005018974608608
MCARv351,MCAR v3.5.1,88,165,-45,10.591410371458657,0.00080013019032776356,3.7429499308478786
MCARv351,MCAR v3.5.1,89,340,-45,21.721267918499912,0.00080013019032776356,4.6790545076496608
MCARv351,MCAR v3.5.1,90,340,-30,16.84775355865764,0.0015144464559853077,3.7423156594959508
MCARv351,MCAR v3.5.1,91,340,-20,14.090652447229385,0.0013326577609404922,3.5498379530384785
MCARv351,MCAR v3.5.1,92,340,-10,17.584023511028544,0.0013966393889859319,3.3730783179621464
MCARv351,MCAR v3.5.1,93,340,0,9.9999999527339298,0.0014181847218424082,3.1556590563748261
MCARv351,MCAR v3.5.1,95,340,20,10.000000035409951,0.0013326577609404922,2.8974833926040984
MCARv351,MCAR v3.5.1,96,340,30,16.937616033087821,0.0015144464559853077,2.8181042426237606
MCARv351,MCAR v3.5.1,97,340,45,7.0665741911739026,0.0015018255217000842,2.451913999309614
MCARv351,MCAR v3.5.1,98,340,60,16.146339438123881,0.0010619510430842638,2.5371762782712088
MCARv351,MCAR v3.5.1,99,340,75,15.000000080789578,0.0005497062811627984,2.3227565452420231
MCARv351,MCAR v3.5.1,100,160,75,15.000000080789578,0.0005497062811627984,3.1874685359829984
MCARv351,MCAR v3.5.1,101,160,60,30.000000435073549,0.0010619510430842638,3.9909675326297527
MCARv351,MCAR v3.5.1,102,160,45,19.080583620201772,0.0015018255217000842,3.5742354040149404
MCARv351,MCAR v3.5.1,103,160,30,12.981059482482918,0.0015144464559853077,3.1930826283301745
MCARv351,MCAR v3.5.1,104,160,20,16.847752641975024,0.0013326577609404922,3.6104261326234863
MCARv351,MCAR v3.5.1,105,160,10,19.999999905467796,0.0013966393889859319,3.6518919520729294
MCARv351,MCAR v3.5.1,106,160,0,9.9999999527339298,0.0014181847218424082,3.5413675661866817
MCARv351,MCAR v3.5.1,108,160,-20,10.000000035409951,0.0013326577609404922,3.4375273616514574
MCARv351,MCAR v3.5.1,109,160,-30,16.937616033087821,0.0015144464559853077,3.6214913228978536
MCARv351,MCAR v3.5.1,110,160,-45,7.0665741911739026,0.00080013019032776356,3.5874450893131908
MCARv351,MCAR v3.5.1,111,335,-45,24.694085979776748,0.00080013019032776356,4.7356796757735147
MCARv351,MCAR v3.5.1,112,335,-30,13.481723060064377,0.0015144464559853077,3.7549218289820487
MCARv351,MCAR v3.5.1,113,335,-20,9.395526819952865,0.0013326577609404922,3.5002751754099277
MCARv351,MCAR v3.5.1,114,335,-10,13.892339487305048,0.0013966393889859319,3.4008787608938351
MCARv351,MCAR v3.5.1,115,335,0,11.168952722705445,0.0014181847218424082,3.1487920489659094
MCARv351,MCAR v3.5.1,116,335,10,4.9239914100594815,0.0013966393889859319,2.8908518193105142
MCARv351,MCAR v3.5.1,117,335,20,11.101905984016177,0.0013326577609404922,2.9708433991708998
MCARv351,MCAR v3.5.1,118,335,30,15.507477597756536,0.0015144464559853077,2.8914426724866513
MCARv351,MCAR v3.5.1,119,335,45,3.5349723672764939,0.0015018255217000842,2.4164933673093256
MCARv351,MCAR v3.5.1,120,335,60,15.294998365211272,0.0010619510430842638,2.5204396338847626
MCARv351,MCAR v3.5.1,121,335,75,15.000000037063414,0.0005497062811627984,2.3252366694426585
MCARv351,MCAR v3.5.1,122,155,75,15.000000037063414,0.0005497062811627984,3.1049556765369051
MCARv351,MCAR v3.5.1,123,155,60,30.000001193671139,0.0010619510430842638,3.9395068830465125
MCARv351,MCAR v3.5.1,124,155,45,16.937618103837618,0.0015018255217000842,3.6086042526144242
MCARv351,MCAR v3.5.1,125,155,30,8.6574997742182269,0.0015144464559853077,3.1107492149117486
MCARv351,MCAR v3.5.1,126,155,20,13.481721255281723,0.0013326577609404922,3.5014978237229744
MCARv351,MCAR v3.5.1,127,155,10,20.60935684332042,0.0013966393889859319,3.7618411048597524
MCARv351,MCAR v3.5.1,128,155,0,11.168952722705445,0.0014181847218424082,3.5541392138249948
MCARv351,MCAR v3.5.1,129,155,-10,4.9239914100594815,0.0013966393889859319,3.1542236206878411
MCARv351,MCAR v3.5.1,130,155,-20,11.101905984016177,0.0013326577609404922,3.3955627459809774
MCARv351,MCAR v3.5.1,131,155,-30,15.507477597756536,0.0015144464559853077,3.6215227789305486
MCARv351,MCAR v3.5.1,132,155,-45,3.5349723672764939,0.00080013019032776356,3.5615551796625753
MCARv351,MCAR v3.5.1,133,330,-45,24.553175192197251,0.00080013019032776356,4.5170413152781315
MCARv351,MCAR v3.5.1,134,330,-30,10.974800968721977,0.0015144464559853077,3.8978192274770662
MCARv351,MCAR v3.5.1,135,330,-20,4.6982881143403246,0.0013326577609404922,3.4947693605292853
MCARv351,MCAR v3.5.1,136,330,-10,11.101905871462817,0.0013966393889859319,3.5283265480997277
MCARv351,MCAR v3.5.1,137,330,0,14.10604466738504,0.0014181847218424082,3.1875988047914294
MCARv351,MCAR v3.5.1,138,330,10,9.8476983963493687,0.0013966393889859319,3.0923801133310409
MCARv351,MCAR v3.5.1,139,330,20,13.892339928739169,0.0013326577609404922,3.0104375004852049
MCARv351,MCAR v3.5.1,140,330,30,14.999998739050708,0.0015144464559853077,2.9433434700912091
MCARv351,MCAR v3.5.1,142,330,60,15.000001038303349,0.0010619510430842638,2.5459063468327505
MCARv351,MCAR v3.5.1,143,330,75,14.999999926042548,0.0005497062811627984,2.369203348942567
MCARv351,MCAR v3.5.1,144,150,75,14.999999926042548,0.0005497062811627984,3.0344218644683312
MCARv351,MCAR v3.5.1,145,150,60,30.000000111323018,0.0010619510430842638,3.93741154012146
MCARv351,MCAR v3.5.1,146,150,45,15.507477619497367,0.0015018255217000842,3.6293466336566711
MCARv351,MCAR v3.5.1,147,150,30,4.3297829047621343,0.0015144464559853077,2.9955522106077428
MCARv351,MCAR v3.5.1,148,150,20,10.974799216332263,0.0013326577609404922,3.5465988445488064
MCARv351,MCAR v3.5.1,149,150,10,20.536778047345422,0.0013966393889859319,3.8544751315313817
MCARv351,MCAR v3.5.1,150,150,0,14.10604466738504,0.0014181847218424082,3.6635063417833957
MCARv351,MCAR v3.5.1,151,150,-10,9.8476983963493687,0.0013966393889859319,3.3198195494896066
MCARv351,MCAR v3.5.1,152,150,-20,13.892339928739169,0.0013326577609404922,3.4232258100879918
MCARv351,MCAR v3.5.1,153,150,-30,14.999998739050708,0.0015144464559853077,3.7327983802730391
MCARv351,MCAR v3.5.1,155,325,-45,21.090583039068701,0.00080013019032776356,4.5103773310377049
MCARv351,MCAR v3.5.1,156,325,-30,9.9999992480583071,0.0015144464559853077,3.8805322101011992
MCARv351,MCAR v3.5.1,158,325,-10,10.000000442464293,0.0013966393889859319,3.5693233890609708
MCARv351,MCAR v3.5.1,159,325,0,17.963860447378917,0.0014181847218424082,3.487572244183148
MCARv351,MCAR v3.5.1,160,325,10,14.770837930353938,0.0013966393889859319,3.3820529010761349
MCARv351,MCAR v3.5.1,161,325,20,17.584023511028544,0.0013326577609404922,3.0704126266129408
MCARv351,MCAR v3.5.1,162,325,30,15.507477619497367,0.0015144464559853077,3.1119554858083105
MCARv351,MCAR v3.5.1,163,325,45,3.5349726093893015,0.0015018255217000842,2.4349728238743662
MCARv351,MCAR v3.5.1,164,325,60,15.294998948342053,0.0010619510430842638,2.5796074348648883
MCARv351,MCAR v3.5.1,165,325,75,15.000000513611642,0.0005497062811627984,2.3735342071616952
MCARv351,MCAR v3.5.1,166,145,75,15.000000513611642,0.0005497062811627984,3.0032935525616611
MCARv351,MCAR v3.5.1,167,145,60,29.999999338596972,0.0010619510430842638,3.8013885044128815
MCARv351,MCAR v3.5.1,168,145,45,14.999999418095857,0.0015018255217000842,3.6648178234268793
MCARv351,MCAR v3.5.1,170,145,20,9.9999992480583071,0.0013326577609404922,3.5830144614961639
MCARv351,MCAR v3.5.1,171,145,10,19.999999690522536,0.0013966393889859319,3.8745459009584038
MCARv351,MCAR v3.5.1,172,145,0,17.963860447378917,0.0014181847218424082,3.6932219844851133
MCARv351,MCAR v3.5.1,173,145,-10,14.770837930353938,0.0013966393889859319,3.5790933088866628
MCARv351,MCAR v3.5.1,174,145,-20,17.584023511028544,0.0013326577609404922,3.615955142168231
MCARv351,MCAR v3.5.1,175,145,-30,15.507477619497367,0.0015144464559853077,3.7626271093257846
MCARv351,MCAR v3.5.1,176,145,-45,3.5349726093893015,0.00080013019032776356,3.6471685416764785
MCARv351,MCAR v3.5.1,177,320,-45,17.606967058132422,0.00080013019032776356,4.3347961825332568
MCARv351,MCAR v3.5.1,178,320,-30,10.974800783883671,0.0015144464559853077,3.9347995253333767
MCARv351,MCAR v3.5.1,179,320,-20,4.6982895983919564,0.0013326577609404922,3.815095577038532
MCARv351,MCAR v3.5.1,180,320,-10,11.101905566123458,0.0013966393889859319,3.6619564401280926
MCARv351,MCAR v3.5.1,181,320,0,20.590672409097611,0.0014181847218424082,3.6943945106900107
MCARv351,MCAR v3.5.1,182,320,10,19.693105071764794,0.0013966393889859319,3.5913238040712172
MCARv351,MCAR v3.5.1,183,320,20,18.782569533125056,0.0013326577609404922,3.0134652118423659
MCARv351,MCAR v3.5.1,184,320,30,16.937618856363812,0.0015144464559853077,2.9887934744796905
MCARv351,MCAR v3.5.1,185,320,45,7.0665759174006428,0.0015018255217000842,2.4628211806057787
MCARv351,MCAR v3.5.1,186,320,60,16.146340174030033,0.0010619510430842638,2.6255690765855606
MCARv351,MCAR v3.5.1,187,320,75,15.000000045981704,0.0005497062811627984,2.3744474140989564
MCARv351,MCAR v3.5.1,188,140,75,15.000000045981704,0.0005497062811627984,2.9509851277913897
MCARv351,MCAR v3.5.1,189,140,60,30.000000754713284,0.0010619510430842638,3.7786857291247133
MCARv351,MCAR v3.5.1,190,140,45,15.507478746963535,0.0015018255217000842,3.7452986294732926
MCARv351,MCAR v3.5.1,191,140,30,4.3297856282053244,0.0015144464559853077,3.1740979196228096
MCARv351,MCAR v3.5.1,192,140,20,10.974801461651374,0.0013326577609404922,3.6828495627477027
MCARv351,MCAR v3.5.1,193,140,10,20.536778438540473,0.0013966393889859319,3.9076158503386917
MCARv351,MCAR v3.5.1,194,140,0,22.268745808076812,0.0014181847218424082,3.8003840154379742
MCARv351,MCAR v3.5.1,195,140,-10,19.693105071764794,0.0013966393889859319,3.8026036277366235
MCARv351,MCAR v3.5.1,196,140,-20,18.782569533125056,0.0013326577609404922,3.6157119651092415
MCARv351,MCAR v3.5.1,197,140,-30,16.937618856363812,0.0015144464559853077,3.6880615541292885
MCARv351,MCAR v3.5.1,198,140,-45,7.0665759174006428,0.00080013019032776356,3.8545066913077055
MCARv351,MCAR v3.5.1,199,315,-45,14.106044843106213,0.00080013019032776356,4.3412763161901387
MCARv351,MCAR v3.5.1,200,315,-30,13.481722024217131,0.0015144464559853077,3.8430497936792771
MCARv351,MCAR v3.5.1,201,315,-20,9.3955270425035575,0.0013326577609404922,4.0048304343724697
MCARv351,MCAR v3.5.1,202,315,-10,13.892338468968779,0.0013966393889859319,3.9965034622747777
MCARv351,MCAR v3.5.1,203,315,0,22.268744826474858,0.0014181847218424082,3.8608240366578204
MCARv351,MCAR v3.5.1,204,315,10,17.584022658769534,0.0013966393889859319,3.616613216425979
MCARv351,MCAR v3.5.1,205,315,20,14.090651603071073,0.0013326577609404922,3.0772051047425593
MCARv351,MCAR v3.5.1,206,315,30,16.847751846686993,0.0015144464559853077,3.0066871519118292
MCARv351,MCAR v3.5.1,207,315,45,10.591412221441374,0.0015018255217000842,2.5178603059540605
MCARv351,MCAR v3.5.1,208,315,60,17.469139229498978,0.0010619510430842638,2.6306616368829201
MCARv351,MCAR v3.5.1,209,315,75,15.000000759196658,0.0005497062811627984,2.3934708484210394
MCARv351,MCAR v3.5.1,210,135,75,15.000000759196658,0.0005497062811627984,2.83671041266052
MCARv351,MCAR v3.5.1,211,135,60,27.967953256853754,0.0010619510430842638,3.6890221144406508
MCARv351,MCAR v3.5.1,212,135,45,16.937618541531808,0.0015018255217000842,3.6615666178844353
MCARv351,MCAR v3.5.1,213,135,30,8.6575008924471586,0.0015144464559853077,3.3175301966271777
MCARv351,MCAR v3.5.1,214,135,20,13.481723581082752,0.0013326577609404922,3.7581604336171255
MCARv351,MCAR v3.5.1,215,135,10,22.068454074222679,0.0013966393889859319,4.0386777545478836
MCARv351,MCAR v3.5.1,216,135,0,24.814217316458059,0.0014181847218424082,3.9195700559986264
MCARv351,MCAR v3.5.1,217,135,-10,17.584022658769534,0.0013966393889859319,3.8711294930933651
MCARv351,MCAR v3.5.1,218,135,-20,14.090651603071073,0.0013326577609404922,3.6035863604504894
MCARv351,MCAR v3.5.1,219,135,-30,16.847751846686993,0.0015144464559853077,3.7253446229024187
MCARv351,MCAR v3.5.1,220,135,-45,10.591412221441374,0.00080013019032776356,3.9544262714055525
MCARv351,MCAR v3.5.1,221,310,-45,10.591412169898064,0.00080013019032776356,4.3447688925088643
MCARv351,MCAR v3.5.1,222,310,-30,16.847751615755694,0.0015144464559853077,4.0359745830652161
MCARv351,MCAR v3.5.1,223,310,-20,14.090650791577101,0.0013326577609404922,4.3191610110076466
MCARv351,MCAR v3.5.1,224,310,-10,17.584022183303819,0.0013966393889859319,4.1761459363587212
MCARv351,MCAR v3.5.1,225,310,0,22.26874569765862,0.0014181847218424082,3.9735057617140068
MCARv351,MCAR v3.5.1,226,310,10,13.892339559573843,0.0013966393889859319,3.6996108157858898
MCARv351,MCAR v3.5.1,227,310,20,9.3955278474439847,0.0013326577609404922,3.1854200805423449
MCARv351,MCAR v3.5.1,228,310,30,13.481722693495358,0.0015144464559853077,3.0285863055348941
MCARv351,MCAR v3.5.1,229,310,45,14.106044861351487,0.0015018255217000842,2.6020410975088923
MCARv351,MCAR v3.5.1,230,310,60,19.160311981928583,0.0010619510430842638,2.6699914099620128
MCARv351,MCAR v3.5.1,231,310,75,15.000000045981704,0.0005497062811627984,2.3762554461103611
MCARv351,MCAR v3.5.1,232,130,75,15.000000045981704,0.0005497062811627984,2.78232740984402
MCARv351,MCAR v3.5.1,233,130,60,25.579586991885623,0.0010619510430842638,3.5949062815083108
MCARv351,MCAR v3.5.1,234,130,45,19.080584438556169,0.0015018255217000842,3.6731650747582663
MCARv351,MCAR v3.5.1,235,130,30,12.981060122360738,0.0015144464559853077,3.4272271578234803
MCARv351,MCAR v3.5.1,236,130,20,16.847752970154431,0.0013326577609404922,3.8780573906060472
MCARv351,MCAR v3.5.1,237,130,10,24.407187574190903,0.0013966393889859319,4.0035124417754702
MCARv351,MCAR v3.5.1,238,130,0,22.26874569765862,0.0014181847218424082,3.9676548867655042
MCARv351,MCAR v3.5.1,239,130,-10,13.892339559573843,0.0013966393889859319,3.9996120682634708
MCARv351,MCAR v3.5.1,240,130,-20,9.3955278474439847,0.0013326577609404922,3.6372824317800752
MCARv351,MCAR v3.5.1,241,130,-30,13.481722693495358,0.0015144464559853077,3.7757148500309343
MCARv351,MCAR v3.5.1,242,130,-45,14.106044861351487,0.00080013019032776356,4.1031248369831346
MCARv351,MCAR v3.5.1,243,305,-45,7.0665737578836278,0.00080013019032776356,4.3714725287977068
MCARv351,MCAR v3.5.1,244,305,-30,16.937618103837618,0.0015144464559853077,4.1597179071284227
MCARv351,MCAR v3.5.1,245,305,-20,18.782571022300161,0.0013326577609404922,4.4660673859409528
MCARv351,MCAR v3.5.1,246,305,-10,21.720794676281667,0.0013966393889859319,4.1732716714433797
MCARv351,MCAR v3.5.1,247,305,0,20.590672601212329,0.0014181847218424082,3.9611533275419215
MCARv351,MCAR v3.5.1,248,305,10,11.101906097405333,0.0013966393889859319,3.7996623549730661
MCARv351,MCAR v3.5.1,249,305,20,4.6982881143403246,0.0013326577609404922,3.0527187679605245
MCARv351,MCAR v3.5.1,250,305,30,10.974799216332263,0.0015144464559853077,3.0773856364643222
MCARv351,MCAR v3.5.1,251,305,45,17.606969385403353,0.0015018255217000842,2.7301162142243105
MCARv351,MCAR v3.5.1,252,305,60,21.124323795477249,0.0010619510430842638,2.7624145903504176
MCARv351,MCAR v3.5.1,253,305,75,15.000000513611642,0.0005497062811627984,2.38755874384406
MCARv351,MCAR v3.5.1,254,125,75,15.000000513611642,0.0005497062811627984,2.7902804568105157
MCARv351,MCAR v3.5.1,255,125,60,23.283732169116558,0.0010619510430842638,3.5078735577415951
MCARv351,MCAR v3.5.1,256,125,45,21.090580421606788,0.0015018255217000842,3.7014643614235649
MCARv351,MCAR v3.5.1,257,125,30,17.298331880789124,0.0015144464559853077,3.506469648691322
MCARv351,MCAR v3.5.1,258,125,20,20.653637823309932,0.0013326577609404922,3.9197451999308091
MCARv351,MCAR v3.5.1,259,125,10,19.693105582230331,0.0013966393889859319,4.0708736536432122
MCARv351,MCAR v3.5.1,260,125,0,20.590672601212329,0.0014181847218424082,4.0430383525370557
MCARv351,MCAR v3.5.1,261,125,-10,11.101906097405333,0.0013966393889859319,4.0848880356223427
MCARv351,MCAR v3.5.1,262,125,-20,4.6982881143403246,0.0013326577609404922,3.7454507458787889
MCARv351,MCAR v3.5.1,263,125,-30,10.974799216332263,0.0015144464559853077,3.9335103151110768
MCARv351,MCAR v3.5.1,264,125,-45,17.606969385403353,0.00080013019032776356,4.2693621401881101
MCARv351,MCAR v3.5.1,265,300,-45,3.5349723672764939,0.00080013019032776356,3.9456879446588995
MCARv351,MCAR v3.5.1,266,300,-30,15.507477882749432,0.0015144464559853077,4.347591518533366
MCARv351,MCAR v3.5.1,267,300,-20,21.720797258522222,0.0013326577609404922,4.6597371732637178
MCARv351,MCAR v3.5.1,268,300,-10,19.693102264372424,0.0013966393889859319,4.0796205295478112
MCARv351,MCAR v3.5.1,269,300,0,20.000001081696542,0.0014181847218424082,3.9109858474062862
MCARv351,MCAR v3.5.1,270,300,10,10.000001188003743,0.0013966393889859319,3.891134356608636
MCARv351,MCAR v3.5.1,272,300,30,9.999999029626526,0.0015144464559853077,3.1223248747369667
MCARv351,MCAR v3.5.1,273,300,45,21.09058345153683,0.0015018255217000842,2.8755045971351536
MCARv351,MCAR v3.5.1,274,300,60,23.283732956340483,0.0010619510430842638,2.7935623605256339
MCARv351,MCAR v3.5.1,275,300,75,14.999999926042548,0.0005497062811627984,2.4061931495475135
MCARv351,MCAR v3.5.1,276,120,75,14.999999926042548,0.0005497062811627984,2.6402180816290808
MCARv351,MCAR v3.5.1,277,120,60,21.124323816652065,0.0010619510430842638,3.3836380254975471
MCARv351,MCAR v3.5.1,278,120,45,17.606966457268481,0.0015018255217000842,3.7344995661348821
MCARv351,MCAR v3.5.1,279,120,30,21.607104488938131,0.0015144464559853077,3.671353138783918
MCARv351,MCAR v3.5.1,280,120,20,17.584023920930079,0.0013326577609404922,4.0599341790302761
MCARv351,MCAR v3.5.1,281,120,10,14.770834162524009,0.0013966393889859319,4.0258285496483133
MCARv351,MCAR v3.5.1,282,120,0,17.963860119699778,0.0014181847218424082,4.169425513428572
MCARv351,MCAR v3.5.1,283,120,-10,10.000001188003743,0.0013966393889859319,4.1411213486521383
MCARv351,MCAR v3.5.1,285,120,-30,9.999999029626526,0.0015144464559853077,4.04112134538265
MCARv351,MCAR v3.5.1,286,120,-45,21.09058345153683,0.00080013019032776356,4.3481787497757614
MCARv351,MCAR v3.5.1,288,295,-30,14.999999968681948,0.0015144464559853077,4.5940825984915925
MCARv351,MCAR v3.5.1,289,295,-20,17.584023688118002,0.0013326577609404922,4.6590963841068209
MCARv351,MCAR v3.5.1,290,295,-10,14.7708350451899,0.0013966393889859319,4.1758077571266048
MCARv351,MCAR v3.5.1,291,295,0,17.963859654834859,0.0014181847218424082,4.0151835828524902
MCARv351,MCAR v3.5.1,292,295,10,11.101906323216596,0.0013966393889859319,3.9237239053725927
MCARv351,MCAR v3.5.1,293,295,20,4.6982885557778449,0.0013326577609404922,3.298187185364422
MCARv351,MCAR v3.5.1,294,295,30,10.974800180129701,0.0015144464559853077,3.2152261860982394
MCARv351,MCAR v3.5.1,295,295,45,21.09058089744196,0.0015018255217000842,2.9041073603937964
MCARv351,MCAR v3.5.1,296,295,60,23.283731703845064,0.0010619510430842638,2.7926064863692721
MCARv351,MCAR v3.5.1,297,295,75,15.000000037063414,0.0005497062811627984,2.4033724209049563
MCARv351,MCAR v3.5.1,298,115,75,15.000000037063414,0.0005497062811627984,2.573426760571623
MCARv351,MCAR v3.5.1,299,115,60,19.1603114048904,0.0010619510430842638,3.2211502821902527
MCARv351,MCAR v3.5.1,300,115,45,14.106044049359161,0.0015018255217000842,3.5786115895814872
MCARv351,MCAR v3.5.1,301,115,30,21.721268937441273,0.0015144464559853077,3.757205927075864
MCARv351,MCAR v3.5.1,302,115,20,13.892339676756846,0.0013326577609404922,4.0431950463126025
MCARv351,MCAR v3.5.1,303,115,10,9.8476988264340477,0.0013966393889859319,4.2125364758726001
MCARv351,MCAR v3.5.1,304,115,0,14.106043681994763,0.0014181847218424082,4.1926947331145668
MCARv351,MCAR v3.5.1,305,115,-10,11.101906323216596,0.0013966393889859319,4.1041193517037327
MCARv351,MCAR v3.5.1,306,115,-20,4.6982885557778449,0.0013326577609404922,3.792195241934857
MCARv351,MCAR v3.5.1,307,115,-30,10.974800180129701,0.0015144464559853077,4.1917716885688421
MCARv351,MCAR v3.5.1,308,115,-45,24.553175192197251,0.00080013019032776356,4.5285083926878578
MCARv351,MCAR v3.5.1,309,290,-45,3.5349729711425013,0.00080013019032776356,3.9359983570065298
MCARv351,MCAR v3.5.1,310,290,-30,15.507476946310584,0.0015144464559853077,4.4694257252225604
MCARv351,MCAR v3.5.1,311,290,-20,13.892338343524369,0.0013326577609404922,4.688090251119716
MCARv351,MCAR v3.5.1,312,290,-10,9.8476990078007134,0.0013966393889859319,4.0586538080163512
MCARv351,MCAR v3.5.1,313,290,0,14.106044537805667,0.0014181847218424082,4.1518498384082241
MCARv351,MCAR v3.5.1,314,290,10,13.892339928739169,0.0013966393889859319,4.1147253539339301
MCARv351,MCAR v3.5.1,315,290,20,9.3955278431111164,0.0013326577609404922,3.4830156365690854
MCARv351,MCAR v3.5.1,316,290,30,13.481723153110721,0.0015144464559853077,3.3247411380620515
MCARv351,MCAR v3.5.1,317,290,45,17.606966632428144,0.0015018255217000842,2.9979377420485425
MCARv351,MCAR v3.5.1,318,290,60,21.124323628857301,0.0010619510430842638,2.7749653635919653
MCARv351,MCAR v3.5.1,319,290,75,15.000000080789578,0.0005497062811627984,2.3955956377163599
MCARv351,MCAR v3.5.1,320,110,75,15.000000080789578,0.0005497062811627984,2.5687405590838557
MCARv351,MCAR v3.5.1,321,110,60,17.469138507459274,0.0010619510430842638,3.0903421254796895
MCARv351,MCAR v3.5.1,322,110,45,10.591410810340577,0.0015018255217000842,3.5338435388052791
MCARv351,MCAR v3.5.1,323,110,30,19.080583258701811,0.0015144464559853077,3.8608266789948193
MCARv351,MCAR v3.5.1,324,110,20,11.101904792308432,0.0013326577609404922,3.8995636313028852
MCARv351,MCAR v3.5.1,325,110,10,4.923991137574113,0.0013966393889859319,4.0174487750797487
MCARv351,MCAR v3.5.1,326,110,0,11.168952764252944,0.0014181847218424082,4.1890418890759502
MCARv351,MCAR v3.5.1,327,110,-10,13.892339928739169,0.0013966393889859319,4.2228919939851215
MCARv351,MCAR v3.5.1,328,110,-20,9.3955278431111164,0.0013326577609404922,3.9996355791710201
MCARv351,MCAR v3.5.1,329,110,-30,13.481723153110721,0.0015144464559853077,4.3085516790869329
MCARv351,MCAR v3.5.1,330,110,-45,26.335321932194201,0.00080013019032776356,4.6641635333212452
MCARv351,MCAR v3.5.1,331,285,-45,7.066573973819299,0.00080013019032776356,4.3567090141075404
MCARv351,MCAR v3.5.1,332,285,-30,16.937618364774703,0.0015144464559853077,4.6728488160864652
MCARv351,MCAR v3.5.1,333,285,-20,11.101905237270087,0.0013326577609404922,4.7360956039158557
MCARv351,MCAR v3.5.1,334,285,-10,4.923991597886185,0.0013966393889859319,3.9307934642681444
MCARv351,MCAR v3.5.1,335,285,0,11.168952776943851,0.0014181847218424082,4.1549821340827071
MCARv351,MCAR v3.5.1,336,285,10,17.584023920930079,0.0013966393889859319,4.2765298274528787
MCARv351,MCAR v3.5.1,337,285,20,14.090652882944042,0.0013326577609404922,3.5753606597612899
MCARv351,MCAR v3.5.1,338,285,30,16.847753664559015,0.0015144464559853077,3.3633761029652574
MCARv351,MCAR v3.5.1,339,285,45,14.106044534968714,0.0015018255217000842,3.0622949702999778
MCARv351,MCAR v3.5.1,340,285,60,19.16031220270019,0.0010619510430842638,2.7066105338300002
MCARv351,MCAR v3.5.1,341,285,75,15.000000205801689,0.0005497062811627984,2.3877043291495825
MCARv351,MCAR v3.5.1,342,105,75,15.000000205801689,0.0005497062811627984,2.5686245738294633
MCARv351,MCAR v3.5.1,343,105,60,16.146339982767262,0.0010619510430842638,2.9068228246328545
MCARv351,MCAR v3.5.1,344,105,45,7.0665746820713302,0.0015018255217000842,3.4529075313000122
MCARv351,MCAR v3.5.1,345,105,30,16.937617826182553,0.0015144464559853077,3.7585608757403066
MCARv351,MCAR v3.5.1,346,105,20,10.000001042231721,0.0013326577609404922,4.0506395028713973
MCARv351,MCAR v3.5.1,348,105,0,9.9999997713238429,0.0014181847218424082,4.2551366587619119
MCARv351,MCAR v3.5.1,349,105,-10,17.584023920930079,0.0013966393889859319,4.1309120641636525
MCARv351,MCAR v3.5.1,350,105,-20,14.090652882944042,0.0013326577609404922,4.1498679745983402
MCARv351,MCAR v3.5.1,351,105,-30,16.847753664559015,0.0015144464559853077,4.3906559875454327
MCARv351,MCAR v3.5.1,352,105,-45,27.912101967116733,0.00080013019032776356,4.821390788349774
MCARv351,MCAR v3.5.1,353,280,-45,10.591410568697148,0.00080013019032776356,4.7296134419676896
MCARv351,MCAR v3.5.1,354,280,-30,19.080584560230658,0.0015144464559853077,4.8948788510679941
MCARv351,MCAR v3.5.1,355,280,-20,10.000000312474459,0.0013326577609404922,4.6008394169002926
MCARv351,MCAR v3.5.1,357,280,0,10.000000063334213,0.0014181847218424082,4.1101485416820518
MCARv351,MCAR v3.5.1,358,280,10,20.000000126668425,0.0013966393889859319,4.1581757076975272
MCARv351,MCAR v3.5.1,359,280,20,18.782572356704865,0.0013326577609404922,3.7594081540503823
MCARv351,MCAR v3.5.1,360,280,30,19.080583769633087,0.0015144464559853077,3.4162307241097754
MCARv351,MCAR v3.5.1,361,280,45,10.591411252424974,0.0015018255217000842,3.0881183190527808
MCARv351,MCAR v3.5.1,362,280,60,17.46913876234531,0.0010619510430842638,2.63297696358226
MCARv351,MCAR v3.5.1,363,280,75,15.000000876882917,0.0005497062811627984,2.3763107000503045
MCARv351,MCAR v3.5.1,364,100,75,15.000000876882917,0.0005497062811627984,2.5287698110628978
MCARv351,MCAR v3.5.1,365,100,60,15.294999564249215,0.0010619510430842638,2.7172035737392872
MCARv351,MCAR v3.5.1,366,100,45,3.5349730246201427,0.0015018255217000842,3.2829012850590185
MCARv351,MCAR v3.5.1,367,100,30,15.507478063998745,0.0015144464559853077,3.514287223700165
MCARv351,MCAR v3.5.1,368,100,20,11.101905383875703,0.0013326577609404922,3.819509386656148
MCARv351,MCAR v3.5.1,369,100,10,4.923991597886185,0.0013966393889859319,4.1243016171881051
MCARv351,MCAR v3.5.1,370,100,0,11.168952618752609,0.0014181847218424082,4.1230623256593724
MCARv351,MCAR v3.5.1,371,100,-10,19.693104520766859,0.0013966393889859319,4.1399670560072517
MCARv351,MCAR v3.5.1,372,100,-20,18.782572356704865,0.0013326577609404922,4.3698522861712297
MCARv351,MCAR v3.5.1,373,100,-30,20.653638018260867,0.0015144464559853077,4.6362546738900487
MCARv351,MCAR v3.5.1,374,100,-45,24.553173207647458,0.00080013019032776356,4.843588602128702
MCARv351,MCAR v3.5.1,375,275,-45,14.106044049359161,0.00080013019032776356,4.8286356034028506
MCARv351,MCAR v3.5.1,376,275,-30,20.53677829030493,0.0015144464559853077,4.7302367002534371
MCARv351,MCAR v3.5.1,377,275,-20,11.101905198345321,0.0013326577609404922,4.6195778367721605
MCARv351,MCAR v3.5.1,378,275,-10,4.9239920503845713,0.0013966393889859319,3.8383357277005192
MCARv351,MCAR v3.5.1,379,275,0,11.16895302052127,0.0014181847218424082,4.3867730856532683
MCARv351,MCAR v3.5.1,380,275,10,19.69310407722487,0.0013966393889859319,4.3940115376295346
MCARv351,MCAR v3.5.1,381,275,20,21.720796852149238,0.0013326577609404922,3.6765114029749708
MCARv351,MCAR v3.5.1,382,275,30,16.937617453527647,0.0015144464559853077,3.718517033080555
MCARv351,MCAR v3.5.1,383,275,45,7.0665743376950143,0.0015018255217000842,3.0286290739830233
MCARv351,MCAR v3.5.1,384,275,60,16.146339106920092,0.0010619510430842638,2.6854710505153907
MCARv351,MCAR v3.5.1,385,275,75,15.000000519710634,0.0005497062811627984,2.3744813079512639
MCARv351,MCAR v3.5.1,386,95,75,15.000000519710634,0.0005497062811627984,2.4560535919113993
MCARv351,MCAR v3.5.1,387,95,60,14.999999903155175,0.0010619510430842638,2.5977934672527825
MCARv351,MCAR v3.5.1,389,95,30,14.999998860864325,0.0015144464559853077,3.5624065243592899
MCARv351,MCAR v3.5.1,390,95,20,13.892339311357045,0.0013326577609404922,3.639899512701918
MCARv351,MCAR v3.5.1,391,95,10,9.8476999267451841,0.0013966393889859319,4.2149528997738974
MCARv351,MCAR v3.5.1,392,95,0,14.106044325762864,0.0014181847218424082,4.2625785250366359
MCARv351,MCAR v3.5.1,393,95,-10,14.770835961042275,0.0013966393889859319,4.1191536409202634
MCARv351,MCAR v3.5.1,394,95,-20,17.584023136331574,0.0013326577609404922,4.4940808993428751
MCARv351,MCAR v3.5.1,395,95,-30,24.40718811313571,0.0015144464559853077,4.5958733775915954
MCARv351,MCAR v3.5.1,396,95,-45,21.09058089744196,0.00080013019032776356,4.923699862453379
MCARv351,MCAR v3.5.1,397,270,-45,17.606966600082263,0.00080013019032776356,4.833732577043925
MCARv351,MCAR v3.5.1,398,270,-30,22.068454646158248,0.0015144464559853077,4.7438109373368809
MCARv351,MCAR v3.5.1,399,270,-20,13.892339141059953,0.0013326577609404922,4.6090491088044478
MCARv351,MCAR v3.5.1,400,270,-10,9.8476998269605698,0.0013966393889859319,3.8792272309726097
MCARv351,MCAR v3.5.1,401,270,0,14.106044534885925,0.0014181847218424082,4.5054919363922101
MCARv351,MCAR v3.5.1,402,270,10,14.770836052664333,0.0013966393889859319,4.1841314567006451
MCARv351,MCAR v3.5.1,403,270,20,17.584023579682643,0.0013326577609404922,3.6237374303336667
MCARv351,MCAR v3.5.1,404,270,30,15.507477087468549,0.0015144464559853077,3.6456232269233535
MCARv351,MCAR v3.5.1,405,270,45,3.5349727355105256,0.0015018255217000842,2.9081970519894544
MCARv351,MCAR v3.5.1,406,270,60,15.294998954736444,0.0010619510430842638,2.6767322414081951
MCARv351,MCAR v3.5.1,407,270,75,15.000000120055846,0.0005497062811627984,2.4075561957597049
MCARv351,MCAR v3.5.1,408,90,75,15.000000120055846,0.0005497062811627984,2.432899932263044
MCARv351,MCAR v3.5.1,409,90,60,15.294998954736444,0.0010619510430842638,2.5788971349696812
MCARv351,MCAR v3.5.1,410,90,45,3.5349727355105256,0.0015018255217000842,2.9676136646139639
MCARv351,MCAR v3.5.1,411,90,30,15.507477087468549,0.0015144464559853077,3.473773347307576
MCARv351,MCAR v3.5.1,412,90,20,17.584023579682643,0.0013326577609404922,3.7973362699425408
MCARv351,MCAR v3.5.1,413,90,10,14.770836052664333,0.0013966393889859319,4.329181907195875
MCARv351,MCAR v3.5.1,414,90,0,14.106044534885925,0.0014181847218424082,4.2991223158148939
MCARv351,MCAR v3.5.1,415,90,-10,9.8476998269605698,0.0013966393889859319,4.0327735872688804
MCARv351,MCAR v3.5.1,416,90,-20,13.892339141059953,0.0013326577609404922,4.6008717279367186
MCARv351,MCAR v3.5.1,417,90,-30,22.068454646158248,0.0015144464559853077,4.7087096591112294
MCARv351,MCAR v3.5.1,418,90,-45,17.606966600082263,0.00080013019032776356,4.8376331999412647
MCARv351,MCAR v3.5.1,419,265,-45,21.09058089744196,0.00080013019032776356,4.8701893827184861
MCARv351,MCAR v3.5.1,420,265,-30,24.40718811313571,0.0015144464559853077,4.6801088409126352
MCARv351,MCAR v3.5.1,421,265,-20,17.584023136331574,0.0013326577609404922,4.3695779780257569
MCARv351,MCAR v3.5.1,422,265,-10,14.770835961042275,0.0013966393889859319,4.091335787042544
MCARv351,MCAR v3.5.1,423,265,0,14.106044325762864,0.0014181847218424082,4.2834785362383183
MCARv351,MCAR v3.5.1,424,265,10,9.8476999267451841,0.0013966393889859319,3.7339090798051262
MCARv351,MCAR v3.5.1,425,265,20,13.892339311357045,0.0013326577609404922,3.5525733152936407
MCARv351,MCAR v3.5.1,426,265,30,14.999998860864325,0.0015144464559853077,3.6745222505874398
MCARv351,MCAR v3.5.1,428,265,60,14.999999903155175,0.0010619510430842638,2.6668340924420479
MCARv351,MCAR v3.5.1,429,265,75,15.000000519710634,0.0005497062811627984,2.426573077899596
MCARv351,MCAR v3.5.1,430,85,75,15.000000519710634,0.0005497062811627984,2.4578649774644936
MCARv351,MCAR v3.5.1,431,85,60,16.146339106920092,0.0010619510430842638,2.5861184195841953
MCARv351,MCAR v3.5.1,432,85,45,7.0665743376950143,0.0015018255217000842,3.0521773081387207
MCARv351,MCAR v3.5.1,433,85,30,16.937617453527647,0.0015144464559853077,3.4577455236579784
MCARv351,MCAR v3.5.1,434,85,20,21.720796852149238,0.0013326577609404922,3.9796229325769237
MCARv351,MCAR v3.5.1,435,85,10,19.69310407722487,0.0013966393889859319,4.2149404765345313
MCARv351,MCAR v3.5.1,436,85,0,11.16895302052127,0.0014181847218424082,4.228597185511223
MCARv351,MCAR v3.5.1,437,85,-10,4.9239920503845713,0.0013966393889859319,4.0346861279645774
MCARv351,MCAR v3.5.1,438,85,-20,11.101905198345321,0.0013326577609404922,4.5571594772667634
MCARv351,MCAR v3.5.1,439,85,-30,20.53677829030493,0.0015144464559853077,4.8482597171856039
MCARv351,MCAR v3.5.1,440,85,-45,14.106044049359161,0.00080013019032776356,4.9015716650148224
MCARv351,MCAR v3.5.1,441,260,-45,24.553173207647458,0.00080013019032776356,4.8086873019911502
MCARv351,MCAR v3.5.1,442,260,-30,20.653638018260867,0.0015144464559853077,4.4847893452124685
MCARv351,MCAR v3.5.1,443,260,-20,18.782572356704865,0.0013326577609404922,4.2961024560403169
MCARv351,MCAR v3.5.1,444,260,-10,19.693104520766859,0.0013966393889859319,4.2234366052169472
MCARv351,MCAR v3.5.1,445,260,0,11.168952618752609,0.0014181847218424082,4.0803779772262052
MCARv351,MCAR v3.5.1,446,260,10,4.923991597886185,0.0013966393889859319,3.8424223304895686
MCARv351,MCAR v3.5.1,447,260,20,11.101905383875703,0.0013326577609404922,3.954886458389153
MCARv351,MCAR v3.5.1,448,260,30,15.507478063998745,0.0015144464559853077,3.7295067710094965
MCARv351,MCAR v3.5.1,449,260,45,3.5349730246201427,0.0015018255217000842,3.0935080595150781
MCARv351,MCAR v3.5.1,450,260,60,15.294999564249215,0.0010619510430842638,2.7629830398380157
MCARv351,MCAR v3.5.1,451,260,75,15.000000876882917,0.0005497062811627984,2.451732382792021
MCARv351,MCAR v3.5.1,452,80,75,15.000000876882917,0.0005497062811627984,2.4084847622384378
MCARv351,MCAR v3.5.1,453,80,60,17.46913876234531,0.0010619510430842638,2.6109143293039363
MCARv351,MCAR v3.5.1,454,80,45,10.591411252424974,0.0015018255217000842,2.9069258570396483
MCARv351,MCAR v3.5.1,455,80,30,19.080583769633087,0.0015144464559853077,3.4105690094979448
MCARv351,MCAR v3.5.1,456,80,20,18.782572356704865,0.0013326577609404922,3.7994950485756438
MCARv351,MCAR v3.5.1,457,80,10,20.000000126668425,0.0013966393889859319,4.2181899960794116
MCARv351,MCAR v3.5.1,458,80,0,10.000000063334213,0.0014181847218424082,4.2677210187850347
MCARv351,MCAR v3.5.1,460,80,-20,10.000000312474459,0.0013326577609404922,4.5294402306142239
MCARv351,MCAR v3.5.1,461,80,-30,19.080584560230658,0.0015144464559853077,4.7790377983372077
MCARv351,MCAR v3.5.1,462,80,-45,10.591410568697148,0.00080013019032776356,4.8141778909341246
MCARv351,MCAR v3.5.1,463,255,-45,27.912101967116733,0.00080013019032776356,4.7147053171244089
MCARv351,MCAR v3.5.1,464,255,-30,16.847753664559015,0.0015144464559853077,4.3826168224236772
MCARv351,MCAR v3.5.1,465,255,-20,14.090652882944042,0.0013326577609404922,4.1617765001112481
MCARv351,MCAR v3.5.1,466,255,-10,17.584023920930079,0.0013966393889859319,4.2428756311559903
MCARv351,MCAR v3.5.1,467,255,0,9.9999997713238429,0.0014181847218424082,4.0268047029757748
MCARv351,MCAR v3.5.1,469,255,20,10.000001042231721,0.0013326577609404922,4.0965142492471607
MCARv351,MCAR v3.5.1,470,255,30,16.937617826182553,0.0015144464559853077,3.7511699674950041
MCARv351,MCAR v3.5.1,471,255,45,7.0665746820713302,0.0015018255217000842,3.3179691374357487
MCARv351,MCAR v3.5.1,472,255,60,16.146339982767262,0.0010619510430842638,2.9284240483072561
MCARv351,MCAR v3.5.1,473,255,75,15.000000205801689,0.0005497062811627984,2.492745622878815
MCARv351,MCAR v3.5.1,474,75,75,15.000000205801689,0.0005497062811627984,2.3931487851323934
MCARv351,MCAR v3.5.1,475,75,60,19.16031220270019,0.0010619510430842638,2.594322734533534
MCARv351,MCAR v3.5.1,476,75,45,14.106044534968714,0.0015018255217000842,2.813724882977704
MCARv351,MCAR v3.5.1,477,75,30,16.847753664559015,0.0015144464559853077,3.4388105709838168
MCARv351,MCAR v3.5.1,478,75,20,14.090652882944042,0.0013326577609404922,3.7771242357698243
MCARv351,MCAR v3.5.1,479,75,10,17.584023920930079,0.0013966393889859319,4.3186138084685615
MCARv351,MCAR v3.5.1,480,75,0,11.168952776943851,0.0014181847218424082,4.2041575478426001
MCARv351,MCAR v3.5.1,481,75,-10,4.923991597886185,0.0013966393889859319,4.1254509658822451
MCARv351,MCAR v3.5.1,482,75,-20,11.101905237270087,0.0013326577609404922,4.6463655777954971
MCARv351,MCAR v3.5.1,483,75,-30,16.937618364774703,0.0015144464559853077,4.7228779723255094
MCARv351,MCAR v3.5.1,484,75,-45,7.066573973819299,0.00080013019032776356,4.4061595736337722
MCARv351,MCAR v3.5.1,485,250,-45,26.335321932194201,0.00080013019032776356,4.6080175719947309
MCARv351,MCAR v3.5.1,486,250,-30,13.481723153110721,0.0015144464559853077,4.3110957047994347
MCARv351,MCAR v3.5.1,487,250,-20,9.3955278431111164,0.0013326577609404922,4.1409691529678971
MCARv351,MCAR v3.5.1,488,250,-10,13.892339928739169,0.0013966393889859319,4.1464115832980948
MCARv351,MCAR v3.5.1,489,250,0,11.168952764252944,0.0014181847218424082,4.0605816869399352
MCARv351,MCAR v3.5.1,490,250,10,4.923991137574113,0.0013966393889859319,4.1966149017333318
MCARv351,MCAR v3.5.1,491,250,20,11.101904792308432,0.0013326577609404922,3.8258472227288265
MCARv351,MCAR v3.5.1,492,250,30,19.080583258701811,0.0015144464559853077,3.8134844518747317
MCARv351,MCAR v3.5.1,493,250,45,10.591410810340577,0.0015018255217000842,3.5094881497192785
MCARv351,MCAR v3.5.1,494,250,60,17.469138507459274,0.0010619510430842638,3.1269901577214285
MCARv351,MCAR v3.5.1,495,250,75,15.000000080789578,0.0005497062811627984,2.4994280863329368
MCARv351,MCAR v3.5.1,496,70,75,15.000000080789578,0.0005497062811627984,2.4189669821513835
MCARv351,MCAR v3.5.1,497,70,60,21.124323628857301,0.0010619510430842638,2.5951256442834141
MCARv351,MCAR v3.5.1,498,70,45,17.606966632428144,0.0015018255217000842,2.7633182186562903
MCARv351,MCAR v3.5.1,499,70,30,13.481723153110721,0.0015144464559853077,3.2049996787943731
MCARv351,MCAR v3.5.1,500,70,20,9.3955278431111164,0.0013326577609404922,3.6493062969413086
MCARv351,MCAR v3.5.1,501,70,10,13.892339928739169,0.0013966393889859319,4.1727502000071093
MCARv351,MCAR v3.5.1,502,70,0,14.106044537805667,0.0014181847218424082,4.1618513296260131
MCARv351,MCAR v3.5.1,503,70,-10,9.8476990078007134,0.0013966393889859319,4.3127449127827955
MCARv351,MCAR v3.5.1,504,70,-20,13.892338343524369,0.0013326577609404922,4.6277912881350458
MCARv351,MCAR v3.5.1,505,70,-30,15.507476946310584,0.0015144464559853077,4.5132664244362095
MCARv351,MCAR v3.5.1,506,70,-45,3.5349729711425013,0.00080013019032776356,3.9563459071654039
MCARv351,MCAR v3.5.1,507,245,-45,24.553175192197251,0.00080013019032776356,4.5543502105610578
MCARv351,MCAR v3.5.1,508,245,-30,10.974800180129701,0.0015144464559853077,4.2654961515806766
MCARv351,MCAR v3.5.1,509,245,-20,4.6982885557778449,0.0013326577609404922,4.1257374949032135
MCARv351,MCAR v3.5.1,510,245,-10,11.101906323216596,0.0013966393889859319,4.0068295932290239
MCARv351,MCAR v3.5.1,511,245,0,14.106043681994763,0.0014181847218424082,4.1009067679860181
MCARv351,MCAR v3.5.1,512,245,10,9.8476988264340477,0.0013966393889859319,4.2202551239092809
MCARv351,MCAR v3.5.1,513,245,20,13.892339676756846,0.0013326577609404922,3.967744862431188
MCARv351,MCAR v3.5.1,514,245,30,21.721268937441273,0.0015144464559853077,3.7225903514057097
MCARv351,MCAR v3.5.1,515,245,45,14.106044049359161,0.0015018255217000842,3.6178675508919214
MCARv351,MCAR v3.5.1,516,245,60,19.1603114048904,0.0010619510430842638,3.2647687090930968
MCARv351,MCAR v3.5.1,517,245,75,15.000000037063414,0.0005497062811627984,2.6037689192462694
MCARv351,MCAR v3.5.1,518,65,75,15.000000037063414,0.0005497062811627984,2.3854113197971749
MCARv351,MCAR v3.5.1,519,65,60,23.283731703845064,0.0010619510430842638,2.609651254071069
MCARv351,MCAR v3.5.1,520,65,45,21.09058089744196,0.0015018255217000842,2.7517291452199837
MCARv351,MCAR v3.5.1,521,65,30,10.974800180129701,0.0015144464559853077,3.050910152664088
MCARv351,MCAR v3.5.1,522,65,20,4.6982885557778449,0.0013326577609404922,3.3400640144443812
MCARv351,MCAR v3.5.1,523,65,10,11.101906323216596,0.0013966393889859319,3.9777431147460889
MCARv351,MCAR v3.5.1,524,65,0,17.963859654834859,0.0014181847218424082,4.11875133777757
MCARv351,MCAR v3.5.1,525,65,-10,14.7708350451899,0.0013966393889859319,4.2814948376173465
MCARv351,MCAR v3.5.1,526,65,-20,17.584023688118002,0.0013326577609404922,4.5670007107745016
MCARv351,MCAR v3.5.1,527,65,-30,14.999999968681948,0.0015144464559853077,4.5270707645525272
MCARv351,MCAR v3.5.1,529,240,-45,21.09058345153683,0.00080013019032776356,4.4611471761604413
MCARv351,MCAR v3.5.1,530,240,-30,9.999999029626526,0.0015144464559853077,4.1349100135948325
MCARv351,MCAR v3.5.1,532,240,-10,10.000001188003743,0.0013966393889859319,3.8555913478517736
MCARv351,MCAR v3.5.1,533,240,0,17.963860119699778,0.0014181847218424082,4.0554840448046372
MCARv351,MCAR v3.5.1,534,240,10,14.770834162524009,0.0013966393889859319,4.1554097550884528
MCARv351,MCAR v3.5.1,535,240,20,17.584023920930079,0.0013326577609404922,3.7707798001795609
MCARv351,MCAR v3.5.1,536,240,30,21.607104488938131,0.0015144464559853077,3.6016825032286395
MCARv351,MCAR v3.5.1,537,240,45,17.606966457268481,0.0015018255217000842,3.7141951184201658
MCARv351,MCAR v3.5.1,538,240,60,21.124323816652065,0.0010619510430842638,3.4408106972099599
MCARv351,MCAR v3.5.1,539,240,75,14.999999926042548,0.0005497062811627984,2.7462755322903019
MCARv351,MCAR v3.5.1,540,60,75,14.999999926042548,0.0005497062811627984,2.3942448774914236
MCARv351,MCAR v3.5.1,541,60,60,23.283732956340483,0.0010619510430842638,2.6192282620330944
MCARv351,MCAR v3.5.1,542,60,45,21.09058345153683,0.0015018255217000842,2.7759276948294653
MCARv351,MCAR v3.5.1,543,60,30,9.999999029626526,0.0015144464559853077,3.0231085833066329
MCARv351,MCAR v3.5.1,545,60,10,10.000001188003743,0.0013966393889859319,3.9477989503403537
MCARv351,MCAR v3.5.1,546,60,0,20.000001081696542,0.0014181847218424082,4.1218163767421991
MCARv351,MCAR v3.5.1,547,60,-10,19.693102264372424,0.0013966393889859319,4.3505038706601571
MCARv351,MCAR v3.5.1,548,60,-20,21.720797258522222,0.0013326577609404922,4.5218148902853619
MCARv351,MCAR v3.5.1,549,60,-30,15.507477882749432,0.0015144464559853077,4.3241642346066538
MCARv351,MCAR v3.5.1,550,60,-45,3.5349723672764939,0.00080013019032776356,3.885810313740063
MCARv351,MCAR v3.5.1,551,235,-45,17.606969385403353,0.00080013019032776356,4.327855890175484
MCARv351,MCAR v3.5.1,552,235,-30,10.974799216332263,0.0015144464559853077,3.9097103741094306
MCARv351,MCAR v3.5.1,553,235,-20,4.6982881143403246,0.0013326577609404922,3.9204009085754223
MCARv351,MCAR v3.5.1,554,235,-10,11.101906097405333,0.0013966393889859319,3.9088698934391841
MCARv351,MCAR v3.5.1,555,235,0,20.590672601212329,0.0014181847218424082,4.0427330719670866
MCARv351,MCAR v3.5.1,556,235,10,19.693105582230331,0.0013966393889859319,4.0490474608171914
MCARv351,MCAR v3.5.1,557,235,20,20.653637823309932,0.0013326577609404922,3.7896125996693297
MCARv351,MCAR v3.5.1,558,235,30,17.298331880789124,0.0015144464559853077,3.43121606088945
MCARv351,MCAR v3.5.1,559,235,45,21.090580421606788,0.0015018255217000842,3.6366625607041669
MCARv351,MCAR v3.5.1,560,235,60,23.283732169116558,0.0010619510430842638,3.5531438306390983
MCARv351,MCAR v3.5.1,561,235,75,15.000000513611642,0.0005497062811627984,2.7228515439745147
MCARv351,MCAR v3.5.1,562,55,75,15.000000513611642,0.0005497062811627984,2.3611242687713418
MCARv351,MCAR v3.5.1,563,55,60,21.124323795477249,0.0010619510430842638,2.5948834669311811
MCARv351,MCAR v3.5.1,564,55,45,17.606969385403353,0.0015018255217000842,2.7763759558249341
MCARv351,MCAR v3.5.1,565,55,30,10.974799216332263,0.0015144464559853077,2.9814896287840509
MCARv351,MCAR v3.5.1,566,55,20,4.6982881143403246,0.0013326577609404922,3.1830317263843697
MCARv351,MCAR v3.5.1,567,55,10,11.101906097405333,0.0013966393889859319,3.8152568299120135
MCARv351,MCAR v3.5.1,568,55,0,20.590672601212329,0.0014181847218424082,4.143556884177884
MCARv351,MCAR v3.5.1,569,55,-10,21.720794676281667,0.0013966393889859319,4.3085565962574144
MCARv351,MCAR v3.5.1,570,55,-20,18.782571022300161,0.0013326577609404922,4.3427277826307185
MCARv351,MCAR v3.5.1,571,55,-30,16.937618103837618,0.0015144464559853077,4.2463272782386499
MCARv351,MCAR v3.5.1,572,55,-45,7.0665737578836278,0.00080013019032776356,4.1654187060960188
MCARv351,MCAR v3.5.1,573,230,-45,14.106044861351487,0.00080013019032776356,4.2114625744839849
MCARv351,MCAR v3.5.1,574,230,-30,13.481722693495358,0.0015144464559853077,3.9582949358508244
MCARv351,MCAR v3.5.1,575,230,-20,9.3955278474439847,0.0013326577609404922,4.0023427935460267
MCARv351,MCAR v3.5.1,576,230,-10,13.892339559573843,0.0013966393889859319,3.8730585838650327
MCARv351,MCAR v3.5.1,577,230,0,22.26874569765862,0.0014181847218424082,3.9838065369451141
MCARv351,MCAR v3.5.1,578,230,10,24.407187574190903,0.0013966393889859319,4.1229442057627983
MCARv351,MCAR v3.5.1,579,230,20,16.847752970154431,0.0013326577609404922,3.6973175524763104
MCARv351,MCAR v3.5.1,580,230,30,12.981060122360738,0.0015144464559853077,3.4101432984945124
MCARv351,MCAR v3.5.1,581,230,45,19.080584438556169,0.0015018255217000842,3.6818590801738056
MCARv351,MCAR v3.5.1,582,230,60,25.579586991885623,0.0010619510430842638,3.710117972712899
MCARv351,MCAR v3.5.1,583,230,75,15.000000045981704,0.0005497062811627984,2.825393905271596
MCARv351,MCAR v3.5.1,584,50,75,15.000000045981704,0.0005497062811627984,2.3659841772864989
MCARv351,MCAR v3.5.1,585,50,60,19.160311981928583,0.0010619510430842638,2.6018536775152561
MCARv351,MCAR v3.5.1,586,50,45,14.106044861351487,0.0015018255217000842,2.7340082178681526
MCARv351,MCAR v3.5.1,587,50,30,13.481722693495358,0.0015144464559853077,3.0554372650538681
MCARv351,MCAR v3.5.1,588,50,20,9.3955278474439847,0.0013326577609404922,3.1349789886653152
MCARv351,MCAR v3.5.1,589,50,10,13.892339559573843,0.0013966393889859319,3.6530447365207732
MCARv351,MCAR v3.5.1,590,50,0,22.26874569765862,0.0014181847218424082,4.0052286609459484
MCARv351,MCAR v3.5.1,591,50,-10,17.584022183303819,0.0013966393889859319,4.1895919056884834
MCARv351,MCAR v3.5.1,592,50,-20,14.090650791577101,0.0013326577609404922,4.2195306878671728
MCARv351,MCAR v3.5.1,593,50,-30,16.847751615755694,0.0015144464559853077,4.1073451214278558
MCARv351,MCAR v3.5.1,594,50,-45,10.591412169898064,0.00080013019032776356,4.3220183627769124
MCARv351,MCAR v3.5.1,595,225,-45,10.591412221441374,0.00080013019032776356,3.9971378139846281
MCARv351,MCAR v3.5.1,596,225,-30,16.847751846686993,0.0015144464559853077,3.9098825136207767
MCARv351,MCAR v3.5.1,597,225,-20,14.090651603071073,0.0013326577609404922,4.0046109492157562
MCARv351,MCAR v3.5.1,598,225,-10,17.584022658769534,0.0013966393889859319,3.7922130927015107
MCARv351,MCAR v3.5.1,599,225,0,24.814217316458059,0.0014181847218424082,3.8613868720853946
MCARv351,MCAR v3.5.1,600,225,10,22.068454074222679,0.0013966393889859319,4.0838450326554598
MCARv351,MCAR v3.5.1,601,225,20,13.481723581082752,0.0013326577609404922,3.6059409027897007
MCARv351,MCAR v3.5.1,602,225,30,8.6575008924471586,0.0015144464559853077,3.2590653892605119
MCARv351,MCAR v3.5.1,603,225,45,16.937618541531808,0.0015018255217000842,3.7324179454895825
MCARv351,MCAR v3.5.1,604,225,60,27.967953256853754,0.0010619510430842638,3.8190645560453103
MCARv351,MCAR v3.5.1,605,225,75,15.000000759196658,0.0005497062811627984,2.9568321265152191
MCARv351,MCAR v3.5.1,606,45,75,15.000000759196658,0.0005497062811627984,2.3791654928314427
MCARv351,MCAR v3.5.1,607,45,60,17.469139229498978,0.0010619510430842638,2.5476449059895669
MCARv351,MCAR v3.5.1,608,45,45,10.591412221441374,0.0015018255217000842,2.5812537951405545
MCARv351,MCAR v3.5.1,609,45,30,16.847751846686993,0.0015144464559853077,3.0035196692171557
MCARv351,MCAR v3.5.1,610,45,20,14.090651603071073,0.0013326577609404922,3.0659405184399136
MCARv351,MCAR v3.5.1,611,45,10,17.584022658769534,0.0013966393889859319,3.4695175224821142
MCARv351,MCAR v3.5.1,612,45,0,22.268744826474858,0.0014181847218424082,3.7563124673200905
MCARv351,MCAR v3.5.1,613,45,-10,13.892338468968779,0.0013966393889859319,4.0434711488291155
MCARv351,MCAR v3.5.1,614,45,-20,9.3955270425035575,0.0013326577609404922,3.9988677603846798
MCARv351,MCAR v3.5.1,615,45,-30,13.481722024217131,0.0015144464559853077,4.0806085242317076
MCARv351,MCAR v3.5.1,616,45,-45,14.106044843106213,0.00080013019032776356,4.3247396758892016
MCARv351,MCAR v3.5.1,617,220,-45,7.0665759174006428,0.00080013019032776356,3.7456536894263919
MCARv351,MCAR v3.5.1,618,220,-30,16.937618856363812,0.0015144464559853077,3.9199018515585426
MCARv351,MCAR v3.5.1,619,220,-20,18.782569533125056,0.0013326577609404922,3.9908305361479388
MCARv351,MCAR v3.5.1,620,220,-10,19.693105071764794,0.0013966393889859319,3.7158055468311346
MCARv351,MCAR v3.5.1,621,220,0,22.268745808076812,0.0014181847218424082,3.6280366577147452
MCARv351,MCAR v3.5.1,622,220,10,20.536778438540473,0.0013966393889859319,3.9433716780587003
MCARv351,MCAR v3.5.1,623,220,20,10.974801461651374,0.0013326577609404922,3.6316433968461821
MCARv351,MCAR v3.5.1,624,220,30,4.3297856282053244,0.0015144464559853077,3.1682276661752327
MCARv351,MCAR v3.5.1,625,220,45,15.507478746963535,0.0015018255217000842,3.6752438097244493
MCARv351,MCAR v3.5.1,626,220,60,30.000000754713284,0.0010619510430842638,3.7848126061989333
MCARv351,MCAR v3.5.1,627,220,75,15.000000045981704,0.0005497062811627984,3.0410352987852032
MCARv351,MCAR v3.5.1,628,40,75,15.000000045981704,0.0005497062811627984,2.3917281831333259
MCARv351,MCAR v3.5.1,629,40,60,16.146340174030033,0.0010619510430842638,2.5133158468100505
MCARv351,MCAR v3.5.1,630,40,45,7.0665759174006428,0.0015018255217000842,2.4726392146633276
MCARv351,MCAR v3.5.1,631,40,30,16.937618856363812,0.0015144464559853077,2.9472328920934401
MCARv351,MCAR v3.5.1,632,40,20,18.782569533125056,0.0013326577609404922,2.9734067264429793
MCARv351,MCAR v3.5.1,633,40,10,19.693105071764794,0.0013966393889859319,3.3476316374869328
MCARv351,MCAR v3.5.1,634,40,0,20.590672409097611,0.0014181847218424082,3.5662127555330922
MCARv351,MCAR v3.5.1,635,40,-10,11.101905566123458,0.0013966393889859319,3.8418077469461878
MCARv351,MCAR v3.5.1,636,40,-20,4.6982895983919564,0.0013326577609404922,3.8313306590173473
MCARv351,MCAR v3.5.1,637,40,-30,10.974800783883671,0.0015144464559853077,3.9241551790216431
MCARv351,MCAR v3.5.1,638,40,-45,17.606967058132422,0.00080013019032776356,4.2893044324794438
MCARv351,MCAR v3.5.1,639,215,-45,3.5349726093893015,0.00080013019032776356,3.6116022809940911
MCARv351,MCAR v3.5.1,640,215,-30,15.507477619497367,0.0015144464559853077,3.8162102369858144
MCARv351,MCAR v3.5.1,641,215,-20,17.584023511028544,0.0013326577609404922,4.0974358417802446
MCARv351,MCAR v3.5.1,642,215,-10,14.770837930353938,0.0013966393889859319,3.686927507509246
MCARv351,MCAR v3.5.1,643,215,0,17.963860447378917,0.0014181847218424082,3.4954460158535481
MCARv351,MCAR v3.5.1,644,215,10,19.999999690522536,0.0013966393889859319,3.9953653772568076
MCARv351,MCAR v3.5.1,645,215,20,9.9999992480583071,0.0013326577609404922,3.5267415289527309
MCARv351,MCAR v3.5.1,647,215,45,14.999999418095857,0.0015018255217000842,3.7264072124931107
MCARv351,MCAR v3.5.1,648,215,60,29.999999338596972,0.0010619510430842638,3.8597011062321953
MCARv351,MCAR v3.5.1,649,215,75,15.000000513611642,0.0005497062811627984,3.1085775155819477
MCARv351,MCAR v3.5.1,650,35,75,15.000000513611642,0.0005497062811627984,2.3701122518149589
MCARv351,MCAR v3.5.1,651,35,60,15.294998948342053,0.0010619510430842638,2.4805773486630902
MCARv351,MCAR v3.5.1,652,35,45,3.5349726093893015,0.0015018255217000842,2.3995986192163659
MCARv351,MCAR v3.5.1,653,35,30,15.507477619497367,0.0015144464559853077,2.9358641814348534
MCARv351,MCAR v3.5.1,654,35,20,17.584023511028544,0.0013326577609404922,3.02101204044788
MCARv351,MCAR v3.5.1,655,35,10,14.770837930353938,0.0013966393889859319,3.1159636348801047
MCARv351,MCAR v3.5.1,656,35,0,17.963860447378917,0.0014181847218424082,3.407169670790354
MCARv351,MCAR v3.5.1,657,35,-10,10.000000442464293,0.0013966393889859319,3.6611667952251068
MCARv351,MCAR v3.5.1,659,35,-30,9.9999992480583071,0.0015144464559853077,3.9126571048140217
MCARv351,MCAR v3.5.1,660,35,-45,21.090583039068701,0.00080013019032776356,4.6969812239867546
MCARv351,MCAR v3.5.1,662,210,-30,14.999998739050708,0.0015144464559853077,3.8307190560904982
MCARv351,MCAR v3.5.1,663,210,-20,13.892339928739169,0.0013326577609404922,3.994763235593493
MCARv351,MCAR v3.5.1,664,210,-10,9.8476983963493687,0.0013966393889859319,3.5093050742723322
MCARv351,MCAR v3.5.1,665,210,0,14.10604466738504,0.0014181847218424082,3.4474978322830099
MCARv351,MCAR v3.5.1,666,210,10,20.536778047345422,0.0013966393889859319,4.0296015163223409
MCARv351,MCAR v3.5.1,667,210,20,10.974799216332263,0.0013326577609404922,3.5487502678814788
MCARv351,MCAR v3.5.1,668,210,30,4.3297829047621343,0.0015144464559853077,3.1494515902409286
MCARv351,MCAR v3.5.1,669,210,45,15.507477619497367,0.0015018255217000842,3.7827520037996067
MCARv351,MCAR v3.5.1,670,210,60,30.000000111323018,0.0010619510430842638,3.8906274891090673
MCARv351,MCAR v3.5.1,671,210,75,14.999999926042548,0.0005497062811627984,3.1377994730135317
MCARv351,MCAR v3.5.1,672,30,75,14.999999926042548,0.0005497062811627984,2.377561083104073
MCARv351,MCAR v3.5.1,673,30,60,15.000001038303349,0.0010619510430842638,2.440392216882596
MCARv351,MCAR v3.5.1,675,30,30,14.999998739050708,0.0015144464559853077,2.8885685198073632
MCARv351,MCAR v3.5.1,676,30,20,13.892339928739169,0.0013326577609404922,2.9652305546173618
MCARv351,MCAR v3.5.1,677,30,10,9.8476983963493687,0.0013966393889859319,3.0036698134286173
MCARv351,MCAR v3.5.1,678,30,0,14.10604466738504,0.0014181847218424082,3.2459586371496769
MCARv351,MCAR v3.5.1,679,30,-10,11.101905871462817,0.0013966393889859319,3.4993804785915303
MCARv351,MCAR v3.5.1,680,30,-20,4.6982881143403246,0.0013326577609404922,3.4316125786703826
MCARv351,MCAR v3.5.1,681,30,-30,10.974800968721977,0.0015144464559853077,3.78561495275398
MCARv351,MCAR v3.5.1,682,30,-45,24.553175192197251,0.00080013019032776356,4.9220595421216693
MCARv351,MCAR v3.5.1,683,205,-45,3.5349723672764939,0.00080013019032776356,3.6831126989689689
MCARv351,MCAR v3.5.1,684,205,-30,15.507477597756536,0.0015144464559853077,3.8885240221124193
MCARv351,MCAR v3.5.1,685,205,-20,11.101905984016177,0.0013326577609404922,3.92530148635911
MCARv351,MCAR v3.5.1,686,205,-10,4.9239914100594815,0.0013966393889859319,3.319571290574264
MCARv351,MCAR v3.5.1,687,205,0,11.168952722705445,0.0014181847218424082,3.4542902042291597
MCARv351,MCAR v3.5.1,688,205,10,20.60935684332042,0.0013966393889859319,3.9452061722541534
MCARv351,MCAR v3.5.1,689,205,20,13.481721255281723,0.0013326577609404922,3.6923828343571397
MCARv351,MCAR v3.5.1,690,205,30,8.6574997742182269,0.0015144464559853077,3.226251258507185
MCARv351,MCAR v3.5.1,691,205,45,16.937618103837618,0.0015018255217000842,3.7876519203891132
MCARv351,MCAR v3.5.1,692,205,60,30.000001193671139,0.0010619510430842638,3.9588582027970673
MCARv351,MCAR v3.5.1,693,205,75,15.000000037063414,0.0005497062811627984,3.2326271753378091
MCARv351,MCAR v3.5.1,694,25,75,15.000000037063414,0.0005497062811627984,2.3951620764535257
MCARv351,MCAR v3.5.1,695,25,60,15.294998365211272,0.0010619510430842638,2.4223223130446314
MCARv351,MCAR v3.5.1,696,25,45,3.5349723672764939,0.0015018255217000842,2.3272561119168653
MCARv351,MCAR v3.5.1,697,25,30,15.507477597756536,0.0015144464559853077,2.9575626380675981
MCARv351,MCAR v3.5.1,698,25,20,11.101905984016177,0.0013326577609404922,2.8720890522744691
MCARv351,MCAR v3.5.1,699,25,10,4.9239914100594815,0.0013966393889859319,2.8597662111355215
MCARv351,MCAR v3.5.1,700,25,0,11.168952722705445,0.0014181847218424082,3.0967638368720873
MCARv351,MCAR v3.5.1,701,25,-10,13.892339487305048,0.0013966393889859319,3.4643195748266837
MCARv351,MCAR v3.5.1,702,25,-20,9.395526819952865,0.0013326577609404922,3.3396994994675451
MCARv351,MCAR v3.5.1,703,25,-30,13.481723060064377,0.0015144464559853077,3.9194306397814471
MCARv351,MCAR v3.5.1,704,25,-45,24.694085979776748,0.00080013019032776356,4.8750012857981249
MCARv351,MCAR v3.5.1,705,200,-45,7.0665741911739026,0.00080013019032776356,3.7842002728493651
MCARv351,MCAR v3.5.1,706,200,-30,16.937616033087821,0.0015144464559853077,3.935486918903766
MCARv351,MCAR v3.5.1,707,200,-20,10.000000035409951,0.0013326577609404922,3.8272729230846902
MCARv351,MCAR v3.5.1,709,200,0,9.9999999527339298,0.0014181847218424082,3.4511404351364807
MCARv351,MCAR v3.5.1,710,200,10,19.999999905467796,0.0013966393889859319,3.8877602423381363
MCARv351,MCAR v3.5.1,711,200,20,16.847752641975024,0.0013326577609404922,3.7214333093251271
MCARv351,MCAR v3.5.1,712,200,30,12.981059482482918,0.0015144464559853077,3.2949972490821113
MCARv351,MCAR v3.5.1,713,200,45,19.080583620201772,0.0015018255217000842,3.7928495985457187
MCARv351,MCAR v3.5.1,714,200,60,30.000000435073549,0.0010619510430842638,4.0253162678093437
MCARv351,MCAR v3.5.1,715,200,75,15.000000080789578,0.0005497062811627984,3.2584645763821825
MCARv351,MCAR v3.5.1,716,20,75,15.000000080789578,0.0005497062811627984,2.3859388520473326
MCARv351,MCAR v3.5.1,717,20,60,16.146339438123881,0.0010619510430842638,2.4386959180397354
MCARv351,MCAR v3.5.1,718,20,45,7.0665741911739026,0.0015018255217000842,2.3901395389572162
MCARv351,MCAR v3.5.1,719,20,30,16.937616033087821,0.0015144464559853077,2.978843924368543
MCARv351,MCAR v3.5.1,720,20,20,10.000000035409951,0.0013326577609404922,2.808367134153841
MCARv351,MCAR v3.5.1,722,20,0,9.9999999527339298,0.0014181847218424082,3.0878761540761803
MCARv351,MCAR v3.5.1,723,20,-10,17.584023511028544,0.0013966393889859319,3.458365499575986
MCARv351,MCAR v3.5.1,724,20,-20,14.090652447229385,0.0013326577609404922,3.4131751054251152
MCARv351,MCAR v3.5.1,725,20,-30,16.84775355865764,0.0015144464559853077,3.7146413104621754
MCARv351,MCAR v3.5.1,726,20,-45,21.721267918499912,0.00080013019032776356,4.594096796175144
MCARv351,MCAR v3.5.1,727,195,-45,10.591410371458657,0.00080013019032776356,3.8362928443912021
MCARv351,MCAR v3.5.1,728,195,-30,19.080583481669692,0.0015144464559853077,3.9437976217260813
MCARv351,MCAR v3.5.1,729,195,-20,11.101905300103793,0.0013326577609404922,3.8262330198272028
MCARv351,MCAR v3.5.1,730,195,-10,4.923991137574113,0.0013966393889859319,3.2292797108117099
MCARv351,MCAR v3.5.1,731,195,0,11.168952636407244,0.0014181847218424082,3.4125821101110616
MCARv351,MCAR v3.5.1,732,195,10,20.609356788468691,0.0013966393889859319,3.8878182144497613
MCARv351,MCAR v3.5.1,733,195,20,20.653636294849793,0.0013326577609404922,3.8426963710209252
MCARv351,MCAR v3.5.1,734,195,30,17.298330000057948,0.0015144464559853077,3.3173169482438478
MCARv351,MCAR v3.5.1,735,195,45,21.721268164114861,0.0015018255217000842,3.8091234958763267
MCARv351,MCAR v3.5.1,736,195,60,30.000000110732287,0.0010619510430842638,4.06985045654912
MCARv351,MCAR v3.5.1,737,195,75,15.000000205801689,0.0005497062811627984,3.2740194012006643
MCARv351,MCAR v3.5.1,738,15,75,15.000000205801689,0.0005497062811627984,2.3583494889797501
MCARv351,MCAR v3.5.1,739,15,60,17.469138312232101,0.0010619510430842638,2.4142750307064693
MCARv351,MCAR v3.5.1,740,15,45,10.591410371458657,0.0015018255217000842,2.4412081662440013
MCARv351,MCAR v3.5.1,741,15,30,19.080583481669692,0.0015144464559853077,2.9892959633507274
MCARv351,MCAR v3.5.1,742,15,20,11.101905300103793,0.0013326577609404922,2.7810837451232087
MCARv351,MCAR v3.5.1,743,15,10,4.923991137574113,0.0013966393889859319,2.6219096602307292
MCARv351,MCAR v3.5.1,744,15,0,11.168952636407244,0.0014181847218424082,3.2100651437176313
MCARv351,MCAR v3.5.1,745,15,-10,20.609356788468691,0.0013966393889859319,3.4855359163793724
MCARv351,MCAR v3.5.1,746,15,-20,16.847753386581868,0.0013326577609404922,3.4972969504366347
MCARv351,MCAR v3.5.1,747,15,-30,12.981060183000123,0.0015144464559853077,3.6293417892478788
MCARv351,MCAR v3.5.1,748,15,-45,19.080582938811499,0.00080013019032776356,4.4759728095924629
MCARv351,MCAR v3.5.1,749,190,-45,14.106043320415029,0.00080013019032776356,3.8989908079152666
MCARv351,MCAR v3.5.1,750,190,-30,21.721268924650655,0.0015144464559853077,4.0302720135540673
MCARv351,MCAR v3.5.1,751,190,-20,13.892338774103179,0.0013326577609404922,3.92519938276202
MCARv351,MCAR v3.5.1,752,190,-10,9.8476990078007134,0.0013966393889859319,3.3766565772520893
MCARv351,MCAR v3.5.1,753,190,0,14.106043901218957,0.0014181847218424082,3.5715571078576134
MCARv351,MCAR v3.5.1,754,190,10,22.337905413351134,0.0013966393889859319,3.8818653942736669
MCARv351,MCAR v3.5.1,755,190,20,24.692721414933498,0.0013326577609404922,3.948012726093491
MCARv351,MCAR v3.5.1,756,190,30,21.607103231533049,0.0015144464559853077,3.4212562847939707
MCARv351,MCAR v3.5.1,757,190,45,24.694086482247521,0.0015018255217000842,3.8236867981052143
MCARv351,MCAR v3.5.1,758,190,60,29.999999880144909,0.0010619510430842638,4.0687044911367405
MCARv351,MCAR v3.5.1,759,190,75,15.000000876882917,0.0005497062811627984,3.2532454354005735
MCARv351,MCAR v3.5.1,760,10,75,15.000000876882917,0.0005497062811627984,2.4025602505919728
MCARv351,MCAR v3.5.1,761,10,60,19.160311976351618,0.0010619510430842638,2.421500290784024
MCARv351,MCAR v3.5.1,762,10,45,14.106043320415029,0.0015018255217000842,2.4803710163615964
MCARv351,MCAR v3.5.1,763,10,30,21.721268924650655,0.0015144464559853077,2.9912600205529718
MCARv351,MCAR v3.5.1,764,10,20,13.892338774103179,0.0013326577609404922,2.8052095822745091
MCARv351,MCAR v3.5.1,765,10,10,9.8476990078007134,0.0013966393889859319,2.6749769296627921
MCARv351,MCAR v3.5.1,766,10,0,14.106043901218957,0.0014181847218424082,3.2868372709874376
MCARv351,MCAR v3.5.1,767,10,-10,22.068454646158248,0.0013966393889859319,3.5557776387208464
MCARv351,MCAR v3.5.1,768,10,-20,13.481723172448659,0.0013326577609404922,3.4965367161124776
MCARv351,MCAR v3.5.1,769,10,-30,8.6574993691915836,0.0015144464559853077,3.4960291919126103
MCARv351,MCAR v3.5.1,770,10,-45,16.937618201740335,0.00080013019032776356,4.4508137727811468
MCARv351,MCAR v3.5.1,771,185,-45,17.606966457268481,0.00080013019032776356,3.9426448410939154
MCARv351,MCAR v3.5.1,772,185,-30,24.40718767599158,0.0015144464559853077,4.0890268547719337
MCARv351,MCAR v3.5.1,773,185,-20,17.584023118169156,0.0013326577609404922,3.8850100232516693
MCARv351,MCAR v3.5.1,774,185,-10,14.770835684902895,0.0013966393889859319,3.5700666612757006
MCARv351,MCAR v3.5.1,775,185,0,17.963859965917774,0.0014181847218424082,3.7546342540607962
MCARv351,MCAR v3.5.1,776,185,10,24.954120181789488,0.0013966393889859319,3.9425727499877254
MCARv351,MCAR v3.5.1,777,185,20,28.862630859837058,0.0013326577609404922,4.0223713588213208
MCARv351,MCAR v3.5.1,778,185,30,25.905078268461338,0.0015144464559853077,3.5370797545725363
MCARv351,MCAR v3.5.1,779,185,45,27.885566114219476,0.0015018255217000842,3.8392288498681806
MCARv351,MCAR v3.5.1,780,185,60,30.000000997038136,0.0010619510430842638,4.1512367492906126
MCARv351,MCAR v3.5.1,781,185,75,15.000000519710634,0.0005497062811627984,3.2674953630418924
MCARv351,MCAR v3.5.1,782,5,75,15.000000519710634,0.0005497062811627984,2.3996645062915278
MCARv351,MCAR v3.5.1,783,5,60,21.124322746870448,0.0010619510430842638,2.435189875329546
MCARv351,MCAR v3.5.1,784,5,45,17.606966457268481,0.0015018255217000842,2.5156922423326695
MCARv351,MCAR v3.5.1,785,5,30,24.40718767599158,0.0015144464559853077,3.0028130254333218
MCARv351,MCAR v3.5.1,786,5,20,17.584023118169156,0.0013326577609404922,2.8098776734590447
MCARv351,MCAR v3.5.1,787,5,10,14.770835684902895,0.0013966393889859319,2.7906824897506102
MCARv351,MCAR v3.5.1,788,5,0,17.963859965917774,0.0014181847218424082,3.2552963056837538
MCARv351,MCAR v3.5.1,789,5,-10,20.536778500153151,0.0013966393889859319,3.5518842104611044
MCARv351,MCAR v3.5.1,790,5,-20,10.974801001997228,0.0013326577609404922,3.4705374724878024
MCARv351,MCAR v3.5.1,791,5,-30,4.3297835269819025,0.0015144464559853077,3.3563332208721799
MCARv351,MCAR v3.5.1,792,5,-45,15.507477087468549,0.00080013019032776356,4.5058202165649588
FSPAE,FSP-AE,0,0,-45,14.999999554707983,0.00080013019032776356,3.5477436941298532
FSPAE,FSP-AE,2,0,-20,9.9999997858989413,0.0013326577609404922,3.237474243091278
FSPAE,FSP-AE,3,0,-10,20.000000162186488,0.0013966393889859319,3.2577771389498569
FSPAE,FSP-AE,4,0,0,22.268744313392595,0.0014181847218424082,2.9786596023176415
FSPAE,FSP-AE,5,0,10,19.693103693538394,0.0013966393889859319,2.328467826457373
FSPAE,FSP-AE,6,0,20,21.720796614325359,0.0013326577609404922,2.5999869082595777
FSPAE,FSP-AE,7,0,30,27.34479831653633,0.0015144464559853077,2.7374539788487073
FSPAE,FSP-AE,8,0,45,21.090580470751792,0.0015018255217000842,2.0160859375183993
FSPAE,FSP-AE,9,0,60,23.283731818796717,0.0010619510430842638,1.9186737502867386
FSPAE,FSP-AE,10,0,75,15.000000120055846,0.0005497062811627984,1.7061626333976554
FSPAE,FSP-AE,12,180,75,15.000000120055846,0.0005497062811627984,2.4620648823198312
FSPAE,FSP-AE,13,180,60,30.000000445292049,0.0010619510430842638,3.1430222455143864
FSPAE,FSP-AE,14,180,45,31.220426124312098,0.0015018255217000842,3.0145302467871442
FSPAE,FSP-AE,15,180,30,30.189833851059973,0.0015144464559853077,2.7566603187549155
FSPAE,FSP-AE,16,180,20,33.108874982180794,0.0013326577609404922,3.3608600671812026
FSPAE,FSP-AE,17,180,10,28.212088559080865,0.0013966393889859319,3.6586257898709671
FSPAE,FSP-AE,18,180,0,22.268744313392595,0.0014181847218424082,3.1562308786598492
FSPAE,FSP-AE,19,180,-10,19.693103693538394,0.0013966393889859319,3.0361023460991863
FSPAE,FSP-AE,20,180,-20,21.720796614325359,0.0013326577609404922,3.1912042993454652
FSPAE,FSP-AE,21,180,-30,27.34479831653633,0.0015144464559853077,3.7449059473906532
FSPAE,FSP-AE,22,180,-45,21.090580470751792,0.00080013019032776356,3.5595306780657938
FSPAE,FSP-AE,23,355,-45,15.507477087468549,0.00080013019032776356,3.5309687542595061
FSPAE,FSP-AE,24,355,-30,4.3297835269819025,0.0015144464559853077,2.1949559759140858
FSPAE,FSP-AE,25,355,-20,10.974801001997228,0.0013326577609404922,3.1710754222261603
FSPAE,FSP-AE,26,355,-10,20.536778500153151,0.0013966393889859319,3.2316304913191369
FSPAE,FSP-AE,27,355,0,17.963859965917774,0.0014181847218424082,2.9239271916038363
FSPAE,FSP-AE,28,355,10,14.770835684902895,0.0013966393889859319,2.2263005496762656
FSPAE,FSP-AE,29,355,20,17.584023118169156,0.0013326577609404922,2.531535078717273
FSPAE,FSP-AE,30,355,30,24.40718767599158,0.0015144464559853077,2.6301090325975758
FSPAE,FSP-AE,31,355,45,17.606966457268481,0.0015018255217000842,1.9314121304488694
FSPAE,FSP-AE,32,355,60,21.124322746870448,0.0010619510430842638,1.9061363996237584
FSPAE,FSP-AE,33,355,75,15.000000519710634,0.0005497062811627984,1.6736772078855553
FSPAE,FSP-AE,34,175,75,15.000000519710634,0.0005497062811627984,2.4543092692531578
FSPAE,FSP-AE,35,175,60,30.000000997038136,0.0010619510430842638,3.070854924052639
FSPAE,FSP-AE,36,175,45,27.885566114219476,0.0015018255217000842,2.9444930440715056
FSPAE,FSP-AE,37,175,30,25.905078268461338,0.0015144464559853077,2.6591854756229409
FSPAE,FSP-AE,38,175,20,28.862630859837058,0.0013326577609404922,3.2450254833697438
FSPAE,FSP-AE,39,175,10,24.954120181789488,0.0013966393889859319,3.6556309159471483
FSPAE,FSP-AE,40,175,0,17.963859965917774,0.0014181847218424082,3.1010706499873111
FSPAE,FSP-AE,41,175,-10,14.770835684902895,0.0013966393889859319,2.849587201681921
FSPAE,FSP-AE,42,175,-20,17.584023118169156,0.0013326577609404922,2.9583838374171991
FSPAE,FSP-AE,43,175,-30,24.40718767599158,0.0015144464559853077,3.6254482924523832
FSPAE,FSP-AE,44,175,-45,17.606966457268481,0.00080013019032776356,3.2822474336937977
FSPAE,FSP-AE,45,350,-45,16.937618201740335,0.00080013019032776356,3.5692946157608785
FSPAE,FSP-AE,46,350,-30,8.6574993691915836,0.0015144464559853077,2.6070224887673041
FSPAE,FSP-AE,47,350,-20,13.481723172448659,0.0013326577609404922,3.1560644276545329
FSPAE,FSP-AE,48,350,-10,22.068454646158248,0.0013966393889859319,3.2559105410280065
FSPAE,FSP-AE,49,350,0,14.106043901218957,0.0014181847218424082,2.9054385116552144
FSPAE,FSP-AE,50,350,10,9.8476990078007134,0.0013966393889859319,2.0658364806517913
FSPAE,FSP-AE,51,350,20,13.892338774103179,0.0013326577609404922,2.5378260345052093
FSPAE,FSP-AE,52,350,30,21.721268924650655,0.0015144464559853077,2.5894645706372872
FSPAE,FSP-AE,53,350,45,14.106043320415029,0.0015018255217000842,1.7913194540127355
FSPAE,FSP-AE,54,350,60,19.160311976351618,0.0010619510430842638,1.9048926913624897
FSPAE,FSP-AE,55,350,75,15.000000876882917,0.0005497062811627984,1.6546996600851644
FSPAE,FSP-AE,56,170,75,15.000000876882917,0.0005497062811627984,2.4850594286950436
FSPAE,FSP-AE,57,170,60,29.999999880144909,0.0010619510430842638,3.057441583810228
FSPAE,FSP-AE,58,170,45,24.694086482247521,0.0015018255217000842,2.9374607560997803
FSPAE,FSP-AE,59,170,30,21.607103231533049,0.0015144464559853077,2.5152356826452196
FSPAE,FSP-AE,60,170,20,24.692721414933498,0.0013326577609404922,3.2414169754666928
FSPAE,FSP-AE,61,170,10,22.337905413351134,0.0013966393889859319,3.5465081851172275
FSPAE,FSP-AE,62,170,0,14.106043901218957,0.0014181847218424082,3.0561314853970201
FSPAE,FSP-AE,63,170,-10,9.8476990078007134,0.0013966393889859319,2.4423312636171803
FSPAE,FSP-AE,64,170,-20,13.892338774103179,0.0013326577609404922,2.9572124023038695
FSPAE,FSP-AE,65,170,-30,21.721268924650655,0.0015144464559853077,3.5365544177595525
FSPAE,FSP-AE,66,170,-45,14.106043320415029,0.00080013019032776356,3.0420759332101457
FSPAE,FSP-AE,67,345,-45,19.080582938811499,0.00080013019032776356,3.8203865730682578
FSPAE,FSP-AE,68,345,-30,12.981060183000123,0.0015144464559853077,3.0123505528141648
FSPAE,FSP-AE,69,345,-20,16.847753386581868,0.0013326577609404922,3.1640420794475732
FSPAE,FSP-AE,70,345,-10,20.609356788468691,0.0013966393889859319,3.2381126748473439
FSPAE,FSP-AE,71,345,0,11.168952636407244,0.0014181847218424082,2.9302120063163684
FSPAE,FSP-AE,72,345,10,4.923991137574113,0.0013966393889859319,1.7769762968147895
FSPAE,FSP-AE,73,345,20,11.101905300103793,0.0013326577609404922,2.489451440735186
FSPAE,FSP-AE,74,345,30,19.080583481669692,0.0015144464559853077,2.5105671864026919
FSPAE,FSP-AE,75,345,45,10.591410371458657,0.0015018255217000842,1.6838273095713794
FSPAE,FSP-AE,76,345,60,17.469138312232101,0.0010619510430842638,1.9094605358222316
FSPAE,FSP-AE,77,345,75,15.000000205801689,0.0005497062811627984,1.6473537372998615
FSPAE,FSP-AE,78,165,75,15.000000205801689,0.0005497062811627984,2.4327814374818368
FSPAE,FSP-AE,79,165,60,30.000000110732287,0.0010619510430842638,3.0087063827782101
FSPAE,FSP-AE,80,165,45,21.721268164114861,0.0015018255217000842,3.0149200909117142
FSPAE,FSP-AE,81,165,30,17.298330000057948,0.0015144464559853077,2.422113168726721
FSPAE,FSP-AE,82,165,20,20.653636294849793,0.0013326577609404922,3.243744481690976
FSPAE,FSP-AE,83,165,10,20.609356788468691,0.0013966393889859319,3.4174611346991175
FSPAE,FSP-AE,84,165,0,11.168952636407244,0.0014181847218424082,3.1570546332945644
FSPAE,FSP-AE,85,165,-10,4.923991137574113,0.0013966393889859319,1.679431745882072
FSPAE,FSP-AE,86,165,-20,11.101905300103793,0.0013326577609404922,2.9268732039825327
FSPAE,FSP-AE,87,165,-30,19.080583481669692,0.0015144464559853077,3.318894113314697
FSPAE,FSP-AE,88,165,-45,10.591410371458657,0.00080013019032776356,2.6301739231969639
FSPAE,FSP-AE,89,340,-45,21.721267918499912,0.00080013019032776356,4.0949722023041124
FSPAE,FSP-AE,90,340,-30,16.84775355865764,0.0015144464559853077,3.3121884528332033
FSPAE,FSP-AE,91,340,-20,14.090652447229385,0.0013326577609404922,3.1372716132913072
FSPAE,FSP-AE,92,340,-10,17.584023511028544,0.0013966393889859319,3.2002816790418156
FSPAE,FSP-AE,93,340,0,9.9999999527339298,0.0014181847218424082,2.9255005049797713
FSPAE,FSP-AE,95,340,20,10.000000035409951,0.0013326577609404922,2.5859182742687929
FSPAE,FSP-AE,96,340,30,16.937616033087821,0.0015144464559853077,2.5360045788913501
FSPAE,FSP-AE,97,340,45,7.0665741911739026,0.0015018255217000842,1.4025520057500303
FSPAE,FSP-AE,98,340,60,16.146339438123881,0.0010619510430842638,1.9341409729118846
FSPAE,FSP-AE,99,340,75,15.000000080789578,0.0005497062811627984,1.6471460042579558
FSPAE,FSP-AE,100,160,75,15.000000080789578,0.0005497062811627984,2.4107544885984549
FSPAE,FSP-AE,101,160,60,30.000000435073549,0.0010619510430842638,3.0457901267357896
FSPAE,FSP-AE,102,160,45,19.080583620201772,0.0015018255217000842,3.0649478659653764
FSPAE,FSP-AE,103,160,30,12.981059482482918,0.0015144464559853077,2.2981930166557984
FSPAE,FSP-AE,104,160,20,16.847752641975024,0.0013326577609404922,3.0665320533635647
FSPAE,FSP-AE,105,160,10,19.999999905467796,0.0013966393889859319,3.3405400630409816
FSPAE,FSP-AE,106,160,0,9.9999999527339298,0.0014181847218424082,3.1971574007527974
FSPAE,FSP-AE,108,160,-20,10.000000035409951,0.0013326577609404922,2.9810249275869762
FSPAE,FSP-AE,109,160,-30,16.937616033087821,0.0015144464559853077,3.2068691691205373
FSPAE,FSP-AE,110,160,-45,7.0665741911739026,0.00080013019032776356,2.2068240571526108
FSPAE,FSP-AE,111,335,-45,24.694085979776748,0.00080013019032776356,4.3091105751410694
FSPAE,FSP-AE,112,335,-30,13.481723060064377,0.0015144464559853077,3.4303966515857804
FSPAE,FSP-AE,113,335,-20,9.395526819952865,0.0013326577609404922,2.938343747591297
FSPAE,FSP-AE,114,335,-10,13.892339487305048,0.0013966393889859319,3.151133064661785
FSPAE,FSP-AE,115,335,0,11.168952722705445,0.0014181847218424082,2.876367182234473
FSPAE,FSP-AE,116,335,10,4.9239914100594815,0.0013966393889859319,2.0793592380271368
FSPAE,FSP-AE,117,335,20,11.101905984016177,0.0013326577609404922,2.6854157915212729
FSPAE,FSP-AE,118,335,30,15.507477597756536,0.0015144464559853077,2.5910847172345979
FSPAE,FSP-AE,119,335,45,3.5349723672764939,0.0015018255217000842,1.0493920733903037
FSPAE,FSP-AE,120,335,60,15.294998365211272,0.0010619510430842638,1.9040039810667722
FSPAE,FSP-AE,121,335,75,15.000000037063414,0.0005497062811627984,1.6682787772137602
FSPAE,FSP-AE,122,155,75,15.000000037063414,0.0005497062811627984,2.3377139183982716
FSPAE,FSP-AE,123,155,60,30.000001193671139,0.0010619510430842638,2.9878403055459901
FSPAE,FSP-AE,124,155,45,16.937618103837618,0.0015018255217000842,3.1216499919164828
FSPAE,FSP-AE,125,155,30,8.6574997742182269,0.0015144464559853077,2.1134011476857366
FSPAE,FSP-AE,126,155,20,13.481721255281723,0.0013326577609404922,2.9818050176413662
FSPAE,FSP-AE,127,155,10,20.60935684332042,0.0013966393889859319,3.4136414095773957
FSPAE,FSP-AE,128,155,0,11.168952722705445,0.0014181847218424082,3.1440268444655413
FSPAE,FSP-AE,129,155,-10,4.9239914100594815,0.0013966393889859319,1.6373987652608515
FSPAE,FSP-AE,130,155,-20,11.101905984016177,0.0013326577609404922,2.9398777676697789
FSPAE,FSP-AE,131,155,-30,15.507477597756536,0.0015144464559853077,3.1992345070368087
FSPAE,FSP-AE,132,155,-45,3.5349723672764939,0.00080013019032776356,1.7184778886272212
FSPAE,FSP-AE,133,330,-45,24.553175192197251,0.00080013019032776356,4.237456191465113
FSPAE,FSP-AE,134,330,-30,10.974800968721977,0.0015144464559853077,3.5432258519944551
FSPAE,FSP-AE,135,330,-20,4.6982881143403246,0.0013326577609404922,2.6452850190940662
FSPAE,FSP-AE,136,330,-10,11.101905871462817,0.0013966393889859319,3.2281766481821932
FSPAE,FSP-AE,137,330,0,14.10604466738504,0.0014181847218424082,2.9390869955675942
FSPAE,FSP-AE,138,330,10,9.8476983963493687,0.0013966393889859319,2.643034015270878
FSPAE,FSP-AE,139,330,20,13.892339928739169,0.0013326577609404922,2.7616024882498507
FSPAE,FSP-AE,140,330,30,14.999998739050708,0.0015144464559853077,2.6335665288462806
FSPAE,FSP-AE,142,330,60,15.000001038303349,0.0010619510430842638,1.9030893639440087
FSPAE,FSP-AE,143,330,75,14.999999926042548,0.0005497062811627984,1.699159441610089
FSPAE,FSP-AE,144,150,75,14.999999926042548,0.0005497062811627984,2.2860461961531713
FSPAE,FSP-AE,145,150,60,30.000000111323018,0.0010619510430842638,2.9663043750941487
FSPAE,FSP-AE,146,150,45,15.507477619497367,0.0015018255217000842,3.1881042277210141
FSPAE,FSP-AE,147,150,30,4.3297829047621343,0.0015144464559853077,1.7244187101420003
FSPAE,FSP-AE,148,150,20,10.974799216332263,0.0013326577609404922,2.9809147102973714
FSPAE,FSP-AE,149,150,10,20.536778047345422,0.0013966393889859319,3.4668015725566521
FSPAE,FSP-AE,150,150,0,14.10604466738504,0.0014181847218424082,3.1328428171402085
FSPAE,FSP-AE,151,150,-10,9.8476983963493687,0.0013966393889859319,2.1884740664849733
FSPAE,FSP-AE,152,150,-20,13.892339928739169,0.0013326577609404922,2.9316644126842406
FSPAE,FSP-AE,153,150,-30,14.999998739050708,0.0015144464559853077,3.3116831974767957
FSPAE,FSP-AE,155,325,-45,21.090583039068701,0.00080013019032776356,4.2529370355823852
FSPAE,FSP-AE,156,325,-30,9.9999992480583071,0.0015144464559853077,3.4877075090035734
FSPAE,FSP-AE,158,325,-10,10.000000442464293,0.0013966393889859319,3.2981298358146773
FSPAE,FSP-AE,159,325,0,17.963860447378917,0.0014181847218424082,3.3043964015870562
FSPAE,FSP-AE,160,325,10,14.770837930353938,0.0013966393889859319,3.0705223673069502
FSPAE,FSP-AE,161,325,20,17.584023511028544,0.0013326577609404922,2.8323258183192359
FSPAE,FSP-AE,162,325,30,15.507477619497367,0.0015144464559853077,2.7860620272337351
FSPAE,FSP-AE,163,325,45,3.5349726093893015,0.0015018255217000842,1.0965600146825993
FSPAE,FSP-AE,164,325,60,15.294998948342053,0.0010619510430842638,1.9321247412115203
FSPAE,FSP-AE,165,325,75,15.000000513611642,0.0005497062811627984,1.7130893097666651
FSPAE,FSP-AE,166,145,75,15.000000513611642,0.0005497062811627984,2.2671111606476617
FSPAE,FSP-AE,167,145,60,29.999999338596972,0.0010619510430842638,2.8397018151887776
FSPAE,FSP-AE,168,145,45,14.999999418095857,0.0015018255217000842,3.2378661471836434
FSPAE,FSP-AE,170,145,20,9.9999992480583071,0.0013326577609404922,3.0294677914636723
FSPAE,FSP-AE,171,145,10,19.999999690522536,0.0013966393889859319,3.4273638650076368
FSPAE,FSP-AE,172,145,0,17.963860447378917,0.0014181847218424082,3.062475309626846
FSPAE,FSP-AE,173,145,-10,14.770837930353938,0.0013966393889859319,2.7035095797579092
FSPAE,FSP-AE,174,145,-20,17.584023511028544,0.0013326577609404922,3.0715105672289793
FSPAE,FSP-AE,175,145,-30,15.507477619497367,0.0015144464559853077,3.3454821861286814
FSPAE,FSP-AE,176,145,-45,3.5349726093893015,0.00080013019032776356,1.9172533929375108
FSPAE,FSP-AE,177,320,-45,17.606967058132422,0.00080013019032776356,4.0467939439837899
FSPAE,FSP-AE,178,320,-30,10.974800783883671,0.0015144464559853077,3.4929992954324147
FSPAE,FSP-AE,179,320,-20,4.6982895983919564,0.0013326577609404922,2.9249834961764307
FSPAE,FSP-AE,180,320,-10,11.101905566123458,0.0013966393889859319,3.4679762030947119
FSPAE,FSP-AE,181,320,0,20.590672409097611,0.0014181847218424082,3.5310692019404439
FSPAE,FSP-AE,182,320,10,19.693105071764794,0.0013966393889859319,3.2999038263521006
FSPAE,FSP-AE,183,320,20,18.782569533125056,0.0013326577609404922,2.8032934621364842
FSPAE,FSP-AE,184,320,30,16.937618856363812,0.0015144464559853077,2.6886051937073465
FSPAE,FSP-AE,185,320,45,7.0665759174006428,0.0015018255217000842,1.4249843598278251
FSPAE,FSP-AE,186,320,60,16.146340174030033,0.0010619510430842638,1.9578434070961441
FSPAE,FSP-AE,187,320,75,15.000000045981704,0.0005497062811627984,1.6993179142284502
FSPAE,FSP-AE,188,140,75,15.000000045981704,0.0005497062811627984,2.2374977348103813
FSPAE,FSP-AE,189,140,60,30.000000754713284,0.0010619510430842638,2.8341803481023651
FSPAE,FSP-AE,190,140,45,15.507478746963535,0.0015018255217000842,3.3326029873500782
FSPAE,FSP-AE,191,140,30,4.3297856282053244,0.0015144464559853077,1.8366152584376507
FSPAE,FSP-AE,192,140,20,10.974801461651374,0.0013326577609404922,3.1674152673596452
FSPAE,FSP-AE,193,140,10,20.536778438540473,0.0013966393889859319,3.4225354011196489
FSPAE,FSP-AE,194,140,0,22.268745808076812,0.0014181847218424082,3.1105666280631423
FSPAE,FSP-AE,195,140,-10,19.693105071764794,0.0013966393889859319,3.060854721222249
FSPAE,FSP-AE,196,140,-20,18.782569533125056,0.0013326577609404922,3.0143836944900175
FSPAE,FSP-AE,197,140,-30,16.937618856363812,0.0015144464559853077,3.2890353602288767
FSPAE,FSP-AE,198,140,-45,7.0665759174006428,0.00080013019032776356,2.5266355349345755
FSPAE,FSP-AE,199,315,-45,14.106044843106213,0.00080013019032776356,4.0482826392482947
FSPAE,FSP-AE,200,315,-30,13.481722024217131,0.0015144464559853077,3.3738547453638579
FSPAE,FSP-AE,201,315,-20,9.3955270425035575,0.0013326577609404922,3.4272621387757156
FSPAE,FSP-AE,202,315,-10,13.892338468968779,0.0013966393889859319,3.7442576784640269
FSPAE,FSP-AE,203,315,0,22.268744826474858,0.0014181847218424082,3.6273772356555809
FSPAE,FSP-AE,204,315,10,17.584022658769534,0.0013966393889859319,3.3258003960036033
FSPAE,FSP-AE,205,315,20,14.090651603071073,0.0013326577609404922,2.845791176327817
FSPAE,FSP-AE,206,315,30,16.847751846686993,0.0015144464559853077,2.6748834946842499
FSPAE,FSP-AE,207,315,45,10.591412221441374,0.0015018255217000842,1.6658292486405495
FSPAE,FSP-AE,208,315,60,17.469139229498978,0.0010619510430842638,1.9541762283970718
FSPAE,FSP-AE,209,315,75,15.000000759196658,0.0005497062811627984,1.6960459358427478
FSPAE,FSP-AE,210,135,75,15.000000759196658,0.0005497062811627984,2.1496621195679952
FSPAE,FSP-AE,211,135,60,27.967953256853754,0.0010619510430842638,2.7761758142295894
FSPAE,FSP-AE,212,135,45,16.937618541531808,0.0015018255217000842,3.2212792420709344
FSPAE,FSP-AE,213,135,30,8.6575008924471586,0.0015144464559853077,2.3078456273933123
FSPAE,FSP-AE,214,135,20,13.481723581082752,0.0013326577609404922,3.2227239851186553
FSPAE,FSP-AE,215,135,10,22.068454074222679,0.0013966393889859319,3.4611862816743799
FSPAE,FSP-AE,216,135,0,24.814217316458059,0.0014181847218424082,3.2098509511292566
FSPAE,FSP-AE,217,135,-10,17.584022658769534,0.0013966393889859319,3.190854031086114
FSPAE,FSP-AE,218,135,-20,14.090651603071073,0.0013326577609404922,2.9010619751811717
FSPAE,FSP-AE,219,135,-30,16.847751846686993,0.0015144464559853077,3.3320761909626384
FSPAE,FSP-AE,220,135,-45,10.591412221441374,0.00080013019032776356,2.9002035548872644
FSPAE,FSP-AE,221,310,-45,10.591412169898064,0.00080013019032776356,3.94749677933881
FSPAE,FSP-AE,222,310,-30,16.847751615755694,0.0015144464559853077,3.5777043303016627
FSPAE,FSP-AE,223,310,-20,14.090650791577101,0.0013326577609404922,3.7734283514588016
FSPAE,FSP-AE,224,310,-10,17.584022183303819,0.0013966393889859319,3.884137247504742
FSPAE,FSP-AE,225,310,0,22.26874569765862,0.0014181847218424082,3.6850877753549081
FSPAE,FSP-AE,226,310,10,13.892339559573843,0.0013966393889859319,3.3914408745900291
FSPAE,FSP-AE,227,310,20,9.3955278474439847,0.0013326577609404922,2.8271500637986602
FSPAE,FSP-AE,228,310,30,13.481722693495358,0.0015144464559853077,2.6744500834317275
FSPAE,FSP-AE,229,310,45,14.106044861351487,0.0015018255217000842,1.8191210838359284
FSPAE,FSP-AE,230,310,60,19.160311981928583,0.0010619510430842638,1.9865098404280481
FSPAE,FSP-AE,231,310,75,15.000000045981704,0.0005497062811627984,1.663736447156007
FSPAE,FSP-AE,232,130,75,15.000000045981704,0.0005497062811627984,2.1074860240645119
FSPAE,FSP-AE,233,130,60,25.579586991885623,0.0010619510430842638,2.7120290006842378
FSPAE,FSP-AE,234,130,45,19.080584438556169,0.0015018255217000842,3.2109050152958192
FSPAE,FSP-AE,235,130,30,12.981060122360738,0.0015144464559853077,2.6632254005794112
FSPAE,FSP-AE,236,130,20,16.847752970154431,0.0013326577609404922,3.3874887271431948
FSPAE,FSP-AE,237,130,10,24.407187574190903,0.0013966393889859319,3.449746744029996
FSPAE,FSP-AE,238,130,0,22.26874569765862,0.0014181847218424082,3.3321213633840854
FSPAE,FSP-AE,239,130,-10,13.892339559573843,0.0013966393889859319,3.3947780364093632
FSPAE,FSP-AE,240,130,-20,9.3955278474439847,0.0013326577609404922,2.735388555370764
FSPAE,FSP-AE,241,130,-30,13.481722693495358,0.0015144464559853077,3.4548157908120873
FSPAE,FSP-AE,242,130,-45,14.106044861351487,0.00080013019032776356,3.2410493743477202
FSPAE,FSP-AE,243,305,-45,7.0665737578836278,0.00080013019032776356,3.8383631870628956
FSPAE,FSP-AE,244,305,-30,16.937618103837618,0.0015144464559853077,3.7715769690894989
FSPAE,FSP-AE,245,305,-20,18.782571022300161,0.0013326577609404922,4.0146656733291248
FSPAE,FSP-AE,246,305,-10,21.720794676281667,0.0013966393889859319,3.873409483890585
FSPAE,FSP-AE,247,305,0,20.590672601212329,0.0014181847218424082,3.6788918664781076
FSPAE,FSP-AE,248,305,10,11.101906097405333,0.0013966393889859319,3.4929584627169961
FSPAE,FSP-AE,249,305,20,4.6982881143403246,0.0013326577609404922,2.4012790380158417
FSPAE,FSP-AE,250,305,30,10.974799216332263,0.0015144464559853077,2.6780501797803962
FSPAE,FSP-AE,251,305,45,17.606969385403353,0.0015018255217000842,1.9858984837351057
FSPAE,FSP-AE,252,305,60,21.124323795477249,0.0010619510430842638,2.0809306030642492
FSPAE,FSP-AE,253,305,75,15.000000513611642,0.0005497062811627984,1.6754094872060497
FSPAE,FSP-AE,254,125,75,15.000000513611642,0.0005497062811627984,2.1134293128392323
FSPAE,FSP-AE,255,125,60,23.283732169116558,0.0010619510430842638,2.6641254984272105
FSPAE,FSP-AE,256,125,45,21.090580421606788,0.0015018255217000842,3.1661681288327572
FSPAE,FSP-AE,257,125,30,17.298331880789124,0.0015144464559853077,2.8935094215105917
FSPAE,FSP-AE,258,125,20,20.653637823309932,0.0013326577609404922,3.4458336951485169
FSPAE,FSP-AE,259,125,10,19.693105582230331,0.0013966393889859319,3.536070087000434
FSPAE,FSP-AE,260,125,0,20.590672601212329,0.0014181847218424082,3.5020790514507634
FSPAE,FSP-AE,261,125,-10,11.101906097405333,0.0013966393889859319,3.5397265496463564
FSPAE,FSP-AE,262,125,-20,4.6982881143403246,0.0013326577609404922,2.6629926374549835
FSPAE,FSP-AE,263,125,-30,10.974799216332263,0.0015144464559853077,3.6478707376157802
FSPAE,FSP-AE,264,125,-45,17.606969385403353,0.00080013019032776356,3.6225907977863794
FSPAE,FSP-AE,265,300,-45,3.5349723672764939,0.00080013019032776356,3.1180703785037296
FSPAE,FSP-AE,266,300,-30,15.507477882749432,0.0015144464559853077,3.9889273673383188
FSPAE,FSP-AE,267,300,-20,21.720797258522222,0.0013326577609404922,4.230046292608697
FSPAE,FSP-AE,268,300,-10,19.693102264372424,0.0013966393889859319,3.7523866128695502
FSPAE,FSP-AE,269,300,0,20.000001081696542,0.0014181847218424082,3.5808342047862656
FSPAE,FSP-AE,270,300,10,10.000001188003743,0.0013966393889859319,3.5471929872302188
FSPAE,FSP-AE,272,300,30,9.999999029626526,0.0015144464559853077,2.6776345655755467
FSPAE,FSP-AE,273,300,45,21.09058345153683,0.0015018255217000842,2.1578758316921953
FSPAE,FSP-AE,274,300,60,23.283732956340483,0.0010619510430842638,2.1055238561630563
FSPAE,FSP-AE,275,300,75,14.999999926042548,0.0005497062811627984,1.6785956433531271
FSPAE,FSP-AE,276,120,75,14.999999926042548,0.0005497062811627984,2.0021525129160023
FSPAE,FSP-AE,277,120,60,21.124323816652065,0.0010619510430842638,2.596315221163584
FSPAE,FSP-AE,278,120,45,17.606966457268481,0.0015018255217000842,3.1878577563710682
FSPAE,FSP-AE,279,120,30,21.607104488938131,0.0015144464559853077,3.0613487785151672
FSPAE,FSP-AE,280,120,20,17.584023920930079,0.0013326577609404922,3.5646380779791427
FSPAE,FSP-AE,281,120,10,14.770834162524009,0.0013966393889859319,3.500056544252411
FSPAE,FSP-AE,282,120,0,17.963860119699778,0.0014181847218424082,3.6681060441671147
FSPAE,FSP-AE,283,120,-10,10.000001188003743,0.0013966393889859319,3.5890733705978017
FSPAE,FSP-AE,285,120,-30,9.999999029626526,0.0015144464559853077,3.7340309451677287
FSPAE,FSP-AE,286,120,-45,21.09058345153683,0.00080013019032776356,3.8369123504245071
FSPAE,FSP-AE,288,295,-30,14.999999968681948,0.0015144464559853077,4.3332505018614489
FSPAE,FSP-AE,289,295,-20,17.584023688118002,0.0013326577609404922,4.2337479737851034
FSPAE,FSP-AE,290,295,-10,14.7708350451899,0.0013966393889859319,3.6819100276973802
FSPAE,FSP-AE,291,295,0,17.963859654834859,0.0014181847218424082,3.5825830643140977
FSPAE,FSP-AE,292,295,10,11.101906323216596,0.0013966393889859319,3.6006586313434599
FSPAE,FSP-AE,293,295,20,4.6982885557778449,0.0013326577609404922,2.6879938736102278
FSPAE,FSP-AE,294,295,30,10.974800180129701,0.0015144464559853077,2.7451539302058481
FSPAE,FSP-AE,295,295,45,21.09058089744196,0.0015018255217000842,2.2242404511953562
FSPAE,FSP-AE,296,295,60,23.283731703845064,0.0010619510430842638,2.12326422400634
FSPAE,FSP-AE,297,295,75,15.000000037063414,0.0005497062811627984,1.649886196691307
FSPAE,FSP-AE,298,115,75,15.000000037063414,0.0005497062811627984,1.9367285966350964
FSPAE,FSP-AE,299,115,60,19.1603114048904,0.0010619510430842638,2.524378365831176
FSPAE,FSP-AE,300,115,45,14.106044049359161,0.0015018255217000842,3.014763834845259
FSPAE,FSP-AE,301,115,30,21.721268937441273,0.0015144464559853077,3.2336956605330114
FSPAE,FSP-AE,302,115,20,13.892339676756846,0.0013326577609404922,3.5442307275695342
FSPAE,FSP-AE,303,115,10,9.8476988264340477,0.0013966393889859319,3.5181914872939415
FSPAE,FSP-AE,304,115,0,14.106043681994763,0.0014181847218424082,3.7543750574683257
FSPAE,FSP-AE,305,115,-10,11.101906323216596,0.0013966393889859319,3.6850015524340392
FSPAE,FSP-AE,306,115,-20,4.6982885557778449,0.0013326577609404922,2.7940615155443527
FSPAE,FSP-AE,307,115,-30,10.974800180129701,0.0015144464559853077,3.9132403447059456
FSPAE,FSP-AE,308,115,-45,24.553175192197251,0.00080013019032776356,4.0575646726989412
FSPAE,FSP-AE,309,290,-45,3.5349729711425013,0.00080013019032776356,3.0651022090620348
FSPAE,FSP-AE,310,290,-30,15.507476946310584,0.0015144464559853077,4.2850953715784525
FSPAE,FSP-AE,311,290,-20,13.892338343524369,0.0013326577609404922,4.3069543323195729
FSPAE,FSP-AE,312,290,-10,9.8476990078007134,0.0013966393889859319,3.3510297728441443
FSPAE,FSP-AE,313,290,0,14.106044537805667,0.0014181847218424082,3.6827392971205568
FSPAE,FSP-AE,314,290,10,13.892339928739169,0.0013966393889859319,3.8295295037844999
FSPAE,FSP-AE,315,290,20,9.3955278431111164,0.0013326577609404922,3.1933214858390553
FSPAE,FSP-AE,316,290,30,13.481723153110721,0.0015144464559853077,2.8096984451085167
FSPAE,FSP-AE,317,290,45,17.606966632428144,0.0015018255217000842,2.2899793105084907
FSPAE,FSP-AE,318,290,60,21.124323628857301,0.0010619510430842638,2.1198400888932589
FSPAE,FSP-AE,319,290,75,15.000000080789578,0.0005497062811627984,1.6348780554612952
FSPAE,FSP-AE,320,110,75,15.000000080789578,0.0005497062811627984,1.9290912750957749
FSPAE,FSP-AE,321,110,60,17.469138507459274,0.0010619510430842638,2.4478655201711961
FSPAE,FSP-AE,322,110,45,10.591410810340577,0.0015018255217000842,2.8515462579477591
FSPAE,FSP-AE,323,110,30,19.080583258701811,0.0015144464559853077,3.393108594131566
FSPAE,FSP-AE,324,110,20,11.101904792308432,0.0013326577609404922,3.5185946662093244
FSPAE,FSP-AE,325,110,10,4.923991137574113,0.0013966393889859319,3.1624056261664411
FSPAE,FSP-AE,326,110,0,11.168952764252944,0.0014181847218424082,3.7315046011166513
FSPAE,FSP-AE,327,110,-10,13.892339928739169,0.0013966393889859319,3.8569725415202072
FSPAE,FSP-AE,328,110,-20,9.3955278431111164,0.0013326577609404922,3.2373360830836173
FSPAE,FSP-AE,329,110,-30,13.481723153110721,0.0015144464559853077,4.0341834058124624
FSPAE,FSP-AE,330,110,-45,26.335321932194201,0.00080013019032776356,4.2684081934502132
FSPAE,FSP-AE,331,285,-45,7.066573973819299,0.00080013019032776356,3.9357217829679167
FSPAE,FSP-AE,332,285,-30,16.937618364774703,0.0015144464559853077,4.4273302192751842
FSPAE,FSP-AE,333,285,-20,11.101905237270087,0.0013326577609404922,4.3243489799843493
FSPAE,FSP-AE,334,285,-10,4.923991597886185,0.0013966393889859319,3.0601429238279185
FSPAE,FSP-AE,335,285,0,11.168952776943851,0.0014181847218424082,3.6697470880802943
FSPAE,FSP-AE,336,285,10,17.584023920930079,0.0013966393889859319,3.9708986789892506
FSPAE,FSP-AE,337,285,20,14.090652882944042,0.0013326577609404922,3.4455501101377788
FSPAE,FSP-AE,338,285,30,16.847753664559015,0.0015144464559853077,2.8297143512463818
FSPAE,FSP-AE,339,285,45,14.106044534968714,0.0015018255217000842,2.3651901253459613
FSPAE,FSP-AE,340,285,60,19.16031220270019,0.0010619510430842638,2.0834967458590579
FSPAE,FSP-AE,341,285,75,15.000000205801689,0.0005497062811627984,1.6061483429328582
FSPAE,FSP-AE,342,105,75,15.000000205801689,0.0005497062811627984,1.9086132474165267
FSPAE,FSP-AE,343,105,60,16.146339982767262,0.0010619510430842638,2.3059311245306078
FSPAE,FSP-AE,344,105,45,7.0665746820713302,0.0015018255217000842,2.6047939438512162
FSPAE,FSP-AE,345,105,30,16.937617826182553,0.0015144464559853077,3.346743652768231
FSPAE,FSP-AE,346,105,20,10.000001042231721,0.0013326577609404922,3.72377808309444
FSPAE,FSP-AE,348,105,0,9.9999997713238429,0.0014181847218424082,3.819066531921095
FSPAE,FSP-AE,349,105,-10,17.584023920930079,0.0013966393889859319,3.7759435828498638
FSPAE,FSP-AE,350,105,-20,14.090652882944042,0.0013326577609404922,3.5039297575332951
FSPAE,FSP-AE,351,105,-30,16.847753664559015,0.0015144464559853077,4.1200766233669279
FSPAE,FSP-AE,352,105,-45,27.912101967116733,0.00080013019032776356,4.4534155893481246
FSPAE,FSP-AE,353,280,-45,10.591410568697148,0.00080013019032776356,4.3995787547276564
FSPAE,FSP-AE,354,280,-30,19.080584560230658,0.0015144464559853077,4.5436879925604137
FSPAE,FSP-AE,355,280,-20,10.000000312474459,0.0013326577609404922,4.085582361854688
FSPAE,FSP-AE,357,280,0,10.000000063334213,0.0014181847218424082,3.6226721156804391
FSPAE,FSP-AE,358,280,10,20.000000126668425,0.0013966393889859319,3.8725643675875223
FSPAE,FSP-AE,359,280,20,18.782572356704865,0.0013326577609404922,3.5665487506597073
FSPAE,FSP-AE,360,280,30,19.080583769633087,0.0015144464559853077,2.8782001225311529
FSPAE,FSP-AE,361,280,45,10.591411252424974,0.0015018255217000842,2.3760329186748046
FSPAE,FSP-AE,362,280,60,17.46913876234531,0.0010619510430842638,2.0832380354472444
FSPAE,FSP-AE,363,280,75,15.000000876882917,0.0005497062811627984,1.6116620783168434
FSPAE,FSP-AE,364,100,75,15.000000876882917,0.0005497062811627984,1.8666146453168266
FSPAE,FSP-AE,365,100,60,15.294999564249215,0.0010619510430842638,2.1667068112108412
FSPAE,FSP-AE,366,100,45,3.5349730246201427,0.0015018255217000842,2.2582964070672578
FSPAE,FSP-AE,367,100,30,15.507478063998745,0.0015144464559853077,3.0907463943884466
FSPAE,FSP-AE,368,100,20,11.101905383875703,0.0013326577609404922,3.5219172761799582
FSPAE,FSP-AE,369,100,10,4.923991597886185,0.0013966393889859319,3.1898887091097454
FSPAE,FSP-AE,370,100,0,11.168952618752609,0.0014181847218424082,3.7164390654297934
FSPAE,FSP-AE,371,100,-10,19.693104520766859,0.0013966393889859319,3.7094709289794974
FSPAE,FSP-AE,372,100,-20,18.782572356704865,0.0013326577609404922,3.7392568310044072
FSPAE,FSP-AE,373,100,-30,20.653638018260867,0.0015144464559853077,4.3403660408983837
FSPAE,FSP-AE,374,100,-45,24.553173207647458,0.00080013019032776356,4.5038587883602341
FSPAE,FSP-AE,375,275,-45,14.106044049359161,0.00080013019032776356,4.521673663895232
FSPAE,FSP-AE,376,275,-30,20.53677829030493,0.0015144464559853077,4.3590293715564465
FSPAE,FSP-AE,377,275,-20,11.101905198345321,0.0013326577609404922,4.0807823049409526
FSPAE,FSP-AE,378,275,-10,4.9239920503845713,0.0013966393889859319,3.1319617181659472
FSPAE,FSP-AE,379,275,0,11.16895302052127,0.0014181847218424082,3.8394996087479156
FSPAE,FSP-AE,380,275,10,19.69310407722487,0.0013966393889859319,3.9518297299603971
FSPAE,FSP-AE,381,275,20,21.720796852149238,0.0013326577609404922,3.4474766038717757
FSPAE,FSP-AE,382,275,30,16.937617453527647,0.0015144464559853077,3.232257444634421
FSPAE,FSP-AE,383,275,45,7.0665743376950143,0.0015018255217000842,2.2761034585509781
FSPAE,FSP-AE,384,275,60,16.146339106920092,0.0010619510430842638,2.1985399268447989
FSPAE,FSP-AE,385,275,75,15.000000519710634,0.0005497062811627984,1.6437171101990629
FSPAE,FSP-AE,386,95,75,15.000000519710634,0.0005497062811627984,1.8132124257721514
FSPAE,FSP-AE,387,95,60,14.999999903155175,0.0010619510430842638,2.1045660692560011
FSPAE,FSP-AE,389,95,30,14.999998860864325,0.0015144464559853077,3.1359125399847909
FSPAE,FSP-AE,390,95,20,13.892339311357045,0.0013326577609404922,3.2728467855702235
FSPAE,FSP-AE,391,95,10,9.8476999267451841,0.0013966393889859319,3.5042058302994135
FSPAE,FSP-AE,392,95,0,14.106044325762864,0.0014181847218424082,3.8202123922328868
FSPAE,FSP-AE,393,95,-10,14.770835961042275,0.0013966393889859319,3.6736344025867393
FSPAE,FSP-AE,394,95,-20,17.584023136331574,0.0013326577609404922,3.9086771539354386
FSPAE,FSP-AE,395,95,-30,24.40718811313571,0.0015144464559853077,4.3453580522926769
FSPAE,FSP-AE,396,95,-45,21.09058089744196,0.00080013019032776356,4.5917352019821838
FSPAE,FSP-AE,397,270,-45,17.606966600082263,0.00080013019032776356,4.5236571346275731
FSPAE,FSP-AE,398,270,-30,22.068454646158248,0.0015144464559853077,4.3642533429809296
FSPAE,FSP-AE,399,270,-20,13.892339141059953,0.0013326577609404922,4.0178984986575186
FSPAE,FSP-AE,400,270,-10,9.8476998269605698,0.0013966393889859319,3.370790342543549
FSPAE,FSP-AE,401,270,0,14.106044534885925,0.0014181847218424082,3.9080914948709462
FSPAE,FSP-AE,402,270,10,14.770836052664333,0.0013966393889859319,3.6823675520192101
FSPAE,FSP-AE,403,270,20,17.584023579682643,0.0013326577609404922,3.2851663186132622
FSPAE,FSP-AE,404,270,30,15.507477087468549,0.0015144464559853077,3.2428620647604065
FSPAE,FSP-AE,405,270,45,3.5349727355105256,0.0015018255217000842,2.0419330277206016
FSPAE,FSP-AE,406,270,60,15.294998954736444,0.0010619510430842638,2.1643069632798047
FSPAE,FSP-AE,407,270,75,15.000000120055846,0.0005497062811627984,1.6648018607624409
FSPAE,FSP-AE,408,90,75,15.000000120055846,0.0005497062811627984,1.7846411675777587
FSPAE,FSP-AE,409,90,60,15.294998954736444,0.0010619510430842638,2.1144338988066909
FSPAE,FSP-AE,410,90,45,3.5349727355105256,0.0015018255217000842,2.008750219319559
FSPAE,FSP-AE,411,90,30,15.507477087468549,0.0015144464559853077,3.1313962633297918
FSPAE,FSP-AE,412,90,20,17.584023579682643,0.0013326577609404922,3.4541171455387301
FSPAE,FSP-AE,413,90,10,14.770836052664333,0.0013966393889859319,3.7715331976212245
FSPAE,FSP-AE,414,90,0,14.106044534885925,0.0014181847218424082,3.6759997914070568
FSPAE,FSP-AE,415,90,-10,9.8476998269605698,0.0013966393889859319,3.4430921472238718
FSPAE,FSP-AE,416,90,-20,13.892339141059953,0.0013326577609404922,4.0162567029464302
FSPAE,FSP-AE,417,90,-30,22.068454646158248,0.0015144464559853077,4.4575833261843414
FSPAE,FSP-AE,418,90,-45,17.606966600082263,0.00080013019032776356,4.5065017632186963
FSPAE,FSP-AE,419,265,-45,21.09058089744196,0.00080013019032776356,4.5320028371091192
FSPAE,FSP-AE,420,265,-30,24.40718811313571,0.0015144464559853077,4.3405000955508397
FSPAE,FSP-AE,421,265,-20,17.584023136331574,0.0013326577609404922,3.8239598795740388
FSPAE,FSP-AE,422,265,-10,14.770835961042275,0.0013966393889859319,3.6366770280815994
FSPAE,FSP-AE,423,265,0,14.106044325762864,0.0014181847218424082,3.7938332879217467
FSPAE,FSP-AE,424,265,10,9.8476999267451841,0.0013966393889859319,3.1923773791024357
FSPAE,FSP-AE,425,265,20,13.892339311357045,0.0013326577609404922,3.1655551271298008
FSPAE,FSP-AE,426,265,30,14.999998860864325,0.0015144464559853077,3.2663083018965064
FSPAE,FSP-AE,428,265,60,14.999999903155175,0.0010619510430842638,2.1457122267763031
FSPAE,FSP-AE,429,265,75,15.000000519710634,0.0005497062811627984,1.6771780780796641
FSPAE,FSP-AE,430,85,75,15.000000519710634,0.0005497062811627984,1.8104614727111297
FSPAE,FSP-AE,431,85,60,16.146339106920092,0.0010619510430842638,2.1582286393220316
FSPAE,FSP-AE,432,85,45,7.0665743376950143,0.0015018255217000842,2.3563111977315399
FSPAE,FSP-AE,433,85,30,16.937617453527647,0.0015144464559853077,3.0425481636566389
FSPAE,FSP-AE,434,85,20,21.720796852149238,0.0013326577609404922,3.6392711215882385
FSPAE,FSP-AE,435,85,10,19.69310407722487,0.0013966393889859319,3.8303010252214467
FSPAE,FSP-AE,436,85,0,11.16895302052127,0.0014181847218424082,3.6680080074100867
FSPAE,FSP-AE,437,85,-10,4.9239920503845713,0.0013966393889859319,3.1602758287571389
FSPAE,FSP-AE,438,85,-20,11.101905198345321,0.0013326577609404922,4.0291460484133292
FSPAE,FSP-AE,439,85,-30,20.53677829030493,0.0015144464559853077,4.621857645465556
FSPAE,FSP-AE,440,85,-45,14.106044049359161,0.00080013019032776356,4.5320665029760887
FSPAE,FSP-AE,441,260,-45,24.553173207647458,0.00080013019032776356,4.4269450571473303
FSPAE,FSP-AE,442,260,-30,20.653638018260867,0.0015144464559853077,4.1662665898390623
FSPAE,FSP-AE,443,260,-20,18.782572356704865,0.0013326577609404922,3.7191486320731384
FSPAE,FSP-AE,444,260,-10,19.693104520766859,0.0013966393889859319,3.8338180137347249
FSPAE,FSP-AE,445,260,0,11.168952618752609,0.0014181847218424082,3.6066234427623258
FSPAE,FSP-AE,446,260,10,4.923991597886185,0.0013966393889859319,2.927466662127078
FSPAE,FSP-AE,447,260,20,11.101905383875703,0.0013326577609404922,3.5749947102854049
FSPAE,FSP-AE,448,260,30,15.507478063998745,0.0015144464559853077,3.3006776783329457
FSPAE,FSP-AE,449,260,45,3.5349730246201427,0.0015018255217000842,2.1275698919432928
FSPAE,FSP-AE,450,260,60,15.294999564249215,0.0010619510430842638,2.1989344836126121
FSPAE,FSP-AE,451,260,75,15.000000876882917,0.0005497062811627984,1.7323194865336475
FSPAE,FSP-AE,452,80,75,15.000000876882917,0.0005497062811627984,1.7994480750818695
FSPAE,FSP-AE,453,80,60,17.46913876234531,0.0010619510430842638,2.1639690724969629
FSPAE,FSP-AE,454,80,45,10.591411252424974,0.0015018255217000842,2.384233752833913
FSPAE,FSP-AE,455,80,30,19.080583769633087,0.0015144464559853077,2.9405302257584123
FSPAE,FSP-AE,456,80,20,18.782572356704865,0.0013326577609404922,3.4950849790088871
FSPAE,FSP-AE,457,80,10,20.000000126668425,0.0013966393889859319,3.9675274948962258
FSPAE,FSP-AE,458,80,0,10.000000063334213,0.0014181847218424082,3.7814736266379598
FSPAE,FSP-AE,460,80,-20,10.000000312474459,0.0013326577609404922,4.0517597737991187
FSPAE,FSP-AE,461,80,-30,19.080584560230658,0.0015144464559853077,4.56558002441193
FSPAE,FSP-AE,462,80,-45,10.591410568697148,0.00080013019032776356,4.4201825745117995
FSPAE,FSP-AE,463,255,-45,27.912101967116733,0.00080013019032776356,4.3008592149054587
FSPAE,FSP-AE,464,255,-30,16.847753664559015,0.0015144464559853077,4.0410637638348144
FSPAE,FSP-AE,465,255,-20,14.090652882944042,0.0013326577609404922,3.5124009586640188
FSPAE,FSP-AE,466,255,-10,17.584023920930079,0.0013966393889859319,3.8797761737441077
FSPAE,FSP-AE,467,255,0,9.9999997713238429,0.0014181847218424082,3.668461546181514
FSPAE,FSP-AE,469,255,20,10.000001042231721,0.0013326577609404922,3.7235559885637488
FSPAE,FSP-AE,470,255,30,16.937617826182553,0.0015144464559853077,3.3323720849461269
FSPAE,FSP-AE,471,255,45,7.0665746820713302,0.0015018255217000842,2.4563556952948407
FSPAE,FSP-AE,472,255,60,16.146339982767262,0.0010619510430842638,2.2984044356973392
FSPAE,FSP-AE,473,255,75,15.000000205801689,0.0005497062811627984,1.7471887929900367
FSPAE,FSP-AE,474,75,75,15.000000205801689,0.0005497062811627984,1.7838842712127656
FSPAE,FSP-AE,475,75,60,19.16031220270019,0.0010619510430842638,2.1492313381339341
FSPAE,FSP-AE,476,75,45,14.106044534968714,0.0015018255217000842,2.3242780316674652
FSPAE,FSP-AE,477,75,30,16.847753664559015,0.0015144464559853077,2.9472307304483492
FSPAE,FSP-AE,478,75,20,14.090652882944042,0.0013326577609404922,3.5348690218979475
FSPAE,FSP-AE,479,75,10,17.584023920930079,0.0013966393889859319,3.9660273634843963
FSPAE,FSP-AE,480,75,0,11.168952776943851,0.0014181847218424082,3.6947788637476346
FSPAE,FSP-AE,481,75,-10,4.923991597886185,0.0013966393889859319,3.1489451670741997
FSPAE,FSP-AE,482,75,-20,11.101905237270087,0.0013326577609404922,4.2281351853466171
FSPAE,FSP-AE,483,75,-30,16.937618364774703,0.0015144464559853077,4.5250885671205374
FSPAE,FSP-AE,484,75,-45,7.066573973819299,0.00080013019032776356,3.9195130594633061
FSPAE,FSP-AE,485,250,-45,26.335321932194201,0.00080013019032776356,4.1608059817030885
FSPAE,FSP-AE,486,250,-30,13.481723153110721,0.0015144464559853077,3.9909513048547391
FSPAE,FSP-AE,487,250,-20,9.3955278431111164,0.0013326577609404922,3.316934364584891
FSPAE,FSP-AE,488,250,-10,13.892339928739169,0.0013966393889859319,3.8701707209619483
FSPAE,FSP-AE,489,250,0,11.168952764252944,0.0014181847218424082,3.7112534017313696
FSPAE,FSP-AE,490,250,10,4.923991137574113,0.0013966393889859319,3.2937240746656444
FSPAE,FSP-AE,491,250,20,11.101904792308432,0.0013326577609404922,3.4210626319346416
FSPAE,FSP-AE,492,250,30,19.080583258701811,0.0015144464559853077,3.3504754425441763
FSPAE,FSP-AE,493,250,45,10.591410810340577,0.0015018255217000842,2.7579998379155795
FSPAE,FSP-AE,494,250,60,17.469138507459274,0.0010619510430842638,2.4420737965264312
FSPAE,FSP-AE,495,250,75,15.000000080789578,0.0005497062811627984,1.7884178350952402
FSPAE,FSP-AE,496,70,75,15.000000080789578,0.0005497062811627984,1.7798953292965995
FSPAE,FSP-AE,497,70,60,21.124323628857301,0.0010619510430842638,2.1038825925139104
FSPAE,FSP-AE,498,70,45,17.606966632428144,0.0015018255217000842,2.2835219390175672
FSPAE,FSP-AE,499,70,30,13.481723153110721,0.0015144464559853077,2.8037844684522617
FSPAE,FSP-AE,500,70,20,9.3955278431111164,0.0013326577609404922,3.3283052283582353
FSPAE,FSP-AE,501,70,10,13.892339928739169,0.0013966393889859319,3.8454351172860055
FSPAE,FSP-AE,502,70,0,14.106044537805667,0.0014181847218424082,3.6304607092096459
FSPAE,FSP-AE,503,70,-10,9.8476990078007134,0.0013966393889859319,3.5715626571609422
FSPAE,FSP-AE,504,70,-20,13.892338343524369,0.0013326577609404922,4.3430881124544483
FSPAE,FSP-AE,505,70,-30,15.507476946310584,0.0015144464559853077,4.3058583132155537
FSPAE,FSP-AE,506,70,-45,3.5349729711425013,0.00080013019032776356,3.13229020517818
FSPAE,FSP-AE,507,245,-45,24.553175192197251,0.00080013019032776356,4.0564837256212671
FSPAE,FSP-AE,508,245,-30,10.974800180129701,0.0015144464559853077,3.9463259097406014
FSPAE,FSP-AE,509,245,-20,4.6982885557778449,0.0013326577609404922,3.0233400667720631
FSPAE,FSP-AE,510,245,-10,11.101906323216596,0.0013966393889859319,3.7076383912116184
FSPAE,FSP-AE,511,245,0,14.106043681994763,0.0014181847218424082,3.7079539384693545
FSPAE,FSP-AE,512,245,10,9.8476988264340477,0.0013966393889859319,3.4023345777995995
FSPAE,FSP-AE,513,245,20,13.892339676756846,0.0013326577609404922,3.5068812996388998
FSPAE,FSP-AE,514,245,30,21.721268937441273,0.0015144464559853077,3.2342041392568279
FSPAE,FSP-AE,515,245,45,14.106044049359161,0.0015018255217000842,2.9578596493182818
FSPAE,FSP-AE,516,245,60,19.1603114048904,0.0010619510430842638,2.5771826421724948
FSPAE,FSP-AE,517,245,75,15.000000037063414,0.0005497062811627984,1.875883812816066
FSPAE,FSP-AE,518,65,75,15.000000037063414,0.0005497062811627984,1.7628758751851876
FSPAE,FSP-AE,519,65,60,23.283731703845064,0.0010619510430842638,2.1011874038021867
FSPAE,FSP-AE,520,65,45,21.09058089744196,0.0015018255217000842,2.2325667737907398
FSPAE,FSP-AE,521,65,30,10.974800180129701,0.0015144464559853077,2.6673901473398129
FSPAE,FSP-AE,522,65,20,4.6982885557778449,0.0013326577609404922,2.8602795060039208
FSPAE,FSP-AE,523,65,10,11.101906323216596,0.0013966393889859319,3.5689675692905904
FSPAE,FSP-AE,524,65,0,17.963859654834859,0.0014181847218424082,3.6320718697616781
FSPAE,FSP-AE,525,65,-10,14.7708350451899,0.0013966393889859319,3.7368572474384334
FSPAE,FSP-AE,526,65,-20,17.584023688118002,0.0013326577609404922,4.3401632484124244
FSPAE,FSP-AE,527,65,-30,14.999999968681948,0.0015144464559853077,4.3504317317610592
FSPAE,FSP-AE,529,240,-45,21.09058345153683,0.00080013019032776356,3.8866641385719238
FSPAE,FSP-AE,530,240,-30,9.999999029626526,0.0015144464559853077,3.7974086499155004
FSPAE,FSP-AE,532,240,-10,10.000001188003743,0.0013966393889859319,3.5186726188404562
FSPAE,FSP-AE,533,240,0,17.963860119699778,0.0014181847218424082,3.6311831076164465
FSPAE,FSP-AE,534,240,10,14.770834162524009,0.0013966393889859319,3.4645342711924316
FSPAE,FSP-AE,535,240,20,17.584023920930079,0.0013326577609404922,3.3193645888914123
FSPAE,FSP-AE,536,240,30,21.607104488938131,0.0015144464559853077,3.0827792495132567
FSPAE,FSP-AE,537,240,45,17.606966457268481,0.0015018255217000842,3.1338245968802139
FSPAE,FSP-AE,538,240,60,21.124323816652065,0.0010619510430842638,2.739497436101797
FSPAE,FSP-AE,539,240,75,14.999999926042548,0.0005497062811627984,2.0007835726571939
FSPAE,FSP-AE,540,60,75,14.999999926042548,0.0005497062811627984,1.7610408402718181
FSPAE,FSP-AE,541,60,60,23.283732956340483,0.0010619510430842638,2.1041837701457435
FSPAE,FSP-AE,542,60,45,21.09058345153683,0.0015018255217000842,2.2663787427861122
FSPAE,FSP-AE,543,60,30,9.999999029626526,0.0015144464559853077,2.6151523044080318
FSPAE,FSP-AE,545,60,10,10.000001188003743,0.0013966393889859319,3.5235663228814071
FSPAE,FSP-AE,546,60,0,20.000001081696542,0.0014181847218424082,3.7198341989807986
FSPAE,FSP-AE,547,60,-10,19.693102264372424,0.0013966393889859319,3.8523711641378138
FSPAE,FSP-AE,548,60,-20,21.720797258522222,0.0013326577609404922,4.2190219371291038
FSPAE,FSP-AE,549,60,-30,15.507477882749432,0.0015144464559853077,4.092987113583809
FSPAE,FSP-AE,550,60,-45,3.5349723672764939,0.00080013019032776356,3.2437458119774045
FSPAE,FSP-AE,551,235,-45,17.606969385403353,0.00080013019032776356,3.6393302653028061
FSPAE,FSP-AE,552,235,-30,10.974799216332263,0.0015144464559853077,3.5837313242689182
FSPAE,FSP-AE,553,235,-20,4.6982881143403246,0.0013326577609404922,2.7096970506504312
FSPAE,FSP-AE,554,235,-10,11.101906097405333,0.0013966393889859319,3.46193921742685
FSPAE,FSP-AE,555,235,0,20.590672601212329,0.0014181847218424082,3.5291171962416796
FSPAE,FSP-AE,556,235,10,19.693105582230331,0.0013966393889859319,3.4547159693406759
FSPAE,FSP-AE,557,235,20,20.653637823309932,0.0013326577609404922,3.2911998232240349
FSPAE,FSP-AE,558,235,30,17.298331880789124,0.0015144464559853077,2.8631059375403605
FSPAE,FSP-AE,559,235,45,21.090580421606788,0.0015018255217000842,3.130603453600425
FSPAE,FSP-AE,560,235,60,23.283732169116558,0.0010619510430842638,2.8028277576860128
FSPAE,FSP-AE,561,235,75,15.000000513611642,0.0005497062811627984,1.9732331778500318
FSPAE,FSP-AE,562,55,75,15.000000513611642,0.0005497062811627984,1.7636690268067381
FSPAE,FSP-AE,563,55,60,21.124323795477249,0.0010619510430842638,2.0717018455657374
FSPAE,FSP-AE,564,55,45,17.606969385403353,0.0015018255217000842,2.2057334458993418
FSPAE,FSP-AE,565,55,30,10.974799216332263,0.0015144464559853077,2.5711288860002286
FSPAE,FSP-AE,566,55,20,4.6982881143403246,0.0013326577609404922,2.5930830454082821
FSPAE,FSP-AE,567,55,10,11.101906097405333,0.0013966393889859319,3.5031575152352121
FSPAE,FSP-AE,568,55,0,20.590672601212329,0.0014181847218424082,3.7666662729100739
FSPAE,FSP-AE,569,55,-10,21.720794676281667,0.0013966393889859319,3.8985277002078038
FSPAE,FSP-AE,570,55,-20,18.782571022300161,0.0013326577609404922,3.9656655300553094
FSPAE,FSP-AE,571,55,-30,16.937618103837618,0.0015144464559853077,3.9651034384511195
FSPAE,FSP-AE,572,55,-45,7.0665737578836278,0.00080013019032776356,3.7799739365292724
FSPAE,FSP-AE,573,230,-45,14.106044861351487,0.00080013019032776356,3.3732084502204187
FSPAE,FSP-AE,574,230,-30,13.481722693495358,0.0015144464559853077,3.5566179835448919
FSPAE,FSP-AE,575,230,-20,9.3955278474439847,0.0013326577609404922,2.9264906285441912
FSPAE,FSP-AE,576,230,-10,13.892339559573843,0.0013966393889859319,3.3163279411453646
FSPAE,FSP-AE,577,230,0,22.26874569765862,0.0014181847218424082,3.4152901225309447
FSPAE,FSP-AE,578,230,10,24.407187574190903,0.0013966393889859319,3.5273469738314351
FSPAE,FSP-AE,579,230,20,16.847752970154431,0.0013326577609404922,3.1484907477392881
FSPAE,FSP-AE,580,230,30,12.981060122360738,0.0015144464559853077,2.71878985839369
FSPAE,FSP-AE,581,230,45,19.080584438556169,0.0015018255217000842,3.2417270895643555
FSPAE,FSP-AE,582,230,60,25.579586991885623,0.0010619510430842638,2.9451463942282441
FSPAE,FSP-AE,583,230,75,15.000000045981704,0.0005497062811627984,2.0999886074872331
FSPAE,FSP-AE,584,50,75,15.000000045981704,0.0005497062811627984,1.7275398723375281
FSPAE,FSP-AE,585,50,60,19.160311981928583,0.0010619510430842638,2.065031599472877
FSPAE,FSP-AE,586,50,45,14.106044861351487,0.0015018255217000842,2.0998511200741574
FSPAE,FSP-AE,587,50,30,13.481722693495358,0.0015144464559853077,2.6790099927677034
FSPAE,FSP-AE,588,50,20,9.3955278474439847,0.0013326577609404922,2.7597865734891291
FSPAE,FSP-AE,589,50,10,13.892339559573843,0.0013966393889859319,3.3822253850735149
FSPAE,FSP-AE,590,50,0,22.26874569765862,0.0014181847218424082,3.6570374153928373
FSPAE,FSP-AE,591,50,-10,17.584022183303819,0.0013966393889859319,3.8303114611391704
FSPAE,FSP-AE,592,50,-20,14.090650791577101,0.0013326577609404922,3.7970546103762377
FSPAE,FSP-AE,593,50,-30,16.847751615755694,0.0015144464559853077,3.7947613719822368
FSPAE,FSP-AE,594,50,-45,10.591412169898064,0.00080013019032776356,4.046732106961584
FSPAE,FSP-AE,595,225,-45,10.591412221441374,0.00080013019032776356,2.9075557707054216
FSPAE,FSP-AE,596,225,-30,16.847751846686993,0.0015144464559853077,3.4677488460070052
FSPAE,FSP-AE,597,225,-20,14.090651603071073,0.0013326577609404922,3.0249501993589258
FSPAE,FSP-AE,598,225,-10,17.584022658769534,0.0013966393889859319,3.2089087079323972
FSPAE,FSP-AE,599,225,0,24.814217316458059,0.0014181847218424082,3.2081076472787298
FSPAE,FSP-AE,600,225,10,22.068454074222679,0.0013966393889859319,3.4476287083435495
FSPAE,FSP-AE,601,225,20,13.481723581082752,0.0013326577609404922,3.1069276073128269
FSPAE,FSP-AE,602,225,30,8.6575008924471586,0.0015144464559853077,2.3502959170300795
FSPAE,FSP-AE,603,225,45,16.937618541531808,0.0015018255217000842,3.2824848152863453
FSPAE,FSP-AE,604,225,60,27.967953256853754,0.0010619510430842638,3.0202012784529817
FSPAE,FSP-AE,605,225,75,15.000000759196658,0.0005497062811627984,2.2366563723342505
FSPAE,FSP-AE,606,45,75,15.000000759196658,0.0005497062811627984,1.7638892033889377
FSPAE,FSP-AE,607,45,60,17.469139229498978,0.0010619510430842638,1.9960319566638502
FSPAE,FSP-AE,608,45,45,10.591412221441374,0.0015018255217000842,1.8342163392212343
FSPAE,FSP-AE,609,45,30,16.847751846686993,0.0015144464559853077,2.634584431373078
FSPAE,FSP-AE,610,45,20,14.090651603071073,0.0013326577609404922,2.8349142144063264
FSPAE,FSP-AE,611,45,10,17.584022658769534,0.0013966393889859319,3.1817415048149411
FSPAE,FSP-AE,612,45,0,22.268744826474858,0.0014181847218424082,3.4896413194604361
FSPAE,FSP-AE,613,45,-10,13.892338468968779,0.0013966393889859319,3.751775294034843
FSPAE,FSP-AE,614,45,-20,9.3955270425035575,0.0013326577609404922,3.3955318733036468
FSPAE,FSP-AE,615,45,-30,13.481722024217131,0.0015144464559853077,3.7093145842359871
FSPAE,FSP-AE,616,45,-45,14.106044843106213,0.00080013019032776356,4.1262005371411066
FSPAE,FSP-AE,617,220,-45,7.0665759174006428,0.00080013019032776356,2.4498902667727669
FSPAE,FSP-AE,618,220,-30,16.937618856363812,0.0015144464559853077,3.4480238158310481
FSPAE,FSP-AE,619,220,-20,18.782569533125056,0.0013326577609404922,3.0577273084041949
FSPAE,FSP-AE,620,220,-10,19.693105071764794,0.0013966393889859319,3.0797652642488189
FSPAE,FSP-AE,621,220,0,22.268745808076812,0.0014181847218424082,3.0095070680288929
FSPAE,FSP-AE,622,220,10,20.536778438540473,0.0013966393889859319,3.3748125558489481
FSPAE,FSP-AE,623,220,20,10.974801461651374,0.0013326577609404922,3.1474899528647402
FSPAE,FSP-AE,624,220,30,4.3297856282053244,0.0015144464559853077,1.9008880738988936
FSPAE,FSP-AE,625,220,45,15.507478746963535,0.0015018255217000842,3.2193046915978161
FSPAE,FSP-AE,626,220,60,30.000000754713284,0.0010619510430842638,2.9810663595046929
FSPAE,FSP-AE,627,220,75,15.000000045981704,0.0005497062811627984,2.3153666273821263
FSPAE,FSP-AE,628,40,75,15.000000045981704,0.0005497062811627984,1.7707645914671437
FSPAE,FSP-AE,629,40,60,16.146340174030033,0.0010619510430842638,1.9957472704215211
FSPAE,FSP-AE,630,40,45,7.0665759174006428,0.0015018255217000842,1.6025698458709599
FSPAE,FSP-AE,631,40,30,16.937618856363812,0.0015144464559853077,2.5866664787899754
FSPAE,FSP-AE,632,40,20,18.782569533125056,0.0013326577609404922,2.7876661789096935
FSPAE,FSP-AE,633,40,10,19.693105071764794,0.0013966393889859319,3.0421155574411487
FSPAE,FSP-AE,634,40,0,20.590672409097611,0.0014181847218424082,3.3490403768978712
FSPAE,FSP-AE,635,40,-10,11.101905566123458,0.0013966393889859319,3.5304231446352308
FSPAE,FSP-AE,636,40,-20,4.6982895983919564,0.0013326577609404922,2.957167029759908
FSPAE,FSP-AE,637,40,-30,10.974800783883671,0.0015144464559853077,3.5503145598748849
FSPAE,FSP-AE,638,40,-45,17.606967058132422,0.00080013019032776356,4.0237733873608796
FSPAE,FSP-AE,639,215,-45,3.5349726093893015,0.00080013019032776356,1.828398257972305
FSPAE,FSP-AE,640,215,-30,15.507477619497367,0.0015144464559853077,3.3419580027837581
FSPAE,FSP-AE,641,215,-20,17.584023511028544,0.0013326577609404922,3.1929317354931768
FSPAE,FSP-AE,642,215,-10,14.770837930353938,0.0013966393889859319,2.835492653688171
FSPAE,FSP-AE,643,215,0,17.963860447378917,0.0014181847218424082,2.9237113520801188
FSPAE,FSP-AE,644,215,10,19.999999690522536,0.0013966393889859319,3.4536595132532542
FSPAE,FSP-AE,645,215,20,9.9999992480583071,0.0013326577609404922,3.0238153734108293
FSPAE,FSP-AE,647,215,45,14.999999418095857,0.0015018255217000842,3.233474601943358
FSPAE,FSP-AE,648,215,60,29.999999338596972,0.0010619510430842638,3.0038404641630594
FSPAE,FSP-AE,649,215,75,15.000000513611642,0.0005497062811627984,2.3634779487226609
FSPAE,FSP-AE,650,35,75,15.000000513611642,0.0005497062811627984,1.7636945926469794
FSPAE,FSP-AE,651,35,60,15.294998948342053,0.0010619510430842638,1.9916234098184906
FSPAE,FSP-AE,652,35,45,3.5349726093893015,0.0015018255217000842,1.1976956944060182
FSPAE,FSP-AE,653,35,30,15.507477619497367,0.0015144464559853077,2.5878550389506567
FSPAE,FSP-AE,654,35,20,17.584023511028544,0.0013326577609404922,2.8081218355341653
FSPAE,FSP-AE,655,35,10,14.770837930353938,0.0013966393889859319,2.8049720875570632
FSPAE,FSP-AE,656,35,0,17.963860447378917,0.0014181847218424082,3.2070606875275232
FSPAE,FSP-AE,657,35,-10,10.000000442464293,0.0013966393889859319,3.2992078448187461
FSPAE,FSP-AE,659,35,-30,9.9999992480583071,0.0015144464559853077,3.5959555042926992
FSPAE,FSP-AE,660,35,-45,21.090583039068701,0.00080013019032776356,4.3323102049954452
FSPAE,FSP-AE,662,210,-30,14.999998739050708,0.0015144464559853077,3.3448610060127466
FSPAE,FSP-AE,663,210,-20,13.892339928739169,0.0013326577609404922,3.1555962305766174
FSPAE,FSP-AE,664,210,-10,9.8476983963493687,0.0013966393889859319,2.4368206098387524
FSPAE,FSP-AE,665,210,0,14.10604466738504,0.0014181847218424082,3.0186368049605403
FSPAE,FSP-AE,666,210,10,20.536778047345422,0.0013966393889859319,3.5525806773427679
FSPAE,FSP-AE,667,210,20,10.974799216332263,0.0013326577609404922,3.0093619291233256
FSPAE,FSP-AE,668,210,30,4.3297829047621343,0.0015144464559853077,1.7538536108338325
FSPAE,FSP-AE,669,210,45,15.507477619497367,0.0015018255217000842,3.2306223056079499
FSPAE,FSP-AE,670,210,60,30.000000111323018,0.0010619510430842638,3.0311204365517708
FSPAE,FSP-AE,671,210,75,14.999999926042548,0.0005497062811627984,2.3957460390370451
FSPAE,FSP-AE,672,30,75,14.999999926042548,0.0005497062811627984,1.7929164128118418
FSPAE,FSP-AE,673,30,60,15.000001038303349,0.0010619510430842638,1.9882381554788688
FSPAE,FSP-AE,675,30,30,14.999998739050708,0.0015144464559853077,2.5412590946255431
FSPAE,FSP-AE,676,30,20,13.892339928739169,0.0013326577609404922,2.7608226030452241
FSPAE,FSP-AE,677,30,10,9.8476983963493687,0.0013966393889859319,2.5863975547241602
FSPAE,FSP-AE,678,30,0,14.10604466738504,0.0014181847218424082,3.0649714000302919
FSPAE,FSP-AE,679,30,-10,11.101905871462817,0.0013966393889859319,3.2002664592662087
FSPAE,FSP-AE,680,30,-20,4.6982881143403246,0.0013326577609404922,2.7708896870240971
FSPAE,FSP-AE,681,30,-30,10.974800968721977,0.0015144464559853077,3.5258821995811385
FSPAE,FSP-AE,682,30,-45,24.553175192197251,0.00080013019032776356,4.5406543265132644
FSPAE,FSP-AE,683,205,-45,3.5349723672764939,0.00080013019032776356,1.893139040066474
FSPAE,FSP-AE,684,205,-30,15.507477597756536,0.0015144464559853077,3.4534065275041197
FSPAE,FSP-AE,685,205,-20,11.101905984016177,0.0013326577609404922,3.1235243193479318
FSPAE,FSP-AE,686,205,-10,4.9239914100594815,0.0013966393889859319,1.7647595477984139
FSPAE,FSP-AE,687,205,0,11.168952722705445,0.0014181847218424082,3.0796842967365903
FSPAE,FSP-AE,688,205,10,20.60935684332042,0.0013966393889859319,3.4716077104188954
FSPAE,FSP-AE,689,205,20,13.481721255281723,0.0013326577609404922,3.1345620862576449
FSPAE,FSP-AE,690,205,30,8.6574997742182269,0.0015144464559853077,2.0483487778575191
FSPAE,FSP-AE,691,205,45,16.937618103837618,0.0015018255217000842,3.2130035576752123
FSPAE,FSP-AE,692,205,60,30.000001193671139,0.0010619510430842638,3.0647099246023104
FSPAE,FSP-AE,693,205,75,15.000000037063414,0.0005497062811627984,2.4616478799830017
FSPAE,FSP-AE,694,25,75,15.000000037063414,0.0005497062811627984,1.8105977243742009
FSPAE,FSP-AE,695,25,60,15.294998365211272,0.0010619510430842638,1.9785558377399042
FSPAE,FSP-AE,696,25,45,3.5349723672764939,0.0015018255217000842,1.1988071634149142
FSPAE,FSP-AE,697,25,30,15.507477597756536,0.0015144464559853077,2.6309776054497127
FSPAE,FSP-AE,698,25,20,11.101905984016177,0.0013326577609404922,2.6843002338787447
FSPAE,FSP-AE,699,25,10,4.9239914100594815,0.0013966393889859319,2.032146899196253
FSPAE,FSP-AE,700,25,0,11.168952722705445,0.0014181847218424082,2.8513808440724704
FSPAE,FSP-AE,701,25,-10,13.892339487305048,0.0013966393889859319,3.2001873157069358
FSPAE,FSP-AE,702,25,-20,9.395526819952865,0.0013326577609404922,2.8878516118289057
FSPAE,FSP-AE,703,25,-30,13.481723060064377,0.0015144464559853077,3.6072894166619887
FSPAE,FSP-AE,704,25,-45,24.694085979776748,0.00080013019032776356,4.4329357312065802
FSPAE,FSP-AE,705,200,-45,7.0665741911739026,0.00080013019032776356,2.3799039816695609
FSPAE,FSP-AE,706,200,-30,16.937616033087821,0.0015144464559853077,3.5397318105467588
FSPAE,FSP-AE,707,200,-20,10.000000035409951,0.0013326577609404922,3.0893047390316455
FSPAE,FSP-AE,709,200,0,9.9999999527339298,0.0014181847218424082,3.1237019592284643
FSPAE,FSP-AE,710,200,10,19.999999905467796,0.0013966393889859319,3.4182778398848113
FSPAE,FSP-AE,711,200,20,16.847752641975024,0.0013326577609404922,3.1160812816865988
FSPAE,FSP-AE,712,200,30,12.981059482482918,0.0015144464559853077,2.2686049050578139
FSPAE,FSP-AE,713,200,45,19.080583620201772,0.0015018255217000842,3.2013019291910343
FSPAE,FSP-AE,714,200,60,30.000000435073549,0.0010619510430842638,3.1191775351974744
FSPAE,FSP-AE,715,200,75,15.000000080789578,0.0005497062811627984,2.4543021689120241
FSPAE,FSP-AE,716,20,75,15.000000080789578,0.0005497062811627984,1.8359860845134683
FSPAE,FSP-AE,717,20,60,16.146339438123881,0.0010619510430842638,2.0090351036977832
FSPAE,FSP-AE,718,20,45,7.0665741911739026,0.0015018255217000842,1.5334577181618299
FSPAE,FSP-AE,719,20,30,16.937616033087821,0.0015144464559853077,2.6558678472841368
FSPAE,FSP-AE,720,20,20,10.000000035409951,0.0013326577609404922,2.5795170642937006
FSPAE,FSP-AE,722,20,0,9.9999999527339298,0.0014181847218424082,2.861815245403132
FSPAE,FSP-AE,723,20,-10,17.584023511028544,0.0013966393889859319,3.1804656721016666
FSPAE,FSP-AE,724,20,-20,14.090652447229385,0.0013326577609404922,3.0052516416502844
FSPAE,FSP-AE,725,20,-30,16.84775355865764,0.0015144464559853077,3.2941965971617986
FSPAE,FSP-AE,726,20,-45,21.721267918499912,0.00080013019032776356,4.1319730802962278
FSPAE,FSP-AE,727,195,-45,10.591410371458657,0.00080013019032776356,2.7485473846728614
FSPAE,FSP-AE,728,195,-30,19.080583481669692,0.0015144464559853077,3.5719336831784885
FSPAE,FSP-AE,729,195,-20,11.101905300103793,0.0013326577609404922,3.100538590120355
FSPAE,FSP-AE,730,195,-10,4.923991137574113,0.0013966393889859319,1.7414229904403968
FSPAE,FSP-AE,731,195,0,11.168952636407244,0.0014181847218424082,3.0794566989734338
FSPAE,FSP-AE,732,195,10,20.609356788468691,0.0013966393889859319,3.4298509498672938
FSPAE,FSP-AE,733,195,20,20.653636294849793,0.0013326577609404922,3.1790004042011279
FSPAE,FSP-AE,734,195,30,17.298330000057948,0.0015144464559853077,2.4028944295876378
FSPAE,FSP-AE,735,195,45,21.721268164114861,0.0015018255217000842,3.1909246641649531
FSPAE,FSP-AE,736,195,60,30.000000110732287,0.0010619510430842638,3.1378958652572333
FSPAE,FSP-AE,737,195,75,15.000000205801689,0.0005497062811627984,2.5070754264704416
FSPAE,FSP-AE,738,15,75,15.000000205801689,0.0005497062811627984,1.8375317129948245
FSPAE,FSP-AE,739,15,60,17.469138312232101,0.0010619510430842638,2.0219351959198488
FSPAE,FSP-AE,740,15,45,10.591410371458657,0.0015018255217000842,1.713348925384897
FSPAE,FSP-AE,741,15,30,19.080583481669692,0.0015144464559853077,2.6139233053313919
FSPAE,FSP-AE,742,15,20,11.101905300103793,0.0013326577609404922,2.4968471147818794
FSPAE,FSP-AE,743,15,10,4.923991137574113,0.0013966393889859319,1.7855148314285849
FSPAE,FSP-AE,744,15,0,11.168952636407244,0.0014181847218424082,2.9263830720872779
FSPAE,FSP-AE,745,15,-10,20.609356788468691,0.0013966393889859319,3.1933188497592009
FSPAE,FSP-AE,746,15,-20,16.847753386581868,0.0013326577609404922,3.0969013961025453
FSPAE,FSP-AE,747,15,-30,12.981060183000123,0.0015144464559853077,3.0717679683560677
FSPAE,FSP-AE,748,15,-45,19.080582938811499,0.00080013019032776356,3.8606736517803144
FSPAE,FSP-AE,749,190,-45,14.106043320415029,0.00080013019032776356,3.0561267880356668
FSPAE,FSP-AE,750,190,-30,21.721268924650655,0.0015144464559853077,3.6491308217468261
FSPAE,FSP-AE,751,190,-20,13.892338774103179,0.0013326577609404922,3.155968443378097
FSPAE,FSP-AE,752,190,-10,9.8476990078007134,0.0013966393889859319,2.4585091714404013
FSPAE,FSP-AE,753,190,0,14.106043901218957,0.0014181847218424082,3.1785836670279006
FSPAE,FSP-AE,754,190,10,22.337905413351134,0.0013966393889859319,3.4423584163272456
FSPAE,FSP-AE,755,190,20,24.692721414933498,0.0013326577609404922,3.274134876261277
FSPAE,FSP-AE,756,190,30,21.607103231533049,0.0015144464559853077,2.5796114167269284
FSPAE,FSP-AE,757,190,45,24.694086482247521,0.0015018255217000842,3.1781139724819965
FSPAE,FSP-AE,758,190,60,29.999999880144909,0.0010619510430842638,3.1317462420908764
FSPAE,FSP-AE,759,190,75,15.000000876882917,0.0005497062811627984,2.4602239445967133
FSPAE,FSP-AE,760,10,75,15.000000876882917,0.0005497062811627984,1.9021606124301464
FSPAE,FSP-AE,761,10,60,19.160311976351618,0.0010619510430842638,2.0484601367594255
FSPAE,FSP-AE,762,10,45,14.106043320415029,0.0015018255217000842,1.8477005679854535
FSPAE,FSP-AE,763,10,30,21.721268924650655,0.0015144464559853077,2.6070331354426468
FSPAE,FSP-AE,764,10,20,13.892338774103179,0.0013326577609404922,2.5078796259362863
FSPAE,FSP-AE,765,10,10,9.8476990078007134,0.0013966393889859319,2.0734274940397124
FSPAE,FSP-AE,766,10,0,14.106043901218957,0.0014181847218424082,2.9709259353590367
FSPAE,FSP-AE,767,10,-10,22.068454646158248,0.0013966393889859319,3.2743872927553714
FSPAE,FSP-AE,768,10,-20,13.481723172448659,0.0013326577609404922,3.1160461598194629
FSPAE,FSP-AE,769,10,-30,8.6574993691915836,0.0015144464559853077,2.9862106096139063
FSPAE,FSP-AE,770,10,-45,16.937618201740335,0.00080013019032776356,3.7033008786228381
FSPAE,FSP-AE,771,185,-45,17.606966457268481,0.00080013019032776356,3.2667784707815644
FSPAE,FSP-AE,772,185,-30,24.40718767599158,0.0015144464559853077,3.6777637889557369
FSPAE,FSP-AE,773,185,-20,17.584023118169156,0.0013326577609404922,3.1112154367640512
FSPAE,FSP-AE,774,185,-10,14.770835684902895,0.0013966393889859319,2.9222589425895675
FSPAE,FSP-AE,775,185,0,17.963859965917774,0.0014181847218424082,3.3301402054922531
FSPAE,FSP-AE,776,185,10,24.954120181789488,0.0013966393889859319,3.4858547818159749
FSPAE,FSP-AE,777,185,20,28.862630859837058,0.0013326577609404922,3.2978684136283367
FSPAE,FSP-AE,778,185,30,25.905078268461338,0.0015144464559853077,2.7344364544003397
FSPAE,FSP-AE,779,185,45,27.885566114219476,0.0015018255217000842,3.2128568931844517
FSPAE,FSP-AE,780,185,60,30.000000997038136,0.0010619510430842638,3.2054054004878281
FSPAE,FSP-AE,781,185,75,15.000000519710634,0.0005497062811627984,2.5039024087361863
FSPAE,FSP-AE,782,5,75,15.000000519710634,0.0005497062811627984,1.9510513029798207
FSPAE,FSP-AE,783,5,60,21.124322746870448,0.0010619510430842638,2.0970561826082346
FSPAE,FSP-AE,784,5,45,17.606966457268481,0.0015018255217000842,2.0176832400331111
FSPAE,FSP-AE,785,5,30,24.40718767599158,0.0015144464559853077,2.6405410897534312
FSPAE,FSP-AE,786,5,20,17.584023118169156,0.0013326577609404922,2.5090162570193195
FSPAE,FSP-AE,787,5,10,14.770835684902895,0.0013966393889859319,2.252514083489805
FSPAE,FSP-AE,788,5,0,17.963859965917774,0.0014181847218424082,2.911842300969961
FSPAE,FSP-AE,789,5,-10,20.536778500153151,0.0013966393889859319,3.3021620819431643
FSPAE,FSP-AE,790,5,-20,10.974801001997228,0.0013326577609404922,3.1093071474855631
FSPAE,FSP-AE,791,5,-30,4.3297835269819025,0.0015144464559853077,2.7646712630542218
FSPAE,FSP-AE,792,5,-45,15.507477087468549,0.00080013019032776356,3.7993633646319309
RANF,RANF,0,0,-45,14.999999554707983,0.00080013019032776356,3.9703132050569554
RANF,RANF,2,0,-20,9.9999997858989413,0.0013326577609404922,3.4218797326577426
RANF,RANF,3,0,-10,20.000000162186488,0.0013966393889859319,3.5174053457699146
RANF,RANF,4,0,0,22.268744313392595,0.0014181847218424082,3.2732928850923102
RANF,RANF,5,0,10,19.693103693538394,0.0013966393889859319,2.6418041003873869
RANF,RANF,6,0,20,21.720796614325359,0.0013326577609404922,2.8771136725844868
RANF,RANF,7,0,30,27.34479831653633,0.0015144464559853077,2.9496484016355242
RANF,RANF,8,0,45,21.090580470751792,0.0015018255217000842,2.298162925944375
RANF,RANF,9,0,60,23.283731818796717,0.0010619510430842638,2.2438167611944313
RANF,RANF,10,0,75,15.000000120055846,0.0005497062811627984,2.1091269268100721
RANF,RANF,12,180,75,15.000000120055846,0.0005497062811627984,2.8889546367018188
RANF,RANF,13,180,60,30.000000445292049,0.0010619510430842638,3.852886399367335
RANF,RANF,14,180,45,31.220426124312098,0.0015018255217000842,3.3871637843528148
RANF,RANF,15,180,30,30.189833851059973,0.0015144464559853077,3.0236817687155568
RANF,RANF,16,180,20,33.108874982180794,0.0013326577609404922,3.5094154052059676
RANF,RANF,17,180,10,28.212088559080865,0.0013966393889859319,3.730342123483585
RANF,RANF,18,180,0,22.268744313392595,0.0014181847218424082,3.3527807308886226
RANF,RANF,19,180,-10,19.693103693538394,0.0013966393889859319,3.371543495919175
RANF,RANF,20,180,-20,21.720796614325359,0.0013326577609404922,3.5259897029823297
RANF,RANF,21,180,-30,27.34479831653633,0.0015144464559853077,3.886841090468292
RANF,RANF,22,180,-45,21.090580470751792,0.00080013019032776356,3.8815150162183047
RANF,RANF,23,355,-45,15.507477087468549,0.00080013019032776356,4.0401972606998351
RANF,RANF,24,355,-30,4.3297835269819025,0.0015144464559853077,2.8984011675207495
RANF,RANF,25,355,-20,10.974801001997228,0.0013326577609404922,3.4078435355146266
RANF,RANF,26,355,-10,20.536778500153151,0.0013966393889859319,3.602204908971935
RANF,RANF,27,355,0,17.963859965917774,0.0014181847218424082,3.2596462013412553
RANF,RANF,28,355,10,14.770835684902895,0.0013966393889859319,2.5657149202441194
RANF,RANF,29,355,20,17.584023118169156,0.0013326577609404922,2.7905658531388307
RANF,RANF,30,355,30,24.40718767599158,0.0015144464559853077,2.8718383148543039
RANF,RANF,31,355,45,17.606966457268481,0.0015018255217000842,2.2947014139626392
RANF,RANF,32,355,60,21.124322746870448,0.0010619510430842638,2.2725723136194222
RANF,RANF,33,355,75,15.000000519710634,0.0005497062811627984,2.1264477415585503
RANF,RANF,34,175,75,15.000000519710634,0.0005497062811627984,2.853877173723006
RANF,RANF,35,175,60,30.000000997038136,0.0010619510430842638,3.7339778806590163
RANF,RANF,36,175,45,27.885566114219476,0.0015018255217000842,3.3798737138270707
RANF,RANF,37,175,30,25.905078268461338,0.0015144464559853077,2.9360930323546115
RANF,RANF,38,175,20,28.862630859837058,0.0013326577609404922,3.399926406213031
RANF,RANF,39,175,10,24.954120181789488,0.0013966393889859319,3.706735463302532
RANF,RANF,40,175,0,17.963859965917774,0.0014181847218424082,3.2245637131489531
RANF,RANF,41,175,-10,14.770835684902895,0.0013966393889859319,3.2898681635484297
RANF,RANF,42,175,-20,17.584023118169156,0.0013326577609404922,3.3045490702375129
RANF,RANF,43,175,-30,24.40718767599158,0.0015144464559853077,3.8101671611042591
RANF,RANF,44,175,-45,17.606966457268481,0.00080013019032776356,3.782974273455511
RANF,RANF,45,350,-45,16.937618201740335,0.00080013019032776356,4.0046482309766391
RANF,RANF,46,350,-30,8.6574993691915836,0.0015144464559853077,3.1012337295786589
RANF,RANF,47,350,-20,13.481723172448659,0.0013326577609404922,3.4249870740957391
RANF,RANF,48,350,-10,22.068454646158248,0.0013966393889859319,3.6016217866585394
RANF,RANF,49,350,0,14.106043901218957,0.0014181847218424082,3.2002186034570159
RANF,RANF,50,350,10,9.8476990078007134,0.0013966393889859319,2.3995985152116002
RANF,RANF,51,350,20,13.892338774103179,0.0013326577609404922,2.7590283584444362
RANF,RANF,52,350,30,21.721268924650655,0.0015144464559853077,2.8293761639704802
RANF,RANF,53,350,45,14.106043320415029,0.0015018255217000842,2.180396055372785
RANF,RANF,54,350,60,19.160311976351618,0.0010619510430842638,2.2713448573996362
RANF,RANF,55,350,75,15.000000876882917,0.0005497062811627984,2.1166672423623738
RANF,RANF,56,170,75,15.000000876882917,0.0005497062811627984,2.9037799484678688
RANF,RANF,57,170,60,29.999999880144909,0.0010619510430842638,3.6939192444237361
RANF,RANF,58,170,45,24.694086482247521,0.0015018255217000842,3.3335961574502786
RANF,RANF,59,170,30,21.607103231533049,0.0015144464559853077,2.8182475173493624
RANF,RANF,60,170,20,24.692721414933498,0.0013326577609404922,3.3708311515090865
RANF,RANF,61,170,10,22.337905413351134,0.0013966393889859319,3.6466796315606591
RANF,RANF,62,170,0,14.106043901218957,0.0014181847218424082,3.1731322540663034
RANF,RANF,63,170,-10,9.8476990078007134,0.0013966393889859319,2.8885953217734128
RANF,RANF,64,170,-20,13.892338774103179,0.0013326577609404922,3.1842423705935614
RANF,RANF,65,170,-30,21.721268924650655,0.0015144464559853077,3.7330704328755271
RANF,RANF,66,170,-45,14.106043320415029,0.00080013019032776356,3.5643373850024278
RANF,RANF,67,345,-45,19.080582938811499,0.00080013019032776356,4.2579149209031062
RANF,RANF,68,345,-30,12.981060183000123,0.0015144464559853077,3.333432168724511
RANF,RANF,69,345,-20,16.847753386581868,0.0013326577609404922,3.3588987502648719
RANF,RANF,70,345,-10,20.609356788468691,0.0013966393889859319,3.5203602375565879
RANF,RANF,71,345,0,11.168952636407244,0.0014181847218424082,3.1462851870903878
RANF,RANF,72,345,10,4.923991137574113,0.0013966393889859319,2.291960025153899
RANF,RANF,73,345,20,11.101905300103793,0.0013326577609404922,2.712840583708076
RANF,RANF,74,345,30,19.080583481669692,0.0015144464559853077,2.7607672284243661
RANF,RANF,75,345,45,10.591410371458657,0.0015018255217000842,2.1267380701847296
RANF,RANF,76,345,60,17.469138312232101,0.0010619510430842638,2.258338293982407
RANF,RANF,77,345,75,15.000000205801689,0.0005497062811627984,2.0860818279757658
RANF,RANF,78,165,75,15.000000205801689,0.0005497062811627984,2.8772925851921403
RANF,RANF,79,165,60,30.000000110732287,0.0010619510430842638,3.6406802374716891
RANF,RANF,80,165,45,21.721268164114861,0.0015018255217000842,3.3427583690661407
RANF,RANF,81,165,30,17.298330000057948,0.0015144464559853077,2.7508113050722232
RANF,RANF,82,165,20,20.653636294849793,0.0013326577609404922,3.3831626285093535
RANF,RANF,83,165,10,20.609356788468691,0.0013966393889859319,3.5196257333402161
RANF,RANF,84,165,0,11.168952636407244,0.0014181847218424082,3.2164298494139603
RANF,RANF,85,165,-10,4.923991137574113,0.0013966393889859319,2.3226592698034696
RANF,RANF,86,165,-20,11.101905300103793,0.0013326577609404922,3.0629680830978843
RANF,RANF,87,165,-30,19.080583481669692,0.0015144464559853077,3.4799570720550705
RANF,RANF,88,165,-45,10.591410371458657,0.00080013019032776356,3.2121376609807673
RANF,RANF,89,340,-45,21.721267918499912,0.00080013019032776356,4.5032960180476946
RANF,RANF,90,340,-30,16.84775355865764,0.0015144464559853077,3.5447815395688127
RANF,RANF,91,340,-20,14.090652447229385,0.0013326577609404922,3.3352736105053746
RANF,RANF,92,340,-10,17.584023511028544,0.0013966393889859319,3.4420630438608644
RANF,RANF,93,340,0,9.9999999527339298,0.0014181847218424082,3.090068637337843
RANF,RANF,95,340,20,10.000000035409951,0.0013326577609404922,2.802583003557908
RANF,RANF,96,340,30,16.937616033087821,0.0015144464559853077,2.789136881094711
RANF,RANF,97,340,45,7.0665741911739026,0.0015018255217000842,1.9957154451903181
RANF,RANF,98,340,60,16.146339438123881,0.0010619510430842638,2.3099222453638286
RANF,RANF,99,340,75,15.000000080789578,0.0005497062811627984,2.1062229283565745
RANF,RANF,100,160,75,15.000000080789578,0.0005497062811627984,2.838601695648912
RANF,RANF,101,160,60,30.000000435073549,0.0010619510430842638,3.6387677818198942
RANF,RANF,102,160,45,19.080583620201772,0.0015018255217000842,3.3512226590087195
RANF,RANF,103,160,30,12.981059482482918,0.0015144464559853077,2.6091302881340845
RANF,RANF,104,160,20,16.847752641975024,0.0013326577609404922,3.1859269577468097
RANF,RANF,105,160,10,19.999999905467796,0.0013966393889859319,3.4535447975720959
RANF,RANF,106,160,0,9.9999999527339298,0.0014181847218424082,3.2177039611817793
RANF,RANF,108,160,-20,10.000000035409951,0.0013326577609404922,3.1150188219443433
RANF,RANF,109,160,-30,16.937616033087821,0.0015144464559853077,3.3988768338358479
RANF,RANF,110,160,-45,7.0665741911739026,0.00080013019032776356,2.8366420192418662
RANF,RANF,111,335,-45,24.694085979776748,0.00080013019032776356,4.6158689801402426
RANF,RANF,112,335,-30,13.481723060064377,0.0015144464559853077,3.6383184102544037
RANF,RANF,113,335,-20,9.395526819952865,0.0013326577609404922,3.1624873588584688
RANF,RANF,114,335,-10,13.892339487305048,0.0013966393889859319,3.3641992940284813
RANF,RANF,115,335,0,11.168952722705445,0.0014181847218424082,3.036467725931892
RANF,RANF,116,335,10,4.9239914100594815,0.0013966393889859319,2.4882583594154553
RANF,RANF,117,335,20,11.101905984016177,0.0013326577609404922,2.8922156146072893
RANF,RANF,118,335,30,15.507477597756536,0.0015144464559853077,2.8278568126826609
RANF,RANF,119,335,45,3.5349723672764939,0.0015018255217000842,1.8981867342431924
RANF,RANF,120,335,60,15.294998365211272,0.0010619510430842638,2.274973595979437
RANF,RANF,121,335,75,15.000000037063414,0.0005497062811627984,2.1058302858996552
RANF,RANF,122,155,75,15.000000037063414,0.0005497062811627984,2.717254515948019
RANF,RANF,123,155,60,30.000001193671139,0.0010619510430842638,3.5476669889813723
RANF,RANF,124,155,45,16.937618103837618,0.0015018255217000842,3.3982460587125392
RANF,RANF,125,155,30,8.6574997742182269,0.0015144464559853077,2.3921630514868939
RANF,RANF,126,155,20,13.481721255281723,0.0013326577609404922,3.1203909240175176
RANF,RANF,127,155,10,20.60935684332042,0.0013966393889859319,3.5168475228625198
RANF,RANF,128,155,0,11.168952722705445,0.0014181847218424082,3.1735852973577452
RANF,RANF,129,155,-10,4.9239914100594815,0.0013966393889859319,2.2353244940012598
RANF,RANF,130,155,-20,11.101905984016177,0.0013326577609404922,3.1288468280671378
RANF,RANF,131,155,-30,15.507477597756536,0.0015144464559853077,3.3693191574970216
RANF,RANF,132,155,-45,3.5349723672764939,0.00080013019032776356,2.58479946924869
RANF,RANF,133,330,-45,24.553175192197251,0.00080013019032776356,4.3911718693317896
RANF,RANF,134,330,-30,10.974800968721977,0.0015144464559853077,3.6886659728493782
RANF,RANF,135,330,-20,4.6982881143403246,0.0013326577609404922,3.0835911441426576
RANF,RANF,136,330,-10,11.101905871462817,0.0013966393889859319,3.3398712216700797
RANF,RANF,137,330,0,14.10604466738504,0.0014181847218424082,3.0732185017983267
RANF,RANF,138,330,10,9.8476983963493687,0.0013966393889859319,2.8581503196540337
RANF,RANF,139,330,20,13.892339928739169,0.0013326577609404922,2.9893527949526248
RANF,RANF,140,330,30,14.999998739050708,0.0015144464559853077,2.8452066785366226
RANF,RANF,142,330,60,15.000001038303349,0.0010619510430842638,2.2618231673783433
RANF,RANF,143,330,75,14.999999926042548,0.0005497062811627984,2.140815523339942
RANF,RANF,144,150,75,14.999999926042548,0.0005497062811627984,2.6680989772210464
RANF,RANF,145,150,60,30.000000111323018,0.0010619510430842638,3.4963888078392689
RANF,RANF,146,150,45,15.507477619497367,0.0015018255217000842,3.4626797756098155
RANF,RANF,147,150,30,4.3297829047621343,0.0015144464559853077,2.1150583479333713
RANF,RANF,148,150,20,10.974799216332263,0.0013326577609404922,3.1598110830571087
RANF,RANF,149,150,10,20.536778047345422,0.0013966393889859319,3.5517053195398076
RANF,RANF,150,150,0,14.10604466738504,0.0014181847218424082,3.1821754039214323
RANF,RANF,151,150,-10,9.8476983963493687,0.0013966393889859319,2.534293721743015
RANF,RANF,152,150,-20,13.892339928739169,0.0013326577609404922,3.212352920441639
RANF,RANF,153,150,-30,14.999998739050708,0.0015144464559853077,3.5098844564281126
RANF,RANF,155,325,-45,21.090583039068701,0.00080013019032776356,4.4219330812717654
RANF,RANF,156,325,-30,9.9999992480583071,0.0015144464559853077,3.6499618729663328
RANF,RANF,158,325,-10,10.000000442464293,0.0013966393889859319,3.326001363002113
RANF,RANF,159,325,0,17.963860447378917,0.0014181847218424082,3.3912070415543649
RANF,RANF,160,325,10,14.770837930353938,0.0013966393889859319,3.2270168608458465
RANF,RANF,161,325,20,17.584023511028544,0.0013326577609404922,3.0535665142531885
RANF,RANF,162,325,30,15.507477619497367,0.0015144464559853077,2.9498521830792188
RANF,RANF,163,325,45,3.5349726093893015,0.0015018255217000842,1.895281017400547
RANF,RANF,164,325,60,15.294998948342053,0.0010619510430842638,2.2816330532919546
RANF,RANF,165,325,75,15.000000513611642,0.0005497062811627984,2.1292735978889326
RANF,RANF,166,145,75,15.000000513611642,0.0005497062811627984,2.5938813649126122
RANF,RANF,167,145,60,29.999999338596972,0.0010619510430842638,3.3896024698382159
RANF,RANF,168,145,45,14.999999418095857,0.0015018255217000842,3.5343469800020104
RANF,RANF,170,145,20,9.9999992480583071,0.0013326577609404922,3.2399167415630576
RANF,RANF,171,145,10,19.999999690522536,0.0013966393889859319,3.5728171462119476
RANF,RANF,172,145,0,17.963860447378917,0.0014181847218424082,3.2055717361436353
RANF,RANF,173,145,-10,14.770837930353938,0.0013966393889859319,2.8737752630742381
RANF,RANF,174,145,-20,17.584023511028544,0.0013326577609404922,3.3257406052877512
RANF,RANF,175,145,-30,15.507477619497367,0.0015144464559853077,3.5602298766107583
RANF,RANF,176,145,-45,3.5349726093893015,0.00080013019032776356,2.8144095859507599
RANF,RANF,177,320,-45,17.606967058132422,0.00080013019032776356,4.3337378676176312
RANF,RANF,178,320,-30,10.974800783883671,0.0015144464559853077,3.7608219279041135
RANF,RANF,179,320,-20,4.6982895983919564,0.0013326577609404922,3.325752888652902
RANF,RANF,180,320,-10,11.101905566123458,0.0013966393889859319,3.5557550116963537
RANF,RANF,181,320,0,20.590672409097611,0.0014181847218424082,3.6326217424113212
RANF,RANF,182,320,10,19.693105071764794,0.0013966393889859319,3.4912822970089352
RANF,RANF,183,320,20,18.782569533125056,0.0013326577609404922,3.0101079445323511
RANF,RANF,184,320,30,16.937618856363812,0.0015144464559853077,2.8599453325464861
RANF,RANF,185,320,45,7.0665759174006428,0.0015018255217000842,2.0356145605942149
RANF,RANF,186,320,60,16.146340174030033,0.0010619510430842638,2.3299953799595925
RANF,RANF,187,320,75,15.000000045981704,0.0005497062811627984,2.1357894740589032
RANF,RANF,188,140,75,15.000000045981704,0.0005497062811627984,2.5470538019437283
RANF,RANF,189,140,60,30.000000754713284,0.0010619510430842638,3.3431452195886511
RANF,RANF,190,140,45,15.507478746963535,0.0015018255217000842,3.5793229239868554
RANF,RANF,191,140,30,4.3297856282053244,0.0015144464559853077,2.3719719318125878
RANF,RANF,192,140,20,10.974801461651374,0.0013326577609404922,3.4172376547952581
RANF,RANF,193,140,10,20.536778438540473,0.0013966393889859319,3.6202281468232029
RANF,RANF,194,140,0,22.268745808076812,0.0014181847218424082,3.3226298074294673
RANF,RANF,195,140,-10,19.693105071764794,0.0013966393889859319,3.1733487356895904
RANF,RANF,196,140,-20,18.782569533125056,0.0013326577609404922,3.3092198119329868
RANF,RANF,197,140,-30,16.937618856363812,0.0015144464559853077,3.5320500836784885
RANF,RANF,198,140,-45,7.0665759174006428,0.00080013019032776356,3.1946474339785733
RANF,RANF,199,315,-45,14.106044843106213,0.00080013019032776356,4.4182360468965447
RANF,RANF,200,315,-30,13.481722024217131,0.0015144464559853077,3.8174055396880289
RANF,RANF,201,315,-20,9.3955270425035575,0.0013326577609404922,3.6553096306911077
RANF,RANF,202,315,-10,13.892338468968779,0.0013966393889859319,3.8477474993992726
RANF,RANF,203,315,0,22.268744826474858,0.0014181847218424082,3.8198110997633221
RANF,RANF,204,315,10,17.584022658769534,0.0013966393889859319,3.5114720966312274
RANF,RANF,205,315,20,14.090651603071073,0.0013326577609404922,3.0251461268355557
RANF,RANF,206,315,30,16.847751846686993,0.0015144464559853077,2.8863901629106561
RANF,RANF,207,315,45,10.591412221441374,0.0015018255217000842,2.1824680159211738
RANF,RANF,208,315,60,17.469139229498978,0.0010619510430842638,2.3308401043675584
RANF,RANF,209,315,75,15.000000759196658,0.0005497062811627984,2.1007130013701425
RANF,RANF,210,135,75,15.000000759196658,0.0005497062811627984,2.4345944880053421
RANF,RANF,211,135,60,27.967953256853754,0.0010619510430842638,3.2840148066378774
RANF,RANF,212,135,45,16.937618541531808,0.0015018255217000842,3.5416818285989859
RANF,RANF,213,135,30,8.6575008924471586,0.0015144464559853077,2.6618576706377479
RANF,RANF,214,135,20,13.481723581082752,0.0013326577609404922,3.4454422699312008
RANF,RANF,215,135,10,22.068454074222679,0.0013966393889859319,3.6852148924620782
RANF,RANF,216,135,0,24.814217316458059,0.0014181847218424082,3.4212756986463777
RANF,RANF,217,135,-10,17.584022658769534,0.0013966393889859319,3.2596918179614294
RANF,RANF,218,135,-20,14.090651603071073,0.0013326577609404922,3.194697363930719
RANF,RANF,219,135,-30,16.847751846686993,0.0015144464559853077,3.5330293569739792
RANF,RANF,220,135,-45,10.591412221441374,0.00080013019032776356,3.4849716487064226
RANF,RANF,221,310,-45,10.591412169898064,0.00080013019032776356,4.4342400683548666
RANF,RANF,222,310,-30,16.847751615755694,0.0015144464559853077,3.9940265690962566
RANF,RANF,223,310,-20,14.090650791577101,0.0013326577609404922,3.9732602633448253
RANF,RANF,224,310,-10,17.584022183303819,0.0013966393889859319,4.0066890504654333
RANF,RANF,225,310,0,22.26874569765862,0.0014181847218424082,3.9370011123900581
RANF,RANF,226,310,10,13.892339559573843,0.0013966393889859319,3.5713961817007447
RANF,RANF,227,310,20,9.3955278474439847,0.0013326577609404922,3.0493446670208044
RANF,RANF,228,310,30,13.481722693495358,0.0015144464559853077,2.9075316583446464
RANF,RANF,229,310,45,14.106044861351487,0.0015018255217000842,2.3261062833451964
RANF,RANF,230,310,60,19.160311981928583,0.0010619510430842638,2.3348276732111226
RANF,RANF,231,310,75,15.000000045981704,0.0005497062811627984,2.0609464936034052
RANF,RANF,232,130,75,15.000000045981704,0.0005497062811627984,2.4039016439492107
RANF,RANF,233,130,60,25.579586991885623,0.0010619510430842638,3.2236625270773276
RANF,RANF,234,130,45,19.080584438556169,0.0015018255217000842,3.5641933642947139
RANF,RANF,235,130,30,12.981060122360738,0.0015144464559853077,2.9685325843324026
RANF,RANF,236,130,20,16.847752970154431,0.0013326577609404922,3.6611578730784786
RANF,RANF,237,130,10,24.407187574190903,0.0013966393889859319,3.68930382341795
RANF,RANF,238,130,0,22.26874569765862,0.0014181847218424082,3.523439790112906
RANF,RANF,239,130,-10,13.892339559573843,0.0013966393889859319,3.5188875880811779
RANF,RANF,240,130,-20,9.3955278474439847,0.0013326577609404922,3.1151641514556658
RANF,RANF,241,130,-30,13.481722693495358,0.0015144464559853077,3.5560213611159837
RANF,RANF,242,130,-45,14.106044861351487,0.00080013019032776356,3.809965516499251
RANF,RANF,243,305,-45,7.0665737578836278,0.00080013019032776356,4.3121314283660119
RANF,RANF,244,305,-30,16.937618103837618,0.0015144464559853077,4.2102526195975418
RANF,RANF,245,305,-20,18.782571022300161,0.0013326577609404922,4.1621334013494442
RANF,RANF,246,305,-10,21.720794676281667,0.0013966393889859319,4.0832283282169044
RANF,RANF,247,305,0,20.590672601212329,0.0014181847218424082,4.0272701205309085
RANF,RANF,248,305,10,11.101906097405333,0.0013966393889859319,3.6690614949113898
RANF,RANF,249,305,20,4.6982881143403246,0.0013326577609404922,2.7396797719863679
RANF,RANF,250,305,30,10.974799216332263,0.0015144464559853077,2.9510509297674292
RANF,RANF,251,305,45,17.606969385403353,0.0015018255217000842,2.4925396905347226
RANF,RANF,252,305,60,21.124323795477249,0.0010619510430842638,2.4445794548919397
RANF,RANF,253,305,75,15.000000513611642,0.0005497062811627984,2.0756402623851735
RANF,RANF,254,125,75,15.000000513611642,0.0005497062811627984,2.4170265131933082
RANF,RANF,255,125,60,23.283732169116558,0.0010619510430842638,3.1459979281980144
RANF,RANF,256,125,45,21.090580421606788,0.0015018255217000842,3.5913022972420596
RANF,RANF,257,125,30,17.298331880789124,0.0015144464559853077,3.1805139413032966
RANF,RANF,258,125,20,20.653637823309932,0.0013326577609404922,3.7637589130933673
RANF,RANF,259,125,10,19.693105582230331,0.0013966393889859319,3.8329698649320019
RANF,RANF,260,125,0,20.590672601212329,0.0014181847218424082,3.70721756997292
RANF,RANF,261,125,-10,11.101906097405333,0.0013966393889859319,3.6396927791602494
RANF,RANF,262,125,-20,4.6982881143403246,0.0013326577609404922,3.1440143297201986
RANF,RANF,263,125,-30,10.974799216332263,0.0015144464559853077,3.7348745287383562
RANF,RANF,264,125,-45,17.606969385403353,0.00080013019032776356,4.1511744376533466
RANF,RANF,265,300,-45,3.5349723672764939,0.00080013019032776356,3.6329927072221229
RANF,RANF,266,300,-30,15.507477882749432,0.0015144464559853077,4.3640802931755083
RANF,RANF,267,300,-20,21.720797258522222,0.0013326577609404922,4.4046779055502938
RANF,RANF,268,300,-10,19.693102264372424,0.0013966393889859319,4.0506883310762767
RANF,RANF,269,300,0,20.000001081696542,0.0014181847218424082,3.9598752834442652
RANF,RANF,270,300,10,10.000001188003743,0.0013966393889859319,3.7653954748184941
RANF,RANF,272,300,30,9.999999029626526,0.0015144464559853077,2.8913844621904166
RANF,RANF,273,300,45,21.09058345153683,0.0015018255217000842,2.6273956565143615
RANF,RANF,274,300,60,23.283732956340483,0.0010619510430842638,2.4539057237889348
RANF,RANF,275,300,75,14.999999926042548,0.0005497062811627984,2.0610164170996481
RANF,RANF,276,120,75,14.999999926042548,0.0005497062811627984,2.2921978851152875
RANF,RANF,277,120,60,21.124323816652065,0.0010619510430842638,3.0740113100334736
RANF,RANF,278,120,45,17.606966457268481,0.0015018255217000842,3.5888405222552664
RANF,RANF,279,120,30,21.607104488938131,0.0015144464559853077,3.360125900933308
RANF,RANF,280,120,20,17.584023920930079,0.0013326577609404922,3.8588091320649536
RANF,RANF,281,120,10,14.770834162524009,0.0013966393889859319,3.7231651082628612
RANF,RANF,282,120,0,17.963860119699778,0.0014181847218424082,3.834890492149023
RANF,RANF,283,120,-10,10.000001188003743,0.0013966393889859319,3.6450542143107314
RANF,RANF,285,120,-30,9.999999029626526,0.0015144464559853077,3.7754879390221276
RANF,RANF,286,120,-45,21.09058345153683,0.00080013019032776356,4.26392246426163
RANF,RANF,288,295,-30,14.999999968681948,0.0015144464559853077,4.5319753262026001
RANF,RANF,289,295,-20,17.584023688118002,0.0013326577609404922,4.4381957760577144
RANF,RANF,290,295,-10,14.7708350451899,0.0013966393889859319,4.0373803350249746
RANF,RANF,291,295,0,17.963859654834859,0.0014181847218424082,4.0370688751886057
RANF,RANF,292,295,10,11.101906323216596,0.0013966393889859319,3.8702972502300241
RANF,RANF,293,295,20,4.6982885557778449,0.0013326577609404922,2.9335424033168906
RANF,RANF,294,295,30,10.974800180129701,0.0015144464559853077,2.9850367008230805
RANF,RANF,295,295,45,21.09058089744196,0.0015018255217000842,2.6577681324444775
RANF,RANF,296,295,60,23.283731703845064,0.0010619510430842638,2.4800994083475625
RANF,RANF,297,295,75,15.000000037063414,0.0005497062811627984,2.0187650574844409
RANF,RANF,298,115,75,15.000000037063414,0.0005497062811627984,2.2374325636025927
RANF,RANF,299,115,60,19.1603114048904,0.0010619510430842638,2.9623574596621451
RANF,RANF,300,115,45,14.106044049359161,0.0015018255217000842,3.4632638266094959
RANF,RANF,301,115,30,21.721268937441273,0.0015144464559853077,3.5376519597791405
RANF,RANF,302,115,20,13.892339676756846,0.0013326577609404922,3.8396425031423629
RANF,RANF,303,115,10,9.8476988264340477,0.0013966393889859319,3.8057299641472597
RANF,RANF,304,115,0,14.106043681994763,0.0014181847218424082,3.8857977538163055
RANF,RANF,305,115,-10,11.101906323216596,0.0013966393889859319,3.7648572350378178
RANF,RANF,306,115,-20,4.6982885557778449,0.0013326577609404922,3.1576097368649418
RANF,RANF,307,115,-30,10.974800180129701,0.0015144464559853077,3.9749148133243666
RANF,RANF,308,115,-45,24.553175192197251,0.00080013019032776356,4.4887680956545815
RANF,RANF,309,290,-45,3.5349729711425013,0.00080013019032776356,3.6537455976546127
RANF,RANF,310,290,-30,15.507476946310584,0.0015144464559853077,4.343440447287735
RANF,RANF,311,290,-20,13.892338343524369,0.0013326577609404922,4.4795095694483837
RANF,RANF,312,290,-10,9.8476990078007134,0.0013966393889859319,3.7618490472760198
RANF,RANF,313,290,0,14.106044537805667,0.0014181847218424082,4.2781416871015212
RANF,RANF,314,290,10,13.892339928739169,0.0013966393889859319,4.1119631263413972
RANF,RANF,315,290,20,9.3955278431111164,0.0013326577609404922,3.2790222647180731
RANF,RANF,316,290,30,13.481723153110721,0.0015144464559853077,3.086349076813045
RANF,RANF,317,290,45,17.606966632428144,0.0015018255217000842,2.7170346064683333
RANF,RANF,318,290,60,21.124323628857301,0.0010619510430842638,2.4540307216216575
RANF,RANF,319,290,75,15.000000080789578,0.0005497062811627984,2.023345520737728
RANF,RANF,320,110,75,15.000000080789578,0.0005497062811627984,2.1987494624029078
RANF,RANF,321,110,60,17.469138507459274,0.0010619510430842638,2.8351598871234809
RANF,RANF,322,110,45,10.591410810340577,0.0015018255217000842,3.2871174989872145
RANF,RANF,323,110,30,19.080583258701811,0.0015144464559853077,3.6528227466874936
RANF,RANF,324,110,20,11.101904792308432,0.0013326577609404922,3.7657421253798158
RANF,RANF,325,110,10,4.923991137574113,0.0013966393889859319,3.6209771685130105
RANF,RANF,326,110,0,11.168952764252944,0.0014181847218424082,3.86485552473389
RANF,RANF,327,110,-10,13.892339928739169,0.0013966393889859319,3.9834814332001618
RANF,RANF,328,110,-20,9.3955278431111164,0.0013326577609404922,3.5879249717530821
RANF,RANF,329,110,-30,13.481723153110721,0.0015144464559853077,4.1216195293305287
RANF,RANF,330,110,-45,26.335321932194201,0.00080013019032776356,4.6429906100478808
RANF,RANF,331,285,-45,7.066573973819299,0.00080013019032776356,4.4396971210068266
RANF,RANF,332,285,-30,16.937618364774703,0.0015144464559853077,4.5241994552928713
RANF,RANF,333,285,-20,11.101905237270087,0.0013326577609404922,4.5371739270913301
RANF,RANF,334,285,-10,4.923991597886185,0.0013966393889859319,3.3760841894284028
RANF,RANF,335,285,0,11.168952776943851,0.0014181847218424082,4.1618391616792731
RANF,RANF,336,285,10,17.584023920930079,0.0013966393889859319,4.3271614000050995
RANF,RANF,337,285,20,14.090652882944042,0.0013326577609404922,3.5870743281219237
RANF,RANF,338,285,30,16.847753664559015,0.0015144464559853077,3.2129655722734629
RANF,RANF,339,285,45,14.106044534968714,0.0015018255217000842,2.7426591833491245
RANF,RANF,340,285,60,19.16031220270019,0.0010619510430842638,2.4165521360870121
RANF,RANF,341,285,75,15.000000205801689,0.0005497062811627984,2.0005566499101453
RANF,RANF,342,105,75,15.000000205801689,0.0005497062811627984,2.1620525897607825
RANF,RANF,343,105,60,16.146339982767262,0.0010619510430842638,2.6551696443303139
RANF,RANF,344,105,45,7.0665746820713302,0.0015018255217000842,3.0473574771268024
RANF,RANF,345,105,30,16.937617826182553,0.0015144464559853077,3.5436770330795451
RANF,RANF,346,105,20,10.000001042231721,0.0013326577609404922,3.8205965114662059
RANF,RANF,348,105,0,9.9999997713238429,0.0014181847218424082,3.9356607744979879
RANF,RANF,349,105,-10,17.584023920930079,0.0013966393889859319,3.9140772386023981
RANF,RANF,350,105,-20,14.090652882944042,0.0013326577609404922,3.9126585850857691
RANF,RANF,351,105,-30,16.847753664559015,0.0015144464559853077,4.2311779653268093
RANF,RANF,352,105,-45,27.912101967116733,0.00080013019032776356,4.91619629477049
RANF,RANF,353,280,-45,10.591410568697148,0.00080013019032776356,4.883085205551887
RANF,RANF,354,280,-30,19.080584560230658,0.0015144464559853077,4.7280277572067613
RANF,RANF,355,280,-20,10.000000312474459,0.0013326577609404922,4.4600350437128231
RANF,RANF,357,280,0,10.000000063334213,0.0014181847218424082,4.0221309508607748
RANF,RANF,358,280,10,20.000000126668425,0.0013966393889859319,4.2077982917301231
RANF,RANF,359,280,20,18.782572356704865,0.0013326577609404922,3.7564499141441385
RANF,RANF,360,280,30,19.080583769633087,0.0015144464559853077,3.3300926471123518
RANF,RANF,361,280,45,10.591411252424974,0.0015018255217000842,2.7248029638945863
RANF,RANF,362,280,60,17.46913876234531,0.0010619510430842638,2.3844555126457156
RANF,RANF,363,280,75,15.000000876882917,0.0005497062811627984,1.9991625866141922
RANF,RANF,364,100,75,15.000000876882917,0.0005497062811627984,2.1249490047770747
RANF,RANF,365,100,60,15.294999564249215,0.0010619510430842638,2.4628208255497532
RANF,RANF,366,100,45,3.5349730246201427,0.0015018255217000842,2.6111610970380466
RANF,RANF,367,100,30,15.507478063998745,0.0015144464559853077,3.2887164872223993
RANF,RANF,368,100,20,11.101905383875703,0.0013326577609404922,3.6084632895213846
RANF,RANF,369,100,10,4.923991597886185,0.0013966393889859319,3.5657503630634437
RANF,RANF,370,100,0,11.168952618752609,0.0014181847218424082,3.945707746674799
RANF,RANF,371,100,-10,19.693104520766859,0.0013966393889859319,3.8898774524960076
RANF,RANF,372,100,-20,18.782572356704865,0.0013326577609404922,4.0799446862150104
RANF,RANF,373,100,-30,20.653638018260867,0.0015144464559853077,4.4264819198101124
RANF,RANF,374,100,-45,24.553173207647458,0.00080013019032776356,5.0275877999897141
RANF,RANF,375,275,-45,14.106044049359161,0.00080013019032776356,4.9643678214476443
RANF,RANF,376,275,-30,20.53677829030493,0.0015144464559853077,4.5741537566213486
RANF,RANF,377,275,-20,11.101905198345321,0.0013326577609404922,4.4051314760987141
RANF,RANF,378,275,-10,4.9239920503845713,0.0013966393889859319,3.4123460626452724
RANF,RANF,379,275,0,11.16895302052127,0.0014181847218424082,4.2161224941933062
RANF,RANF,380,275,10,19.69310407722487,0.0013966393889859319,4.3508343534506313
RANF,RANF,381,275,20,21.720796852149238,0.0013326577609404922,3.5830092443398125
RANF,RANF,382,275,30,16.937617453527647,0.0015144464559853077,3.5431166622351893
RANF,RANF,383,275,45,7.0665743376950143,0.0015018255217000842,2.617428874683982
RANF,RANF,384,275,60,16.146339106920092,0.0010619510430842638,2.4696786028959803
RANF,RANF,385,275,75,15.000000519710634,0.0005497062811627984,1.9733213414602111
RANF,RANF,386,95,75,15.000000519710634,0.0005497062811627984,2.0560405785426479
RANF,RANF,387,95,60,14.999999903155175,0.0010619510430842638,2.355268424055315
RANF,RANF,389,95,30,14.999998860864325,0.0015144464559853077,3.2635039037112601
RANF,RANF,390,95,20,13.892339311357045,0.0013326577609404922,3.4523893209371006
RANF,RANF,391,95,10,9.8476999267451841,0.0013966393889859319,3.9187865642181881
RANF,RANF,392,95,0,14.106044325762864,0.0014181847218424082,3.9725915285232789
RANF,RANF,393,95,-10,14.770835961042275,0.0013966393889859319,3.8630507985322522
RANF,RANF,394,95,-20,17.584023136331574,0.0013326577609404922,4.1875291664957608
RANF,RANF,395,95,-30,24.40718811313571,0.0015144464559853077,4.3664956991908213
RANF,RANF,396,95,-45,21.09058089744196,0.00080013019032776356,5.1350516300642592
RANF,RANF,397,270,-45,17.606966600082263,0.00080013019032776356,4.9658572665489835
RANF,RANF,398,270,-30,22.068454646158248,0.0015144464559853077,4.6369138124940728
RANF,RANF,399,270,-20,13.892339141059953,0.0013326577609404922,4.3811248660859547
RANF,RANF,400,270,-10,9.8476998269605698,0.0013966393889859319,3.7063827256861028
RANF,RANF,401,270,0,14.106044534885925,0.0014181847218424082,4.1467398689242332
RANF,RANF,402,270,10,14.770836052664333,0.0013966393889859319,4.1108772457852867
RANF,RANF,403,270,20,17.584023579682643,0.0013326577609404922,3.5487897722291648
RANF,RANF,404,270,30,15.507477087468549,0.0015144464559853077,3.4777203562046819
RANF,RANF,405,270,45,3.5349727355105256,0.0015018255217000842,2.3639060463735575
RANF,RANF,406,270,60,15.294998954736444,0.0010619510430842638,2.4324323573351325
RANF,RANF,407,270,75,15.000000120055846,0.0005497062811627984,1.9894277981016379
RANF,RANF,408,90,75,15.000000120055846,0.0005497062811627984,2.054639832673097
RANF,RANF,409,90,60,15.294998954736444,0.0010619510430842638,2.3321991089971106
RANF,RANF,410,90,45,3.5349727355105256,0.0015018255217000842,2.2856253971453815
RANF,RANF,411,90,30,15.507477087468549,0.0015144464559853077,3.2729918796987061
RANF,RANF,412,90,20,17.584023579682643,0.0013326577609404922,3.6433837134617786
RANF,RANF,413,90,10,14.770836052664333,0.0013966393889859319,4.0542212861162339
RANF,RANF,414,90,0,14.106044534885925,0.0014181847218424082,3.97364793552283
RANF,RANF,415,90,-10,9.8476998269605698,0.0013966393889859319,3.6102123316379706
RANF,RANF,416,90,-20,13.892339141059953,0.0013326577609404922,4.297190663692759
RANF,RANF,417,90,-30,22.068454646158248,0.0015144464559853077,4.5939104107602278
RANF,RANF,418,90,-45,17.606966600082263,0.00080013019032776356,5.0194888565914617
RANF,RANF,419,265,-45,21.09058089744196,0.00080013019032776356,5.0136011245420242
RANF,RANF,420,265,-30,24.40718811313571,0.0015144464559853077,4.6005688635541739
RANF,RANF,421,265,-20,17.584023136331574,0.0013326577609404922,4.19245155158701
RANF,RANF,422,265,-10,14.770835961042275,0.0013966393889859319,4.0442848884668869
RANF,RANF,423,265,0,14.106044325762864,0.0014181847218424082,4.0670749265792532
RANF,RANF,424,265,10,9.8476999267451841,0.0013966393889859319,3.6772693910444429
RANF,RANF,425,265,20,13.892339311357045,0.0013326577609404922,3.5313699841326596
RANF,RANF,426,265,30,14.999998860864325,0.0015144464559853077,3.552838668034985
RANF,RANF,428,265,60,14.999999903155175,0.0010619510430842638,2.4123491423063133
RANF,RANF,429,265,75,15.000000519710634,0.0005497062811627984,2.0754558141520927
RANF,RANF,430,85,75,15.000000519710634,0.0005497062811627984,2.0830535433672877
RANF,RANF,431,85,60,16.146339106920092,0.0010619510430842638,2.3844430805500876
RANF,RANF,432,85,45,7.0665743376950143,0.0015018255217000842,2.6303731279490075
RANF,RANF,433,85,30,16.937617453527647,0.0015144464559853077,3.3119611143899799
RANF,RANF,434,85,20,21.720796852149238,0.0013326577609404922,3.8840571513962385
RANF,RANF,435,85,10,19.69310407722487,0.0013966393889859319,4.0367546765483748
RANF,RANF,436,85,0,11.16895302052127,0.0014181847218424082,4.0858645247883505
RANF,RANF,437,85,-10,4.9239920503845713,0.0013966393889859319,3.3864348256272554
RANF,RANF,438,85,-20,11.101905198345321,0.0013326577609404922,4.2849300286295184
RANF,RANF,439,85,-30,20.53677829030493,0.0015144464559853077,4.7223790388694846
RANF,RANF,440,85,-45,14.106044049359161,0.00080013019032776356,5.022774666652797
RANF,RANF,441,260,-45,24.553173207647458,0.00080013019032776356,4.9799749957869448
RANF,RANF,442,260,-30,20.653638018260867,0.0015144464559853077,4.3864402470102828
RANF,RANF,443,260,-20,18.782572356704865,0.0013326577609404922,4.1174560291478235
RANF,RANF,444,260,-10,19.693104520766859,0.0013966393889859319,4.1427129929706021
RANF,RANF,445,260,0,11.168952618752609,0.0014181847218424082,3.8720032841221768
RANF,RANF,446,260,10,4.923991597886185,0.0013966393889859319,3.4514368546652787
RANF,RANF,447,260,20,11.101905383875703,0.0013326577609404922,3.8796792542470113
RANF,RANF,448,260,30,15.507478063998745,0.0015144464559853077,3.6716451237875876
RANF,RANF,449,260,45,3.5349730246201427,0.0015018255217000842,2.4760890654559344
RANF,RANF,450,260,60,15.294999564249215,0.0010619510430842638,2.4999804795725407
RANF,RANF,451,260,75,15.000000876882917,0.0005497062811627984,2.1122451757388827
RANF,RANF,452,80,75,15.000000876882917,0.0005497062811627984,2.0753594430104858
RANF,RANF,453,80,60,17.46913876234531,0.0010619510430842638,2.4447088921774696
RANF,RANF,454,80,45,10.591411252424974,0.0015018255217000842,2.7159653864270799
RANF,RANF,455,80,30,19.080583769633087,0.0015144464559853077,3.4081036318027715
RANF,RANF,456,80,20,18.782572356704865,0.0013326577609404922,3.6634806588382234
RANF,RANF,457,80,10,20.000000126668425,0.0013966393889859319,4.1292651298237351
RANF,RANF,458,80,0,10.000000063334213,0.0014181847218424082,4.1874360708300014
RANF,RANF,460,80,-20,10.000000312474459,0.0013326577609404922,4.2079785583615399
RANF,RANF,461,80,-30,19.080584560230658,0.0015144464559853077,4.669459705478646
RANF,RANF,462,80,-45,10.591410568697148,0.00080013019032776356,4.9644217204759284
RANF,RANF,463,255,-45,27.912101967116733,0.00080013019032776356,4.7864544744004416
RANF,RANF,464,255,-30,16.847753664559015,0.0015144464559853077,4.2160935150542302
RANF,RANF,465,255,-20,14.090652882944042,0.0013326577609404922,3.8357343536768029
RANF,RANF,466,255,-10,17.584023920930079,0.0013966393889859319,4.0317932277883957
RANF,RANF,467,255,0,9.9999997713238429,0.0014181847218424082,3.8893305505128355
RANF,RANF,469,255,20,10.000001042231721,0.0013326577609404922,3.994706052989859
RANF,RANF,470,255,30,16.937617826182553,0.0015144464559853077,3.7565628980613597
RANF,RANF,471,255,45,7.0665746820713302,0.0015018255217000842,3.0112722287247604
RANF,RANF,472,255,60,16.146339982767262,0.0010619510430842638,2.6201834221484841
RANF,RANF,473,255,75,15.000000205801689,0.0005497062811627984,2.1199612187592201
RANF,RANF,474,75,75,15.000000205801689,0.0005497062811627984,2.1041178635978564
RANF,RANF,475,75,60,19.16031220270019,0.0010619510430842638,2.4571876833459538
RANF,RANF,476,75,45,14.106044534968714,0.0015018255217000842,2.7266120407124941
RANF,RANF,477,75,30,16.847753664559015,0.0015144464559853077,3.3721619101741926
RANF,RANF,478,75,20,14.090652882944042,0.0013326577609404922,3.6932317157991466
RANF,RANF,479,75,10,17.584023920930079,0.0013966393889859319,4.239770310053296
RANF,RANF,480,75,0,11.168952776943851,0.0014181847218424082,4.1499942504636014
RANF,RANF,481,75,-10,4.923991597886185,0.0013966393889859319,3.4225806711112203
RANF,RANF,482,75,-20,11.101905237270087,0.0013326577609404922,4.2912173738064618
RANF,RANF,483,75,-30,16.937618364774703,0.0015144464559853077,4.5359257639115098
RANF,RANF,484,75,-45,7.066573973819299,0.00080013019032776356,4.3973226473053106
RANF,RANF,485,250,-45,26.335321932194201,0.00080013019032776356,4.6284144666708471
RANF,RANF,486,250,-30,13.481723153110721,0.0015144464559853077,4.0951705454061047
RANF,RANF,487,250,-20,9.3955278431111164,0.0013326577609404922,3.6885490529857368
RANF,RANF,488,250,-10,13.892339928739169,0.0013966393889859319,3.9190974451146432
RANF,RANF,489,250,0,11.168952764252944,0.0014181847218424082,3.8231004044348698
RANF,RANF,490,250,10,4.923991137574113,0.0013966393889859319,3.7192817237120424
RANF,RANF,491,250,20,11.101904792308432,0.0013326577609404922,3.7035920346216162
RANF,RANF,492,250,30,19.080583258701811,0.0015144464559853077,3.6927662038725484
RANF,RANF,493,250,45,10.591410810340577,0.0015018255217000842,3.2804431421398079
RANF,RANF,494,250,60,17.469138507459274,0.0010619510430842638,2.8159249888990483
RANF,RANF,495,250,75,15.000000080789578,0.0005497062811627984,2.1846873340063309
RANF,RANF,496,70,75,15.000000080789578,0.0005497062811627984,2.1481551984496106
RANF,RANF,497,70,60,21.124323628857301,0.0010619510430842638,2.4746963487856046
RANF,RANF,498,70,45,17.606966632428144,0.0015018255217000842,2.7383082844521045
RANF,RANF,499,70,30,13.481723153110721,0.0015144464559853077,3.2206704581225996
RANF,RANF,500,70,20,9.3955278431111164,0.0013326577609404922,3.401835402477229
RANF,RANF,501,70,10,13.892339928739169,0.0013966393889859319,4.112551103956477
RANF,RANF,502,70,0,14.106044537805667,0.0014181847218424082,4.1193486700782094
RANF,RANF,503,70,-10,9.8476990078007134,0.0013966393889859319,3.8881649092917567
RANF,RANF,504,70,-20,13.892338343524369,0.0013326577609404922,4.3840799625511604
RANF,RANF,505,70,-30,15.507476946310584,0.0015144464559853077,4.2374794474299016
RANF,RANF,506,70,-45,3.5349729711425013,0.00080013019032776356,3.6190129782198515
RANF,RANF,507,245,-45,24.553175192197251,0.00080013019032776356,4.5727018416797334
RANF,RANF,508,245,-30,10.974800180129701,0.0015144464559853077,3.9486356598353116
RANF,RANF,509,245,-20,4.6982885557778449,0.0013326577609404922,3.4566432136309397
RANF,RANF,510,245,-10,11.101906323216596,0.0013966393889859319,3.7335289976985027
RANF,RANF,511,245,0,14.106043681994763,0.0014181847218424082,3.9083490614266059
RANF,RANF,512,245,10,9.8476988264340477,0.0013966393889859319,3.7753257547366972
RANF,RANF,513,245,20,13.892339676756846,0.0013326577609404922,3.7479384265777238
RANF,RANF,514,245,30,21.721268937441273,0.0015144464559853077,3.5444861218853827
RANF,RANF,515,245,45,14.106044049359161,0.0015018255217000842,3.5438731232463283
RANF,RANF,516,245,60,19.1603114048904,0.0010619510430842638,2.963430257963513
RANF,RANF,517,245,75,15.000000037063414,0.0005497062811627984,2.2599607436170821
RANF,RANF,518,65,75,15.000000037063414,0.0005497062811627984,2.1425377281756912
RANF,RANF,519,65,60,23.283731703845064,0.0010619510430842638,2.5006892407083026
RANF,RANF,520,65,45,21.09058089744196,0.0015018255217000842,2.6917209873338264
RANF,RANF,521,65,30,10.974800180129701,0.0015144464559853077,2.9967449119805205
RANF,RANF,522,65,20,4.6982885557778449,0.0013326577609404922,3.0420907799770047
RANF,RANF,523,65,10,11.101906323216596,0.0013966393889859319,3.9300568900247459
RANF,RANF,524,65,0,17.963859654834859,0.0014181847218424082,4.1239589023316965
RANF,RANF,525,65,-10,14.7708350451899,0.0013966393889859319,4.0024774721865493
RANF,RANF,526,65,-20,17.584023688118002,0.0013326577609404922,4.3503087476842754
RANF,RANF,527,65,-30,14.999999968681948,0.0015144464559853077,4.3111417922709458
RANF,RANF,529,240,-45,21.09058345153683,0.00080013019032776356,4.3116432858273788
RANF,RANF,530,240,-30,9.999999029626526,0.0015144464559853077,3.7434016712421267
RANF,RANF,532,240,-10,10.000001188003743,0.0013966393889859319,3.5455466869394807
RANF,RANF,533,240,0,17.963860119699778,0.0014181847218424082,3.7262291266993968
RANF,RANF,534,240,10,14.770834162524009,0.0013966393889859319,3.7361225593225118
RANF,RANF,535,240,20,17.584023920930079,0.0013326577609404922,3.5811883001430287
RANF,RANF,536,240,30,21.607104488938131,0.0015144464559853077,3.4072956520091693
RANF,RANF,537,240,45,17.606966457268481,0.0015018255217000842,3.7233255076714542
RANF,RANF,538,240,60,21.124323816652065,0.0010619510430842638,3.1299212247279566
RANF,RANF,539,240,75,14.999999926042548,0.0005497062811627984,2.4190132857536693
RANF,RANF,540,60,75,14.999999926042548,0.0005497062811627984,2.1606410289366416
RANF,RANF,541,60,60,23.283732956340483,0.0010619510430842638,2.5428867936651893
RANF,RANF,542,60,45,21.09058345153683,0.0015018255217000842,2.6669732910201955
RANF,RANF,543,60,30,9.999999029626526,0.0015144464559853077,2.9354413249332438
RANF,RANF,545,60,10,10.000001188003743,0.0013966393889859319,3.8245073733789301
RANF,RANF,546,60,0,20.000001081696542,0.0014181847218424082,4.0880643657048115
RANF,RANF,547,60,-10,19.693102264372424,0.0013966393889859319,4.1150289212455036
RANF,RANF,548,60,-20,21.720797258522222,0.0013326577609404922,4.2490226766922188
RANF,RANF,549,60,-30,15.507477882749432,0.0015144464559853077,4.2010367953039802
RANF,RANF,550,60,-45,3.5349723672764939,0.00080013019032776356,3.7388399871398024
RANF,RANF,551,235,-45,17.606969385403353,0.00080013019032776356,4.05158736970745
RANF,RANF,552,235,-30,10.974799216332263,0.0015144464559853077,3.4772925007372284
RANF,RANF,553,235,-20,4.6982881143403246,0.0013326577609404922,3.0596911884408482
RANF,RANF,554,235,-10,11.101906097405333,0.0013966393889859319,3.5017710942561062
RANF,RANF,555,235,0,20.590672601212329,0.0014181847218424082,3.6971886644175029
RANF,RANF,556,235,10,19.693105582230331,0.0013966393889859319,3.748618375378582
RANF,RANF,557,235,20,20.653637823309932,0.0013326577609404922,3.5219408689200482
RANF,RANF,558,235,30,17.298331880789124,0.0015144464559853077,3.1666615282710171
RANF,RANF,559,235,45,21.090580421606788,0.0015018255217000842,3.69143362070669
RANF,RANF,560,235,60,23.283732169116558,0.0010619510430842638,3.2186461916873501
RANF,RANF,561,235,75,15.000000513611642,0.0005497062811627984,2.4392319601049275
RANF,RANF,562,55,75,15.000000513611642,0.0005497062811627984,2.17893060340305
RANF,RANF,563,55,60,21.124323795477249,0.0010619510430842638,2.5641287051709387
RANF,RANF,564,55,45,17.606969385403353,0.0015018255217000842,2.5687006804992882
RANF,RANF,565,55,30,10.974799216332263,0.0015144464559853077,2.8340695106534941
RANF,RANF,566,55,20,4.6982881143403246,0.0013326577609404922,2.8671385706018295
RANF,RANF,567,55,10,11.101906097405333,0.0013966393889859319,3.7552660682130989
RANF,RANF,568,55,0,20.590672601212329,0.0014181847218424082,4.0893525335451235
RANF,RANF,569,55,-10,21.720794676281667,0.0013966393889859319,4.0994762776890123
RANF,RANF,570,55,-20,18.782571022300161,0.0013326577609404922,4.0612760996098354
RANF,RANF,571,55,-30,16.937618103837618,0.0015144464559853077,4.1522880827100668
RANF,RANF,572,55,-45,7.0665737578836278,0.00080013019032776356,4.2649414175778668
RANF,RANF,573,230,-45,14.106044861351487,0.00080013019032776356,3.7897966392327076
RANF,RANF,574,230,-30,13.481722693495358,0.0015144464559853077,3.4923391395127834
RANF,RANF,575,230,-20,9.3955278474439847,0.0013326577609404922,3.1719527161589793
RANF,RANF,576,230,-10,13.892339559573843,0.0013966393889859319,3.390556671827488
RANF,RANF,577,230,0,22.26874569765862,0.0014181847218424082,3.6221755668031519
RANF,RANF,578,230,10,24.407187574190903,0.0013966393889859319,3.7533540159106451
RANF,RANF,579,230,20,16.847752970154431,0.0013326577609404922,3.3718775764955655
RANF,RANF,580,230,30,12.981060122360738,0.0015144464559853077,2.9750323273259709
RANF,RANF,581,230,45,19.080584438556169,0.0015018255217000842,3.7191574113818548
RANF,RANF,582,230,60,25.579586991885623,0.0010619510430842638,3.4127454325495021
RANF,RANF,583,230,75,15.000000045981704,0.0005497062811627984,2.5680796311768321
RANF,RANF,584,50,75,15.000000045981704,0.0005497062811627984,2.1695901462256337
RANF,RANF,585,50,60,19.160311981928583,0.0010619510430842638,2.5518606364757934
RANF,RANF,586,50,45,14.106044861351487,0.0015018255217000842,2.4054316530564681
RANF,RANF,587,50,30,13.481722693495358,0.0015144464559853077,2.8326603403421138
RANF,RANF,588,50,20,9.3955278474439847,0.0013326577609404922,2.9664166356264308
RANF,RANF,589,50,10,13.892339559573843,0.0013966393889859319,3.5764262227929224
RANF,RANF,590,50,0,22.26874569765862,0.0014181847218424082,3.8992610106113661
RANF,RANF,591,50,-10,17.584022183303819,0.0013966393889859319,3.9938951521466808
RANF,RANF,592,50,-20,14.090650791577101,0.0013326577609404922,3.9739208932211052
RANF,RANF,593,50,-30,16.847751615755694,0.0015144464559853077,4.0134760293763838
RANF,RANF,594,50,-45,10.591412169898064,0.00080013019032776356,4.5175113478867992
RANF,RANF,595,225,-45,10.591412221441374,0.00080013019032776356,3.3968656232314758
RANF,RANF,596,225,-30,16.847751846686993,0.0015144464559853077,3.4585973194743556
RANF,RANF,597,225,-20,14.090651603071073,0.0013326577609404922,3.2444024450129674
RANF,RANF,598,225,-10,17.584022658769534,0.0013966393889859319,3.2948354816991454
RANF,RANF,599,225,0,24.814217316458059,0.0014181847218424082,3.4956051532715553
RANF,RANF,600,225,10,22.068454074222679,0.0013966393889859319,3.6763145516765268
RANF,RANF,601,225,20,13.481723581082752,0.0013326577609404922,3.28612847830337
RANF,RANF,602,225,30,8.6575008924471586,0.0015144464559853077,2.6880890186835416
RANF,RANF,603,225,45,16.937618541531808,0.0015018255217000842,3.7568428931290994
RANF,RANF,604,225,60,27.967953256853754,0.0010619510430842638,3.4951042445838056
RANF,RANF,605,225,75,15.000000759196658,0.0005497062811627984,2.6621875534253352
RANF,RANF,606,45,75,15.000000759196658,0.0005497062811627984,2.2054582827622311
RANF,RANF,607,45,60,17.469139229498978,0.0010619510430842638,2.4802526591173435
RANF,RANF,608,45,45,10.591412221441374,0.0015018255217000842,2.1752551829869238
RANF,RANF,609,45,30,16.847751846686993,0.0015144464559853077,2.7597632913620904
RANF,RANF,610,45,20,14.090651603071073,0.0013326577609404922,3.0661260088921853
RANF,RANF,611,45,10,17.584022658769534,0.0013966393889859319,3.4149220845290014
RANF,RANF,612,45,0,22.268744826474858,0.0014181847218424082,3.730130008538751
RANF,RANF,613,45,-10,13.892338468968779,0.0013966393889859319,3.8528305571410373
RANF,RANF,614,45,-20,9.3955270425035575,0.0013326577609404922,3.6362695989661287
RANF,RANF,615,45,-30,13.481722024217131,0.0015144464559853077,3.9394293038723633
RANF,RANF,616,45,-45,14.106044843106213,0.00080013019032776356,4.5447506226680909
RANF,RANF,617,220,-45,7.0665759174006428,0.00080013019032776356,3.0218852364655224
RANF,RANF,618,220,-30,16.937618856363812,0.0015144464559853077,3.479041551349181
RANF,RANF,619,220,-20,18.782569533125056,0.0013326577609404922,3.2836921773009915
RANF,RANF,620,220,-10,19.693105071764794,0.0013966393889859319,3.1911282990696943
RANF,RANF,621,220,0,22.268745808076812,0.0014181847218424082,3.2931795685465928
RANF,RANF,622,220,10,20.536778438540473,0.0013966393889859319,3.6527741854206308
RANF,RANF,623,220,20,10.974801461651374,0.0013326577609404922,3.3509066915240893
RANF,RANF,624,220,30,4.3297856282053244,0.0015144464559853077,2.4031867573161776
RANF,RANF,625,220,45,15.507478746963535,0.0015018255217000842,3.6895937022598888
RANF,RANF,626,220,60,30.000000754713284,0.0010619510430842638,3.5172422871675995
RANF,RANF,627,220,75,15.000000045981704,0.0005497062811627984,2.7481359836779511
RANF,RANF,628,40,75,15.000000045981704,0.0005497062811627984,2.2272632576991107
RANF,RANF,629,40,60,16.146340174030033,0.0010619510430842638,2.438659893720605
RANF,RANF,630,40,45,7.0665759174006428,0.0015018255217000842,2.0023571529394659
RANF,RANF,631,40,30,16.937618856363812,0.0015144464559853077,2.7385676969496169
RANF,RANF,632,40,20,18.782569533125056,0.0013326577609404922,3.0354254235300244
RANF,RANF,633,40,10,19.693105071764794,0.0013966393889859319,3.2591728700451315
RANF,RANF,634,40,0,20.590672409097611,0.0014181847218424082,3.5781120672392883
RANF,RANF,635,40,-10,11.101905566123458,0.0013966393889859319,3.6821717958417821
RANF,RANF,636,40,-20,4.6982895983919564,0.0013326577609404922,3.3294758174975083
RANF,RANF,637,40,-30,10.974800783883671,0.0015144464559853077,3.8568249272877604
RANF,RANF,638,40,-45,17.606967058132422,0.00080013019032776356,4.393753907115368
RANF,RANF,639,215,-45,3.5349726093893015,0.00080013019032776356,2.6778502411191138
RANF,RANF,640,215,-30,15.507477619497367,0.0015144464559853077,3.3851423365681241
RANF,RANF,641,215,-20,17.584023511028544,0.0013326577609404922,3.3122519547121949
RANF,RANF,642,215,-10,14.770837930353938,0.0013966393889859319,3.0089444273096224
RANF,RANF,643,215,0,17.963860447378917,0.0014181847218424082,3.2082507992524825
RANF,RANF,644,215,10,19.999999690522536,0.0013966393889859319,3.6554915267128867
RANF,RANF,645,215,20,9.9999992480583071,0.0013326577609404922,3.1855785709534459
RANF,RANF,647,215,45,14.999999418095857,0.0015018255217000842,3.6804525561378725
RANF,RANF,648,215,60,29.999999338596972,0.0010619510430842638,3.6125335602640551
RANF,RANF,649,215,75,15.000000513611642,0.0005497062811627984,2.8018386035625302
RANF,RANF,650,35,75,15.000000513611642,0.0005497062811627984,2.263376594052287
RANF,RANF,651,35,60,15.294998948342053,0.0010619510430842638,2.427428226392053
RANF,RANF,652,35,45,3.5349726093893015,0.0015018255217000842,1.880435333242447
RANF,RANF,653,35,30,15.507477619497367,0.0015144464559853077,2.7632344230810748
RANF,RANF,654,35,20,17.584023511028544,0.0013326577609404922,3.0490018654052999
RANF,RANF,655,35,10,14.770837930353938,0.0013966393889859319,2.9618512705547642
RANF,RANF,656,35,0,17.963860447378917,0.0014181847218424082,3.3369656885255981
RANF,RANF,657,35,-10,10.000000442464293,0.0013966393889859319,3.4418991646865393
RANF,RANF,659,35,-30,9.9999992480583071,0.0015144464559853077,3.7694329510149576
RANF,RANF,660,35,-45,21.090583039068701,0.00080013019032776356,4.7087958583158631
RANF,RANF,662,210,-30,14.999998739050708,0.0015144464559853077,3.4189029372106692
RANF,RANF,663,210,-20,13.892339928739169,0.0013326577609404922,3.2958731924687372
RANF,RANF,664,210,-10,9.8476983963493687,0.0013966393889859319,2.7719403425333864
RANF,RANF,665,210,0,14.10604466738504,0.0014181847218424082,3.2194241099031342
RANF,RANF,666,210,10,20.536778047345422,0.0013966393889859319,3.6625663476337227
RANF,RANF,667,210,20,10.974799216332263,0.0013326577609404922,3.124147594403381
RANF,RANF,668,210,30,4.3297829047621343,0.0015144464559853077,2.2052850767323555
RANF,RANF,669,210,45,15.507477619497367,0.0015018255217000842,3.6407598443468498
RANF,RANF,670,210,60,30.000000111323018,0.0010619510430842638,3.6658110059875368
RANF,RANF,671,210,75,14.999999926042548,0.0005497062811627984,2.8581435046798158
RANF,RANF,672,30,75,14.999999926042548,0.0005497062811627984,2.2622163491631895
RANF,RANF,673,30,60,15.000001038303349,0.0010619510430842638,2.3979476188942281
RANF,RANF,675,30,30,14.999998739050708,0.0015144464559853077,2.7415217911910186
RANF,RANF,676,30,20,13.892339928739169,0.0013326577609404922,2.9373894652747667
RANF,RANF,677,30,10,9.8476983963493687,0.0013966393889859319,2.7615842174516092
RANF,RANF,678,30,0,14.10604466738504,0.0014181847218424082,3.1885326555363664
RANF,RANF,679,30,-10,11.101905871462817,0.0013966393889859319,3.3566143698238564
RANF,RANF,680,30,-20,4.6982881143403246,0.0013326577609404922,3.1510104046712186
RANF,RANF,681,30,-30,10.974800968721977,0.0015144464559853077,3.6424481279043777
RANF,RANF,682,30,-45,24.553175192197251,0.00080013019032776356,4.814009724068339
RANF,RANF,683,205,-45,3.5349723672764939,0.00080013019032776356,2.7792200628220685
RANF,RANF,684,205,-30,15.507477597756536,0.0015144464559853077,3.5345668313076968
RANF,RANF,685,205,-20,11.101905984016177,0.0013326577609404922,3.2548492154656872
RANF,RANF,686,205,-10,4.9239914100594815,0.0013966393889859319,2.3447663683113444
RANF,RANF,687,205,0,11.168952722705445,0.0014181847218424082,3.2547917480721398
RANF,RANF,688,205,10,20.60935684332042,0.0013966393889859319,3.5548114152020065
RANF,RANF,689,205,20,13.481721255281723,0.0013326577609404922,3.2236910006310637
RANF,RANF,690,205,30,8.6574997742182269,0.0015144464559853077,2.3577233652298295
RANF,RANF,691,205,45,16.937618103837618,0.0015018255217000842,3.567955041040864
RANF,RANF,692,205,60,30.000001193671139,0.0010619510430842638,3.7724110554772383
RANF,RANF,693,205,75,15.000000037063414,0.0005497062811627984,2.9553685419128017
RANF,RANF,694,25,75,15.000000037063414,0.0005497062811627984,2.2810321548036199
RANF,RANF,695,25,60,15.294998365211272,0.0010619510430842638,2.3740278422223358
RANF,RANF,696,25,45,3.5349723672764939,0.0015018255217000842,1.894857762847334
RANF,RANF,697,25,30,15.507477597756536,0.0015144464559853077,2.8398520150232325
RANF,RANF,698,25,20,11.101905984016177,0.0013326577609404922,2.8330440613392365
RANF,RANF,699,25,10,4.9239914100594815,0.0013966393889859319,2.5138418063372274
RANF,RANF,700,25,0,11.168952722705445,0.0014181847218424082,3.0809078304719435
RANF,RANF,701,25,-10,13.892339487305048,0.0013966393889859319,3.4410992039532768
RANF,RANF,702,25,-20,9.395526819952865,0.0013326577609404922,3.192577802272389
RANF,RANF,703,25,-30,13.481723060064377,0.0015144464559853077,3.7332904761650454
RANF,RANF,704,25,-45,24.694085979776748,0.00080013019032776356,4.6645427010358036
RANF,RANF,705,200,-45,7.0665741911739026,0.00080013019032776356,3.093465291125419
RANF,RANF,706,200,-30,16.937616033087821,0.0015144464559853077,3.5648578193683491
RANF,RANF,707,200,-20,10.000000035409951,0.0013326577609404922,3.18374342577345
RANF,RANF,709,200,0,9.9999999527339298,0.0014181847218424082,3.2668982680953804
RANF,RANF,710,200,10,19.999999905467796,0.0013966393889859319,3.485365700773893
RANF,RANF,711,200,20,16.847752641975024,0.0013326577609404922,3.2044258008168387
RANF,RANF,712,200,30,12.981059482482918,0.0015144464559853077,2.5137616949178123
RANF,RANF,713,200,45,19.080583620201772,0.0015018255217000842,3.5667209477216915
RANF,RANF,714,200,60,30.000000435073549,0.0010619510430842638,3.8451807948464318
RANF,RANF,715,200,75,15.000000080789578,0.0005497062811627984,2.9699323468413592
RANF,RANF,716,20,75,15.000000080789578,0.0005497062811627984,2.2893636377432811
RANF,RANF,717,20,60,16.146339438123881,0.0010619510430842638,2.3570991291934451
RANF,RANF,718,20,45,7.0665741911739026,0.0015018255217000842,2.0321295466100326
RANF,RANF,719,20,30,16.937616033087821,0.0015144464559853077,2.8696184912348657
RANF,RANF,720,20,20,10.000000035409951,0.0013326577609404922,2.7818393202036815
RANF,RANF,722,20,0,9.9999999527339298,0.0014181847218424082,3.0513327013759737
RANF,RANF,723,20,-10,17.584023511028544,0.0013966393889859319,3.4782964518545842
RANF,RANF,724,20,-20,14.090652447229385,0.0013326577609404922,3.3275235341647491
RANF,RANF,725,20,-30,16.84775355865764,0.0015144464559853077,3.6268313043584204
RANF,RANF,726,20,-45,21.721267918499912,0.00080013019032776356,4.525015681949025
RANF,RANF,727,195,-45,10.591410371458657,0.00080013019032776356,3.312954312481764
RANF,RANF,728,195,-30,19.080583481669692,0.0015144464559853077,3.5834820624407966
RANF,RANF,729,195,-20,11.101905300103793,0.0013326577609404922,3.2617832414293777
RANF,RANF,730,195,-10,4.923991137574113,0.0013966393889859319,2.284924663160071
RANF,RANF,731,195,0,11.168952636407244,0.0014181847218424082,3.2393059592151014
RANF,RANF,732,195,10,20.609356788468691,0.0013966393889859319,3.5317279248484899
RANF,RANF,733,195,20,20.653636294849793,0.0013326577609404922,3.2631770130619047
RANF,RANF,734,195,30,17.298330000057948,0.0015144464559853077,2.6706982560323023
RANF,RANF,735,195,45,21.721268164114861,0.0015018255217000842,3.5443453327567238
RANF,RANF,736,195,60,30.000000110732287,0.0010619510430842638,3.8667439985155982
RANF,RANF,737,195,75,15.000000205801689,0.0005497062811627984,3.0141989351044858
RANF,RANF,738,15,75,15.000000205801689,0.0005497062811627984,2.2981086363884673
RANF,RANF,739,15,60,17.469138312232101,0.0010619510430842638,2.3209003074806271
RANF,RANF,740,15,45,10.591410371458657,0.0015018255217000842,2.1236255499141383
RANF,RANF,741,15,30,19.080583481669692,0.0015144464559853077,2.894105259679836
RANF,RANF,742,15,20,11.101905300103793,0.0013326577609404922,2.7746007314108265
RANF,RANF,743,15,10,4.923991137574113,0.0013966393889859319,2.3243588958105597
RANF,RANF,744,15,0,11.168952636407244,0.0014181847218424082,3.1775437952373253
RANF,RANF,745,15,-10,20.609356788468691,0.0013966393889859319,3.5486300459187219
RANF,RANF,746,15,-20,16.847753386581868,0.0013326577609404922,3.4775704478823002
RANF,RANF,747,15,-30,12.981060183000123,0.0015144464559853077,3.5762008810051937
RANF,RANF,748,15,-45,19.080582938811499,0.00080013019032776356,4.3144961244908604
RANF,RANF,749,190,-45,14.106043320415029,0.00080013019032776356,3.5066348590270278
RANF,RANF,750,190,-30,21.721268924650655,0.0015144464559853077,3.7095242200752576
RANF,RANF,751,190,-20,13.892338774103179,0.0013326577609404922,3.4576957663919874
RANF,RANF,752,190,-10,9.8476990078007134,0.0013966393889859319,2.8341045629254471
RANF,RANF,753,190,0,14.106043901218957,0.0014181847218424082,3.3334117807088721
RANF,RANF,754,190,10,22.337905413351134,0.0013966393889859319,3.5168923497308628
RANF,RANF,755,190,20,24.692721414933498,0.0013326577609404922,3.3845899180482708
RANF,RANF,756,190,30,21.607103231533049,0.0015144464559853077,2.8548689591311915
RANF,RANF,757,190,45,24.694086482247521,0.0015018255217000842,3.5428014302427475
RANF,RANF,758,190,60,29.999999880144909,0.0010619510430842638,3.8413238223638473
RANF,RANF,759,190,75,15.000000876882917,0.0005497062811627984,2.9440666693153918
RANF,RANF,760,10,75,15.000000876882917,0.0005497062811627984,2.3503737423764384
RANF,RANF,761,10,60,19.160311976351618,0.0010619510430842638,2.3039803949105431
RANF,RANF,762,10,45,14.106043320415029,0.0015018255217000842,2.2309564076321968
RANF,RANF,763,10,30,21.721268924650655,0.0015144464559853077,2.9209071656009056
RANF,RANF,764,10,20,13.892338774103179,0.0013326577609404922,2.8363424385931753
RANF,RANF,765,10,10,9.8476990078007134,0.0013966393889859319,2.476691569002488
RANF,RANF,766,10,0,14.106043901218957,0.0014181847218424082,3.2743186911744275
RANF,RANF,767,10,-10,22.068454646158248,0.0013966393889859319,3.5841483754007921
RANF,RANF,768,10,-20,13.481723172448659,0.0013326577609404922,3.4533348619490152
RANF,RANF,769,10,-30,8.6574993691915836,0.0015144464559853077,3.5163129931358479
RANF,RANF,770,10,-45,16.937618201740335,0.00080013019032776356,4.146889273258596
RANF,RANF,771,185,-45,17.606966457268481,0.00080013019032776356,3.6574120107292369
RANF,RANF,772,185,-30,24.40718767599158,0.0015144464559853077,3.7775156496035236
RANF,RANF,773,185,-20,17.584023118169156,0.0013326577609404922,3.4748777611877157
RANF,RANF,774,185,-10,14.770835684902895,0.0013966393889859319,3.2472594531631782
RANF,RANF,775,185,0,17.963859965917774,0.0014181847218424082,3.5165653935660646
RANF,RANF,776,185,10,24.954120181789488,0.0013966393889859319,3.516346600919698
RANF,RANF,777,185,20,28.862630859837058,0.0013326577609404922,3.435357604036581
RANF,RANF,778,185,30,25.905078268461338,0.0015144464559853077,3.0264468189809888
RANF,RANF,779,185,45,27.885566114219476,0.0015018255217000842,3.538679308294006
RANF,RANF,780,185,60,30.000000997038136,0.0010619510430842638,3.8993255117671639
RANF,RANF,781,185,75,15.000000519710634,0.0005497062811627984,2.9763196872006032
RANF,RANF,782,5,75,15.000000519710634,0.0005497062811627984,2.3681267784658155
RANF,RANF,783,5,60,21.124322746870448,0.0010619510430842638,2.3944394872710819
RANF,RANF,784,5,45,17.606966457268481,0.0015018255217000842,2.3179024443640746
RANF,RANF,785,5,30,24.40718767599158,0.0015144464559853077,2.9322979977642563
RANF,RANF,786,5,20,17.584023118169156,0.0013326577609404922,2.8199455566312905
RANF,RANF,787,5,10,14.770835684902895,0.0013966393889859319,2.6338516658303379
RANF,RANF,788,5,0,17.963859965917774,0.0014181847218424082,3.2420319007075538
RANF,RANF,789,5,-10,20.536778500153151,0.0013966393889859319,3.6249025317899592
RANF,RANF,790,5,-20,10.974801001997228,0.0013326577609404922,3.4005604243179857
RANF,RANF,791,5,-30,4.3297835269819025,0.0015144464559853077,3.3182640143388977
RANF,RANF,792,5,-45,15.507477087468549,0.00080013019032776356,4.0812895730674121
HYBRID,Hybrid E190,0,0,-45,14.999999554707983,0.00080013019032776356,4.1857339113796606
HYBRID,Hybrid E190,2,0,-20,9.9999997858989413,0.0013326577609404922,3.5791858860812913
HYBRID,Hybrid E190,3,0,-10,20.000000162186488,0.0013966393889859319,3.4717697751184242
HYBRID,Hybrid E190,4,0,0,22.268744313392595,0.0014181847218424082,3.2987821959915973
HYBRID,Hybrid E190,5,0,10,19.693103693538394,0.0013966393889859319,2.8736722957034866
HYBRID,Hybrid E190,6,0,20,21.720796614325359,0.0013326577609404922,2.866165047426485
HYBRID,Hybrid E190,7,0,30,27.34479831653633,0.0015144464559853077,3.0489897121894658
HYBRID,Hybrid E190,8,0,45,21.090580470751792,0.0015018255217000842,2.6684618344942983
HYBRID,Hybrid E190,9,0,60,23.283731818796717,0.0010619510430842638,2.4969109257167803
HYBRID,Hybrid E190,10,0,75,15.000000120055846,0.0005497062811627984,2.3323457915722927
HYBRID,Hybrid E190,12,180,75,15.000000120055846,0.0005497062811627984,3.2228965011258071
HYBRID,Hybrid E190,13,180,60,30.000000445292049,0.0010619510430842638,3.851606627476333
HYBRID,Hybrid E190,14,180,45,31.220426124312098,0.0015018255217000842,3.4859798824039392
HYBRID,Hybrid E190,15,180,30,30.189833851059973,0.0015144464559853077,3.4796610473188405
HYBRID,Hybrid E190,16,180,20,33.108874982180794,0.0013326577609404922,3.9087666509456485
HYBRID,Hybrid E190,17,180,10,28.212088559080865,0.0013966393889859319,4.116098243672357
HYBRID,Hybrid E190,18,180,0,22.268744313392595,0.0014181847218424082,3.5883282836041555
HYBRID,Hybrid E190,19,180,-10,19.693103693538394,0.0013966393889859319,3.4812663047737855
HYBRID,Hybrid E190,20,180,-20,21.720796614325359,0.0013326577609404922,3.6668691538361333
HYBRID,Hybrid E190,21,180,-30,27.34479831653633,0.0015144464559853077,3.8729526512976591
HYBRID,Hybrid E190,22,180,-45,21.090580470751792,0.00080013019032776356,4.0208346085153135
HYBRID,Hybrid E190,23,355,-45,15.507477087468549,0.00080013019032776356,4.1909492834382753
HYBRID,Hybrid E190,24,355,-30,4.3297835269819025,0.0015144464559853077,3.2451011984091891
HYBRID,Hybrid E190,25,355,-20,10.974801001997228,0.0013326577609404922,3.5353125256178468
HYBRID,Hybrid E190,26,355,-10,20.536778500153151,0.0013966393889859319,3.4599507286589768
HYBRID,Hybrid E190,27,355,0,17.963859965917774,0.0014181847218424082,3.2272431549264273
HYBRID,Hybrid E190,28,355,10,14.770835684902895,0.0013966393889859319,2.7999860523234941
HYBRID,Hybrid E190,29,355,20,17.584023118169156,0.0013326577609404922,2.8199754803898696
HYBRID,Hybrid E190,30,355,30,24.40718767599158,0.0015144464559853077,2.9796084895942454
HYBRID,Hybrid E190,31,355,45,17.606966457268481,0.0015018255217000842,2.6161261962123579
HYBRID,Hybrid E190,32,355,60,21.124322746870448,0.0010619510430842638,2.5041354732554297
HYBRID,Hybrid E190,33,355,75,15.000000519710634,0.0005497062811627984,2.2963161361839539
HYBRID,Hybrid E190,34,175,75,15.000000519710634,0.0005497062811627984,3.2343233172252308
HYBRID,Hybrid E190,35,175,60,30.000000997038136,0.0010619510430842638,3.7811467402269234
HYBRID,Hybrid E190,36,175,45,27.885566114219476,0.0015018255217000842,3.420828000442516
HYBRID,Hybrid E190,37,175,30,25.905078268461338,0.0015144464559853077,3.4501113081075117
HYBRID,Hybrid E190,38,175,20,28.862630859837058,0.0013326577609404922,3.7850694538202201
HYBRID,Hybrid E190,39,175,10,24.954120181789488,0.0013966393889859319,4.079827116253953
HYBRID,Hybrid E190,40,175,0,17.963859965917774,0.0014181847218424082,3.4725921427990376
HYBRID,Hybrid E190,41,175,-10,14.770835684902895,0.0013966393889859319,3.4082240238284331
HYBRID,Hybrid E190,42,175,-20,17.584023118169156,0.0013326577609404922,3.4524804255341413
HYBRID,Hybrid E190,43,175,-30,24.40718767599158,0.0015144464559853077,3.8245679379608437
HYBRID,Hybrid E190,44,175,-45,17.606966457268481,0.00080013019032776356,3.9050935499401249
HYBRID,Hybrid E190,45,350,-45,16.937618201740335,0.00080013019032776356,4.1081830998600273
HYBRID,Hybrid E190,46,350,-30,8.6574993691915836,0.0015144464559853077,3.3540784242468034
HYBRID,Hybrid E190,47,350,-20,13.481723172448659,0.0013326577609404922,3.4855587672202719
HYBRID,Hybrid E190,48,350,-10,22.068454646158248,0.0013966393889859319,3.4568071499275401
HYBRID,Hybrid E190,49,350,0,14.106043901218957,0.0014181847218424082,3.1730778635668289
HYBRID,Hybrid E190,50,350,10,9.8476990078007134,0.0013966393889859319,2.7041932724235163
HYBRID,Hybrid E190,51,350,20,13.892338774103179,0.0013326577609404922,2.8344262568993686
HYBRID,Hybrid E190,52,350,30,21.721268924650655,0.0015144464559853077,2.8921442858711766
HYBRID,Hybrid E190,53,350,45,14.106043320415029,0.0015018255217000842,2.5086688168191764
HYBRID,Hybrid E190,54,350,60,19.160311976351618,0.0010619510430842638,2.4866583471415944
HYBRID,Hybrid E190,55,350,75,15.000000876882917,0.0005497062811627984,2.2524239831751238
HYBRID,Hybrid E190,56,170,75,15.000000876882917,0.0005497062811627984,3.2474761800934742
HYBRID,Hybrid E190,57,170,60,29.999999880144909,0.0010619510430842638,3.7703994592629426
HYBRID,Hybrid E190,58,170,45,24.694086482247521,0.0015018255217000842,3.3791837415237129
HYBRID,Hybrid E190,59,170,30,21.607103231533049,0.0015144464559853077,3.3351688906733021
HYBRID,Hybrid E190,60,170,20,24.692721414933498,0.0013326577609404922,3.7870407108082715
HYBRID,Hybrid E190,61,170,10,22.337905413351134,0.0013966393889859319,3.9137915350274199
HYBRID,Hybrid E190,62,170,0,14.106043901218957,0.0014181847218424082,3.365112970619113
HYBRID,Hybrid E190,63,170,-10,9.8476990078007134,0.0013966393889859319,3.2436399211792803
HYBRID,Hybrid E190,64,170,-20,13.892338774103179,0.0013326577609404922,3.3928270107796932
HYBRID,Hybrid E190,65,170,-30,21.721268924650655,0.0015144464559853077,3.7987633029155883
HYBRID,Hybrid E190,66,170,-45,14.106043320415029,0.00080013019032776356,3.7772496138510294
HYBRID,Hybrid E190,67,345,-45,19.080582938811499,0.00080013019032776356,4.2904529215054774
HYBRID,Hybrid E190,68,345,-30,12.981060183000123,0.0015144464559853077,3.5416915688382797
HYBRID,Hybrid E190,69,345,-20,16.847753386581868,0.0013326577609404922,3.4526771128290972
HYBRID,Hybrid E190,70,345,-10,20.609356788468691,0.0013966393889859319,3.3998604029056905
HYBRID,Hybrid E190,71,345,0,11.168952636407244,0.0014181847218424082,3.1505737592826715
HYBRID,Hybrid E190,72,345,10,4.923991137574113,0.0013966393889859319,2.6699027718280317
HYBRID,Hybrid E190,73,345,20,11.101905300103793,0.0013326577609404922,2.8203332703097321
HYBRID,Hybrid E190,74,345,30,19.080583481669692,0.0015144464559853077,2.795902060421148
HYBRID,Hybrid E190,75,345,45,10.591410371458657,0.0015018255217000842,2.5216988177342503
HYBRID,Hybrid E190,76,345,60,17.469138312232101,0.0010619510430842638,2.4714388415278847
HYBRID,Hybrid E190,77,345,75,15.000000205801689,0.0005497062811627984,2.2476068035583938
HYBRID,Hybrid E190,78,165,75,15.000000205801689,0.0005497062811627984,3.1877265732895479
HYBRID,Hybrid E190,79,165,60,30.000000110732287,0.0010619510430842638,3.7273249680880749
HYBRID,Hybrid E190,80,165,45,21.721268164114861,0.0015018255217000842,3.4275513400646385
HYBRID,Hybrid E190,81,165,30,17.298330000057948,0.0015144464559853077,3.2923409189581134
HYBRID,Hybrid E190,82,165,20,20.653636294849793,0.0013326577609404922,3.7747346062141331
HYBRID,Hybrid E190,83,165,10,20.609356788468691,0.0013966393889859319,3.7256195978983104
HYBRID,Hybrid E190,84,165,0,11.168952636407244,0.0014181847218424082,3.40182558198789
HYBRID,Hybrid E190,85,165,-10,4.923991137574113,0.0013966393889859319,3.0340357115951253
HYBRID,Hybrid E190,86,165,-20,11.101905300103793,0.0013326577609404922,3.3277635180781671
HYBRID,Hybrid E190,87,165,-30,19.080583481669692,0.0015144464559853077,3.5860799012099362
HYBRID,Hybrid E190,88,165,-45,10.591410371458657,0.00080013019032776356,3.6055328346567497
HYBRID,Hybrid E190,89,340,-45,21.721267918499912,0.00080013019032776356,4.577670320696078
HYBRID,Hybrid E190,90,340,-30,16.84775355865764,0.0015144464559853077,3.7100956372250606
HYBRID,Hybrid E190,91,340,-20,14.090652447229385,0.0013326577609404922,3.4978734648045458
HYBRID,Hybrid E190,92,340,-10,17.584023511028544,0.0013966393889859319,3.3402038816487774
HYBRID,Hybrid E190,93,340,0,9.9999999527339298,0.0014181847218424082,3.1258648952279868
HYBRID,Hybrid E190,95,340,20,10.000000035409951,0.0013326577609404922,2.9178601175031349
HYBRID,Hybrid E190,96,340,30,16.937616033087821,0.0015144464559853077,2.8117709580856096
HYBRID,Hybrid E190,97,340,45,7.0665741911739026,0.0015018255217000842,2.4324734050757288
HYBRID,Hybrid E190,98,340,60,16.146339438123881,0.0010619510430842638,2.4932943168245369
HYBRID,Hybrid E190,99,340,75,15.000000080789578,0.0005497062811627984,2.2372093613951543
HYBRID,Hybrid E190,100,160,75,15.000000080789578,0.0005497062811627984,3.1595339934010451
HYBRID,Hybrid E190,101,160,60,30.000000435073549,0.0010619510430842638,3.7666878931718055
HYBRID,Hybrid E190,102,160,45,19.080583620201772,0.0015018255217000842,3.4485758959022799
HYBRID,Hybrid E190,103,160,30,12.981059482482918,0.0015144464559853077,3.2226938417315085
HYBRID,Hybrid E190,104,160,20,16.847752641975024,0.0013326577609404922,3.5605529877656723
HYBRID,Hybrid E190,105,160,10,19.999999905467796,0.0013966393889859319,3.5672208488535868
HYBRID,Hybrid E190,106,160,0,9.9999999527339298,0.0014181847218424082,3.4509344970949076
HYBRID,Hybrid E190,108,160,-20,10.000000035409951,0.0013326577609404922,3.381537272950685
HYBRID,Hybrid E190,109,160,-30,16.937616033087821,0.0015144464559853077,3.5175803180140632
HYBRID,Hybrid E190,110,160,-45,7.0665741911739026,0.00080013019032776356,3.478140463564964
HYBRID,Hybrid E190,111,335,-45,24.694085979776748,0.00080013019032776356,4.6466725841411263
HYBRID,Hybrid E190,112,335,-30,13.481723060064377,0.0015144464559853077,3.7413266214715382
HYBRID,Hybrid E190,113,335,-20,9.395526819952865,0.0013326577609404922,3.4308716756388193
HYBRID,Hybrid E190,114,335,-10,13.892339487305048,0.0013966393889859319,3.3683088301887638
HYBRID,Hybrid E190,115,335,0,11.168952722705445,0.0014181847218424082,3.1327388273926546
HYBRID,Hybrid E190,116,335,10,4.9239914100594815,0.0013966393889859319,2.8800798207316816
HYBRID,Hybrid E190,117,335,20,11.101905984016177,0.0013326577609404922,2.9891568664152759
HYBRID,Hybrid E190,118,335,30,15.507477597756536,0.0015144464559853077,2.8819986874148786
HYBRID,Hybrid E190,119,335,45,3.5349723672764939,0.0015018255217000842,2.3981131454016942
HYBRID,Hybrid E190,120,335,60,15.294998365211272,0.0010619510430842638,2.4626905734409208
HYBRID,Hybrid E190,121,335,75,15.000000037063414,0.0005497062811627984,2.2318657274166203
HYBRID,Hybrid E190,122,155,75,15.000000037063414,0.0005497062811627984,3.073403942083432
HYBRID,Hybrid E190,123,155,60,30.000001193671139,0.0010619510430842638,3.7201487461991549
HYBRID,Hybrid E190,124,155,45,16.937618103837618,0.0015018255217000842,3.4822448057764039
HYBRID,Hybrid E190,125,155,30,8.6574997742182269,0.0015144464559853077,3.1569896473687082
HYBRID,Hybrid E190,126,155,20,13.481721255281723,0.0013326577609404922,3.4654932814470327
HYBRID,Hybrid E190,127,155,10,20.60935684332042,0.0013966393889859319,3.6372372625887532
HYBRID,Hybrid E190,128,155,0,11.168952722705445,0.0014181847218424082,3.4882648899343915
HYBRID,Hybrid E190,129,155,-10,4.9239914100594815,0.0013966393889859319,3.0736233127551031
HYBRID,Hybrid E190,130,155,-20,11.101905984016177,0.0013326577609404922,3.349698393599942
HYBRID,Hybrid E190,131,155,-30,15.507477597756536,0.0015144464559853077,3.5072411237141639
HYBRID,Hybrid E190,132,155,-45,3.5349723672764939,0.00080013019032776356,3.4465187332132867
HYBRID,Hybrid E190,133,330,-45,24.553175192197251,0.00080013019032776356,4.3984207036953151
HYBRID,Hybrid E190,134,330,-30,10.974800968721977,0.0015144464559853077,3.9045338830643064
HYBRID,Hybrid E190,135,330,-20,4.6982881143403246,0.0013326577609404922,3.4177424627859381
HYBRID,Hybrid E190,136,330,-10,11.101905871462817,0.0013966393889859319,3.49147373075767
HYBRID,Hybrid E190,137,330,0,14.10604466738504,0.0014181847218424082,3.1929519225540202
HYBRID,Hybrid E190,138,330,10,9.8476983963493687,0.0013966393889859319,3.0953112738968684
HYBRID,Hybrid E190,139,330,20,13.892339928739169,0.0013326577609404922,3.0321141300275887
HYBRID,Hybrid E190,140,330,30,14.999998739050708,0.0015144464559853077,2.9237648839368133
HYBRID,Hybrid E190,142,330,60,15.000001038303349,0.0010619510430842638,2.4661594960942441
HYBRID,Hybrid E190,143,330,75,14.999999926042548,0.0005497062811627984,2.2765016000955902
HYBRID,Hybrid E190,144,150,75,14.999999926042548,0.0005497062811627984,3.0220164475542348
HYBRID,Hybrid E190,145,150,60,30.000000111323018,0.0010619510430842638,3.7329709967476958
HYBRID,Hybrid E190,146,150,45,15.507477619497367,0.0015018255217000842,3.5144727700228966
HYBRID,Hybrid E190,147,150,30,4.3297829047621343,0.0015144464559853077,3.0489226447640108
HYBRID,Hybrid E190,148,150,20,10.974799216332263,0.0013326577609404922,3.5225488284612614
HYBRID,Hybrid E190,149,150,10,20.536778047345422,0.0013966393889859319,3.7419238671353763
HYBRID,Hybrid E190,150,150,0,14.10604466738504,0.0014181847218424082,3.6107237768217093
HYBRID,Hybrid E190,151,150,-10,9.8476983963493687,0.0013966393889859319,3.2018848586948763
HYBRID,Hybrid E190,152,150,-20,13.892339928739169,0.0013326577609404922,3.3903979055521076
HYBRID,Hybrid E190,153,150,-30,14.999998739050708,0.0015144464559853077,3.6586392647045685
HYBRID,Hybrid E190,155,325,-45,21.090583039068701,0.00080013019032776356,4.4006150780497881
HYBRID,Hybrid E190,156,325,-30,9.9999992480583071,0.0015144464559853077,3.8725889550946007
HYBRID,Hybrid E190,158,325,-10,10.000000442464293,0.0013966393889859319,3.5270429945453232
HYBRID,Hybrid E190,159,325,0,17.963860447378917,0.0014181847218424082,3.5199131027965751
HYBRID,Hybrid E190,160,325,10,14.770837930353938,0.0013966393889859319,3.3940266630620268
HYBRID,Hybrid E190,161,325,20,17.584023511028544,0.0013326577609404922,3.0997072598755895
HYBRID,Hybrid E190,162,325,30,15.507477619497367,0.0015144464559853077,3.0927635454524705
HYBRID,Hybrid E190,163,325,45,3.5349726093893015,0.0015018255217000842,2.3980810228362799
HYBRID,Hybrid E190,164,325,60,15.294998948342053,0.0010619510430842638,2.4716531946371965
HYBRID,Hybrid E190,165,325,75,15.000000513611642,0.0005497062811627984,2.2884797952488789
HYBRID,Hybrid E190,166,145,75,15.000000513611642,0.0005497062811627984,2.9883529481829698
HYBRID,Hybrid E190,167,145,60,29.999999338596972,0.0010619510430842638,3.6234766761903798
HYBRID,Hybrid E190,168,145,45,14.999999418095857,0.0015018255217000842,3.5733944592147213
HYBRID,Hybrid E190,170,145,20,9.9999992480583071,0.0013326577609404922,3.5474792039395524
HYBRID,Hybrid E190,171,145,10,19.999999690522536,0.0013966393889859319,3.7930817939773034
HYBRID,Hybrid E190,172,145,0,17.963860447378917,0.0014181847218424082,3.6562568282944086
HYBRID,Hybrid E190,173,145,-10,14.770837930353938,0.0013966393889859319,3.4519557762401134
HYBRID,Hybrid E190,174,145,-20,17.584023511028544,0.0013326577609404922,3.58090401653121
HYBRID,Hybrid E190,175,145,-30,15.507477619497367,0.0015144464559853077,3.701645940194294
HYBRID,Hybrid E190,176,145,-45,3.5349726093893015,0.00080013019032776356,3.5518664883921902
HYBRID,Hybrid E190,177,320,-45,17.606967058132422,0.00080013019032776356,4.2447062134264906
HYBRID,Hybrid E190,178,320,-30,10.974800783883671,0.0015144464559853077,3.9217860011791426
HYBRID,Hybrid E190,179,320,-20,4.6982895983919564,0.0013326577609404922,3.7524152286952348
HYBRID,Hybrid E190,180,320,-10,11.101905566123458,0.0013966393889859319,3.6098273175339206
HYBRID,Hybrid E190,181,320,0,20.590672409097611,0.0014181847218424082,3.7065450092804695
HYBRID,Hybrid E190,182,320,10,19.693105071764794,0.0013966393889859319,3.6081325272175677
HYBRID,Hybrid E190,183,320,20,18.782569533125056,0.0013326577609404922,3.062928239015446
HYBRID,Hybrid E190,184,320,30,16.937618856363812,0.0015144464559853077,2.9554137773953908
HYBRID,Hybrid E190,185,320,45,7.0665759174006428,0.0015018255217000842,2.4270778613172084
HYBRID,Hybrid E190,186,320,60,16.146340174030033,0.0010619510430842638,2.4933279960805756
HYBRID,Hybrid E190,187,320,75,15.000000045981704,0.0005497062811627984,2.2795843180702464
HYBRID,Hybrid E190,188,140,75,15.000000045981704,0.0005497062811627984,2.9355611166785822
HYBRID,Hybrid E190,189,140,60,30.000000754713284,0.0010619510430842638,3.6228939690610105
HYBRID,Hybrid E190,190,140,45,15.507478746963535,0.0015018255217000842,3.6578714497538156
HYBRID,Hybrid E190,191,140,30,4.3297856282053244,0.0015144464559853077,3.2413846441430834
HYBRID,Hybrid E190,192,140,20,10.974801461651374,0.0013326577609404922,3.6481610677987173
HYBRID,Hybrid E190,193,140,10,20.536778438540473,0.0013966393889859319,3.8490008438719929
HYBRID,Hybrid E190,194,140,0,22.268745808076812,0.0014181847218424082,3.7479695697338902
HYBRID,Hybrid E190,195,140,-10,19.693105071764794,0.0013966393889859319,3.6504711615738632
HYBRID,Hybrid E190,196,140,-20,18.782569533125056,0.0013326577609404922,3.5601584984549901
HYBRID,Hybrid E190,197,140,-30,16.937618856363812,0.0015144464559853077,3.6072304330427558
HYBRID,Hybrid E190,198,140,-45,7.0665759174006428,0.00080013019032776356,3.7916802182178788
HYBRID,Hybrid E190,199,315,-45,14.106044843106213,0.00080013019032776356,4.2877779593908789
HYBRID,Hybrid E190,200,315,-30,13.481722024217131,0.0015144464559853077,3.8188117733437164
HYBRID,Hybrid E190,201,315,-20,9.3955270425035575,0.0013326577609404922,3.9328994821886698
HYBRID,Hybrid E190,202,315,-10,13.892338468968779,0.0013966393889859319,3.9027133678451809
HYBRID,Hybrid E190,203,315,0,22.268744826474858,0.0014181847218424082,3.8407217885126883
HYBRID,Hybrid E190,204,315,10,17.584022658769534,0.0013966393889859319,3.6508351846159468
HYBRID,Hybrid E190,205,315,20,14.090651603071073,0.0013326577609404922,3.1385993453971044
HYBRID,Hybrid E190,206,315,30,16.847751846686993,0.0015144464559853077,2.9603675794985573
HYBRID,Hybrid E190,207,315,45,10.591412221441374,0.0015018255217000842,2.4786732389563761
HYBRID,Hybrid E190,208,315,60,17.469139229498978,0.0010619510430842638,2.47325263691235
HYBRID,Hybrid E190,209,315,75,15.000000759196658,0.0005497062811627984,2.2894112393800357
HYBRID,Hybrid E190,210,135,75,15.000000759196658,0.0005497062811627984,2.8383276317204316
HYBRID,Hybrid E190,211,135,60,27.967953256853754,0.0010619510430842638,3.56505637435713
HYBRID,Hybrid E190,212,135,45,16.937618541531808,0.0015018255217000842,3.5732757824358274
HYBRID,Hybrid E190,213,135,30,8.6575008924471586,0.0015144464559853077,3.383181949215599
HYBRID,Hybrid E190,214,135,20,13.481723581082752,0.0013326577609404922,3.7183833072392081
HYBRID,Hybrid E190,215,135,10,22.068454074222679,0.0013966393889859319,3.9739418199285357
HYBRID,Hybrid E190,216,135,0,24.814217316458059,0.0014181847218424082,3.8260366556710235
HYBRID,Hybrid E190,217,135,-10,17.584022658769534,0.0013966393889859319,3.7242036015575879
HYBRID,Hybrid E190,218,135,-20,14.090651603071073,0.0013326577609404922,3.5194535775063587
HYBRID,Hybrid E190,219,135,-30,16.847751846686993,0.0015144464559853077,3.6262791183241281
HYBRID,Hybrid E190,220,135,-45,10.591412221441374,0.00080013019032776356,3.9028128131920137
HYBRID,Hybrid E190,221,310,-45,10.591412169898064,0.00080013019032776356,4.2843444839070406
HYBRID,Hybrid E190,222,310,-30,16.847751615755694,0.0015144464559853077,4.0158190842029491
HYBRID,Hybrid E190,223,310,-20,14.090650791577101,0.0013326577609404922,4.2515994403906445
HYBRID,Hybrid E190,224,310,-10,17.584022183303819,0.0013966393889859319,4.0634008520595248
HYBRID,Hybrid E190,225,310,0,22.26874569765862,0.0014181847218424082,3.9283218088226475
HYBRID,Hybrid E190,226,310,10,13.892339559573843,0.0013966393889859319,3.7421684533102479
HYBRID,Hybrid E190,227,310,20,9.3955278474439847,0.0013326577609404922,3.2580648066915399
HYBRID,Hybrid E190,228,310,30,13.481722693495358,0.0015144464559853077,2.9823199978573198
HYBRID,Hybrid E190,229,310,45,14.106044861351487,0.0015018255217000842,2.5422981563042577
HYBRID,Hybrid E190,230,310,60,19.160311981928583,0.0010619510430842638,2.4879622067030263
HYBRID,Hybrid E190,231,310,75,15.000000045981704,0.0005497062811627984,2.2978505964211311
HYBRID,Hybrid E190,232,130,75,15.000000045981704,0.0005497062811627984,2.7876329203606596
HYBRID,Hybrid E190,233,130,60,25.579586991885623,0.0010619510430842638,3.4996669971469645
HYBRID,Hybrid E190,234,130,45,19.080584438556169,0.0015018255217000842,3.5873121319875056
HYBRID,Hybrid E190,235,130,30,12.981060122360738,0.0015144464559853077,3.4848908949773771
HYBRID,Hybrid E190,236,130,20,16.847752970154431,0.0013326577609404922,3.8440897249933332
HYBRID,Hybrid E190,237,130,10,24.407187574190903,0.0013966393889859319,3.9573321038451641
HYBRID,Hybrid E190,238,130,0,22.26874569765862,0.0014181847218424082,3.8504390707281759
HYBRID,Hybrid E190,239,130,-10,13.892339559573843,0.0013966393889859319,3.830448993624441
HYBRID,Hybrid E190,240,130,-20,9.3955278474439847,0.0013326577609404922,3.5595795080362778
HYBRID,Hybrid E190,241,130,-30,13.481722693495358,0.0015144464559853077,3.6792637641588728
HYBRID,Hybrid E190,242,130,-45,14.106044861351487,0.00080013019032776356,4.0324826290254867
HYBRID,Hybrid E190,243,305,-45,7.0665737578836278,0.00080013019032776356,4.3378051339413011
HYBRID,Hybrid E190,244,305,-30,16.937618103837618,0.0015144464559853077,4.1632053183233317
HYBRID,Hybrid E190,245,305,-20,18.782571022300161,0.0013326577609404922,4.3514042000161677
HYBRID,Hybrid E190,246,305,-10,21.720794676281667,0.0013966393889859319,4.0726795183336852
HYBRID,Hybrid E190,247,305,0,20.590672601212329,0.0014181847218424082,3.924826682934619
HYBRID,Hybrid E190,248,305,10,11.101906097405333,0.0013966393889859319,3.830413746523341
HYBRID,Hybrid E190,249,305,20,4.6982881143403246,0.0013326577609404922,3.1214381633926731
HYBRID,Hybrid E190,250,305,30,10.974799216332263,0.0015144464559853077,3.0095293734880997
HYBRID,Hybrid E190,251,305,45,17.606969385403353,0.0015018255217000842,2.6274896809123565
HYBRID,Hybrid E190,252,305,60,21.124323795477249,0.0010619510430842638,2.5507872067254951
HYBRID,Hybrid E190,253,305,75,15.000000513611642,0.0005497062811627984,2.2907284988689307
HYBRID,Hybrid E190,254,125,75,15.000000513611642,0.0005497062811627984,2.7884681348872098
HYBRID,Hybrid E190,255,125,60,23.283732169116558,0.0010619510430842638,3.4545626360834238
HYBRID,Hybrid E190,256,125,45,21.090580421606788,0.0015018255217000842,3.6281277532774081
HYBRID,Hybrid E190,257,125,30,17.298331880789124,0.0015144464559853077,3.5645193000565851
HYBRID,Hybrid E190,258,125,20,20.653637823309932,0.0013326577609404922,3.87926878440387
HYBRID,Hybrid E190,259,125,10,19.693105582230331,0.0013966393889859319,4.0205839154619403
HYBRID,Hybrid E190,260,125,0,20.590672601212329,0.0014181847218424082,3.9658430611884583
HYBRID,Hybrid E190,261,125,-10,11.101906097405333,0.0013966393889859319,3.9458932212833235
HYBRID,Hybrid E190,262,125,-20,4.6982881143403246,0.0013326577609404922,3.6397435433406757
HYBRID,Hybrid E190,263,125,-30,10.974799216332263,0.0015144464559853077,3.8388876243485655
HYBRID,Hybrid E190,264,125,-45,17.606969385403353,0.00080013019032776356,4.2128122623786952
HYBRID,Hybrid E190,265,300,-45,3.5349723672764939,0.00080013019032776356,3.9127612927459166
HYBRID,Hybrid E190,266,300,-30,15.507477882749432,0.0015144464559853077,4.3395815879921145
HYBRID,Hybrid E190,267,300,-20,21.720797258522222,0.0013326577609404922,4.5273717306883663
HYBRID,Hybrid E190,268,300,-10,19.693102264372424,0.0013966393889859319,3.9829368361504014
HYBRID,Hybrid E190,269,300,0,20.000001081696542,0.0014181847218424082,3.8642915751458791
HYBRID,Hybrid E190,270,300,10,10.000001188003743,0.0013966393889859319,3.8891759141189883
HYBRID,Hybrid E190,272,300,30,9.999999029626526,0.0015144464559853077,3.0414982948537883
HYBRID,Hybrid E190,273,300,45,21.09058345153683,0.0015018255217000842,2.7479686919673898
HYBRID,Hybrid E190,274,300,60,23.283732956340483,0.0010619510430842638,2.5833916791090807
HYBRID,Hybrid E190,275,300,75,14.999999926042548,0.0005497062811627984,2.3190130978204024
HYBRID,Hybrid E190,276,120,75,14.999999926042548,0.0005497062811627984,2.6604090648418395
HYBRID,Hybrid E190,277,120,60,21.124323816652065,0.0010619510430842638,3.3687931788358032
HYBRID,Hybrid E190,278,120,45,17.606966457268481,0.0015018255217000842,3.7001592249628672
HYBRID,Hybrid E190,279,120,30,21.607104488938131,0.0015144464559853077,3.6782333983497209
HYBRID,Hybrid E190,280,120,20,17.584023920930079,0.0013326577609404922,4.0106479435211417
HYBRID,Hybrid E190,281,120,10,14.770834162524009,0.0013966393889859319,3.9811894806242707
HYBRID,Hybrid E190,282,120,0,17.963860119699778,0.0014181847218424082,4.0665670699822192
HYBRID,Hybrid E190,283,120,-10,10.000001188003743,0.0013966393889859319,3.9517998246345174
HYBRID,Hybrid E190,285,120,-30,9.999999029626526,0.0015144464559853077,3.9230560399592336
HYBRID,Hybrid E190,286,120,-45,21.09058345153683,0.00080013019032776356,4.2780009342246732
HYBRID,Hybrid E190,288,295,-30,14.999999968681948,0.0015144464559853077,4.6045248177056965
HYBRID,Hybrid E190,289,295,-20,17.584023688118002,0.0013326577609404922,4.4739669409061946
HYBRID,Hybrid E190,290,295,-10,14.7708350451899,0.0013966393889859319,4.0799414062305948
HYBRID,Hybrid E190,291,295,0,17.963859654834859,0.0014181847218424082,3.956483174966571
HYBRID,Hybrid E190,292,295,10,11.101906323216596,0.0013966393889859319,3.9016932025409061
HYBRID,Hybrid E190,293,295,20,4.6982885557778449,0.0013326577609404922,3.3023377218825347
HYBRID,Hybrid E190,294,295,30,10.974800180129701,0.0015144464559853077,3.0865027930261579
HYBRID,Hybrid E190,295,295,45,21.09058089744196,0.0015018255217000842,2.7377112154498819
HYBRID,Hybrid E190,296,295,60,23.283731703845064,0.0010619510430842638,2.6066333859222945
HYBRID,Hybrid E190,297,295,75,15.000000037063414,0.0005497062811627984,2.3033952175315271
HYBRID,Hybrid E190,298,115,75,15.000000037063414,0.0005497062811627984,2.5930085375248488
HYBRID,Hybrid E190,299,115,60,19.1603114048904,0.0010619510430842638,3.2363677770193835
HYBRID,Hybrid E190,300,115,45,14.106044049359161,0.0015018255217000842,3.5607239860459896
HYBRID,Hybrid E190,301,115,30,21.721268937441273,0.0015144464559853077,3.7390210018039598
HYBRID,Hybrid E190,302,115,20,13.892339676756846,0.0013326577609404922,3.9944990479360625
HYBRID,Hybrid E190,303,115,10,9.8476988264340477,0.0013966393889859319,4.0885501512666096
HYBRID,Hybrid E190,304,115,0,14.106043681994763,0.0014181847218424082,4.099091806103095
HYBRID,Hybrid E190,305,115,-10,11.101906323216596,0.0013966393889859319,3.9310019925671309
HYBRID,Hybrid E190,306,115,-20,4.6982885557778449,0.0013326577609404922,3.6919854857375216
HYBRID,Hybrid E190,307,115,-30,10.974800180129701,0.0015144464559853077,4.0616856661151033
HYBRID,Hybrid E190,308,115,-45,24.553175192197251,0.00080013019032776356,4.4778968622702795
HYBRID,Hybrid E190,309,290,-45,3.5349729711425013,0.00080013019032776356,3.8955968381917319
HYBRID,Hybrid E190,310,290,-30,15.507476946310584,0.0015144464559853077,4.4571404447557876
HYBRID,Hybrid E190,311,290,-20,13.892338343524369,0.0013326577609404922,4.5388021280393946
HYBRID,Hybrid E190,312,290,-10,9.8476990078007134,0.0013966393889859319,3.9773104129348411
HYBRID,Hybrid E190,313,290,0,14.106044537805667,0.0014181847218424082,4.0688502365687551
HYBRID,Hybrid E190,314,290,10,13.892339928739169,0.0013966393889859319,4.0856345834257821
HYBRID,Hybrid E190,315,290,20,9.3955278431111164,0.0013326577609404922,3.4884570452675359
HYBRID,Hybrid E190,316,290,30,13.481723153110721,0.0015144464559853077,3.2014328000191652
HYBRID,Hybrid E190,317,290,45,17.606966632428144,0.0015018255217000842,2.8147134320970646
HYBRID,Hybrid E190,318,290,60,21.124323628857301,0.0010619510430842638,2.6134305387217314
HYBRID,Hybrid E190,319,290,75,15.000000080789578,0.0005497062811627984,2.314966017350232
HYBRID,Hybrid E190,320,110,75,15.000000080789578,0.0005497062811627984,2.5800185174766752
HYBRID,Hybrid E190,321,110,60,17.469138507459274,0.0010619510430842638,3.1220112564510867
HYBRID,Hybrid E190,322,110,45,10.591410810340577,0.0015018255217000842,3.5033974040624432
HYBRID,Hybrid E190,323,110,30,19.080583258701811,0.0015144464559853077,3.819944317195227
HYBRID,Hybrid E190,324,110,20,11.101904792308432,0.0013326577609404922,3.8061966205852085
HYBRID,Hybrid E190,325,110,10,4.923991137574113,0.0013966393889859319,3.9104663658572063
HYBRID,Hybrid E190,326,110,0,11.168952764252944,0.0014181847218424082,4.0458053268496306
HYBRID,Hybrid E190,327,110,-10,13.892339928739169,0.0013966393889859319,4.0534623453383425
HYBRID,Hybrid E190,328,110,-20,9.3955278431111164,0.0013326577609404922,3.8904188971212821
HYBRID,Hybrid E190,329,110,-30,13.481723153110721,0.0015144464559853077,4.1445472497906115
HYBRID,Hybrid E190,330,110,-45,26.335321932194201,0.00080013019032776356,4.6259253399331106
HYBRID,Hybrid E190,331,285,-45,7.066573973819299,0.00080013019032776356,4.2864283625439175
HYBRID,Hybrid E190,332,285,-30,16.937618364774703,0.0015144464559853077,4.6267309343418459
HYBRID,Hybrid E190,333,285,-20,11.101905237270087,0.0013326577609404922,4.5944467831101115
HYBRID,Hybrid E190,334,285,-10,4.923991597886185,0.0013966393889859319,3.9140107332790204
HYBRID,Hybrid E190,335,285,0,11.168952776943851,0.0014181847218424082,4.0377102911445979
HYBRID,Hybrid E190,336,285,10,17.584023920930079,0.0013966393889859319,4.2563257355325996
HYBRID,Hybrid E190,337,285,20,14.090652882944042,0.0013326577609404922,3.5757252389200036
HYBRID,Hybrid E190,338,285,30,16.847753664559015,0.0015144464559853077,3.217935731912227
HYBRID,Hybrid E190,339,285,45,14.106044534968714,0.0015018255217000842,2.9019526475131396
HYBRID,Hybrid E190,340,285,60,19.16031220270019,0.0010619510430842638,2.5702533127340574
HYBRID,Hybrid E190,341,285,75,15.000000205801689,0.0005497062811627984,2.305887797356946
HYBRID,Hybrid E190,342,105,75,15.000000205801689,0.0005497062811627984,2.5695711489764341
HYBRID,Hybrid E190,343,105,60,16.146339982767262,0.0010619510430842638,2.9703357857966606
HYBRID,Hybrid E190,344,105,45,7.0665746820713302,0.0015018255217000842,3.4379657610364487
HYBRID,Hybrid E190,345,105,30,16.937617826182553,0.0015144464559853077,3.7291835980938259
HYBRID,Hybrid E190,346,105,20,10.000001042231721,0.0013326577609404922,3.9284464869106341
HYBRID,Hybrid E190,348,105,0,9.9999997713238429,0.0014181847218424082,4.1295969169075484
HYBRID,Hybrid E190,349,105,-10,17.584023920930079,0.0013966393889859319,3.9586422613411902
HYBRID,Hybrid E190,350,105,-20,14.090652882944042,0.0013326577609404922,4.0529338414679179
HYBRID,Hybrid E190,351,105,-30,16.847753664559015,0.0015144464559853077,4.1976687632478908
HYBRID,Hybrid E190,352,105,-45,27.912101967116733,0.00080013019032776356,4.7594605919598427
HYBRID,Hybrid E190,353,280,-45,10.591410568697148,0.00080013019032776356,4.6214032313760534
HYBRID,Hybrid E190,354,280,-30,19.080584560230658,0.0015144464559853077,4.7672300217608212
HYBRID,Hybrid E190,355,280,-20,10.000000312474459,0.0013326577609404922,4.4677391603061318
HYBRID,Hybrid E190,357,280,0,10.000000063334213,0.0014181847218424082,4.0219246336855479
HYBRID,Hybrid E190,358,280,10,20.000000126668425,0.0013966393889859319,4.1666931129819282
HYBRID,Hybrid E190,359,280,20,18.782572356704865,0.0013326577609404922,3.7471198139343103
HYBRID,Hybrid E190,360,280,30,19.080583769633087,0.0015144464559853077,3.3032123425035453
HYBRID,Hybrid E190,361,280,45,10.591411252424974,0.0015018255217000842,2.9573703897735668
HYBRID,Hybrid E190,362,280,60,17.46913876234531,0.0010619510430842638,2.5159441324001959
HYBRID,Hybrid E190,363,280,75,15.000000876882917,0.0005497062811627984,2.3144901445032664
HYBRID,Hybrid E190,364,100,75,15.000000876882917,0.0005497062811627984,2.5049698502514683
HYBRID,Hybrid E190,365,100,60,15.294999564249215,0.0010619510430842638,2.7806487036409973
HYBRID,Hybrid E190,366,100,45,3.5349730246201427,0.0015018255217000842,3.2907304717809258
HYBRID,Hybrid E190,367,100,30,15.507478063998745,0.0015144464559853077,3.4500872119727801
HYBRID,Hybrid E190,368,100,20,11.101905383875703,0.0013326577609404922,3.7138045963768902
HYBRID,Hybrid E190,369,100,10,4.923991597886185,0.0013966393889859319,3.9835670782730683
HYBRID,Hybrid E190,370,100,0,11.168952618752609,0.0014181847218424082,3.9649322483942444
HYBRID,Hybrid E190,371,100,-10,19.693104520766859,0.0013966393889859319,4.0052513257628233
HYBRID,Hybrid E190,372,100,-20,18.782572356704865,0.0013326577609404922,4.2087012212855059
HYBRID,Hybrid E190,373,100,-30,20.653638018260867,0.0015144464559853077,4.510317077554296
HYBRID,Hybrid E190,374,100,-45,24.553173207647458,0.00080013019032776356,4.7803453380601191
HYBRID,Hybrid E190,375,275,-45,14.106044049359161,0.00080013019032776356,4.7310292584631632
HYBRID,Hybrid E190,376,275,-30,20.53677829030493,0.0015144464559853077,4.5433243548738753
HYBRID,Hybrid E190,377,275,-20,11.101905198345321,0.0013326577609404922,4.4701030090528127
HYBRID,Hybrid E190,378,275,-10,4.9239920503845713,0.0013966393889859319,3.8255796980160359
HYBRID,Hybrid E190,379,275,0,11.16895302052127,0.0014181847218424082,4.2560822973696641
HYBRID,Hybrid E190,380,275,10,19.69310407722487,0.0013966393889859319,4.3532791421379535
HYBRID,Hybrid E190,381,275,20,21.720796852149238,0.0013326577609404922,3.6236627680513283
HYBRID,Hybrid E190,382,275,30,16.937617453527647,0.0015144464559853077,3.6278882411675877
HYBRID,Hybrid E190,383,275,45,7.0665743376950143,0.0015018255217000842,2.9301838793546184
HYBRID,Hybrid E190,384,275,60,16.146339106920092,0.0010619510430842638,2.6130050484246112
HYBRID,Hybrid E190,385,275,75,15.000000519710634,0.0005497062811627984,2.3156835162370077
HYBRID,Hybrid E190,386,95,75,15.000000519710634,0.0005497062811627984,2.4444657131303318
HYBRID,Hybrid E190,387,95,60,14.999999903155175,0.0010619510430842638,2.6647293959112663
HYBRID,Hybrid E190,389,95,30,14.999998860864325,0.0015144464559853077,3.4789830043548302
HYBRID,Hybrid E190,390,95,20,13.892339311357045,0.0013326577609404922,3.5021289018046668
HYBRID,Hybrid E190,391,95,10,9.8476999267451841,0.0013966393889859319,4.0983936432013488
HYBRID,Hybrid E190,392,95,0,14.106044325762864,0.0014181847218424082,4.1412562628574063
HYBRID,Hybrid E190,393,95,-10,14.770835961042275,0.0013966393889859319,4.0004094177857175
HYBRID,Hybrid E190,394,95,-20,17.584023136331574,0.0013326577609404922,4.3399510977014009
HYBRID,Hybrid E190,395,95,-30,24.40718811313571,0.0015144464559853077,4.4593670665637477
HYBRID,Hybrid E190,396,95,-45,21.09058089744196,0.00080013019032776356,4.8557952602697583
HYBRID,Hybrid E190,397,270,-45,17.606966600082263,0.00080013019032776356,4.7355842474734118
HYBRID,Hybrid E190,398,270,-30,22.068454646158248,0.0015144464559853077,4.5869497520237239
HYBRID,Hybrid E190,399,270,-20,13.892339141059953,0.0013326577609404922,4.3835157995901479
HYBRID,Hybrid E190,400,270,-10,9.8476998269605698,0.0013966393889859319,3.8398869919286693
HYBRID,Hybrid E190,401,270,0,14.106044534885925,0.0014181847218424082,4.3225256127026306
HYBRID,Hybrid E190,402,270,10,14.770836052664333,0.0013966393889859319,4.0764802538015328
HYBRID,Hybrid E190,403,270,20,17.584023579682643,0.0013326577609404922,3.5327739176124484
HYBRID,Hybrid E190,404,270,30,15.507477087468549,0.0015144464559853077,3.5528377637918989
HYBRID,Hybrid E190,405,270,45,3.5349727355105256,0.0015018255217000842,2.845803775489919
HYBRID,Hybrid E190,406,270,60,15.294998954736444,0.0010619510430842638,2.6214847965373131
HYBRID,Hybrid E190,407,270,75,15.000000120055846,0.0005497062811627984,2.3515177114272281
HYBRID,Hybrid E190,408,90,75,15.000000120055846,0.0005497062811627984,2.4182980774336289
HYBRID,Hybrid E190,409,90,60,15.294998954736444,0.0010619510430842638,2.6077533384517051
HYBRID,Hybrid E190,410,90,45,3.5349727355105256,0.0015018255217000842,2.9901298522813904
HYBRID,Hybrid E190,411,90,30,15.507477087468549,0.0015144464559853077,3.4310526013077309
HYBRID,Hybrid E190,412,90,20,17.584023579682643,0.0013326577609404922,3.6158458611864073
HYBRID,Hybrid E190,413,90,10,14.770836052664333,0.0013966393889859319,4.2266704082240034
HYBRID,Hybrid E190,414,90,0,14.106044534885925,0.0014181847218424082,4.0811811070332533
HYBRID,Hybrid E190,415,90,-10,9.8476998269605698,0.0013966393889859319,3.943174501947178
HYBRID,Hybrid E190,416,90,-20,13.892339141059953,0.0013326577609404922,4.4382875450293175
HYBRID,Hybrid E190,417,90,-30,22.068454646158248,0.0015144464559853077,4.5961110714013431
HYBRID,Hybrid E190,418,90,-45,17.606966600082263,0.00080013019032776356,4.8082765838584924
HYBRID,Hybrid E190,419,265,-45,21.09058089744196,0.00080013019032776356,4.7513517791127562
HYBRID,Hybrid E190,420,265,-30,24.40718811313571,0.0015144464559853077,4.5442046728543071
HYBRID,Hybrid E190,421,265,-20,17.584023136331574,0.0013326577609404922,4.1937620379833822
HYBRID,Hybrid E190,422,265,-10,14.770835961042275,0.0013966393889859319,4.0186933830879639
HYBRID,Hybrid E190,423,265,0,14.106044325762864,0.0014181847218424082,4.1788575635992213
HYBRID,Hybrid E190,424,265,10,9.8476999267451841,0.0013966393889859319,3.6593431330327815
HYBRID,Hybrid E190,425,265,20,13.892339311357045,0.0013326577609404922,3.4675850313841581
HYBRID,Hybrid E190,426,265,30,14.999998860864325,0.0015144464559853077,3.5882307100449271
HYBRID,Hybrid E190,428,265,60,14.999999903155175,0.0010619510430842638,2.6289853121343456
HYBRID,Hybrid E190,429,265,75,15.000000519710634,0.0005497062811627984,2.387842528794009
HYBRID,Hybrid E190,430,85,75,15.000000519710634,0.0005497062811627984,2.4378618221865076
HYBRID,Hybrid E190,431,85,60,16.146339106920092,0.0010619510430842638,2.5915122119936576
HYBRID,Hybrid E190,432,85,45,7.0665743376950143,0.0015018255217000842,3.0715355206889865
HYBRID,Hybrid E190,433,85,30,16.937617453527647,0.0015144464559853077,3.3834842728698806
HYBRID,Hybrid E190,434,85,20,21.720796852149238,0.0013326577609404922,3.8742170278252064
HYBRID,Hybrid E190,435,85,10,19.69310407722487,0.0013966393889859319,4.145675416902022
HYBRID,Hybrid E190,436,85,0,11.16895302052127,0.0014181847218424082,4.0633664147041149
HYBRID,Hybrid E190,437,85,-10,4.9239920503845713,0.0013966393889859319,3.9890596946205417
HYBRID,Hybrid E190,438,85,-20,11.101905198345321,0.0013326577609404922,4.435744222967938
HYBRID,Hybrid E190,439,85,-30,20.53677829030493,0.0015144464559853077,4.7348145610023211
HYBRID,Hybrid E190,440,85,-45,14.106044049359161,0.00080013019032776356,4.855503240843464
HYBRID,Hybrid E190,441,260,-45,24.553173207647458,0.00080013019032776356,4.6767389505262846
HYBRID,Hybrid E190,442,260,-30,20.653638018260867,0.0015144464559853077,4.3857035509953892
HYBRID,Hybrid E190,443,260,-20,18.782572356704865,0.0013326577609404922,4.1466295257781587
HYBRID,Hybrid E190,444,260,-10,19.693104520766859,0.0013966393889859319,4.1660325877872797
HYBRID,Hybrid E190,445,260,0,11.168952618752609,0.0014181847218424082,3.9114924832417572
HYBRID,Hybrid E190,446,260,10,4.923991597886185,0.0013966393889859319,3.7491105633797104
HYBRID,Hybrid E190,447,260,20,11.101905383875703,0.0013326577609404922,3.8918756343934664
HYBRID,Hybrid E190,448,260,30,15.507478063998745,0.0015144464559853077,3.6542297126310985
HYBRID,Hybrid E190,449,260,45,3.5349730246201427,0.0015018255217000842,3.0419307894103329
HYBRID,Hybrid E190,450,260,60,15.294999564249215,0.0010619510430842638,2.7415865606569274
HYBRID,Hybrid E190,451,260,75,15.000000876882917,0.0005497062811627984,2.4276232384232341
HYBRID,Hybrid E190,452,80,75,15.000000876882917,0.0005497062811627984,2.3956849193228757
HYBRID,Hybrid E190,453,80,60,17.46913876234531,0.0010619510430842638,2.585347967441388
HYBRID,Hybrid E190,454,80,45,10.591411252424974,0.0015018255217000842,2.9377990010446271
HYBRID,Hybrid E190,455,80,30,19.080583769633087,0.0015144464559853077,3.3430855851948404
HYBRID,Hybrid E190,456,80,20,18.782572356704865,0.0013326577609404922,3.6787497556585591
HYBRID,Hybrid E190,457,80,10,20.000000126668425,0.0013966393889859319,4.1984464895381945
HYBRID,Hybrid E190,458,80,0,10.000000063334213,0.0014181847218424082,4.1538947074552661
HYBRID,Hybrid E190,460,80,-20,10.000000312474459,0.0013326577609404922,4.3905279171901439
HYBRID,Hybrid E190,461,80,-30,19.080584560230658,0.0015144464559853077,4.6765843347304417
HYBRID,Hybrid E190,462,80,-45,10.591410568697148,0.00080013019032776356,4.7360901821214254
HYBRID,Hybrid E190,463,255,-45,27.912101967116733,0.00080013019032776356,4.6301539104967464
HYBRID,Hybrid E190,464,255,-30,16.847753664559015,0.0015144464559853077,4.2926590950208787
HYBRID,Hybrid E190,465,255,-20,14.090652882944042,0.0013326577609404922,3.972882238653209
HYBRID,Hybrid E190,466,255,-10,17.584023920930079,0.0013966393889859319,4.1646865821577173
HYBRID,Hybrid E190,467,255,0,9.9999997713238429,0.0014181847218424082,3.9526340064360515
HYBRID,Hybrid E190,469,255,20,10.000001042231721,0.0013326577609404922,4.1091678071778892
HYBRID,Hybrid E190,470,255,30,16.937617826182553,0.0015144464559853077,3.6920101059928707
HYBRID,Hybrid E190,471,255,45,7.0665746820713302,0.0015018255217000842,3.2058313369541427
HYBRID,Hybrid E190,472,255,60,16.146339982767262,0.0010619510430842638,2.8999034753130011
HYBRID,Hybrid E190,473,255,75,15.000000205801689,0.0005497062811627984,2.4782515285836673
HYBRID,Hybrid E190,474,75,75,15.000000205801689,0.0005497062811627984,2.3805319103154985
HYBRID,Hybrid E190,475,75,60,19.16031220270019,0.0010619510430842638,2.5510236471408247
HYBRID,Hybrid E190,476,75,45,14.106044534968714,0.0015018255217000842,2.8417102116145823
HYBRID,Hybrid E190,477,75,30,16.847753664559015,0.0015144464559853077,3.3285301146828243
HYBRID,Hybrid E190,478,75,20,14.090652882944042,0.0013326577609404922,3.6828126915655304
HYBRID,Hybrid E190,479,75,10,17.584023920930079,0.0013966393889859319,4.2567919576632889
HYBRID,Hybrid E190,480,75,0,11.168952776943851,0.0014181847218424082,4.0799802684040811
HYBRID,Hybrid E190,481,75,-10,4.923991597886185,0.0013966393889859319,4.1001666158791936
HYBRID,Hybrid E190,482,75,-20,11.101905237270087,0.0013326577609404922,4.5183954829554107
HYBRID,Hybrid E190,483,75,-30,16.937618364774703,0.0015144464559853077,4.6572639338165285
HYBRID,Hybrid E190,484,75,-45,7.066573973819299,0.00080013019032776356,4.346051933818285
HYBRID,Hybrid E190,485,250,-45,26.335321932194201,0.00080013019032776356,4.5357208228151782
HYBRID,Hybrid E190,486,250,-30,13.481723153110721,0.0015144464559853077,4.2338902451472258
HYBRID,Hybrid E190,487,250,-20,9.3955278431111164,0.0013326577609404922,3.985037206850691
HYBRID,Hybrid E190,488,250,-10,13.892339928739169,0.0013966393889859319,4.0909292812274183
HYBRID,Hybrid E190,489,250,0,11.168952764252944,0.0014181847218424082,4.021150423048832
HYBRID,Hybrid E190,490,250,10,4.923991137574113,0.0013966393889859319,4.0664266428666744
HYBRID,Hybrid E190,491,250,20,11.101904792308432,0.0013326577609404922,3.8417752862571728
HYBRID,Hybrid E190,492,250,30,19.080583258701811,0.0015144464559853077,3.7567586084206437
HYBRID,Hybrid E190,493,250,45,10.591410810340577,0.0015018255217000842,3.3938566163656514
HYBRID,Hybrid E190,494,250,60,17.469138507459274,0.0010619510430842638,3.1034833554728611
HYBRID,Hybrid E190,495,250,75,15.000000080789578,0.0005497062811627984,2.5135193434167777
HYBRID,Hybrid E190,496,70,75,15.000000080789578,0.0005497062811627984,2.4006172737970846
HYBRID,Hybrid E190,497,70,60,21.124323628857301,0.0010619510430842638,2.5453568415637822
HYBRID,Hybrid E190,498,70,45,17.606966632428144,0.0015018255217000842,2.777555708856069
HYBRID,Hybrid E190,499,70,30,13.481723153110721,0.0015144464559853077,3.1345935980666821
HYBRID,Hybrid E190,500,70,20,9.3955278431111164,0.0013326577609404922,3.5875518169240976
HYBRID,Hybrid E190,501,70,10,13.892339928739169,0.0013966393889859319,4.1325238235477393
HYBRID,Hybrid E190,502,70,0,14.106044537805667,0.0014181847218424082,4.0433108808303464
HYBRID,Hybrid E190,503,70,-10,9.8476990078007134,0.0013966393889859319,4.2685149543650889
HYBRID,Hybrid E190,504,70,-20,13.892338343524369,0.0013326577609404922,4.5293193793580535
HYBRID,Hybrid E190,505,70,-30,15.507476946310584,0.0015144464559853077,4.4422393893611174
HYBRID,Hybrid E190,506,70,-45,3.5349729711425013,0.00080013019032776356,3.9144841947970508
HYBRID,Hybrid E190,507,245,-45,24.553175192197251,0.00080013019032776356,4.5404424505096088
HYBRID,Hybrid E190,508,245,-30,10.974800180129701,0.0015144464559853077,4.1800028207394169
HYBRID,Hybrid E190,509,245,-20,4.6982885557778449,0.0013326577609404922,3.9582494346902961
HYBRID,Hybrid E190,510,245,-10,11.101906323216596,0.0013966393889859319,3.9358563319541342
HYBRID,Hybrid E190,511,245,0,14.106043681994763,0.0014181847218424082,4.0793970736275282
HYBRID,Hybrid E190,512,245,10,9.8476988264340477,0.0013966393889859319,4.0517193536489051
HYBRID,Hybrid E190,513,245,20,13.892339676756846,0.0013326577609404922,3.9654550607462808
HYBRID,Hybrid E190,514,245,30,21.721268937441273,0.0015144464559853077,3.7365704941199649
HYBRID,Hybrid E190,515,245,45,14.106044049359161,0.0015018255217000842,3.4859881115864337
HYBRID,Hybrid E190,516,245,60,19.1603114048904,0.0010619510430842638,3.2395922077827319
HYBRID,Hybrid E190,517,245,75,15.000000037063414,0.0005497062811627984,2.6140618225339747
HYBRID,Hybrid E190,518,65,75,15.000000037063414,0.0005497062811627984,2.3487604341923216
HYBRID,Hybrid E190,519,65,60,23.283731703845064,0.0010619510430842638,2.5488922524179483
HYBRID,Hybrid E190,520,65,45,21.09058089744196,0.0015018255217000842,2.7376244782833461
HYBRID,Hybrid E190,521,65,30,10.974800180129701,0.0015144464559853077,3.0094048189986711
HYBRID,Hybrid E190,522,65,20,4.6982885557778449,0.0013326577609404922,3.3440299024454458
HYBRID,Hybrid E190,523,65,10,11.101906323216596,0.0013966393889859319,3.9269583988023999
HYBRID,Hybrid E190,524,65,0,17.963859654834859,0.0014181847218424082,4.0222182099584076
HYBRID,Hybrid E190,525,65,-10,14.7708350451899,0.0013966393889859319,4.2545517267238635
HYBRID,Hybrid E190,526,65,-20,17.584023688118002,0.0013326577609404922,4.5066537952290338
HYBRID,Hybrid E190,527,65,-30,14.999999968681948,0.0015144464559853077,4.4338232089654852
HYBRID,Hybrid E190,529,240,-45,21.09058345153683,0.00080013019032776356,4.4801591387425219
HYBRID,Hybrid E190,530,240,-30,9.999999029626526,0.0015144464559853077,4.0469815941717187
HYBRID,Hybrid E190,532,240,-10,10.000001188003743,0.0013966393889859319,3.7784181779748551
HYBRID,Hybrid E190,533,240,0,17.963860119699778,0.0014181847218424082,4.0280662814781811
HYBRID,Hybrid E190,534,240,10,14.770834162524009,0.0013966393889859319,4.0377896193690184
HYBRID,Hybrid E190,535,240,20,17.584023920930079,0.0013326577609404922,3.7794946436739805
HYBRID,Hybrid E190,536,240,30,21.607104488938131,0.0015144464559853077,3.5870628683841357
HYBRID,Hybrid E190,537,240,45,17.606966457268481,0.0015018255217000842,3.590078754060102
HYBRID,Hybrid E190,538,240,60,21.124323816652065,0.0010619510430842638,3.4122173222201919
HYBRID,Hybrid E190,539,240,75,14.999999926042548,0.0005497062811627984,2.7708070761465158
HYBRID,Hybrid E190,540,60,75,14.999999926042548,0.0005497062811627984,2.3334217958598176
HYBRID,Hybrid E190,541,60,60,23.283732956340483,0.0010619510430842638,2.5735817829794496
HYBRID,Hybrid E190,542,60,45,21.09058345153683,0.0015018255217000842,2.7610164583201224
HYBRID,Hybrid E190,543,60,30,9.999999029626526,0.0015144464559853077,3.0044303418515699
HYBRID,Hybrid E190,545,60,10,10.000001188003743,0.0013966393889859319,3.9334986776272745
HYBRID,Hybrid E190,546,60,0,20.000001081696542,0.0014181847218424082,4.056102479644327
HYBRID,Hybrid E190,547,60,-10,19.693102264372424,0.0013966393889859319,4.3461498744192255
HYBRID,Hybrid E190,548,60,-20,21.720797258522222,0.0013326577609404922,4.4376297077226656
HYBRID,Hybrid E190,549,60,-30,15.507477882749432,0.0015144464559853077,4.2733560761813347
HYBRID,Hybrid E190,550,60,-45,3.5349723672764939,0.00080013019032776356,3.8981074698372065
HYBRID,Hybrid E190,551,235,-45,17.606969385403353,0.00080013019032776356,4.3487860708743691
HYBRID,Hybrid E190,552,235,-30,10.974799216332263,0.0015144464559853077,3.8168817455893707
HYBRID,Hybrid E190,553,235,-20,4.6982881143403246,0.0013326577609404922,3.7753369023182715
HYBRID,Hybrid E190,554,235,-10,11.101906097405333,0.0013966393889859319,3.8527775024700919
HYBRID,Hybrid E190,555,235,0,20.590672601212329,0.0014181847218424082,4.0211231995649444
HYBRID,Hybrid E190,556,235,10,19.693105582230331,0.0013966393889859319,3.9333356721300703
HYBRID,Hybrid E190,557,235,20,20.653637823309932,0.0013326577609404922,3.7742930177517136
HYBRID,Hybrid E190,558,235,30,17.298331880789124,0.0015144464559853077,3.4260767605974447
HYBRID,Hybrid E190,559,235,45,21.090580421606788,0.0015018255217000842,3.5298476680469251
HYBRID,Hybrid E190,560,235,60,23.283732169116558,0.0010619510430842638,3.480690362612239
HYBRID,Hybrid E190,561,235,75,15.000000513611642,0.0005497062811627984,2.7438723143313637
HYBRID,Hybrid E190,562,55,75,15.000000513611642,0.0005497062811627984,2.3058780614098389
HYBRID,Hybrid E190,563,55,60,21.124323795477249,0.0010619510430842638,2.5732015831570809
HYBRID,Hybrid E190,564,55,45,17.606969385403353,0.0015018255217000842,2.7798929457523012
HYBRID,Hybrid E190,565,55,30,10.974799216332263,0.0015144464559853077,2.9769512026782081
HYBRID,Hybrid E190,566,55,20,4.6982881143403246,0.0013326577609404922,3.301637035684811
HYBRID,Hybrid E190,567,55,10,11.101906097405333,0.0013966393889859319,3.8622867829197927
HYBRID,Hybrid E190,568,55,0,20.590672601212329,0.0014181847218424082,4.0684356715197048
HYBRID,Hybrid E190,569,55,-10,21.720794676281667,0.0013966393889859319,4.2781804241226542
HYBRID,Hybrid E190,570,55,-20,18.782571022300161,0.0013326577609404922,4.2429933458479505
HYBRID,Hybrid E190,571,55,-30,16.937618103837618,0.0015144464559853077,4.1598015034989038
HYBRID,Hybrid E190,572,55,-45,7.0665737578836278,0.00080013019032776356,4.1564998191375571
HYBRID,Hybrid E190,573,230,-45,14.106044861351487,0.00080013019032776356,4.2154881187060109
HYBRID,Hybrid E190,574,230,-30,13.481722693495358,0.0015144464559853077,3.868154504807201
HYBRID,Hybrid E190,575,230,-20,9.3955278474439847,0.0013326577609404922,3.8284082484067352
HYBRID,Hybrid E190,576,230,-10,13.892339559573843,0.0013966393889859319,3.8194269948235937
HYBRID,Hybrid E190,577,230,0,22.26874569765862,0.0014181847218424082,3.9545619068421769
HYBRID,Hybrid E190,578,230,10,24.407187574190903,0.0013966393889859319,4.0361873453800818
HYBRID,Hybrid E190,579,230,20,16.847752970154431,0.0013326577609404922,3.6596011428037087
HYBRID,Hybrid E190,580,230,30,12.981060122360738,0.0015144464559853077,3.4091335233491971
HYBRID,Hybrid E190,581,230,45,19.080584438556169,0.0015018255217000842,3.5817879275891951
HYBRID,Hybrid E190,582,230,60,25.579586991885623,0.0010619510430842638,3.5933584945293759
HYBRID,Hybrid E190,583,230,75,15.000000045981704,0.0005497062811627984,2.828946440459386
HYBRID,Hybrid E190,584,50,75,15.000000045981704,0.0005497062811627984,2.3056973212979157
HYBRID,Hybrid E190,585,50,60,19.160311981928583,0.0010619510430842638,2.5761397699238122
HYBRID,Hybrid E190,586,50,45,14.106044861351487,0.0015018255217000842,2.740746156044104
HYBRID,Hybrid E190,587,50,30,13.481722693495358,0.0015144464559853077,3.0389706816896362
HYBRID,Hybrid E190,588,50,20,9.3955278474439847,0.0013326577609404922,3.2339177309286793
HYBRID,Hybrid E190,589,50,10,13.892339559573843,0.0013966393889859319,3.6977725231714227
HYBRID,Hybrid E190,590,50,0,22.26874569765862,0.0014181847218424082,3.9342901717347658
HYBRID,Hybrid E190,591,50,-10,17.584022183303819,0.0013966393889859319,4.1350697994104317
HYBRID,Hybrid E190,592,50,-20,14.090650791577101,0.0013326577609404922,4.1722616840242566
HYBRID,Hybrid E190,593,50,-30,16.847751615755694,0.0015144464559853077,4.0103468026012337
HYBRID,Hybrid E190,594,50,-45,10.591412169898064,0.00080013019032776356,4.3273084248549605
HYBRID,Hybrid E190,595,225,-45,10.591412221441374,0.00080013019032776356,3.9484292719286942
HYBRID,Hybrid E190,596,225,-30,16.847751846686993,0.0015144464559853077,3.8044430369917737
HYBRID,Hybrid E190,597,225,-20,14.090651603071073,0.0013326577609404922,3.8348056872700429
HYBRID,Hybrid E190,598,225,-10,17.584022658769534,0.0013966393889859319,3.7160534240399872
HYBRID,Hybrid E190,599,225,0,24.814217316458059,0.0014181847218424082,3.8342643459259618
HYBRID,Hybrid E190,600,225,10,22.068454074222679,0.0013966393889859319,3.9743510137323268
HYBRID,Hybrid E190,601,225,20,13.481723581082752,0.0013326577609404922,3.5826646092600303
HYBRID,Hybrid E190,602,225,30,8.6575008924471586,0.0015144464559853077,3.262613148245435
HYBRID,Hybrid E190,603,225,45,16.937618541531808,0.0015018255217000842,3.6335382779164207
HYBRID,Hybrid E190,604,225,60,27.967953256853754,0.0010619510430842638,3.6223487728541461
HYBRID,Hybrid E190,605,225,75,15.000000759196658,0.0005497062811627984,2.9351121669099101
HYBRID,Hybrid E190,606,45,75,15.000000759196658,0.0005497062811627984,2.3364374890508008
HYBRID,Hybrid E190,607,45,60,17.469139229498978,0.0010619510430842638,2.5347065839001868
HYBRID,Hybrid E190,608,45,45,10.591412221441374,0.0015018255217000842,2.6187796283537739
HYBRID,Hybrid E190,609,45,30,16.847751846686993,0.0015144464559853077,2.9888008273236508
HYBRID,Hybrid E190,610,45,20,14.090651603071073,0.0013326577609404922,3.1686890099646239
HYBRID,Hybrid E190,611,45,10,17.584022658769534,0.0013966393889859319,3.5161112948201505
HYBRID,Hybrid E190,612,45,0,22.268744826474858,0.0014181847218424082,3.7386656163549961
HYBRID,Hybrid E190,613,45,-10,13.892338468968779,0.0013966393889859319,4.0175509019533617
HYBRID,Hybrid E190,614,45,-20,9.3955270425035575,0.0013326577609404922,3.9626970351016242
HYBRID,Hybrid E190,615,45,-30,13.481722024217131,0.0015144464559853077,3.9737481988149685
HYBRID,Hybrid E190,616,45,-45,14.106044843106213,0.00080013019032776356,4.3735700947561797
HYBRID,Hybrid E190,617,220,-45,7.0665759174006428,0.00080013019032776356,3.6860515936344895
HYBRID,Hybrid E190,618,220,-30,16.937618856363812,0.0015144464559853077,3.7787454590683294
HYBRID,Hybrid E190,619,220,-20,18.782569533125056,0.0013326577609404922,3.7539437165724907
HYBRID,Hybrid E190,620,220,-10,19.693105071764794,0.0013966393889859319,3.6456589588999773
HYBRID,Hybrid E190,621,220,0,22.268745808076812,0.0014181847218424082,3.5863471140874235
HYBRID,Hybrid E190,622,220,10,20.536778438540473,0.0013966393889859319,3.8706442325562178
HYBRID,Hybrid E190,623,220,20,10.974801461651374,0.0013326577609404922,3.5976821773340628
HYBRID,Hybrid E190,624,220,30,4.3297856282053244,0.0015144464559853077,3.1960771439669955
HYBRID,Hybrid E190,625,220,45,15.507478746963535,0.0015018255217000842,3.5712884137157319
HYBRID,Hybrid E190,626,220,60,30.000000754713284,0.0010619510430842638,3.5799944915347441
HYBRID,Hybrid E190,627,220,75,15.000000045981704,0.0005497062811627984,3.0143309881337159
HYBRID,Hybrid E190,628,40,75,15.000000045981704,0.0005497062811627984,2.3300483981625635
HYBRID,Hybrid E190,629,40,60,16.146340174030033,0.0010619510430842638,2.5103002501740916
HYBRID,Hybrid E190,630,40,45,7.0665759174006428,0.0015018255217000842,2.5208551218394781
HYBRID,Hybrid E190,631,40,30,16.937618856363812,0.0015144464559853077,2.9435448518485732
HYBRID,Hybrid E190,632,40,20,18.782569533125056,0.0013326577609404922,3.0791810344418269
HYBRID,Hybrid E190,633,40,10,19.693105071764794,0.0013966393889859319,3.3778618000296761
HYBRID,Hybrid E190,634,40,0,20.590672409097611,0.0014181847218424082,3.5896770108627289
HYBRID,Hybrid E190,635,40,-10,11.101905566123458,0.0013966393889859319,3.8094733171053736
HYBRID,Hybrid E190,636,40,-20,4.6982895983919564,0.0013326577609404922,3.8185112081998867
HYBRID,Hybrid E190,637,40,-30,10.974800783883671,0.0015144464559853077,3.8494057446349079
HYBRID,Hybrid E190,638,40,-45,17.606967058132422,0.00080013019032776356,4.3219960322118496
HYBRID,Hybrid E190,639,215,-45,3.5349726093893015,0.00080013019032776356,3.5449929016658959
HYBRID,Hybrid E190,640,215,-30,15.507477619497367,0.0015144464559853077,3.6667126605055214
HYBRID,Hybrid E190,641,215,-20,17.584023511028544,0.0013326577609404922,3.847687789459616
HYBRID,Hybrid E190,642,215,-10,14.770837930353938,0.0013966393889859319,3.5811340498770168
HYBRID,Hybrid E190,643,215,0,17.963860447378917,0.0014181847218424082,3.4666905802086094
HYBRID,Hybrid E190,644,215,10,19.999999690522536,0.0013966393889859319,3.9355241938425438
HYBRID,Hybrid E190,645,215,20,9.9999992480583071,0.0013326577609404922,3.5117130539810542
HYBRID,Hybrid E190,647,215,45,14.999999418095857,0.0015018255217000842,3.6044541561782748
HYBRID,Hybrid E190,648,215,60,29.999999338596972,0.0010619510430842638,3.6583526726258255
HYBRID,Hybrid E190,649,215,75,15.000000513611642,0.0005497062811627984,3.1113493733282906
HYBRID,Hybrid E190,650,35,75,15.000000513611642,0.0005497062811627984,2.310460778436624
HYBRID,Hybrid E190,651,35,60,15.294998948342053,0.0010619510430842638,2.4867181175503528
HYBRID,Hybrid E190,652,35,45,3.5349726093893015,0.0015018255217000842,2.4579419907297573
HYBRID,Hybrid E190,653,35,30,15.507477619497367,0.0015144464559853077,2.9198317509122371
HYBRID,Hybrid E190,654,35,20,17.584023511028544,0.0013326577609404922,3.1035184547497532
HYBRID,Hybrid E190,655,35,10,14.770837930353938,0.0013966393889859319,3.1678653174665032
HYBRID,Hybrid E190,656,35,0,17.963860447378917,0.0014181847218424082,3.426200667809935
HYBRID,Hybrid E190,657,35,-10,10.000000442464293,0.0013966393889859319,3.5881996711550985
HYBRID,Hybrid E190,659,35,-30,9.9999992480583071,0.0015144464559853077,3.9004203061820006
HYBRID,Hybrid E190,660,35,-45,21.090583039068701,0.00080013019032776356,4.6744771380881751
HYBRID,Hybrid E190,662,210,-30,14.999998739050708,0.0015144464559853077,3.6723814629200997
HYBRID,Hybrid E190,663,210,-20,13.892339928739169,0.0013326577609404922,3.7696965971152352
HYBRID,Hybrid E190,664,210,-10,9.8476983963493687,0.0013966393889859319,3.3743783546738029
HYBRID,Hybrid E190,665,210,0,14.10604466738504,0.0014181847218424082,3.4407250940451899
HYBRID,Hybrid E190,666,210,10,20.536778047345422,0.0013966393889859319,3.9880396796401127
HYBRID,Hybrid E190,667,210,20,10.974799216332263,0.0013326577609404922,3.5060508411229931
HYBRID,Hybrid E190,668,210,30,4.3297829047621343,0.0015144464559853077,3.1936894613467612
HYBRID,Hybrid E190,669,210,45,15.507477619497367,0.0015018255217000842,3.646230401064285
HYBRID,Hybrid E190,670,210,60,30.000000111323018,0.0010619510430842638,3.6922193983296681
HYBRID,Hybrid E190,671,210,75,14.999999926042548,0.0005497062811627984,3.1445942743014466
HYBRID,Hybrid E190,672,30,75,14.999999926042548,0.0005497062811627984,2.3202836012585517
HYBRID,Hybrid E190,673,30,60,15.000001038303349,0.0010619510430842638,2.4391822738094686
HYBRID,Hybrid E190,675,30,30,14.999998739050708,0.0015144464559853077,2.8766757357147239
HYBRID,Hybrid E190,676,30,20,13.892339928739169,0.0013326577609404922,3.0521979298137705
HYBRID,Hybrid E190,677,30,10,9.8476983963493687,0.0013966393889859319,3.0591725160417429
HYBRID,Hybrid E190,678,30,0,14.10604466738504,0.0014181847218424082,3.2596721259334926
HYBRID,Hybrid E190,679,30,-10,11.101905871462817,0.0013966393889859319,3.4319051145166068
HYBRID,Hybrid E190,680,30,-20,4.6982881143403246,0.0013326577609404922,3.4748017548760672
HYBRID,Hybrid E190,681,30,-30,10.974800968721977,0.0015144464559853077,3.7595302125246919
HYBRID,Hybrid E190,682,30,-45,24.553175192197251,0.00080013019032776356,4.8931140355152154
HYBRID,Hybrid E190,683,205,-45,3.5349723672764939,0.00080013019032776356,3.6253861691723528
HYBRID,Hybrid E190,684,205,-30,15.507477597756536,0.0015144464559853077,3.7291002121471326
HYBRID,Hybrid E190,685,205,-20,11.101905984016177,0.0013326577609404922,3.723673276043141
HYBRID,Hybrid E190,686,205,-10,4.9239914100594815,0.0013966393889859319,3.1585620338010472
HYBRID,Hybrid E190,687,205,0,11.168952722705445,0.0014181847218424082,3.4631140904484075
HYBRID,Hybrid E190,688,205,10,20.60935684332042,0.0013966393889859319,3.8889173024611234
HYBRID,Hybrid E190,689,205,20,13.481721255281723,0.0013326577609404922,3.6444383023350113
HYBRID,Hybrid E190,690,205,30,8.6574997742182269,0.0015144464559853077,3.2422830073768285
HYBRID,Hybrid E190,691,205,45,16.937618103837618,0.0015018255217000842,3.6280676966289671
HYBRID,Hybrid E190,692,205,60,30.000001193671139,0.0010619510430842638,3.7636075370933155
HYBRID,Hybrid E190,693,205,75,15.000000037063414,0.0005497062811627984,3.2552238057742939
HYBRID,Hybrid E190,694,25,75,15.000000037063414,0.0005497062811627984,2.3121244231967273
HYBRID,Hybrid E190,695,25,60,15.294998365211272,0.0010619510430842638,2.4347201473179214
HYBRID,Hybrid E190,696,25,45,3.5349723672764939,0.0015018255217000842,2.3983634789280317
HYBRID,Hybrid E190,697,25,30,15.507477597756536,0.0015144464559853077,2.9180601070796954
HYBRID,Hybrid E190,698,25,20,11.101905984016177,0.0013326577609404922,2.9537504790477538
HYBRID,Hybrid E190,699,25,10,4.9239914100594815,0.0013966393889859319,2.9116621301992698
HYBRID,Hybrid E190,700,25,0,11.168952722705445,0.0014181847218424082,3.0878607578725625
HYBRID,Hybrid E190,701,25,-10,13.892339487305048,0.0013966393889859319,3.4117028470902202
HYBRID,Hybrid E190,702,25,-20,9.395526819952865,0.0013326577609404922,3.3560917500810814
HYBRID,Hybrid E190,703,25,-30,13.481723060064377,0.0015144464559853077,3.8582392074399623
HYBRID,Hybrid E190,704,25,-45,24.694085979776748,0.00080013019032776356,4.8701471635634581
HYBRID,Hybrid E190,705,200,-45,7.0665741911739026,0.00080013019032776356,3.7027449520933602
HYBRID,Hybrid E190,706,200,-30,16.937616033087821,0.0015144464559853077,3.7607605377919753
HYBRID,Hybrid E190,707,200,-20,10.000000035409951,0.0013326577609404922,3.6554744115534152
HYBRID,Hybrid E190,709,200,0,9.9999999527339298,0.0014181847218424082,3.4653456409643395
HYBRID,Hybrid E190,710,200,10,19.999999905467796,0.0013966393889859319,3.8431977356142379
HYBRID,Hybrid E190,711,200,20,16.847752641975024,0.0013326577609404922,3.6496020625583285
HYBRID,Hybrid E190,712,200,30,12.981059482482918,0.0015144464559853077,3.3023150751638437
HYBRID,Hybrid E190,713,200,45,19.080583620201772,0.0015018255217000842,3.6232621741225985
HYBRID,Hybrid E190,714,200,60,30.000000435073549,0.0010619510430842638,3.8325450212945924
HYBRID,Hybrid E190,715,200,75,15.000000080789578,0.0005497062811627984,3.2796263669659029
HYBRID,Hybrid E190,716,20,75,15.000000080789578,0.0005497062811627984,2.2910570636857539
HYBRID,Hybrid E190,717,20,60,16.146339438123881,0.0010619510430842638,2.4559137454474427
HYBRID,Hybrid E190,718,20,45,7.0665741911739026,0.0015018255217000842,2.4731311278821715
HYBRID,Hybrid E190,719,20,30,16.937616033087821,0.0015144464559853077,2.9293685221277213
HYBRID,Hybrid E190,720,20,20,10.000000035409951,0.0013326577609404922,2.8991371802526333
HYBRID,Hybrid E190,722,20,0,9.9999999527339298,0.0014181847218424082,3.0871383511083383
HYBRID,Hybrid E190,723,20,-10,17.584023511028544,0.0013966393889859319,3.4085571419977367
HYBRID,Hybrid E190,724,20,-20,14.090652447229385,0.0013326577609404922,3.4269353568568577
HYBRID,Hybrid E190,725,20,-30,16.84775355865764,0.0015144464559853077,3.6581849376484286
HYBRID,Hybrid E190,726,20,-45,21.721267918499912,0.00080013019032776356,4.610057075080233
HYBRID,Hybrid E190,727,195,-45,10.591410371458657,0.00080013019032776356,3.7123734992069313
HYBRID,Hybrid E190,728,195,-30,19.080583481669692,0.0015144464559853077,3.7545047361046433
HYBRID,Hybrid E190,729,195,-20,11.101905300103793,0.0013326577609404922,3.6593311317496453
HYBRID,Hybrid E190,730,195,-10,4.923991137574113,0.0013966393889859319,3.0843450439794866
HYBRID,Hybrid E190,731,195,0,11.168952636407244,0.0014181847218424082,3.3953158431051524
HYBRID,Hybrid E190,732,195,10,20.609356788468691,0.0013966393889859319,3.8367311290582724
HYBRID,Hybrid E190,733,195,20,20.653636294849793,0.0013326577609404922,3.738854460591146
HYBRID,Hybrid E190,734,195,30,17.298330000057948,0.0015144464559853077,3.2971864630392678
HYBRID,Hybrid E190,735,195,45,21.721268164114861,0.0015018255217000842,3.6146449277875634
HYBRID,Hybrid E190,736,195,60,30.000000110732287,0.0010619510430842638,3.877952548809199
HYBRID,Hybrid E190,737,195,75,15.000000205801689,0.0005497062811627984,3.2970133770756238
HYBRID,Hybrid E190,738,15,75,15.000000205801689,0.0005497062811627984,2.2672788334006482
HYBRID,Hybrid E190,739,15,60,17.469138312232101,0.0010619510430842638,2.4283229075912818
HYBRID,Hybrid E190,740,15,45,10.591410371458657,0.0015018255217000842,2.5133144757149268
HYBRID,Hybrid E190,741,15,30,19.080583481669692,0.0015144464559853077,2.9502931732708202
HYBRID,Hybrid E190,742,15,20,11.101905300103793,0.0013326577609404922,2.8430322255164899
HYBRID,Hybrid E190,743,15,10,4.923991137574113,0.0013966393889859319,2.6801607545897306
HYBRID,Hybrid E190,744,15,0,11.168952636407244,0.0014181847218424082,3.2223823579828661
HYBRID,Hybrid E190,745,15,-10,20.609356788468691,0.0013966393889859319,3.4561627771814614
HYBRID,Hybrid E190,746,15,-20,16.847753386581868,0.0013326577609404922,3.520696557046787
HYBRID,Hybrid E190,747,15,-30,12.981060183000123,0.0015144464559853077,3.5793207833969194
HYBRID,Hybrid E190,748,15,-45,19.080582938811499,0.00080013019032776356,4.4315835343315895
HYBRID,Hybrid E190,749,190,-45,14.106043320415029,0.00080013019032776356,3.770730195085807
HYBRID,Hybrid E190,750,190,-30,21.721268924650655,0.0015144464559853077,3.829763539554266
HYBRID,Hybrid E190,751,190,-20,13.892338774103179,0.0013326577609404922,3.7403953770973115
HYBRID,Hybrid E190,752,190,-10,9.8476990078007134,0.0013966393889859319,3.2180699968550344
HYBRID,Hybrid E190,753,190,0,14.106043901218957,0.0014181847218424082,3.5228285684636829
HYBRID,Hybrid E190,754,190,10,22.337905413351134,0.0013966393889859319,3.8464588755858586
HYBRID,Hybrid E190,755,190,20,24.692721414933498,0.0013326577609404922,3.8338569537347271
HYBRID,Hybrid E190,756,190,30,21.607103231533049,0.0015144464559853077,3.3895331527542676
HYBRID,Hybrid E190,757,190,45,24.694086482247521,0.0015018255217000842,3.6144624412416988
HYBRID,Hybrid E190,758,190,60,29.999999880144909,0.0010619510430842638,3.8666418289486346
HYBRID,Hybrid E190,759,190,75,15.000000876882917,0.0005497062811627984,3.2795865822297188
HYBRID,Hybrid E190,760,10,75,15.000000876882917,0.0005497062811627984,2.3202048198684988
HYBRID,Hybrid E190,761,10,60,19.160311976351618,0.0010619510430842638,2.4254451055560149
HYBRID,Hybrid E190,762,10,45,14.106043320415029,0.0015018255217000842,2.5476718930041198
HYBRID,Hybrid E190,763,10,30,21.721268924650655,0.0015144464559853077,2.9526372365976257
HYBRID,Hybrid E190,764,10,20,13.892338774103179,0.0013326577609404922,2.8594248409992771
HYBRID,Hybrid E190,765,10,10,9.8476990078007134,0.0013966393889859319,2.7409006896227122
HYBRID,Hybrid E190,766,10,0,14.106043901218957,0.0014181847218424082,3.314302753218497
HYBRID,Hybrid E190,767,10,-10,22.068454646158248,0.0013966393889859319,3.5512769130549828
HYBRID,Hybrid E190,768,10,-20,13.481723172448659,0.0013326577609404922,3.5315601696367027
HYBRID,Hybrid E190,769,10,-30,8.6574993691915836,0.0015144464559853077,3.4573563367877482
HYBRID,Hybrid E190,770,10,-45,16.937618201740335,0.00080013019032776356,4.3121254237800546
HYBRID,Hybrid E190,771,185,-45,17.606966457268481,0.00080013019032776356,3.8487746649943304
HYBRID,Hybrid E190,772,185,-30,24.40718767599158,0.0015144464559853077,3.8847517875109343
HYBRID,Hybrid E190,773,185,-20,17.584023118169156,0.0013326577609404922,3.7124461452890638
HYBRID,Hybrid E190,774,185,-10,14.770835684902895,0.0013966393889859319,3.3986194806920622
HYBRID,Hybrid E190,775,185,0,17.963859965917774,0.0014181847218424082,3.7216371195193885
HYBRID,Hybrid E190,776,185,10,24.954120181789488,0.0013966393889859319,3.9126119014655036
HYBRID,Hybrid E190,777,185,20,28.862630859837058,0.0013326577609404922,3.8847658373000939
HYBRID,Hybrid E190,778,185,30,25.905078268461338,0.0015144464559853077,3.505049029678545
HYBRID,Hybrid E190,779,185,45,27.885566114219476,0.0015018255217000842,3.6055110808623669
HYBRID,Hybrid E190,780,185,60,30.000000997038136,0.0010619510430842638,3.9446904188435052
HYBRID,Hybrid E190,781,185,75,15.000000519710634,0.0005497062811627984,3.2944134898524879
HYBRID,Hybrid E190,782,5,75,15.000000519710634,0.0005497062811627984,2.3253246390609452
HYBRID,Hybrid E190,783,5,60,21.124322746870448,0.0010619510430842638,2.4514842957473832
HYBRID,Hybrid E190,784,5,45,17.606966457268481,0.0015018255217000842,2.6247384929085427
HYBRID,Hybrid E190,785,5,30,24.40718767599158,0.0015144464559853077,2.9876455339244314
HYBRID,Hybrid E190,786,5,20,17.584023118169156,0.0013326577609404922,2.8407327685447146
HYBRID,Hybrid E190,787,5,10,14.770835684902895,0.0013966393889859319,2.8315765945112279
HYBRID,Hybrid E190,788,5,0,17.963859965917774,0.0014181847218424082,3.2786946170891684
HYBRID,Hybrid E190,789,5,-10,20.536778500153151,0.0013966393889859319,3.5974124081121772
HYBRID,Hybrid E190,790,5,-20,10.974801001997228,0.0013326577609404922,3.5104406289335155
HYBRID,Hybrid E190,791,5,-30,4.3297835269819025,0.0015144464559853077,3.3184733534861035
HYBRID,Hybrid E190,792,5,-45,15.507477087468549,0.00080013019032776356,4.398401951441854
BOUNDED,Bounded E25,0,0,-45,14.999999554707983,0.00080013019032776356,4.2160238156918517
BOUNDED,Bounded E25,2,0,-20,9.9999997858989413,0.0013326577609404922,3.6706889524645705
BOUNDED,Bounded E25,3,0,-10,20.000000162186488,0.0013966393889859319,3.5361533280733792
BOUNDED,Bounded E25,4,0,0,22.268744313392595,0.0014181847218424082,3.3782149223244251
BOUNDED,Bounded E25,5,0,10,19.693103693538394,0.0013966393889859319,2.9375411090541239
BOUNDED,Bounded E25,6,0,20,21.720796614325359,0.0013326577609404922,2.9059894109621043
BOUNDED,Bounded E25,7,0,30,27.34479831653633,0.0015144464559853077,3.061525607206427
BOUNDED,Bounded E25,8,0,45,21.090580470751792,0.0015018255217000842,2.7172713991428257
BOUNDED,Bounded E25,9,0,60,23.283731818796717,0.0010619510430842638,2.4742254227450875
BOUNDED,Bounded E25,10,0,75,15.000000120055846,0.0005497062811627984,2.3336338962099323
BOUNDED,Bounded E25,12,180,75,15.000000120055846,0.0005497062811627984,3.2057333803749684
BOUNDED,Bounded E25,13,180,60,30.000000445292049,0.0010619510430842638,3.9014168472916935
BOUNDED,Bounded E25,14,180,45,31.220426124312098,0.0015018255217000842,3.5192392253555385
BOUNDED,Bounded E25,15,180,30,30.189833851059973,0.0015144464559853077,3.5485188203548743
BOUNDED,Bounded E25,16,180,20,33.108874982180794,0.0013326577609404922,3.9288556062582534
BOUNDED,Bounded E25,17,180,10,28.212088559080865,0.0013966393889859319,4.0929208278189071
BOUNDED,Bounded E25,18,180,0,22.268744313392595,0.0014181847218424082,3.5970417053530812
BOUNDED,Bounded E25,19,180,-10,19.693103693538394,0.0013966393889859319,3.489685882410726
BOUNDED,Bounded E25,20,180,-20,21.720796614325359,0.0013326577609404922,3.7279028425292751
BOUNDED,Bounded E25,21,180,-30,27.34479831653633,0.0015144464559853077,3.9570477640201727
BOUNDED,Bounded E25,22,180,-45,21.090580470751792,0.00080013019032776356,4.161698251674979
BOUNDED,Bounded E25,23,355,-45,15.507477087468549,0.00080013019032776356,4.2223585504735013
BOUNDED,Bounded E25,24,355,-30,4.3297835269819025,0.0015144464559853077,3.2982209222933676
BOUNDED,Bounded E25,25,355,-20,10.974801001997228,0.0013326577609404922,3.6367177154718999
BOUNDED,Bounded E25,26,355,-10,20.536778500153151,0.0013966393889859319,3.5175316464097408
BOUNDED,Bounded E25,27,355,0,17.963859965917774,0.0014181847218424082,3.2878788869288091
BOUNDED,Bounded E25,28,355,10,14.770835684902895,0.0013966393889859319,2.8640802897843547
BOUNDED,Bounded E25,29,355,20,17.584023118169156,0.0013326577609404922,2.8651043843306998
BOUNDED,Bounded E25,30,355,30,24.40718767599158,0.0015144464559853077,2.9974386258617538
BOUNDED,Bounded E25,31,355,45,17.606966457268481,0.0015018255217000842,2.6820254012163929
BOUNDED,Bounded E25,32,355,60,21.124322746870448,0.0010619510430842638,2.4906461097228534
BOUNDED,Bounded E25,33,355,75,15.000000519710634,0.0005497062811627984,2.3117240915693307
BOUNDED,Bounded E25,34,175,75,15.000000519710634,0.0005497062811627984,3.2200387380480295
BOUNDED,Bounded E25,35,175,60,30.000000997038136,0.0010619510430842638,3.8347144972292999
BOUNDED,Bounded E25,36,175,45,27.885566114219476,0.0015018255217000842,3.4681256354757619
BOUNDED,Bounded E25,37,175,30,25.905078268461338,0.0015144464559853077,3.5035574745976095
BOUNDED,Bounded E25,38,175,20,28.862630859837058,0.0013326577609404922,3.7792270321901
BOUNDED,Bounded E25,39,175,10,24.954120181789488,0.0013966393889859319,4.0384943886867815
BOUNDED,Bounded E25,40,175,0,17.963859965917774,0.0014181847218424082,3.4742723391429204
BOUNDED,Bounded E25,41,175,-10,14.770835684902895,0.0013966393889859319,3.4491430303372437
BOUNDED,Bounded E25,42,175,-20,17.584023118169156,0.0013326577609404922,3.528290341252863
BOUNDED,Bounded E25,43,175,-30,24.40718767599158,0.0015144464559853077,3.8934166302314437
BOUNDED,Bounded E25,44,175,-45,17.606966457268481,0.00080013019032776356,4.0445551624750999
BOUNDED,Bounded E25,45,350,-45,16.937618201740335,0.00080013019032776356,4.1639541491248977
BOUNDED,Bounded E25,46,350,-30,8.6574993691915836,0.0015144464559853077,3.4354718453469277
BOUNDED,Bounded E25,47,350,-20,13.481723172448659,0.0013326577609404922,3.5712374185184901
BOUNDED,Bounded E25,48,350,-10,22.068454646158248,0.0013966393889859319,3.5070727030196482
BOUNDED,Bounded E25,49,350,0,14.106043901218957,0.0014181847218424082,3.2212789437656451
BOUNDED,Bounded E25,50,350,10,9.8476990078007134,0.0013966393889859319,2.7523375669036172
BOUNDED,Bounded E25,51,350,20,13.892338774103179,0.0013326577609404922,2.8795048658226601
BOUNDED,Bounded E25,52,350,30,21.721268924650655,0.0015144464559853077,2.9180188090034203
BOUNDED,Bounded E25,53,350,45,14.106043320415029,0.0015018255217000842,2.5474989127910899
BOUNDED,Bounded E25,54,350,60,19.160311976351618,0.0010619510430842638,2.4849191070942123
BOUNDED,Bounded E25,55,350,75,15.000000876882917,0.0005497062811627984,2.2636362179082927
BOUNDED,Bounded E25,56,170,75,15.000000876882917,0.0005497062811627984,3.2387334920994846
BOUNDED,Bounded E25,57,170,60,29.999999880144909,0.0010619510430842638,3.8293338868513973
BOUNDED,Bounded E25,58,170,45,24.694086482247521,0.0015018255217000842,3.4251918234937744
BOUNDED,Bounded E25,59,170,30,21.607103231533049,0.0015144464559853077,3.3620969881439167
BOUNDED,Bounded E25,60,170,20,24.692721414933498,0.0013326577609404922,3.7563967192779928
BOUNDED,Bounded E25,61,170,10,22.337905413351134,0.0013966393889859319,3.8609715784144707
BOUNDED,Bounded E25,62,170,0,14.106043901218957,0.0014181847218424082,3.3627815502453626
BOUNDED,Bounded E25,63,170,-10,9.8476990078007134,0.0013966393889859319,3.2872717994798055
BOUNDED,Bounded E25,64,170,-20,13.892338774103179,0.0013326577609404922,3.4520971446644038
BOUNDED,Bounded E25,65,170,-30,21.721268924650655,0.0015144464559853077,3.8672053528888282
BOUNDED,Bounded E25,66,170,-45,14.106043320415029,0.00080013019032776356,3.906346191929686
BOUNDED,Bounded E25,67,345,-45,19.080582938811499,0.00080013019032776356,4.3087192708555735
BOUNDED,Bounded E25,68,345,-30,12.981060183000123,0.0015144464559853077,3.6319505604532378
BOUNDED,Bounded E25,69,345,-20,16.847753386581868,0.0013326577609404922,3.5256011980102073
BOUNDED,Bounded E25,70,345,-10,20.609356788468691,0.0013966393889859319,3.4565022862680763
BOUNDED,Bounded E25,71,345,0,11.168952636407244,0.0014181847218424082,3.1979324266877196
BOUNDED,Bounded E25,72,345,10,4.923991137574113,0.0013966393889859319,2.6789547311646298
BOUNDED,Bounded E25,73,345,20,11.101905300103793,0.0013326577609404922,2.8533948658171076
BOUNDED,Bounded E25,74,345,30,19.080583481669692,0.0015144464559853077,2.8207314535919554
BOUNDED,Bounded E25,75,345,45,10.591410371458657,0.0015018255217000842,2.5246125670087864
BOUNDED,Bounded E25,76,345,60,17.469138312232101,0.0010619510430842638,2.478493707614017
BOUNDED,Bounded E25,77,345,75,15.000000205801689,0.0005497062811627984,2.2717274390397053
BOUNDED,Bounded E25,78,165,75,15.000000205801689,0.0005497062811627984,3.1790208630882173
BOUNDED,Bounded E25,79,165,60,30.000000110732287,0.0010619510430842638,3.782316072269126
BOUNDED,Bounded E25,80,165,45,21.721268164114861,0.0015018255217000842,3.4715080311872626
BOUNDED,Bounded E25,81,165,30,17.298330000057948,0.0015144464559853077,3.3024426786763716
BOUNDED,Bounded E25,82,165,20,20.653636294849793,0.0013326577609404922,3.7555495163343866
BOUNDED,Bounded E25,83,165,10,20.609356788468691,0.0013966393889859319,3.6805647281326541
BOUNDED,Bounded E25,84,165,0,11.168952636407244,0.0014181847218424082,3.4064512147594446
BOUNDED,Bounded E25,85,165,-10,4.923991137574113,0.0013966393889859319,3.0891853310911515
BOUNDED,Bounded E25,86,165,-20,11.101905300103793,0.0013326577609404922,3.3907198963553813
BOUNDED,Bounded E25,87,165,-30,19.080583481669692,0.0015144464559853077,3.6613177739817999
BOUNDED,Bounded E25,88,165,-45,10.591410371458657,0.00080013019032776356,3.7351119518125171
BOUNDED,Bounded E25,89,340,-45,21.721267918499912,0.00080013019032776356,4.5802862265585595
BOUNDED,Bounded E25,90,340,-30,16.84775355865764,0.0015144464559853077,3.783940570589543
BOUNDED,Bounded E25,91,340,-20,14.090652447229385,0.0013326577609404922,3.567709004589926
BOUNDED,Bounded E25,92,340,-10,17.584023511028544,0.0013966393889859319,3.4072312428964864
BOUNDED,Bounded E25,93,340,0,9.9999999527339298,0.0014181847218424082,3.1647004823166864
BOUNDED,Bounded E25,95,340,20,10.000000035409951,0.0013326577609404922,2.9462202173282104
BOUNDED,Bounded E25,96,340,30,16.937616033087821,0.0015144464559853077,2.8461010992733531
BOUNDED,Bounded E25,97,340,45,7.0665741911739026,0.0015018255217000842,2.4230483912353944
BOUNDED,Bounded E25,98,340,60,16.146339438123881,0.0010619510430842638,2.5016748027377145
BOUNDED,Bounded E25,99,340,75,15.000000080789578,0.0005497062811627984,2.2607149874818271
BOUNDED,Bounded E25,100,160,75,15.000000080789578,0.0005497062811627984,3.144302656672183
BOUNDED,Bounded E25,101,160,60,30.000000435073549,0.0010619510430842638,3.8266611168608451
BOUNDED,Bounded E25,102,160,45,19.080583620201772,0.0015018255217000842,3.4923393509783121
BOUNDED,Bounded E25,103,160,30,12.981059482482918,0.0015144464559853077,3.2338726599606904
BOUNDED,Bounded E25,104,160,20,16.847752641975024,0.0013326577609404922,3.5480949152573702
BOUNDED,Bounded E25,105,160,10,19.999999905467796,0.0013966393889859319,3.5450586476222372
BOUNDED,Bounded E25,106,160,0,9.9999999527339298,0.0014181847218424082,3.4690634323344836
BOUNDED,Bounded E25,108,160,-20,10.000000035409951,0.0013326577609404922,3.4433656070969603
BOUNDED,Bounded E25,109,160,-30,16.937616033087821,0.0015144464559853077,3.5866153276507928
BOUNDED,Bounded E25,110,160,-45,7.0665741911739026,0.00080013019032776356,3.5972546499395377
BOUNDED,Bounded E25,111,335,-45,24.694085979776748,0.00080013019032776356,4.6814719854622791
BOUNDED,Bounded E25,112,335,-30,13.481723060064377,0.0015144464559853077,3.7940070042520735
BOUNDED,Bounded E25,113,335,-20,9.395526819952865,0.0013326577609404922,3.4973180312178127
BOUNDED,Bounded E25,114,335,-10,13.892339487305048,0.0013966393889859319,3.4438242531506149
BOUNDED,Bounded E25,115,335,0,11.168952722705445,0.0014181847218424082,3.1531186758620025
BOUNDED,Bounded E25,116,335,10,4.9239914100594815,0.0013966393889859319,2.8945442353354482
BOUNDED,Bounded E25,117,335,20,11.101905984016177,0.0013326577609404922,3.0158895577004965
BOUNDED,Bounded E25,118,335,30,15.507477597756536,0.0015144464559853077,2.9044627171925756
BOUNDED,Bounded E25,119,335,45,3.5349723672764939,0.0015018255217000842,2.3670235459935167
BOUNDED,Bounded E25,120,335,60,15.294998365211272,0.0010619510430842638,2.4737313145328717
BOUNDED,Bounded E25,121,335,75,15.000000037063414,0.0005497062811627984,2.2595801223139671
BOUNDED,Bounded E25,122,155,75,15.000000037063414,0.0005497062811627984,3.0654211331988139
BOUNDED,Bounded E25,123,155,60,30.000001193671139,0.0010619510430842638,3.777473452876531
BOUNDED,Bounded E25,124,155,45,16.937618103837618,0.0015018255217000842,3.5295780906029375
BOUNDED,Bounded E25,125,155,30,8.6574997742182269,0.0015144464559853077,3.1835995125341907
BOUNDED,Bounded E25,126,155,20,13.481721255281723,0.0013326577609404922,3.4407240998256285
BOUNDED,Bounded E25,127,155,10,20.60935684332042,0.0013966393889859319,3.6351866849230676
BOUNDED,Bounded E25,128,155,0,11.168952722705445,0.0014181847218424082,3.5047084513902722
BOUNDED,Bounded E25,129,155,-10,4.9239914100594815,0.0013966393889859319,3.1456232236126711
BOUNDED,Bounded E25,130,155,-20,11.101905984016177,0.0013326577609404922,3.40060199563665
BOUNDED,Bounded E25,131,155,-30,15.507477597756536,0.0015144464559853077,3.5798463984402344
BOUNDED,Bounded E25,132,155,-45,3.5349723672764939,0.00080013019032776356,3.5779444167541286
BOUNDED,Bounded E25,133,330,-45,24.553175192197251,0.00080013019032776356,4.4722126025408704
BOUNDED,Bounded E25,134,330,-30,10.974800968721977,0.0015144464559853077,3.949527480929564
BOUNDED,Bounded E25,135,330,-20,4.6982881143403246,0.0013326577609404922,3.4733686459126321
BOUNDED,Bounded E25,136,330,-10,11.101905871462817,0.0013966393889859319,3.5682133276389014
BOUNDED,Bounded E25,137,330,0,14.10604466738504,0.0014181847218424082,3.2012137600795212
BOUNDED,Bounded E25,138,330,10,9.8476983963493687,0.0013966393889859319,3.105604087651467
BOUNDED,Bounded E25,139,330,20,13.892339928739169,0.0013326577609404922,3.0425593636138504
BOUNDED,Bounded E25,140,330,30,14.999998739050708,0.0015144464559853077,2.9420974605148218
BOUNDED,Bounded E25,142,330,60,15.000001038303349,0.0010619510430842638,2.4895963395507548
BOUNDED,Bounded E25,143,330,75,14.999999926042548,0.0005497062811627984,2.3131534383397172
BOUNDED,Bounded E25,144,150,75,14.999999926042548,0.0005497062811627984,3.009159091559543
BOUNDED,Bounded E25,145,150,60,30.000000111323018,0.0010619510430842638,3.7839972468731728
BOUNDED,Bounded E25,146,150,45,15.507477619497367,0.0015018255217000842,3.5594984325471333
BOUNDED,Bounded E25,147,150,30,4.3297829047621343,0.0015144464559853077,3.0888191586999811
BOUNDED,Bounded E25,148,150,20,10.974799216332263,0.0013326577609404922,3.4982910355596726
BOUNDED,Bounded E25,149,150,10,20.536778047345422,0.0013966393889859319,3.750644583933413
BOUNDED,Bounded E25,150,150,0,14.10604466738504,0.0014181847218424082,3.6276388202873635
BOUNDED,Bounded E25,151,150,-10,9.8476983963493687,0.0013966393889859319,3.2852152170419586
BOUNDED,Bounded E25,152,150,-20,13.892339928739169,0.0013326577609404922,3.4226775335209498
BOUNDED,Bounded E25,153,150,-30,14.999998739050708,0.0015144464559853077,3.7052957948481069
BOUNDED,Bounded E25,155,325,-45,21.090583039068701,0.00080013019032776356,4.4559383984967162
BOUNDED,Bounded E25,156,325,-30,9.9999992480583071,0.0015144464559853077,3.9360457935604316
BOUNDED,Bounded E25,158,325,-10,10.000000442464293,0.0013966393889859319,3.5884074272035633
BOUNDED,Bounded E25,159,325,0,17.963860447378917,0.0014181847218424082,3.5242583683997206
BOUNDED,Bounded E25,160,325,10,14.770837930353938,0.0013966393889859319,3.3986526022845478
BOUNDED,Bounded E25,161,325,20,17.584023511028544,0.0013326577609404922,3.1016092129479773
BOUNDED,Bounded E25,162,325,30,15.507477619497367,0.0015144464559853077,3.11672067256535
BOUNDED,Bounded E25,163,325,45,3.5349726093893015,0.0015018255217000842,2.3754150884000294
BOUNDED,Bounded E25,164,325,60,15.294998948342053,0.0010619510430842638,2.5036022608427793
BOUNDED,Bounded E25,165,325,75,15.000000513611642,0.0005497062811627984,2.3245462846050402
BOUNDED,Bounded E25,166,145,75,15.000000513611642,0.0005497062811627984,2.9844802896650791
BOUNDED,Bounded E25,167,145,60,29.999999338596972,0.0010619510430842638,3.6624947542422448
BOUNDED,Bounded E25,168,145,45,14.999999418095857,0.0015018255217000842,3.6056328683980041
BOUNDED,Bounded E25,170,145,20,9.9999992480583071,0.0013326577609404922,3.5351081641010711
BOUNDED,Bounded E25,171,145,10,19.999999690522536,0.0013966393889859319,3.801350397529033
BOUNDED,Bounded E25,172,145,0,17.963860447378917,0.0014181847218424082,3.663290311411437
BOUNDED,Bounded E25,173,145,-10,14.770837930353938,0.0013966393889859319,3.5388928270709865
BOUNDED,Bounded E25,174,145,-20,17.584023511028544,0.0013326577609404922,3.6026065571052395
BOUNDED,Bounded E25,175,145,-30,15.507477619497367,0.0015144464559853077,3.7351278808585828
BOUNDED,Bounded E25,176,145,-45,3.5349726093893015,0.00080013019032776356,3.6710383159767699
BOUNDED,Bounded E25,177,320,-45,17.606967058132422,0.00080013019032776356,4.2961193577792844
BOUNDED,Bounded E25,178,320,-30,10.974800783883671,0.0015144464559853077,3.9951319398082892
BOUNDED,Bounded E25,179,320,-20,4.6982895983919564,0.0013326577609404922,3.7952869926459916
BOUNDED,Bounded E25,180,320,-10,11.101905566123458,0.0013966393889859319,3.6589806769855637
BOUNDED,Bounded E25,181,320,0,20.590672409097611,0.0014181847218424082,3.7157904082587234
BOUNDED,Bounded E25,182,320,10,19.693105071764794,0.0013966393889859319,3.6211559444300834
BOUNDED,Bounded E25,183,320,20,18.782569533125056,0.0013326577609404922,3.0569764375005515
BOUNDED,Bounded E25,184,320,30,16.937618856363812,0.0015144464559853077,2.9867985946549478
BOUNDED,Bounded E25,185,320,45,7.0665759174006428,0.0015018255217000842,2.4156789374226815
BOUNDED,Bounded E25,186,320,60,16.146340174030033,0.0010619510430842638,2.5424686612899077
BOUNDED,Bounded E25,187,320,75,15.000000045981704,0.0005497062811627984,2.3213783484562489
BOUNDED,Bounded E25,188,140,75,15.000000045981704,0.0005497062811627984,2.9383571713903609
BOUNDED,Bounded E25,189,140,60,30.000000754713284,0.0010619510430842638,3.657778105355129
BOUNDED,Bounded E25,190,140,45,15.507478746963535,0.0015018255217000842,3.6886060249930379
BOUNDED,Bounded E25,191,140,30,4.3297856282053244,0.0015144464559853077,3.2551294669688402
BOUNDED,Bounded E25,192,140,20,10.974801461651374,0.0013326577609404922,3.6491762094692692
BOUNDED,Bounded E25,193,140,10,20.536778438540473,0.0013966393889859319,3.8464083902071833
BOUNDED,Bounded E25,194,140,0,22.268745808076812,0.0014181847218424082,3.7795057553830107
BOUNDED,Bounded E25,195,140,-10,19.693105071764794,0.0013966393889859319,3.7597446299097528
BOUNDED,Bounded E25,196,140,-20,18.782569533125056,0.0013326577609404922,3.5859918904574601
BOUNDED,Bounded E25,197,140,-30,16.937618856363812,0.0015144464559853077,3.6415002315879175
BOUNDED,Bounded E25,198,140,-45,7.0665759174006428,0.00080013019032776356,3.8895547146140839
BOUNDED,Bounded E25,199,315,-45,14.106044843106213,0.00080013019032776356,4.3333573155263263
BOUNDED,Bounded E25,200,315,-30,13.481722024217131,0.0015144464559853077,3.9060567493832177
BOUNDED,Bounded E25,201,315,-20,9.3955270425035575,0.0013326577609404922,3.9640229654014947
BOUNDED,Bounded E25,202,315,-10,13.892338468968779,0.0013966393889859319,3.9543394395931997
BOUNDED,Bounded E25,203,315,0,22.268744826474858,0.0014181847218424082,3.8524000170003352
BOUNDED,Bounded E25,204,315,10,17.584022658769534,0.0013966393889859319,3.6567304898182011
BOUNDED,Bounded E25,205,315,20,14.090651603071073,0.0013326577609404922,3.1231703279825069
BOUNDED,Bounded E25,206,315,30,16.847751846686993,0.0015144464559853077,3.0002865389211877
BOUNDED,Bounded E25,207,315,45,10.591412221441374,0.0015018255217000842,2.4809390544478385
BOUNDED,Bounded E25,208,315,60,17.469139229498978,0.0010619510430842638,2.5443478443794434
BOUNDED,Bounded E25,209,315,75,15.000000759196658,0.0005497062811627984,2.3466084667883567
BOUNDED,Bounded E25,210,135,75,15.000000759196658,0.0005497062811627984,2.8335714003992312
BOUNDED,Bounded E25,211,135,60,27.967953256853754,0.0010619510430842638,3.5942589612482463
BOUNDED,Bounded E25,212,135,45,16.937618541531808,0.0015018255217000842,3.5933167151442991
BOUNDED,Bounded E25,213,135,30,8.6575008924471586,0.0015144464559853077,3.4010236462154264
BOUNDED,Bounded E25,214,135,20,13.481723581082752,0.0013326577609404922,3.7373690851004797
BOUNDED,Bounded E25,215,135,10,22.068454074222679,0.0013966393889859319,3.984170868929596
BOUNDED,Bounded E25,216,135,0,24.814217316458059,0.0014181847218424082,3.881581371684248
BOUNDED,Bounded E25,217,135,-10,17.584022658769534,0.0013966393889859319,3.8220256242416983
BOUNDED,Bounded E25,218,135,-20,14.090651603071073,0.0013326577609404922,3.5542854412370888
BOUNDED,Bounded E25,219,135,-30,16.847751846686993,0.0015144464559853077,3.6704545361016589
BOUNDED,Bounded E25,220,135,-45,10.591412221441374,0.00080013019032776356,3.9883762845782957
BOUNDED,Bounded E25,221,310,-45,10.591412169898064,0.00080013019032776356,4.3327893420815871
BOUNDED,Bounded E25,222,310,-30,16.847751615755694,0.0015144464559853077,4.0818478128656288
BOUNDED,Bounded E25,223,310,-20,14.090650791577101,0.0013326577609404922,4.260471608062562
BOUNDED,Bounded E25,224,310,-10,17.584022183303819,0.0013966393889859319,4.1055418335953684
BOUNDED,Bounded E25,225,310,0,22.26874569765862,0.0014181847218424082,3.950042683713181
BOUNDED,Bounded E25,226,310,10,13.892339559573843,0.0013966393889859319,3.741590091502867
BOUNDED,Bounded E25,227,310,20,9.3955278474439847,0.0013326577609404922,3.2410053997112147
BOUNDED,Bounded E25,228,310,30,13.481722693495358,0.0015144464559853077,3.0250992693872543
BOUNDED,Bounded E25,229,310,45,14.106044861351487,0.0015018255217000842,2.5594183885799455
BOUNDED,Bounded E25,230,310,60,19.160311981928583,0.0010619510430842638,2.5760617883293566
BOUNDED,Bounded E25,231,310,75,15.000000045981704,0.0005497062811627984,2.3433575523476975
BOUNDED,Bounded E25,232,130,75,15.000000045981704,0.0005497062811627984,2.7900810668956959
BOUNDED,Bounded E25,233,130,60,25.579586991885623,0.0010619510430842638,3.5218210903889751
BOUNDED,Bounded E25,234,130,45,19.080584438556169,0.0015018255217000842,3.5993994089111379
BOUNDED,Bounded E25,235,130,30,12.981060122360738,0.0015144464559853077,3.505275212904631
BOUNDED,Bounded E25,236,130,20,16.847752970154431,0.0013326577609404922,3.8696092039881949
BOUNDED,Bounded E25,237,130,10,24.407187574190903,0.0013966393889859319,3.9676567395718063
BOUNDED,Bounded E25,238,130,0,22.26874569765862,0.0014181847218424082,3.8947055529525341
BOUNDED,Bounded E25,239,130,-10,13.892339559573843,0.0013966393889859319,3.9246181527315143
BOUNDED,Bounded E25,240,130,-20,9.3955278474439847,0.0013326577609404922,3.6027325909484347
BOUNDED,Bounded E25,241,130,-30,13.481722693495358,0.0015144464559853077,3.7243450428577063
BOUNDED,Bounded E25,242,130,-45,14.106044861351487,0.00080013019032776356,4.1080768333238877
BOUNDED,Bounded E25,243,305,-45,7.0665737578836278,0.00080013019032776356,4.382260140915192
BOUNDED,Bounded E25,244,305,-30,16.937618103837618,0.0015144464559853077,4.2060999892250273
BOUNDED,Bounded E25,245,305,-20,18.782571022300161,0.0013326577609404922,4.3849417343889447
BOUNDED,Bounded E25,246,305,-10,21.720794676281667,0.0013966393889859319,4.1082300415537105
BOUNDED,Bounded E25,247,305,0,20.590672601212329,0.0014181847218424082,3.9414947438189079
BOUNDED,Bounded E25,248,305,10,11.101906097405333,0.0013966393889859319,3.8382289084353469
BOUNDED,Bounded E25,249,305,20,4.6982881143403246,0.0013326577609404922,3.0981156466121784
BOUNDED,Bounded E25,250,305,30,10.974799216332263,0.0015144464559853077,3.0679861815292786
BOUNDED,Bounded E25,251,305,45,17.606969385403353,0.0015018255217000842,2.6779336511452234
BOUNDED,Bounded E25,252,305,60,21.124323795477249,0.0010619510430842638,2.6601291418131199
BOUNDED,Bounded E25,253,305,75,15.000000513611642,0.0005497062811627984,2.3445274780802947
BOUNDED,Bounded E25,254,125,75,15.000000513611642,0.0005497062811627984,2.7994052755244514
BOUNDED,Bounded E25,255,125,60,23.283732169116558,0.0010619510430842638,3.4658995552821903
BOUNDED,Bounded E25,256,125,45,21.090580421606788,0.0015018255217000842,3.6384769742719243
BOUNDED,Bounded E25,257,125,30,17.298331880789124,0.0015144464559853077,3.57924846165476
BOUNDED,Bounded E25,258,125,20,20.653637823309932,0.0013326577609404922,3.9021724240423357
BOUNDED,Bounded E25,259,125,10,19.693105582230331,0.0013966393889859319,4.0272669503488725
BOUNDED,Bounded E25,260,125,0,20.590672601212329,0.0014181847218424082,3.9900665416842913
BOUNDED,Bounded E25,261,125,-10,11.101906097405333,0.0013966393889859319,4.0259161127423342
BOUNDED,Bounded E25,262,125,-20,4.6982881143403246,0.0013326577609404922,3.6930537486631065
BOUNDED,Bounded E25,263,125,-30,10.974799216332263,0.0015144464559853077,3.8959920024880987
BOUNDED,Bounded E25,264,125,-45,17.606969385403353,0.00080013019032776356,4.2833170587011624
BOUNDED,Bounded E25,265,300,-45,3.5349723672764939,0.00080013019032776356,3.9752724447363206
BOUNDED,Bounded E25,266,300,-30,15.507477882749432,0.0015144464559853077,4.3774983188739958
BOUNDED,Bounded E25,267,300,-20,21.720797258522222,0.0013326577609404922,4.5760415034806607
BOUNDED,Bounded E25,268,300,-10,19.693102264372424,0.0013966393889859319,4.0060684375644362
BOUNDED,Bounded E25,269,300,0,20.000001081696542,0.0014181847218424082,3.8841547656852664
BOUNDED,Bounded E25,270,300,10,10.000001188003743,0.0013966393889859319,3.9088942625446772
BOUNDED,Bounded E25,272,300,30,9.999999029626526,0.0015144464559853077,3.1059863228126492
BOUNDED,Bounded E25,273,300,45,21.09058345153683,0.0015018255217000842,2.8216298428121287
BOUNDED,Bounded E25,274,300,60,23.283732956340483,0.0010619510430842638,2.6921806749217243
BOUNDED,Bounded E25,275,300,75,14.999999926042548,0.0005497062811627984,2.3757023341397825
BOUNDED,Bounded E25,276,120,75,14.999999926042548,0.0005497062811627984,2.6632772237244726
BOUNDED,Bounded E25,277,120,60,21.124323816652065,0.0010619510430842638,3.3704031126456879
BOUNDED,Bounded E25,278,120,45,17.606966457268481,0.0015018255217000842,3.7009781150911825
BOUNDED,Bounded E25,279,120,30,21.607104488938131,0.0015144464559853077,3.6984327018254266
BOUNDED,Bounded E25,280,120,20,17.584023920930079,0.0013326577609404922,4.0381516422212167
BOUNDED,Bounded E25,281,120,10,14.770834162524009,0.0013966393889859319,3.9703276447031755
BOUNDED,Bounded E25,282,120,0,17.963860119699778,0.0014181847218424082,4.1004504198171032
BOUNDED,Bounded E25,283,120,-10,10.000001188003743,0.0013966393889859319,4.0484781168664039
BOUNDED,Bounded E25,285,120,-30,9.999999029626526,0.0015144464559853077,4.0007947895298681
BOUNDED,Bounded E25,286,120,-45,21.09058345153683,0.00080013019032776356,4.3395243559608812
BOUNDED,Bounded E25,288,295,-30,14.999999968681948,0.0015144464559853077,4.6336657709394835
BOUNDED,Bounded E25,289,295,-20,17.584023688118002,0.0013326577609404922,4.5485722874653609
BOUNDED,Bounded E25,290,295,-10,14.7708350451899,0.0013966393889859319,4.119180781524916
BOUNDED,Bounded E25,291,295,0,17.963859654834859,0.0014181847218424082,3.9846030153851144
BOUNDED,Bounded E25,292,295,10,11.101906323216596,0.0013966393889859319,3.9163273432555541
BOUNDED,Bounded E25,293,295,20,4.6982885557778449,0.0013326577609404922,3.3154279066122361
BOUNDED,Bounded E25,294,295,30,10.974800180129701,0.0015144464559853077,3.1786475087639743
BOUNDED,Bounded E25,295,295,45,21.09058089744196,0.0015018255217000842,2.8304323609944038
BOUNDED,Bounded E25,296,295,60,23.283731703845064,0.0010619510430842638,2.7003755486366066
BOUNDED,Bounded E25,297,295,75,15.000000037063414,0.0005497062811627984,2.3695551594935322
BOUNDED,Bounded E25,298,115,75,15.000000037063414,0.0005497062811627984,2.6019139861034231
BOUNDED,Bounded E25,299,115,60,19.1603114048904,0.0010619510430842638,3.2368926808115854
BOUNDED,Bounded E25,300,115,45,14.106044049359161,0.0015018255217000842,3.5486656386377402
BOUNDED,Bounded E25,301,115,30,21.721268937441273,0.0015144464559853077,3.7670964813805701
BOUNDED,Bounded E25,302,115,20,13.892339676756846,0.0013326577609404922,4.0102965467548577
BOUNDED,Bounded E25,303,115,10,9.8476988264340477,0.0013966393889859319,4.1157257101862692
BOUNDED,Bounded E25,304,115,0,14.106043681994763,0.0014181847218424082,4.1295075993359465
BOUNDED,Bounded E25,305,115,-10,11.101906323216596,0.0013966393889859319,4.0229300567553956
BOUNDED,Bounded E25,306,115,-20,4.6982885557778449,0.0013326577609404922,3.760685596316681
BOUNDED,Bounded E25,307,115,-30,10.974800180129701,0.0015144464559853077,4.1329247706827665
BOUNDED,Bounded E25,308,115,-45,24.553175192197251,0.00080013019032776356,4.5158238910124089
BOUNDED,Bounded E25,309,290,-45,3.5349729711425013,0.00080013019032776356,3.9694950677709033
BOUNDED,Bounded E25,310,290,-30,15.507476946310584,0.0015144464559853077,4.4824503185753768
BOUNDED,Bounded E25,311,290,-20,13.892338343524369,0.0013326577609404922,4.6054872658150519
BOUNDED,Bounded E25,312,290,-10,9.8476990078007134,0.0013966393889859319,4.009132185508907
BOUNDED,Bounded E25,313,290,0,14.106044537805667,0.0014181847218424082,4.1099415881305479
BOUNDED,Bounded E25,314,290,10,13.892339928739169,0.0013966393889859319,4.1010533146037806
BOUNDED,Bounded E25,315,290,20,9.3955278431111164,0.0013326577609404922,3.5017686533467893
BOUNDED,Bounded E25,316,290,30,13.481723153110721,0.0015144464559853077,3.2764678570654713
BOUNDED,Bounded E25,317,290,45,17.606966632428144,0.0015018255217000842,2.9172401677670035
BOUNDED,Bounded E25,318,290,60,21.124323628857301,0.0010619510430842638,2.6937150751693824
BOUNDED,Bounded E25,319,290,75,15.000000080789578,0.0005497062811627984,2.3704699265204106
BOUNDED,Bounded E25,320,110,75,15.000000080789578,0.0005497062811627984,2.5995699041586318
BOUNDED,Bounded E25,321,110,60,17.469138507459274,0.0010619510430842638,3.1245234669530886
BOUNDED,Bounded E25,322,110,45,10.591410810340577,0.0015018255217000842,3.5072675431827971
BOUNDED,Bounded E25,323,110,30,19.080583258701811,0.0015144464559853077,3.8470630713054264
BOUNDED,Bounded E25,324,110,20,11.101904792308432,0.0013326577609404922,3.833451306232575
BOUNDED,Bounded E25,325,110,10,4.923991137574113,0.0013966393889859319,3.9199247978340015
BOUNDED,Bounded E25,326,110,0,11.168952764252944,0.0014181847218424082,4.0923701980598759
BOUNDED,Bounded E25,327,110,-10,13.892339928739169,0.0013966393889859319,4.1227240397884097
BOUNDED,Bounded E25,328,110,-20,9.3955278431111164,0.0013326577609404922,3.964288287752233
BOUNDED,Bounded E25,329,110,-30,13.481723153110721,0.0015144464559853077,4.215348561397315
BOUNDED,Bounded E25,330,110,-45,26.335321932194201,0.00080013019032776356,4.6458793964070466
BOUNDED,Bounded E25,331,285,-45,7.066573973819299,0.00080013019032776356,4.3367557301212978
BOUNDED,Bounded E25,332,285,-30,16.937618364774703,0.0015144464559853077,4.6570548174351369
BOUNDED,Bounded E25,333,285,-20,11.101905237270087,0.0013326577609404922,4.6646190746861853
BOUNDED,Bounded E25,334,285,-10,4.923991597886185,0.0013966393889859319,3.9202016571984135
BOUNDED,Bounded E25,335,285,0,11.168952776943851,0.0014181847218424082,4.0950659250118369
BOUNDED,Bounded E25,336,285,10,17.584023920930079,0.0013966393889859319,4.2756792925256146
BOUNDED,Bounded E25,337,285,20,14.090652882944042,0.0013326577609404922,3.5938583401460922
BOUNDED,Bounded E25,338,285,30,16.847753664559015,0.0015144464559853077,3.2973898046234154
BOUNDED,Bounded E25,339,285,45,14.106044534968714,0.0015018255217000842,2.9908698883251095
BOUNDED,Bounded E25,340,285,60,19.16031220270019,0.0010619510430842638,2.6440758300811371
BOUNDED,Bounded E25,341,285,75,15.000000205801689,0.0005497062811627984,2.3678903932047994
BOUNDED,Bounded E25,342,105,75,15.000000205801689,0.0005497062811627984,2.5937118898003164
BOUNDED,Bounded E25,343,105,60,16.146339982767262,0.0010619510430842638,2.9688457885294834
BOUNDED,Bounded E25,344,105,45,7.0665746820713302,0.0015018255217000842,3.4569629746790711
BOUNDED,Bounded E25,345,105,30,16.937617826182553,0.0015144464559853077,3.744932352995983
BOUNDED,Bounded E25,346,105,20,10.000001042231721,0.0013326577609404922,3.9542125904296368
BOUNDED,Bounded E25,348,105,0,9.9999997713238429,0.0014181847218424082,4.1664631383341
BOUNDED,Bounded E25,349,105,-10,17.584023920930079,0.0013966393889859319,4.0265324712553108
BOUNDED,Bounded E25,350,105,-20,14.090652882944042,0.0013326577609404922,4.1199904379764201
BOUNDED,Bounded E25,351,105,-30,16.847753664559015,0.0015144464559853077,4.2685393237524485
BOUNDED,Bounded E25,352,105,-45,27.912101967116733,0.00080013019032776356,4.7813381529111956
BOUNDED,Bounded E25,353,280,-45,10.591410568697148,0.00080013019032776356,4.6807103656232059
BOUNDED,Bounded E25,354,280,-30,19.080584560230658,0.0015144464559853077,4.8316168102646824
BOUNDED,Bounded E25,355,280,-20,10.000000312474459,0.0013326577609404922,4.5362017306007463
BOUNDED,Bounded E25,357,280,0,10.000000063334213,0.0014181847218424082,4.0525699207418731
BOUNDED,Bounded E25,358,280,10,20.000000126668425,0.0013966393889859319,4.1708147895454744
BOUNDED,Bounded E25,359,280,20,18.782572356704865,0.0013326577609404922,3.7670218523152528
BOUNDED,Bounded E25,360,280,30,19.080583769633087,0.0015144464559853077,3.3551025079235717
BOUNDED,Bounded E25,361,280,45,10.591411252424974,0.0015018255217000842,3.0187355221034
BOUNDED,Bounded E25,362,280,60,17.46913876234531,0.0010619510430842638,2.5845458087418209
BOUNDED,Bounded E25,363,280,75,15.000000876882917,0.0005497062811627984,2.369068737869382
BOUNDED,Bounded E25,364,100,75,15.000000876882917,0.0005497062811627984,2.5406858050421643
BOUNDED,Bounded E25,365,100,60,15.294999564249215,0.0010619510430842638,2.7808643444232066
BOUNDED,Bounded E25,366,100,45,3.5349730246201427,0.0015018255217000842,3.3140003857888258
BOUNDED,Bounded E25,367,100,30,15.507478063998745,0.0015144464559853077,3.4750294412461042
BOUNDED,Bounded E25,368,100,20,11.101905383875703,0.0013326577609404922,3.7464395305430909
BOUNDED,Bounded E25,369,100,10,4.923991597886185,0.0013966393889859319,4.016949891697231
BOUNDED,Bounded E25,370,100,0,11.168952618752609,0.0014181847218424082,4.0208906269992415
BOUNDED,Bounded E25,371,100,-10,19.693104520766859,0.0013966393889859319,4.0598891662180767
BOUNDED,Bounded E25,372,100,-20,18.782572356704865,0.0013326577609404922,4.3226973944664593
BOUNDED,Bounded E25,373,100,-30,20.653638018260867,0.0015144464559853077,4.5253716417729484
BOUNDED,Bounded E25,374,100,-45,24.553173207647458,0.00080013019032776356,4.7930138255745272
BOUNDED,Bounded E25,375,275,-45,14.106044049359161,0.00080013019032776356,4.7790844783919209
BOUNDED,Bounded E25,376,275,-30,20.53677829030493,0.0015144464559853077,4.6381755322347997
BOUNDED,Bounded E25,377,275,-20,11.101905198345321,0.0013326577609404922,4.5354948788418152
BOUNDED,Bounded E25,378,275,-10,4.9239920503845713,0.0013966393889859319,3.8477016062056921
BOUNDED,Bounded E25,379,275,0,11.16895302052127,0.0014181847218424082,4.3181041653806531
BOUNDED,Bounded E25,380,275,10,19.69310407722487,0.0013966393889859319,4.3740868293293289
BOUNDED,Bounded E25,381,275,20,21.720796852149238,0.0013326577609404922,3.6425720878071504
BOUNDED,Bounded E25,382,275,30,16.937617453527647,0.0015144464559853077,3.6659856683052059
BOUNDED,Bounded E25,383,275,45,7.0665743376950143,0.0015018255217000842,2.9681689675817435
BOUNDED,Bounded E25,384,275,60,16.146339106920092,0.0010619510430842638,2.6652794225218028
BOUNDED,Bounded E25,385,275,75,15.000000519710634,0.0005497062811627984,2.3745664995041476
BOUNDED,Bounded E25,386,95,75,15.000000519710634,0.0005497062811627984,2.4730762278205503
BOUNDED,Bounded E25,387,95,60,14.999999903155175,0.0010619510430842638,2.6570412413742663
BOUNDED,Bounded E25,389,95,30,14.999998860864325,0.0015144464559853077,3.5228376296920088
BOUNDED,Bounded E25,390,95,20,13.892339311357045,0.0013326577609404922,3.5481884621772455
BOUNDED,Bounded E25,391,95,10,9.8476999267451841,0.0013966393889859319,4.1255805327857207
BOUNDED,Bounded E25,392,95,0,14.106044325762864,0.0014181847218424082,4.1776576812179949
BOUNDED,Bounded E25,393,95,-10,14.770835961042275,0.0013966393889859319,4.0483031267095519
BOUNDED,Bounded E25,394,95,-20,17.584023136331574,0.0013326577609404922,4.4437250845357372
BOUNDED,Bounded E25,395,95,-30,24.40718811313571,0.0015144464559853077,4.4753720358122813
BOUNDED,Bounded E25,396,95,-45,21.09058089744196,0.00080013019032776356,4.8872144820776224
BOUNDED,Bounded E25,397,270,-45,17.606966600082263,0.00080013019032776356,4.7793578478051
BOUNDED,Bounded E25,398,270,-30,22.068454646158248,0.0015144464559853077,4.6585000570962345
BOUNDED,Bounded E25,399,270,-20,13.892339141059953,0.0013326577609404922,4.4791088308190474
BOUNDED,Bounded E25,400,270,-10,9.8476998269605698,0.0013966393889859319,3.8598891653098728
BOUNDED,Bounded E25,401,270,0,14.106044534885925,0.0014181847218424082,4.396595130154787
BOUNDED,Bounded E25,402,270,10,14.770836052664333,0.0013966393889859319,4.1038256985931216
BOUNDED,Bounded E25,403,270,20,17.584023579682643,0.0013326577609404922,3.5657721272886693
BOUNDED,Bounded E25,404,270,30,15.507477087468549,0.0015144464559853077,3.5827569430937114
BOUNDED,Bounded E25,405,270,45,3.5349727355105256,0.0015018255217000842,2.8669696831056872
BOUNDED,Bounded E25,406,270,60,15.294998954736444,0.0010619510430842638,2.6662031500827648
BOUNDED,Bounded E25,407,270,75,15.000000120055846,0.0005497062811627984,2.4100080832348776
BOUNDED,Bounded E25,408,90,75,15.000000120055846,0.0005497062811627984,2.4459082110926871
BOUNDED,Bounded E25,409,90,60,15.294998954736444,0.0010619510430842638,2.6160602037677716
BOUNDED,Bounded E25,410,90,45,3.5349727355105256,0.0015018255217000842,3.0197177962312796
BOUNDED,Bounded E25,411,90,30,15.507477087468549,0.0015144464559853077,3.4501650336967442
BOUNDED,Bounded E25,412,90,20,17.584023579682643,0.0013326577609404922,3.6947483351257606
BOUNDED,Bounded E25,413,90,10,14.770836052664333,0.0013966393889859319,4.2557719634023838
BOUNDED,Bounded E25,414,90,0,14.106044534885925,0.0014181847218424082,4.1860012669692921
BOUNDED,Bounded E25,415,90,-10,9.8476998269605698,0.0013966393889859319,3.98887171069584
BOUNDED,Bounded E25,416,90,-20,13.892339141059953,0.0013326577609404922,4.5534973874797124
BOUNDED,Bounded E25,417,90,-30,22.068454646158248,0.0015144464559853077,4.6162535799791078
BOUNDED,Bounded E25,418,90,-45,17.606966600082263,0.00080013019032776356,4.8204586065166923
BOUNDED,Bounded E25,419,265,-45,21.09058089744196,0.00080013019032776356,4.7971990669077726
BOUNDED,Bounded E25,420,265,-30,24.40718811313571,0.0015144464559853077,4.5962938822026613
BOUNDED,Bounded E25,421,265,-20,17.584023136331574,0.0013326577609404922,4.2622262393019774
BOUNDED,Bounded E25,422,265,-10,14.770835961042275,0.0013966393889859319,4.0560101867058487
BOUNDED,Bounded E25,423,265,0,14.106044325762864,0.0014181847218424082,4.1961185281701319
BOUNDED,Bounded E25,424,265,10,9.8476999267451841,0.0013966393889859319,3.6671521379934116
BOUNDED,Bounded E25,425,265,20,13.892339311357045,0.0013326577609404922,3.5211536288318239
BOUNDED,Bounded E25,426,265,30,14.999998860864325,0.0015144464559853077,3.6317251339992551
BOUNDED,Bounded E25,428,265,60,14.999999903155175,0.0010619510430842638,2.6637591090849617
BOUNDED,Bounded E25,429,265,75,15.000000519710634,0.0005497062811627984,2.4373437069184472
BOUNDED,Bounded E25,430,85,75,15.000000519710634,0.0005497062811627984,2.4707507277241749
BOUNDED,Bounded E25,431,85,60,16.146339106920092,0.0010619510430842638,2.6154138150229089
BOUNDED,Bounded E25,432,85,45,7.0665743376950143,0.0015018255217000842,3.1049853996213175
BOUNDED,Bounded E25,433,85,30,16.937617453527647,0.0015144464559853077,3.4254487501739619
BOUNDED,Bounded E25,434,85,20,21.720796852149238,0.0013326577609404922,3.9132505566426299
BOUNDED,Bounded E25,435,85,10,19.69310407722487,0.0013966393889859319,4.1529907631480834
BOUNDED,Bounded E25,436,85,0,11.16895302052127,0.0014181847218424082,4.149424349889979
BOUNDED,Bounded E25,437,85,-10,4.9239920503845713,0.0013966393889859319,4.0367001459267176
BOUNDED,Bounded E25,438,85,-20,11.101905198345321,0.0013326577609404922,4.5121742972111081
BOUNDED,Bounded E25,439,85,-30,20.53677829030493,0.0015144464559853077,4.7718710973227738
BOUNDED,Bounded E25,440,85,-45,14.106044049359161,0.00080013019032776356,4.8928976715574128
BOUNDED,Bounded E25,441,260,-45,24.553173207647458,0.00080013019032776356,4.7172264400929631
BOUNDED,Bounded E25,442,260,-30,20.653638018260867,0.0015144464559853077,4.4044810303892588
BOUNDED,Bounded E25,443,260,-20,18.782572356704865,0.0013326577609404922,4.205920163162383
BOUNDED,Bounded E25,444,260,-10,19.693104520766859,0.0013966393889859319,4.189616133693459
BOUNDED,Bounded E25,445,260,0,11.168952618752609,0.0014181847218424082,3.9564121224934254
BOUNDED,Bounded E25,446,260,10,4.923991597886185,0.0013966393889859319,3.7612833348163766
BOUNDED,Bounded E25,447,260,20,11.101905383875703,0.0013326577609404922,3.9153211540186721
BOUNDED,Bounded E25,448,260,30,15.507478063998745,0.0015144464559853077,3.696793687157498
BOUNDED,Bounded E25,449,260,45,3.5349730246201427,0.0015018255217000842,3.0548258126298053
BOUNDED,Bounded E25,450,260,60,15.294999564249215,0.0010619510430842638,2.7603850729959127
BOUNDED,Bounded E25,451,260,75,15.000000876882917,0.0005497062811627984,2.4713515508665318
BOUNDED,Bounded E25,452,80,75,15.000000876882917,0.0005497062811627984,2.4266398962653781
BOUNDED,Bounded E25,453,80,60,17.46913876234531,0.0010619510430842638,2.6193078087967985
BOUNDED,Bounded E25,454,80,45,10.591411252424974,0.0015018255217000842,2.9711910319468857
BOUNDED,Bounded E25,455,80,30,19.080583769633087,0.0015144464559853077,3.3927729190867835
BOUNDED,Bounded E25,456,80,20,18.782572356704865,0.0013326577609404922,3.728305728324234
BOUNDED,Bounded E25,457,80,10,20.000000126668425,0.0013966393889859319,4.2027986924716263
BOUNDED,Bounded E25,458,80,0,10.000000063334213,0.0014181847218424082,4.227130963671053
BOUNDED,Bounded E25,460,80,-20,10.000000312474459,0.0013326577609404922,4.4604866867876645
BOUNDED,Bounded E25,461,80,-30,19.080584560230658,0.0015144464559853077,4.7135003702639731
BOUNDED,Bounded E25,462,80,-45,10.591410568697148,0.00080013019032776356,4.7961182178635715
BOUNDED,Bounded E25,463,255,-45,27.912101967116733,0.00080013019032776356,4.6458685369842705
BOUNDED,Bounded E25,464,255,-30,16.847753664559015,0.0015144464559853077,4.3217833471768392
BOUNDED,Bounded E25,465,255,-20,14.090652882944042,0.0013326577609404922,4.0433199519577032
BOUNDED,Bounded E25,466,255,-10,17.584023920930079,0.0013966393889859319,4.1837477851672116
BOUNDED,Bounded E25,467,255,0,9.9999997713238429,0.0014181847218424082,3.947093552153683
BOUNDED,Bounded E25,469,255,20,10.000001042231721,0.0013326577609404922,4.0900235951858743
BOUNDED,Bounded E25,470,255,30,16.937617826182553,0.0015144464559853077,3.7178417241513131
BOUNDED,Bounded E25,471,255,45,7.0665746820713302,0.0015018255217000842,3.2478167510442817
BOUNDED,Bounded E25,472,255,60,16.146339982767262,0.0010619510430842638,2.9166254145993022
BOUNDED,Bounded E25,473,255,75,15.000000205801689,0.0005497062811627984,2.5082517465383058
BOUNDED,Bounded E25,474,75,75,15.000000205801689,0.0005497062811627984,2.4054591315708298
BOUNDED,Bounded E25,475,75,60,19.16031220270019,0.0010619510430842638,2.587480934298799
BOUNDED,Bounded E25,476,75,45,14.106044534968714,0.0015018255217000842,2.8805738294141228
BOUNDED,Bounded E25,477,75,30,16.847753664559015,0.0015144464559853077,3.3997792855074191
BOUNDED,Bounded E25,478,75,20,14.090652882944042,0.0013326577609404922,3.7276656692544177
BOUNDED,Bounded E25,479,75,10,17.584023920930079,0.0013966393889859319,4.2776084630223119
BOUNDED,Bounded E25,480,75,0,11.168952776943851,0.0014181847218424082,4.1520300502584648
BOUNDED,Bounded E25,481,75,-10,4.923991597886185,0.0013966393889859319,4.1242754584675474
BOUNDED,Bounded E25,482,75,-20,11.101905237270087,0.0013326577609404922,4.5747839561694521
BOUNDED,Bounded E25,483,75,-30,16.937618364774703,0.0015144464559853077,4.6835127797914131
BOUNDED,Bounded E25,484,75,-45,7.066573973819299,0.00080013019032776356,4.4135804259694673
BOUNDED,Bounded E25,485,250,-45,26.335321932194201,0.00080013019032776356,4.5601444155436246
BOUNDED,Bounded E25,486,250,-30,13.481723153110721,0.0015144464559853077,4.2676487876189038
BOUNDED,Bounded E25,487,250,-20,9.3955278431111164,0.0013326577609404922,4.0382306346495236
BOUNDED,Bounded E25,488,250,-10,13.892339928739169,0.0013966393889859319,4.098609430220379
BOUNDED,Bounded E25,489,250,0,11.168952764252944,0.0014181847218424082,3.9924007852197603
BOUNDED,Bounded E25,490,250,10,4.923991137574113,0.0013966393889859319,4.0865707147816357
BOUNDED,Bounded E25,491,250,20,11.101904792308432,0.0013326577609404922,3.8044901778956528
BOUNDED,Bounded E25,492,250,30,19.080583258701811,0.0015144464559853077,3.7807370078147753
BOUNDED,Bounded E25,493,250,45,10.591410810340577,0.0015018255217000842,3.4315194792635921
BOUNDED,Bounded E25,494,250,60,17.469138507459274,0.0010619510430842638,3.1180534178189432
BOUNDED,Bounded E25,495,250,75,15.000000080789578,0.0005497062811627984,2.5250163139019643
BOUNDED,Bounded E25,496,70,75,15.000000080789578,0.0005497062811627984,2.4230693704010329
BOUNDED,Bounded E25,497,70,60,21.124323628857301,0.0010619510430842638,2.5846976218210282
BOUNDED,Bounded E25,498,70,45,17.606966632428144,0.0015018255217000842,2.8309303650140061
BOUNDED,Bounded E25,499,70,30,13.481723153110721,0.0015144464559853077,3.2055871218998893
BOUNDED,Bounded E25,500,70,20,9.3955278431111164,0.0013326577609404922,3.622710422938741
BOUNDED,Bounded E25,501,70,10,13.892339928739169,0.0013966393889859319,4.1639941720578042
BOUNDED,Bounded E25,502,70,0,14.106044537805667,0.0014181847218424082,4.1113128089415216
BOUNDED,Bounded E25,503,70,-10,9.8476990078007134,0.0013966393889859319,4.3025841559537454
BOUNDED,Bounded E25,504,70,-20,13.892338343524369,0.0013326577609404922,4.5703313765420779
BOUNDED,Bounded E25,505,70,-30,15.507476946310584,0.0015144464559853077,4.5022018838382678
BOUNDED,Bounded E25,506,70,-45,3.5349729711425013,0.00080013019032776356,3.9841725003822543
BOUNDED,Bounded E25,507,245,-45,24.553175192197251,0.00080013019032776356,4.5594835848564337
BOUNDED,Bounded E25,508,245,-30,10.974800180129701,0.0015144464559853077,4.2220484076280771
BOUNDED,Bounded E25,509,245,-20,4.6982885557778449,0.0013326577609404922,4.027171030627696
BOUNDED,Bounded E25,510,245,-10,11.101906323216596,0.0013966393889859319,3.9588173904760668
BOUNDED,Bounded E25,511,245,0,14.106043681994763,0.0014181847218424082,4.0471304881650321
BOUNDED,Bounded E25,512,245,10,9.8476988264340477,0.0013966393889859319,4.0911585912691031
BOUNDED,Bounded E25,513,245,20,13.892339676756846,0.0013326577609404922,3.9442058383421408
BOUNDED,Bounded E25,514,245,30,21.721268937441273,0.0015144464559853077,3.7322596554370406
BOUNDED,Bounded E25,515,245,45,14.106044049359161,0.0015018255217000842,3.513968265821791
BOUNDED,Bounded E25,516,245,60,19.1603114048904,0.0010619510430842638,3.2465306870287054
BOUNDED,Bounded E25,517,245,75,15.000000037063414,0.0005497062811627984,2.6199965457580743
BOUNDED,Bounded E25,518,65,75,15.000000037063414,0.0005497062811627984,2.3768407806468055
BOUNDED,Bounded E25,519,65,60,23.283731703845064,0.0010619510430842638,2.5958512599280534
BOUNDED,Bounded E25,520,65,45,21.09058089744196,0.0015018255217000842,2.7991298836722613
BOUNDED,Bounded E25,521,65,30,10.974800180129701,0.0015144464559853077,3.0825434112710353
BOUNDED,Bounded E25,522,65,20,4.6982885557778449,0.0013326577609404922,3.3442869858583006
BOUNDED,Bounded E25,523,65,10,11.101906323216596,0.0013966393889859319,3.9693186434687648
BOUNDED,Bounded E25,524,65,0,17.963859654834859,0.0014181847218424082,4.0718954098101827
BOUNDED,Bounded E25,525,65,-10,14.7708350451899,0.0013966393889859319,4.2866357970350188
BOUNDED,Bounded E25,526,65,-20,17.584023688118002,0.0013326577609404922,4.5369468778413644
BOUNDED,Bounded E25,527,65,-30,14.999999968681948,0.0015144464559853077,4.5102942942834128
BOUNDED,Bounded E25,529,240,-45,21.09058345153683,0.00080013019032776356,4.5045625656602333
BOUNDED,Bounded E25,530,240,-30,9.999999029626526,0.0015144464559853077,4.1136935233308751
BOUNDED,Bounded E25,532,240,-10,10.000001188003743,0.0013966393889859319,3.7973777860321145
BOUNDED,Bounded E25,533,240,0,17.963860119699778,0.0014181847218424082,4.0048435301244503
BOUNDED,Bounded E25,534,240,10,14.770834162524009,0.0013966393889859319,4.0526106717947847
BOUNDED,Bounded E25,535,240,20,17.584023920930079,0.0013326577609404922,3.756457788318869
BOUNDED,Bounded E25,536,240,30,21.607104488938131,0.0015144464559853077,3.6025940027632486
BOUNDED,Bounded E25,537,240,45,17.606966457268481,0.0015018255217000842,3.6081769415585287
BOUNDED,Bounded E25,538,240,60,21.124323816652065,0.0010619510430842638,3.3979897259517995
BOUNDED,Bounded E25,539,240,75,14.999999926042548,0.0005497062811627984,2.7677581399263715
BOUNDED,Bounded E25,540,60,75,14.999999926042548,0.0005497062811627984,2.3719512117086095
BOUNDED,Bounded E25,541,60,60,23.283732956340483,0.0010619510430842638,2.613911395368655
BOUNDED,Bounded E25,542,60,45,21.09058345153683,0.0015018255217000842,2.8225252318303347
BOUNDED,Bounded E25,543,60,30,9.999999029626526,0.0015144464559853077,3.0786498978467294
BOUNDED,Bounded E25,545,60,10,10.000001188003743,0.0013966393889859319,3.961682288732999
BOUNDED,Bounded E25,546,60,0,20.000001081696542,0.0014181847218424082,4.0923955323641747
BOUNDED,Bounded E25,547,60,-10,19.693102264372424,0.0013966393889859319,4.3642548987898886
BOUNDED,Bounded E25,548,60,-20,21.720797258522222,0.0013326577609404922,4.4751682422640862
BOUNDED,Bounded E25,549,60,-30,15.507477882749432,0.0015144464559853077,4.3258855128515314
BOUNDED,Bounded E25,550,60,-45,3.5349723672764939,0.00080013019032776356,3.9429724688061825
BOUNDED,Bounded E25,551,235,-45,17.606969385403353,0.00080013019032776356,4.4013185978745772
BOUNDED,Bounded E25,552,235,-30,10.974799216332263,0.0015144464559853077,3.9089324754748347
BOUNDED,Bounded E25,553,235,-20,4.6982881143403246,0.0013326577609404922,3.8412037616617436
BOUNDED,Bounded E25,554,235,-10,11.101906097405333,0.0013966393889859319,3.870821168955064
BOUNDED,Bounded E25,555,235,0,20.590672601212329,0.0014181847218424082,3.9913345570325065
BOUNDED,Bounded E25,556,235,10,19.693105582230331,0.0013966393889859319,3.9318740454787755
BOUNDED,Bounded E25,557,235,20,20.653637823309932,0.0013326577609404922,3.7630435946143574
BOUNDED,Bounded E25,558,235,30,17.298331880789124,0.0015144464559853077,3.4466666868262674
BOUNDED,Bounded E25,559,235,45,21.090580421606788,0.0015018255217000842,3.5365268941945782
BOUNDED,Bounded E25,560,235,60,23.283732169116558,0.0010619510430842638,3.4745455803903216
BOUNDED,Bounded E25,561,235,75,15.000000513611642,0.0005497062811627984,2.7369970352421542
BOUNDED,Bounded E25,562,55,75,15.000000513611642,0.0005497062811627984,2.3350574019445491
BOUNDED,Bounded E25,563,55,60,21.124323795477249,0.0010619510430842638,2.5919329984256834
BOUNDED,Bounded E25,564,55,45,17.606969385403353,0.0015018255217000842,2.8196917821724017
BOUNDED,Bounded E25,565,55,30,10.974799216332263,0.0015144464559853077,3.0500346728333856
BOUNDED,Bounded E25,566,55,20,4.6982881143403246,0.0013326577609404922,3.2716230725552804
BOUNDED,Bounded E25,567,55,10,11.101906097405333,0.0013966393889859319,3.8526950322448683
BOUNDED,Bounded E25,568,55,0,20.590672601212329,0.0014181847218424082,4.114397418900098
BOUNDED,Bounded E25,569,55,-10,21.720794676281667,0.0013966393889859319,4.2958615928311472
BOUNDED,Bounded E25,570,55,-20,18.782571022300161,0.0013326577609404922,4.3025740245502746
BOUNDED,Bounded E25,571,55,-30,16.937618103837618,0.0015144464559853077,4.2389844211024972
BOUNDED,Bounded E25,572,55,-45,7.0665737578836278,0.00080013019032776356,4.1895614058056898
BOUNDED,Bounded E25,573,230,-45,14.106044861351487,0.00080013019032776356,4.3110456633044043
BOUNDED,Bounded E25,574,230,-30,13.481722693495358,0.0015144464559853077,3.9639060069386662
BOUNDED,Bounded E25,575,230,-20,9.3955278474439847,0.0013326577609404922,3.9114745487510949
BOUNDED,Bounded E25,576,230,-10,13.892339559573843,0.0013966393889859319,3.8396982297865212
BOUNDED,Bounded E25,577,230,0,22.26874569765862,0.0014181847218424082,3.9342395225822044
BOUNDED,Bounded E25,578,230,10,24.407187574190903,0.0013966393889859319,4.0223084752929337
BOUNDED,Bounded E25,579,230,20,16.847752970154431,0.0013326577609404922,3.6496626039054791
BOUNDED,Bounded E25,580,230,30,12.981060122360738,0.0015144464559853077,3.4318672356894893
BOUNDED,Bounded E25,581,230,45,19.080584438556169,0.0015018255217000842,3.5971555223967639
BOUNDED,Bounded E25,582,230,60,25.579586991885623,0.0010619510430842638,3.6014523910258918
BOUNDED,Bounded E25,583,230,75,15.000000045981704,0.0005497062811627984,2.8317279913579658
BOUNDED,Bounded E25,584,50,75,15.000000045981704,0.0005497062811627984,2.3306149063103345
BOUNDED,Bounded E25,585,50,60,19.160311981928583,0.0010619510430842638,2.5843034119757293
BOUNDED,Bounded E25,586,50,45,14.106044861351487,0.0015018255217000842,2.7689380086163946
BOUNDED,Bounded E25,587,50,30,13.481722693495358,0.0015144464559853077,3.1195020628498003
BOUNDED,Bounded E25,588,50,20,9.3955278474439847,0.0013326577609404922,3.2257949921046385
BOUNDED,Bounded E25,589,50,10,13.892339559573843,0.0013966393889859319,3.7017738603669685
BOUNDED,Bounded E25,590,50,0,22.26874569765862,0.0014181847218424082,3.9786385431781199
BOUNDED,Bounded E25,591,50,-10,17.584022183303819,0.0013966393889859319,4.1649075279113115
BOUNDED,Bounded E25,592,50,-20,14.090650791577101,0.0013326577609404922,4.2159062368704738
BOUNDED,Bounded E25,593,50,-30,16.847751615755694,0.0015144464559853077,4.1004394412041387
BOUNDED,Bounded E25,594,50,-45,10.591412169898064,0.00080013019032776356,4.3436728332808618
BOUNDED,Bounded E25,595,225,-45,10.591412221441374,0.00080013019032776356,4.0845028087945812
BOUNDED,Bounded E25,596,225,-30,16.847751846686993,0.0015144464559853077,3.9113356778784047
BOUNDED,Bounded E25,597,225,-20,14.090651603071073,0.0013326577609404922,3.9221119154819317
BOUNDED,Bounded E25,598,225,-10,17.584022658769534,0.0013966393889859319,3.765886103704696
BOUNDED,Bounded E25,599,225,0,24.814217316458059,0.0014181847218424082,3.8077238134378373
BOUNDED,Bounded E25,600,225,10,22.068454074222679,0.0013966393889859319,3.9681784887944458
BOUNDED,Bounded E25,601,225,20,13.481723581082752,0.0013326577609404922,3.5714794230530518
BOUNDED,Bounded E25,602,225,30,8.6575008924471586,0.0015144464559853077,3.2877990382495312
BOUNDED,Bounded E25,603,225,45,16.937618541531808,0.0015018255217000842,3.6603675030957761
BOUNDED,Bounded E25,604,225,60,27.967953256853754,0.0010619510430842638,3.6580244284906338
BOUNDED,Bounded E25,605,225,75,15.000000759196658,0.0005497062811627984,2.9384174216237851
BOUNDED,Bounded E25,606,45,75,15.000000759196658,0.0005497062811627984,2.3500690070768719
BOUNDED,Bounded E25,607,45,60,17.469139229498978,0.0010619510430842638,2.5358359978962501
BOUNDED,Bounded E25,608,45,45,10.591412221441374,0.0015018255217000842,2.6358254565440506
BOUNDED,Bounded E25,609,45,30,16.847751846686993,0.0015144464559853077,3.0684870101972597
BOUNDED,Bounded E25,610,45,20,14.090651603071073,0.0013326577609404922,3.1582237455083186
BOUNDED,Bounded E25,611,45,10,17.584022658769534,0.0013966393889859319,3.5238725705060343
BOUNDED,Bounded E25,612,45,0,22.268744826474858,0.0014181847218424082,3.7737176275623003
BOUNDED,Bounded E25,613,45,-10,13.892338468968779,0.0013966393889859319,4.0480296776883318
BOUNDED,Bounded E25,614,45,-20,9.3955270425035575,0.0013326577609404922,3.9957894147455333
BOUNDED,Bounded E25,615,45,-30,13.481722024217131,0.0015144464559853077,4.076908278890941
BOUNDED,Bounded E25,616,45,-45,14.106044843106213,0.00080013019032776356,4.3634558959621259
BOUNDED,Bounded E25,617,220,-45,7.0665759174006428,0.00080013019032776356,3.8311493269504369
BOUNDED,Bounded E25,618,220,-30,16.937618856363812,0.0015144464559853077,3.9066182289644447
BOUNDED,Bounded E25,619,220,-20,18.782569533125056,0.0013326577609404922,3.8946197383442533
BOUNDED,Bounded E25,620,220,-10,19.693105071764794,0.0013966393889859319,3.6961427250653531
BOUNDED,Bounded E25,621,220,0,22.268745808076812,0.0014181847218424082,3.5712400272121632
BOUNDED,Bounded E25,622,220,10,20.536778438540473,0.0013966393889859319,3.843639624329072
BOUNDED,Bounded E25,623,220,20,10.974801461651374,0.0013326577609404922,3.5921912542705301
BOUNDED,Bounded E25,624,220,30,4.3297856282053244,0.0015144464559853077,3.205894074220335
BOUNDED,Bounded E25,625,220,45,15.507478746963535,0.0015018255217000842,3.6000447378968006
BOUNDED,Bounded E25,626,220,60,30.000000754713284,0.0010619510430842638,3.6202468857227657
BOUNDED,Bounded E25,627,220,75,15.000000045981704,0.0005497062811627984,3.0148558816165858
BOUNDED,Bounded E25,628,40,75,15.000000045981704,0.0005497062811627984,2.3426255868481096
BOUNDED,Bounded E25,629,40,60,16.146340174030033,0.0010619510430842638,2.5038070038613509
BOUNDED,Bounded E25,630,40,45,7.0665759174006428,0.0015018255217000842,2.5272486922291848
BOUNDED,Bounded E25,631,40,30,16.937618856363812,0.0015144464559853077,3.0157656660348953
BOUNDED,Bounded E25,632,40,20,18.782569533125056,0.0013326577609404922,3.0659427895647111
BOUNDED,Bounded E25,633,40,10,19.693105071764794,0.0013966393889859319,3.3985814969105514
BOUNDED,Bounded E25,634,40,0,20.590672409097611,0.0014181847218424082,3.6176004198609273
BOUNDED,Bounded E25,635,40,-10,11.101905566123458,0.0013966393889859319,3.8580598694302299
BOUNDED,Bounded E25,636,40,-20,4.6982895983919564,0.0013326577609404922,3.8624579329792783
BOUNDED,Bounded E25,637,40,-30,10.974800783883671,0.0015144464559853077,3.933087870071394
BOUNDED,Bounded E25,638,40,-45,17.606967058132422,0.00080013019032776356,4.3167438519874901
BOUNDED,Bounded E25,639,215,-45,3.5349726093893015,0.00080013019032776356,3.7122415866430116
BOUNDED,Bounded E25,640,215,-30,15.507477619497367,0.0015144464559853077,3.8218940103659089
BOUNDED,Bounded E25,641,215,-20,17.584023511028544,0.0013326577609404922,4.0052194508862025
BOUNDED,Bounded E25,642,215,-10,14.770837930353938,0.0013966393889859319,3.6462650901793765
BOUNDED,Bounded E25,643,215,0,17.963860447378917,0.0014181847218424082,3.4523847743321596
BOUNDED,Bounded E25,644,215,10,19.999999690522536,0.0013966393889859319,3.8972451751834427
BOUNDED,Bounded E25,645,215,20,9.9999992480583071,0.0013326577609404922,3.4979031958931226
BOUNDED,Bounded E25,647,215,45,14.999999418095857,0.0015018255217000842,3.6446299230958421
BOUNDED,Bounded E25,648,215,60,29.999999338596972,0.0010619510430842638,3.6951446970295363
BOUNDED,Bounded E25,649,215,75,15.000000513611642,0.0005497062811627984,3.0911950694804102
BOUNDED,Bounded E25,650,35,75,15.000000513611642,0.0005497062811627984,2.3220683571001373
BOUNDED,Bounded E25,651,35,60,15.294998948342053,0.0010619510430842638,2.481082702605669
BOUNDED,Bounded E25,652,35,45,3.5349726093893015,0.0015018255217000842,2.4530811244239263
BOUNDED,Bounded E25,653,35,30,15.507477619497367,0.0015144464559853077,3.0041055640155565
BOUNDED,Bounded E25,654,35,20,17.584023511028544,0.0013326577609404922,3.100147992239465
BOUNDED,Bounded E25,655,35,10,14.770837930353938,0.0013966393889859319,3.1817181580353959
BOUNDED,Bounded E25,656,35,0,17.963860447378917,0.0014181847218424082,3.4572356519790106
BOUNDED,Bounded E25,657,35,-10,10.000000442464293,0.0013966393889859319,3.672000228134948
BOUNDED,Bounded E25,659,35,-30,9.9999992480583071,0.0015144464559853077,3.9696376964335514
BOUNDED,Bounded E25,660,35,-45,21.090583039068701,0.00080013019032776356,4.6698446768285704
BOUNDED,Bounded E25,662,210,-30,14.999998739050708,0.0015144464559853077,3.8485791070338422
BOUNDED,Bounded E25,663,210,-20,13.892339928739169,0.0013326577609404922,3.9271651599148099
BOUNDED,Bounded E25,664,210,-10,9.8476983963493687,0.0013966393889859319,3.4452392194601091
BOUNDED,Bounded E25,665,210,0,14.10604466738504,0.0014181847218424082,3.4221882078227694
BOUNDED,Bounded E25,666,210,10,20.536778047345422,0.0013966393889859319,3.9435524735131149
BOUNDED,Bounded E25,667,210,20,10.974799216332263,0.0013326577609404922,3.5041792848142701
BOUNDED,Bounded E25,668,210,30,4.3297829047621343,0.0015144464559853077,3.194346234366634
BOUNDED,Bounded E25,669,210,45,15.507477619497367,0.0015018255217000842,3.6850079659595707
BOUNDED,Bounded E25,670,210,60,30.000000111323018,0.0010619510430842638,3.7222133898045318
BOUNDED,Bounded E25,671,210,75,14.999999926042548,0.0005497062811627984,3.1145752805855662
BOUNDED,Bounded E25,672,30,75,14.999999926042548,0.0005497062811627984,2.3313815027254434
BOUNDED,Bounded E25,673,30,60,15.000001038303349,0.0010619510430842638,2.4386325417302852
BOUNDED,Bounded E25,675,30,30,14.999998739050708,0.0015144464559853077,2.9533437959554978
BOUNDED,Bounded E25,676,30,20,13.892339928739169,0.0013326577609404922,3.0507690414590551
BOUNDED,Bounded E25,677,30,10,9.8476983963493687,0.0013966393889859319,3.0638847001275029
BOUNDED,Bounded E25,678,30,0,14.10604466738504,0.0014181847218424082,3.3007476703364418
BOUNDED,Bounded E25,679,30,-10,11.101905871462817,0.0013966393889859319,3.5325874004462174
BOUNDED,Bounded E25,680,30,-20,4.6982881143403246,0.0013326577609404922,3.5095959036491831
BOUNDED,Bounded E25,681,30,-30,10.974800968721977,0.0015144464559853077,3.830064614301286
BOUNDED,Bounded E25,682,30,-45,24.553175192197251,0.00080013019032776356,4.8786168810051924
BOUNDED,Bounded E25,683,205,-45,3.5349723672764939,0.00080013019032776356,3.7974355559920983
BOUNDED,Bounded E25,684,205,-30,15.507477597756536,0.0015144464559853077,3.9130562459544422
BOUNDED,Bounded E25,685,205,-20,11.101905984016177,0.0013326577609404922,3.8818640788215988
BOUNDED,Bounded E25,686,205,-10,4.9239914100594815,0.0013966393889859319,3.2452004349157804
BOUNDED,Bounded E25,687,205,0,11.168952722705445,0.0014181847218424082,3.4389241850087839
BOUNDED,Bounded E25,688,205,10,20.60935684332042,0.0013966393889859319,3.8618281615899548
BOUNDED,Bounded E25,689,205,20,13.481721255281723,0.0013326577609404922,3.639313083834077
BOUNDED,Bounded E25,690,205,30,8.6574997742182269,0.0015144464559853077,3.2607794865789743
BOUNDED,Bounded E25,691,205,45,16.937618103837618,0.0015018255217000842,3.6772872982092726
BOUNDED,Bounded E25,692,205,60,30.000001193671139,0.0010619510430842638,3.7925592882606876
BOUNDED,Bounded E25,693,205,75,15.000000037063414,0.0005497062811627984,3.2205421641381577
BOUNDED,Bounded E25,694,25,75,15.000000037063414,0.0005497062811627984,2.3333364397752736
BOUNDED,Bounded E25,695,25,60,15.294998365211272,0.0010619510430842638,2.4313794845347916
BOUNDED,Bounded E25,696,25,45,3.5349723672764939,0.0015018255217000842,2.3994656318683822
BOUNDED,Bounded E25,697,25,30,15.507477597756536,0.0015144464559853077,2.9974526423650882
BOUNDED,Bounded E25,698,25,20,11.101905984016177,0.0013326577609404922,2.9589299027167155
BOUNDED,Bounded E25,699,25,10,4.9239914100594815,0.0013966393889859319,2.9014922953007605
BOUNDED,Bounded E25,700,25,0,11.168952722705445,0.0014181847218424082,3.1433115729643437
BOUNDED,Bounded E25,701,25,-10,13.892339487305048,0.0013966393889859319,3.5147923139306698
BOUNDED,Bounded E25,702,25,-20,9.395526819952865,0.0013326577609404922,3.425997118786444
BOUNDED,Bounded E25,703,25,-30,13.481723060064377,0.0015144464559853077,3.9517406364391587
BOUNDED,Bounded E25,704,25,-45,24.694085979776748,0.00080013019032776356,4.8347743834334302
BOUNDED,Bounded E25,705,200,-45,7.0665741911739026,0.00080013019032776356,3.8591403437314025
BOUNDED,Bounded E25,706,200,-30,16.937616033087821,0.0015144464559853077,3.9459268336976496
BOUNDED,Bounded E25,707,200,-20,10.000000035409951,0.0013326577609404922,3.7959730974271424
BOUNDED,Bounded E25,709,200,0,9.9999999527339298,0.0014181847218424082,3.4383453366889709
BOUNDED,Bounded E25,710,200,10,19.999999905467796,0.0013966393889859319,3.8194821949170956
BOUNDED,Bounded E25,711,200,20,16.847752641975024,0.0013326577609404922,3.6616298535964806
BOUNDED,Bounded E25,712,200,30,12.981059482482918,0.0015144464559853077,3.3355539073033613
BOUNDED,Bounded E25,713,200,45,19.080583620201772,0.0015018255217000842,3.6788249202818992
BOUNDED,Bounded E25,714,200,60,30.000000435073549,0.0010619510430842638,3.8602714633918711
BOUNDED,Bounded E25,715,200,75,15.000000080789578,0.0005497062811627984,3.2426277106142085
BOUNDED,Bounded E25,716,20,75,15.000000080789578,0.0005497062811627984,2.3245153829298197
BOUNDED,Bounded E25,717,20,60,16.146339438123881,0.0010619510430842638,2.4585799592467414
BOUNDED,Bounded E25,718,20,45,7.0665741911739026,0.0015018255217000842,2.4740321329773072
BOUNDED,Bounded E25,719,20,30,16.937616033087821,0.0015144464559853077,3.003308207603371
BOUNDED,Bounded E25,720,20,20,10.000000035409951,0.0013326577609404922,2.8982328238614206
BOUNDED,Bounded E25,722,20,0,9.9999999527339298,0.0014181847218424082,3.1381800369302089
BOUNDED,Bounded E25,723,20,-10,17.584023511028544,0.0013966393889859319,3.501591706451471
BOUNDED,Bounded E25,724,20,-20,14.090652447229385,0.0013326577609404922,3.4960546907124015
BOUNDED,Bounded E25,725,20,-30,16.84775355865764,0.0015144464559853077,3.7420917947658157
BOUNDED,Bounded E25,726,20,-45,21.721267918499912,0.00080013019032776356,4.5678459235009576
BOUNDED,Bounded E25,727,195,-45,10.591410371458657,0.00080013019032776356,3.8587609450298519
BOUNDED,Bounded E25,728,195,-30,19.080583481669692,0.0015144464559853077,3.935125633412822
BOUNDED,Bounded E25,729,195,-20,11.101905300103793,0.0013326577609404922,3.7903182938840585
BOUNDED,Bounded E25,730,195,-10,4.923991137574113,0.0013966393889859319,3.1839026838105129
BOUNDED,Bounded E25,731,195,0,11.168952636407244,0.0014181847218424082,3.3908025673089215
BOUNDED,Bounded E25,732,195,10,20.609356788468691,0.0013966393889859319,3.8188484162129499
BOUNDED,Bounded E25,733,195,20,20.653636294849793,0.0013326577609404922,3.7514921059540018
BOUNDED,Bounded E25,734,195,30,17.298330000057948,0.0015144464559853077,3.3358933164148428
BOUNDED,Bounded E25,735,195,45,21.721268164114861,0.0015018255217000842,3.6880142820556689
BOUNDED,Bounded E25,736,195,60,30.000000110732287,0.0010619510430842638,3.9087385388693359
BOUNDED,Bounded E25,737,195,75,15.000000205801689,0.0005497062811627984,3.2550048735464387
BOUNDED,Bounded E25,738,15,75,15.000000205801689,0.0005497062811627984,2.3037170108027931
BOUNDED,Bounded E25,739,15,60,17.469138312232101,0.0010619510430842638,2.4298109159867032
BOUNDED,Bounded E25,740,15,45,10.591410371458657,0.0015018255217000842,2.527741792763893
BOUNDED,Bounded E25,741,15,30,19.080583481669692,0.0015144464559853077,3.0215618296090891
BOUNDED,Bounded E25,742,15,20,11.101905300103793,0.0013326577609404922,2.8565363286678913
BOUNDED,Bounded E25,743,15,10,4.923991137574113,0.0013966393889859319,2.6703959181995707
BOUNDED,Bounded E25,744,15,0,11.168952636407244,0.0014181847218424082,3.2766574494512053
BOUNDED,Bounded E25,745,15,-10,20.609356788468691,0.0013966393889859319,3.5347485116785111
BOUNDED,Bounded E25,746,15,-20,16.847753386581868,0.0013326577609404922,3.58482378264498
BOUNDED,Bounded E25,747,15,-30,12.981060183000123,0.0015144464559853077,3.6429150686466829
BOUNDED,Bounded E25,748,15,-45,19.080582938811499,0.00080013019032776356,4.4147910503867713
BOUNDED,Bounded E25,749,190,-45,14.106043320415029,0.00080013019032776356,3.9036571998771645
BOUNDED,Bounded E25,750,190,-30,21.721268924650655,0.0015144464559853077,3.9986309478654705
BOUNDED,Bounded E25,751,190,-20,13.892338774103179,0.0013326577609404922,3.8744619577356674
BOUNDED,Bounded E25,752,190,-10,9.8476990078007134,0.0013966393889859319,3.3301197524862491
BOUNDED,Bounded E25,753,190,0,14.106043901218957,0.0014181847218424082,3.5373629090197203
BOUNDED,Bounded E25,754,190,10,22.337905413351134,0.0013966393889859319,3.8232156657598448
BOUNDED,Bounded E25,755,190,20,24.692721414933498,0.0013326577609404922,3.8494066501839721
BOUNDED,Bounded E25,756,190,30,21.607103231533049,0.0015144464559853077,3.4215082270445931
BOUNDED,Bounded E25,757,190,45,24.694086482247521,0.0015018255217000842,3.6932604613803308
BOUNDED,Bounded E25,758,190,60,29.999999880144909,0.0010619510430842638,3.9082491100408556
BOUNDED,Bounded E25,759,190,75,15.000000876882917,0.0005497062811627984,3.2370379876010689
BOUNDED,Bounded E25,760,10,75,15.000000876882917,0.0005497062811627984,2.3489151311551009
BOUNDED,Bounded E25,761,10,60,19.160311976351618,0.0010619510430842638,2.4252848418951807
BOUNDED,Bounded E25,762,10,45,14.106043320415029,0.0015018255217000842,2.5655681344793182
BOUNDED,Bounded E25,763,10,30,21.721268924650655,0.0015144464559853077,3.0235649472320962
BOUNDED,Bounded E25,764,10,20,13.892338774103179,0.0013326577609404922,2.8703254936931342
BOUNDED,Bounded E25,765,10,10,9.8476990078007134,0.0013966393889859319,2.7536835805585929
BOUNDED,Bounded E25,766,10,0,14.106043901218957,0.0014181847218424082,3.3722900866594032
BOUNDED,Bounded E25,767,10,-10,22.068454646158248,0.0013966393889859319,3.625557509286955
BOUNDED,Bounded E25,768,10,-20,13.481723172448659,0.0013326577609404922,3.5880835516198535
BOUNDED,Bounded E25,769,10,-30,8.6574993691915836,0.0015144464559853077,3.5124634432727575
BOUNDED,Bounded E25,770,10,-45,16.937618201740335,0.00080013019032776356,4.3407589489689569
BOUNDED,Bounded E25,771,185,-45,17.606966457268481,0.00080013019032776356,3.9479062846358302
BOUNDED,Bounded E25,772,185,-30,24.40718767599158,0.0015144464559853077,4.024515124529418
BOUNDED,Bounded E25,773,185,-20,17.584023118169156,0.0013326577609404922,3.8324655217908012
BOUNDED,Bounded E25,774,185,-10,14.770835684902895,0.0013966393889859319,3.5042410803695137
BOUNDED,Bounded E25,775,185,0,17.963859965917774,0.0014181847218424082,3.7372365959427118
BOUNDED,Bounded E25,776,185,10,24.954120181789488,0.0013966393889859319,3.881189405302766
BOUNDED,Bounded E25,777,185,20,28.862630859837058,0.0013326577609404922,3.9095644232642215
BOUNDED,Bounded E25,778,185,30,25.905078268461338,0.0015144464559853077,3.5237192889139619
BOUNDED,Bounded E25,779,185,45,27.885566114219476,0.0015018255217000842,3.7033980460662406
BOUNDED,Bounded E25,780,185,60,30.000000997038136,0.0010619510430842638,3.9886811121439765
BOUNDED,Bounded E25,781,185,75,15.000000519710634,0.0005497062811627984,3.2468889174751578
BOUNDED,Bounded E25,782,5,75,15.000000519710634,0.0005497062811627984,2.3482862839308063
BOUNDED,Bounded E25,783,5,60,21.124322746870448,0.0010619510430842638,2.4329078733190546
BOUNDED,Bounded E25,784,5,45,17.606966457268481,0.0015018255217000842,2.6144055115064275
BOUNDED,Bounded E25,785,5,30,24.40718767599158,0.0015144464559853077,3.0493942792466742
BOUNDED,Bounded E25,786,5,20,17.584023118169156,0.0013326577609404922,2.8704226977521019
BOUNDED,Bounded E25,787,5,10,14.770835684902895,0.0013966393889859319,2.874728331450128
BOUNDED,Bounded E25,788,5,0,17.963859965917774,0.0014181847218424082,3.3367145509931446
BOUNDED,Bounded E25,789,5,-10,20.536778500153151,0.0013966393889859319,3.6380196589789207
BOUNDED,Bounded E25,790,5,-20,10.974801001997228,0.0013326577609404922,3.5538637540696056
BOUNDED,Bounded E25,791,5,-30,4.3297835269819025,0.0015144464559853077,3.3797018685968285
BOUNDED,Bounded E25,792,5,-45,15.507477087468549,0.00080013019032776356,4.4198822547012631
