SubjectLabel,SubjectID,DirectionCount,Method,MethodLabel,Metric,Value_dB
P0003,3,6,SHOnly,SH only,MeasuredDomainERB,3.32514116948323
P0003,3,6,SHOnly,SH only,Contralateral25ERB,2.71118942679359
P0003,3,6,SHOnly,SH only,ContralateralHemisphereHighFrequency,6.88141030986499
P0003,3,6,SHOnly,SH only,HorizontalILDMAE,2.36663306217912
P0003,3,6,SUpDEqSH,SUpDEq + SH,MeasuredDomainERB,2.59640660625218
P0003,3,6,SUpDEqSH,SUpDEq + SH,Contralateral25ERB,2.24961815906493
P0003,3,6,SUpDEqSH,SUpDEq + SH,ContralateralHemisphereHighFrequency,6.17665670714185
P0003,3,6,SUpDEqSH,SUpDEq + SH,HorizontalILDMAE,2.07744437156457
P0003,3,6,SUpDEqNN,SUpDEq + Natural Neighbor,MeasuredDomainERB,2.41924058392679
P0003,3,6,SUpDEqNN,SUpDEq + Natural Neighbor,Contralateral25ERB,2.39718609250522
P0003,3,6,SUpDEqNN,SUpDEq + Natural Neighbor,ContralateralHemisphereHighFrequency,5.78343425247948
P0003,3,6,SUpDEqNN,SUpDEq + Natural Neighbor,HorizontalILDMAE,2.25527313670019
P0003,3,6,SUpDEqBary,SUpDEq + Barycentric,MeasuredDomainERB,2.51946145379379
P0003,3,6,SUpDEqBary,SUpDEq + Barycentric,Contralateral25ERB,2.53972613130752
P0003,3,6,SUpDEqBary,SUpDEq + Barycentric,ContralateralHemisphereHighFrequency,5.7256058653124
P0003,3,6,SUpDEqBary,SUpDEq + Barycentric,HorizontalILDMAE,1.99298237594421
P0003,3,6,MCA,MCA,MeasuredDomainERB,2.24358460110013
P0003,3,6,MCA,MCA,Contralateral25ERB,2.16527605207666
P0003,3,6,MCA,MCA,ContralateralHemisphereHighFrequency,7.01466793698101
P0003,3,6,MCA,MCA,HorizontalILDMAE,1.84130186197743
P0003,3,14,SHOnly,SH only,MeasuredDomainERB,2.7915638623417
P0003,3,14,SHOnly,SH only,Contralateral25ERB,5.73027879302922
P0003,3,14,SHOnly,SH only,ContralateralHemisphereHighFrequency,10.5197287306734
P0003,3,14,SHOnly,SH only,HorizontalILDMAE,3.89048456931346
P0003,3,14,SUpDEqSH,SUpDEq + SH,MeasuredDomainERB,1.7953082001702
P0003,3,14,SUpDEqSH,SUpDEq + SH,Contralateral25ERB,2.72943073806148
P0003,3,14,SUpDEqSH,SUpDEq + SH,ContralateralHemisphereHighFrequency,6.13429896851005
P0003,3,14,SUpDEqSH,SUpDEq + SH,HorizontalILDMAE,1.23381150113011
P0003,3,14,SUpDEqNN,SUpDEq + Natural Neighbor,MeasuredDomainERB,1.88611776832402
P0003,3,14,SUpDEqNN,SUpDEq + Natural Neighbor,Contralateral25ERB,2.1272161365516
P0003,3,14,SUpDEqNN,SUpDEq + Natural Neighbor,ContralateralHemisphereHighFrequency,5.40065214414878
P0003,3,14,SUpDEqNN,SUpDEq + Natural Neighbor,HorizontalILDMAE,1.24708754684256
P0003,3,14,SUpDEqBary,SUpDEq + Barycentric,MeasuredDomainERB,1.87791524258339
P0003,3,14,SUpDEqBary,SUpDEq + Barycentric,Contralateral25ERB,2.13723093444716
P0003,3,14,SUpDEqBary,SUpDEq + Barycentric,ContralateralHemisphereHighFrequency,5.30748976250305
P0003,3,14,SUpDEqBary,SUpDEq + Barycentric,HorizontalILDMAE,1.24665422698509
P0003,3,14,MCA,MCA,MeasuredDomainERB,1.32332183006308
P0003,3,14,MCA,MCA,Contralateral25ERB,2.45043552948025
P0003,3,14,MCA,MCA,ContralateralHemisphereHighFrequency,4.98247632709384
P0003,3,14,MCA,MCA,HorizontalILDMAE,1.25181817560376
P0003,3,26,SHOnly,SH only,MeasuredDomainERB,2.71176121945463
P0003,3,26,SHOnly,SH only,Contralateral25ERB,3.87893935614164
P0003,3,26,SHOnly,SH only,ContralateralHemisphereHighFrequency,8.51262144453118
P0003,3,26,SHOnly,SH only,HorizontalILDMAE,3.32807955241215
P0003,3,26,SUpDEqSH,SUpDEq + SH,MeasuredDomainERB,1.8441040494364
P0003,3,26,SUpDEqSH,SUpDEq + SH,Contralateral25ERB,2.05398226277477
P0003,3,26,SUpDEqSH,SUpDEq + SH,ContralateralHemisphereHighFrequency,5.80382725944754
P0003,3,26,SUpDEqSH,SUpDEq + SH,HorizontalILDMAE,1.53902590034269
P0003,3,26,SUpDEqNN,SUpDEq + Natural Neighbor,MeasuredDomainERB,1.88803611017299
P0003,3,26,SUpDEqNN,SUpDEq + Natural Neighbor,Contralateral25ERB,2.1801069622335
P0003,3,26,SUpDEqNN,SUpDEq + Natural Neighbor,ContralateralHemisphereHighFrequency,5.46600414938569
P0003,3,26,SUpDEqNN,SUpDEq + Natural Neighbor,HorizontalILDMAE,1.21632703446672
P0003,3,26,SUpDEqBary,SUpDEq + Barycentric,MeasuredDomainERB,1.76799665194783
P0003,3,26,SUpDEqBary,SUpDEq + Barycentric,Contralateral25ERB,2.14495218532041
P0003,3,26,SUpDEqBary,SUpDEq + Barycentric,ContralateralHemisphereHighFrequency,5.24854489405347
P0003,3,26,SUpDEqBary,SUpDEq + Barycentric,HorizontalILDMAE,1.20547593821849
P0003,3,26,MCA,MCA,MeasuredDomainERB,1.05674766223344
P0003,3,26,MCA,MCA,Contralateral25ERB,1.73890932637246
P0003,3,26,MCA,MCA,ContralateralHemisphereHighFrequency,4.42229371186158
P0003,3,26,MCA,MCA,HorizontalILDMAE,0.910390032150092
P0007,7,6,SHOnly,SH only,MeasuredDomainERB,3.41794443831646
P0007,7,6,SHOnly,SH only,Contralateral25ERB,3.24722779171617
P0007,7,6,SHOnly,SH only,ContralateralHemisphereHighFrequency,7.2184266463426
P0007,7,6,SHOnly,SH only,HorizontalILDMAE,2.80319655697134
P0007,7,6,SUpDEqSH,SUpDEq + SH,MeasuredDomainERB,2.86897298181827
P0007,7,6,SUpDEqSH,SUpDEq + SH,Contralateral25ERB,3.0616935135445
P0007,7,6,SUpDEqSH,SUpDEq + SH,ContralateralHemisphereHighFrequency,5.98545063938218
P0007,7,6,SUpDEqSH,SUpDEq + SH,HorizontalILDMAE,3.20251787029077
P0007,7,6,SUpDEqNN,SUpDEq + Natural Neighbor,MeasuredDomainERB,2.69474324340887
P0007,7,6,SUpDEqNN,SUpDEq + Natural Neighbor,Contralateral25ERB,3.36372036138838
P0007,7,6,SUpDEqNN,SUpDEq + Natural Neighbor,ContralateralHemisphereHighFrequency,5.93477225998605
P0007,7,6,SUpDEqNN,SUpDEq + Natural Neighbor,HorizontalILDMAE,2.66842142065569
P0007,7,6,SUpDEqBary,SUpDEq + Barycentric,MeasuredDomainERB,2.77386895207986
P0007,7,6,SUpDEqBary,SUpDEq + Barycentric,Contralateral25ERB,3.39847936858474
P0007,7,6,SUpDEqBary,SUpDEq + Barycentric,ContralateralHemisphereHighFrequency,5.84302126256989
P0007,7,6,SUpDEqBary,SUpDEq + Barycentric,HorizontalILDMAE,2.16160084437929
P0007,7,6,MCA,MCA,MeasuredDomainERB,2.41112309903374
P0007,7,6,MCA,MCA,Contralateral25ERB,2.55813486875442
P0007,7,6,MCA,MCA,ContralateralHemisphereHighFrequency,7.37816962496231
P0007,7,6,MCA,MCA,HorizontalILDMAE,2.3974580137617
P0007,7,14,SHOnly,SH only,MeasuredDomainERB,2.78053037606734
P0007,7,14,SHOnly,SH only,Contralateral25ERB,5.27479549438612
P0007,7,14,SHOnly,SH only,ContralateralHemisphereHighFrequency,10.4656048492245
P0007,7,14,SHOnly,SH only,HorizontalILDMAE,3.32368804351462
P0007,7,14,SUpDEqSH,SUpDEq + SH,MeasuredDomainERB,2.05378238276096
P0007,7,14,SUpDEqSH,SUpDEq + SH,Contralateral25ERB,2.80465887807855
P0007,7,14,SUpDEqSH,SUpDEq + SH,ContralateralHemisphereHighFrequency,6.67843294045697
P0007,7,14,SUpDEqSH,SUpDEq + SH,HorizontalILDMAE,1.78198435973786
P0007,7,14,SUpDEqNN,SUpDEq + Natural Neighbor,MeasuredDomainERB,2.2769639800899
P0007,7,14,SUpDEqNN,SUpDEq + Natural Neighbor,Contralateral25ERB,3.11933044607522
P0007,7,14,SUpDEqNN,SUpDEq + Natural Neighbor,ContralateralHemisphereHighFrequency,6.32844384581182
P0007,7,14,SUpDEqNN,SUpDEq + Natural Neighbor,HorizontalILDMAE,1.73855127881548
P0007,7,14,SUpDEqBary,SUpDEq + Barycentric,MeasuredDomainERB,2.21948926118965
P0007,7,14,SUpDEqBary,SUpDEq + Barycentric,Contralateral25ERB,3.05817251385368
P0007,7,14,SUpDEqBary,SUpDEq + Barycentric,ContralateralHemisphereHighFrequency,6.22127962111668
P0007,7,14,SUpDEqBary,SUpDEq + Barycentric,HorizontalILDMAE,1.71631103891104
P0007,7,14,MCA,MCA,MeasuredDomainERB,1.52866408952993
P0007,7,14,MCA,MCA,Contralateral25ERB,3.21247196238807
P0007,7,14,MCA,MCA,ContralateralHemisphereHighFrequency,5.42803638421897
P0007,7,14,MCA,MCA,HorizontalILDMAE,1.35341444558119
P0007,7,26,SHOnly,SH only,MeasuredDomainERB,2.813433536502
P0007,7,26,SHOnly,SH only,Contralateral25ERB,4.27485522931386
P0007,7,26,SHOnly,SH only,ContralateralHemisphereHighFrequency,9.20915009191667
P0007,7,26,SHOnly,SH only,HorizontalILDMAE,3.03743091405146
P0007,7,26,SUpDEqSH,SUpDEq + SH,MeasuredDomainERB,2.06783935548786
P0007,7,26,SUpDEqSH,SUpDEq + SH,Contralateral25ERB,2.30305737554305
P0007,7,26,SUpDEqSH,SUpDEq + SH,ContralateralHemisphereHighFrequency,6.41336490465825
P0007,7,26,SUpDEqSH,SUpDEq + SH,HorizontalILDMAE,1.53965190676911
P0007,7,26,SUpDEqNN,SUpDEq + Natural Neighbor,MeasuredDomainERB,1.95058181028067
P0007,7,26,SUpDEqNN,SUpDEq + Natural Neighbor,Contralateral25ERB,2.20719243133256
P0007,7,26,SUpDEqNN,SUpDEq + Natural Neighbor,ContralateralHemisphereHighFrequency,5.63611396896127
P0007,7,26,SUpDEqNN,SUpDEq + Natural Neighbor,HorizontalILDMAE,2.07678715323174
P0007,7,26,SUpDEqBary,SUpDEq + Barycentric,MeasuredDomainERB,1.84898291734706
P0007,7,26,SUpDEqBary,SUpDEq + Barycentric,Contralateral25ERB,2.18582309430133
P0007,7,26,SUpDEqBary,SUpDEq + Barycentric,ContralateralHemisphereHighFrequency,5.52577326809784
P0007,7,26,SUpDEqBary,SUpDEq + Barycentric,HorizontalILDMAE,1.96295628709903
P0007,7,26,MCA,MCA,MeasuredDomainERB,1.06835243229008
P0007,7,26,MCA,MCA,Contralateral25ERB,1.72130274027322
P0007,7,26,MCA,MCA,ContralateralHemisphereHighFrequency,4.82042650182106
P0007,7,26,MCA,MCA,HorizontalILDMAE,0.754194326674637
P0009,9,6,SHOnly,SH only,MeasuredDomainERB,3.21735932977467
P0009,9,6,SHOnly,SH only,Contralateral25ERB,2.78142532810057
P0009,9,6,SHOnly,SH only,ContralateralHemisphereHighFrequency,6.50927448091598
P0009,9,6,SHOnly,SH only,HorizontalILDMAE,2.98225473610075
P0009,9,6,SUpDEqSH,SUpDEq + SH,MeasuredDomainERB,2.60223178476714
P0009,9,6,SUpDEqSH,SUpDEq + SH,Contralateral25ERB,2.64388525046411
P0009,9,6,SUpDEqSH,SUpDEq + SH,ContralateralHemisphereHighFrequency,5.58607492804195
P0009,9,6,SUpDEqSH,SUpDEq + SH,HorizontalILDMAE,2.79890356805742
P0009,9,6,SUpDEqNN,SUpDEq + Natural Neighbor,MeasuredDomainERB,2.44201331974728
P0009,9,6,SUpDEqNN,SUpDEq + Natural Neighbor,Contralateral25ERB,2.78707886866778
P0009,9,6,SUpDEqNN,SUpDEq + Natural Neighbor,ContralateralHemisphereHighFrequency,5.30182551266196
P0009,9,6,SUpDEqNN,SUpDEq + Natural Neighbor,HorizontalILDMAE,2.5666191021924
P0009,9,6,SUpDEqBary,SUpDEq + Barycentric,MeasuredDomainERB,2.54825585276603
P0009,9,6,SUpDEqBary,SUpDEq + Barycentric,Contralateral25ERB,2.83556378706514
P0009,9,6,SUpDEqBary,SUpDEq + Barycentric,ContralateralHemisphereHighFrequency,5.42912982128532
P0009,9,6,SUpDEqBary,SUpDEq + Barycentric,HorizontalILDMAE,2.15864637322603
P0009,9,6,MCA,MCA,MeasuredDomainERB,2.22037298764254
P0009,9,6,MCA,MCA,Contralateral25ERB,2.26053211789924
P0009,9,6,MCA,MCA,ContralateralHemisphereHighFrequency,6.89744977967449
P0009,9,6,MCA,MCA,HorizontalILDMAE,2.16165945088043
P0009,9,14,SHOnly,SH only,MeasuredDomainERB,2.72512214426691
P0009,9,14,SHOnly,SH only,Contralateral25ERB,4.88942871147605
P0009,9,14,SHOnly,SH only,ContralateralHemisphereHighFrequency,9.7356617952669
P0009,9,14,SHOnly,SH only,HorizontalILDMAE,3.57498981631644
P0009,9,14,SUpDEqSH,SUpDEq + SH,MeasuredDomainERB,1.73964087009905
P0009,9,14,SUpDEqSH,SUpDEq + SH,Contralateral25ERB,2.59322401580808
P0009,9,14,SUpDEqSH,SUpDEq + SH,ContralateralHemisphereHighFrequency,5.98827050337722
P0009,9,14,SUpDEqSH,SUpDEq + SH,HorizontalILDMAE,1.03336921162799
P0009,9,14,SUpDEqNN,SUpDEq + Natural Neighbor,MeasuredDomainERB,1.96190119403693
P0009,9,14,SUpDEqNN,SUpDEq + Natural Neighbor,Contralateral25ERB,2.63139357984297
P0009,9,14,SUpDEqNN,SUpDEq + Natural Neighbor,ContralateralHemisphereHighFrequency,5.5876421801361
P0009,9,14,SUpDEqNN,SUpDEq + Natural Neighbor,HorizontalILDMAE,1.09918188475548
P0009,9,14,SUpDEqBary,SUpDEq + Barycentric,MeasuredDomainERB,1.94294762622675
P0009,9,14,SUpDEqBary,SUpDEq + Barycentric,Contralateral25ERB,2.61571218084697
P0009,9,14,SUpDEqBary,SUpDEq + Barycentric,ContralateralHemisphereHighFrequency,5.47285113215768
P0009,9,14,SUpDEqBary,SUpDEq + Barycentric,HorizontalILDMAE,1.09350719887897
P0009,9,14,MCA,MCA,MeasuredDomainERB,1.30441285347222
P0009,9,14,MCA,MCA,Contralateral25ERB,3.05676234041778
P0009,9,14,MCA,MCA,ContralateralHemisphereHighFrequency,5.09836677405649
P0009,9,14,MCA,MCA,HorizontalILDMAE,1.36181213187942
P0009,9,26,SHOnly,SH only,MeasuredDomainERB,2.67453690409497
P0009,9,26,SHOnly,SH only,Contralateral25ERB,3.98133031483329
P0009,9,26,SHOnly,SH only,ContralateralHemisphereHighFrequency,9.93588380387913
P0009,9,26,SHOnly,SH only,HorizontalILDMAE,2.37363088304365
P0009,9,26,SUpDEqSH,SUpDEq + SH,MeasuredDomainERB,1.8083074727866
P0009,9,26,SUpDEqSH,SUpDEq + SH,Contralateral25ERB,2.15779914226313
P0009,9,26,SUpDEqSH,SUpDEq + SH,ContralateralHemisphereHighFrequency,6.00096987606414
P0009,9,26,SUpDEqSH,SUpDEq + SH,HorizontalILDMAE,1.498994482254
P0009,9,26,SUpDEqNN,SUpDEq + Natural Neighbor,MeasuredDomainERB,1.81646399902288
P0009,9,26,SUpDEqNN,SUpDEq + Natural Neighbor,Contralateral25ERB,2.21054256651553
P0009,9,26,SUpDEqNN,SUpDEq + Natural Neighbor,ContralateralHemisphereHighFrequency,5.61365937765541
P0009,9,26,SUpDEqNN,SUpDEq + Natural Neighbor,HorizontalILDMAE,1.20666168963878
P0009,9,26,SUpDEqBary,SUpDEq + Barycentric,MeasuredDomainERB,1.71921174346015
P0009,9,26,SUpDEqBary,SUpDEq + Barycentric,Contralateral25ERB,2.17590380243833
P0009,9,26,SUpDEqBary,SUpDEq + Barycentric,ContralateralHemisphereHighFrequency,5.50066329209736
P0009,9,26,SUpDEqBary,SUpDEq + Barycentric,HorizontalILDMAE,1.31238531892686
P0009,9,26,MCA,MCA,MeasuredDomainERB,1.01870294419671
P0009,9,26,MCA,MCA,Contralateral25ERB,1.7702279706714
P0009,9,26,MCA,MCA,ContralateralHemisphereHighFrequency,4.61256978963912
P0009,9,26,MCA,MCA,HorizontalILDMAE,0.898937126268331
P0017,17,6,SHOnly,SH only,MeasuredDomainERB,3.21230805917816
P0017,17,6,SHOnly,SH only,Contralateral25ERB,2.76573228878286
P0017,17,6,SHOnly,SH only,ContralateralHemisphereHighFrequency,6.51346827250199
P0017,17,6,SHOnly,SH only,HorizontalILDMAE,1.70469747044925
P0017,17,6,SUpDEqSH,SUpDEq + SH,MeasuredDomainERB,2.63385590374945
P0017,17,6,SUpDEqSH,SUpDEq + SH,Contralateral25ERB,2.60013925424886
P0017,17,6,SUpDEqSH,SUpDEq + SH,ContralateralHemisphereHighFrequency,6.1211990922044
P0017,17,6,SUpDEqSH,SUpDEq + SH,HorizontalILDMAE,1.9864084112174
P0017,17,6,SUpDEqNN,SUpDEq + Natural Neighbor,MeasuredDomainERB,2.55337309752484
P0017,17,6,SUpDEqNN,SUpDEq + Natural Neighbor,Contralateral25ERB,2.93109890116788
P0017,17,6,SUpDEqNN,SUpDEq + Natural Neighbor,ContralateralHemisphereHighFrequency,5.67264201812193
P0017,17,6,SUpDEqNN,SUpDEq + Natural Neighbor,HorizontalILDMAE,1.87032611887412
P0017,17,6,SUpDEqBary,SUpDEq + Barycentric,MeasuredDomainERB,2.67373187633645
P0017,17,6,SUpDEqBary,SUpDEq + Barycentric,Contralateral25ERB,3.01742381273889
P0017,17,6,SUpDEqBary,SUpDEq + Barycentric,ContralateralHemisphereHighFrequency,5.47642916840533
P0017,17,6,SUpDEqBary,SUpDEq + Barycentric,HorizontalILDMAE,1.85126695664513
P0017,17,6,MCA,MCA,MeasuredDomainERB,2.07098352574516
P0017,17,6,MCA,MCA,Contralateral25ERB,2.32698818713096
P0017,17,6,MCA,MCA,ContralateralHemisphereHighFrequency,6.21091133588983
P0017,17,6,MCA,MCA,HorizontalILDMAE,1.63483869660799
P0017,17,14,SHOnly,SH only,MeasuredDomainERB,2.77948688603759
P0017,17,14,SHOnly,SH only,Contralateral25ERB,5.44908001196948
P0017,17,14,SHOnly,SH only,ContralateralHemisphereHighFrequency,9.82519162235682
P0017,17,14,SHOnly,SH only,HorizontalILDMAE,4.87004340986377
P0017,17,14,SUpDEqSH,SUpDEq + SH,MeasuredDomainERB,1.8452056618418
P0017,17,14,SUpDEqSH,SUpDEq + SH,Contralateral25ERB,2.55545639658167
P0017,17,14,SUpDEqSH,SUpDEq + SH,ContralateralHemisphereHighFrequency,5.95757568529939
P0017,17,14,SUpDEqSH,SUpDEq + SH,HorizontalILDMAE,1.10347426763295
P0017,17,14,SUpDEqNN,SUpDEq + Natural Neighbor,MeasuredDomainERB,2.07957584630612
P0017,17,14,SUpDEqNN,SUpDEq + Natural Neighbor,Contralateral25ERB,2.9780504344563
P0017,17,14,SUpDEqNN,SUpDEq + Natural Neighbor,ContralateralHemisphereHighFrequency,5.0794454905033
P0017,17,14,SUpDEqNN,SUpDEq + Natural Neighbor,HorizontalILDMAE,1.51729777393983
P0017,17,14,SUpDEqBary,SUpDEq + Barycentric,MeasuredDomainERB,2.08349452461723
P0017,17,14,SUpDEqBary,SUpDEq + Barycentric,Contralateral25ERB,2.86654216511555
P0017,17,14,SUpDEqBary,SUpDEq + Barycentric,ContralateralHemisphereHighFrequency,5.23411537536646
P0017,17,14,SUpDEqBary,SUpDEq + Barycentric,HorizontalILDMAE,1.35372494528862
P0017,17,14,MCA,MCA,MeasuredDomainERB,1.40654736224524
P0017,17,14,MCA,MCA,Contralateral25ERB,2.62270355823883
P0017,17,14,MCA,MCA,ContralateralHemisphereHighFrequency,5.2848495324488
P0017,17,14,MCA,MCA,HorizontalILDMAE,0.880818775392758
P0017,17,26,SHOnly,SH only,MeasuredDomainERB,2.77457184062595
P0017,17,26,SHOnly,SH only,Contralateral25ERB,4.09126906615019
P0017,17,26,SHOnly,SH only,ContralateralHemisphereHighFrequency,9.03602758183419
P0017,17,26,SHOnly,SH only,HorizontalILDMAE,4.15602051051715
P0017,17,26,SUpDEqSH,SUpDEq + SH,MeasuredDomainERB,1.76193453822068
P0017,17,26,SUpDEqSH,SUpDEq + SH,Contralateral25ERB,2.27594823101566
P0017,17,26,SUpDEqSH,SUpDEq + SH,ContralateralHemisphereHighFrequency,5.64817743636792
P0017,17,26,SUpDEqSH,SUpDEq + SH,HorizontalILDMAE,1.43993541150462
P0017,17,26,SUpDEqNN,SUpDEq + Natural Neighbor,MeasuredDomainERB,1.78052777822475
P0017,17,26,SUpDEqNN,SUpDEq + Natural Neighbor,Contralateral25ERB,2.52996217188661
P0017,17,26,SUpDEqNN,SUpDEq + Natural Neighbor,ContralateralHemisphereHighFrequency,4.98460015829042
P0017,17,26,SUpDEqNN,SUpDEq + Natural Neighbor,HorizontalILDMAE,1.23668729911321
P0017,17,26,SUpDEqBary,SUpDEq + Barycentric,MeasuredDomainERB,1.70385952335401
P0017,17,26,SUpDEqBary,SUpDEq + Barycentric,Contralateral25ERB,2.41914105535264
P0017,17,26,SUpDEqBary,SUpDEq + Barycentric,ContralateralHemisphereHighFrequency,5.02571833649511
P0017,17,26,SUpDEqBary,SUpDEq + Barycentric,HorizontalILDMAE,1.18199638476732
P0017,17,26,MCA,MCA,MeasuredDomainERB,1.07698434199441
P0017,17,26,MCA,MCA,Contralateral25ERB,2.10376171612971
P0017,17,26,MCA,MCA,ContralateralHemisphereHighFrequency,4.49955605572648
P0017,17,26,MCA,MCA,HorizontalILDMAE,0.861377176160175
P0029,29,6,SHOnly,SH only,MeasuredDomainERB,3.33270031114661
P0029,29,6,SHOnly,SH only,Contralateral25ERB,2.58240893334316
P0029,29,6,SHOnly,SH only,ContralateralHemisphereHighFrequency,6.88171053051356
P0029,29,6,SHOnly,SH only,HorizontalILDMAE,2.33655574249592
P0029,29,6,SUpDEqSH,SUpDEq + SH,MeasuredDomainERB,2.78883773506724
P0029,29,6,SUpDEqSH,SUpDEq + SH,Contralateral25ERB,2.16146747683032
P0029,29,6,SUpDEqSH,SUpDEq + SH,ContralateralHemisphereHighFrequency,6.32050617831422
P0029,29,6,SUpDEqSH,SUpDEq + SH,HorizontalILDMAE,2.38684490621441
P0029,29,6,SUpDEqNN,SUpDEq + Natural Neighbor,MeasuredDomainERB,2.66435537161957
P0029,29,6,SUpDEqNN,SUpDEq + Natural Neighbor,Contralateral25ERB,2.36869961279155
P0029,29,6,SUpDEqNN,SUpDEq + Natural Neighbor,ContralateralHemisphereHighFrequency,6.0524647697426
P0029,29,6,SUpDEqNN,SUpDEq + Natural Neighbor,HorizontalILDMAE,2.39919772081807
P0029,29,6,SUpDEqBary,SUpDEq + Barycentric,MeasuredDomainERB,2.80557683026244
P0029,29,6,SUpDEqBary,SUpDEq + Barycentric,Contralateral25ERB,2.57095552617237
P0029,29,6,SUpDEqBary,SUpDEq + Barycentric,ContralateralHemisphereHighFrequency,6.19573279761449
P0029,29,6,SUpDEqBary,SUpDEq + Barycentric,HorizontalILDMAE,2.14261396483548
P0029,29,6,MCA,MCA,MeasuredDomainERB,2.09882707642534
P0029,29,6,MCA,MCA,Contralateral25ERB,1.94546591340456
P0029,29,6,MCA,MCA,ContralateralHemisphereHighFrequency,6.68200393210284
P0029,29,6,MCA,MCA,HorizontalILDMAE,1.75060305769532
P0029,29,14,SHOnly,SH only,MeasuredDomainERB,2.76253914528824
P0029,29,14,SHOnly,SH only,Contralateral25ERB,5.43593270246214
P0029,29,14,SHOnly,SH only,ContralateralHemisphereHighFrequency,10.3668475716809
P0029,29,14,SHOnly,SH only,HorizontalILDMAE,3.94560777418868
P0029,29,14,SUpDEqSH,SUpDEq + SH,MeasuredDomainERB,1.83637943154391
P0029,29,14,SUpDEqSH,SUpDEq + SH,Contralateral25ERB,2.50929680437807
P0029,29,14,SUpDEqSH,SUpDEq + SH,ContralateralHemisphereHighFrequency,6.6232183225036
P0029,29,14,SUpDEqSH,SUpDEq + SH,HorizontalILDMAE,1.15188728350798
P0029,29,14,SUpDEqNN,SUpDEq + Natural Neighbor,MeasuredDomainERB,1.989505338588
P0029,29,14,SUpDEqNN,SUpDEq + Natural Neighbor,Contralateral25ERB,2.20744975208941
P0029,29,14,SUpDEqNN,SUpDEq + Natural Neighbor,ContralateralHemisphereHighFrequency,5.69813026953425
P0029,29,14,SUpDEqNN,SUpDEq + Natural Neighbor,HorizontalILDMAE,1.30292705231046
P0029,29,14,SUpDEqBary,SUpDEq + Barycentric,MeasuredDomainERB,1.96179987507397
P0029,29,14,SUpDEqBary,SUpDEq + Barycentric,Contralateral25ERB,2.19281564002131
P0029,29,14,SUpDEqBary,SUpDEq + Barycentric,ContralateralHemisphereHighFrequency,5.60425390663164
P0029,29,14,SUpDEqBary,SUpDEq + Barycentric,HorizontalILDMAE,1.21971423701578
P0029,29,14,MCA,MCA,MeasuredDomainERB,1.32939866676956
P0029,29,14,MCA,MCA,Contralateral25ERB,2.33851831726373
P0029,29,14,MCA,MCA,ContralateralHemisphereHighFrequency,5.35483378178179
P0029,29,14,MCA,MCA,HorizontalILDMAE,1.01091869928007
P0029,29,26,SHOnly,SH only,MeasuredDomainERB,2.61685242737458
P0029,29,26,SHOnly,SH only,Contralateral25ERB,3.71839286566099
P0029,29,26,SHOnly,SH only,ContralateralHemisphereHighFrequency,8.41699161016342
P0029,29,26,SHOnly,SH only,HorizontalILDMAE,2.7516889630065
P0029,29,26,SUpDEqSH,SUpDEq + SH,MeasuredDomainERB,1.8730250131248
P0029,29,26,SUpDEqSH,SUpDEq + SH,Contralateral25ERB,2.13724820273311
P0029,29,26,SUpDEqSH,SUpDEq + SH,ContralateralHemisphereHighFrequency,5.98976563017833
P0029,29,26,SUpDEqSH,SUpDEq + SH,HorizontalILDMAE,1.60156736642658
P0029,29,26,SUpDEqNN,SUpDEq + Natural Neighbor,MeasuredDomainERB,1.9054160785819
P0029,29,26,SUpDEqNN,SUpDEq + Natural Neighbor,Contralateral25ERB,2.03208354817317
P0029,29,26,SUpDEqNN,SUpDEq + Natural Neighbor,ContralateralHemisphereHighFrequency,5.44242760735707
P0029,29,26,SUpDEqNN,SUpDEq + Natural Neighbor,HorizontalILDMAE,1.52722259961694
P0029,29,26,SUpDEqBary,SUpDEq + Barycentric,MeasuredDomainERB,1.79557296724515
P0029,29,26,SUpDEqBary,SUpDEq + Barycentric,Contralateral25ERB,1.99147181521945
P0029,29,26,SUpDEqBary,SUpDEq + Barycentric,ContralateralHemisphereHighFrequency,5.38435091043823
P0029,29,26,SUpDEqBary,SUpDEq + Barycentric,HorizontalILDMAE,1.46351152106084
P0029,29,26,MCA,MCA,MeasuredDomainERB,1.08845811060277
P0029,29,26,MCA,MCA,Contralateral25ERB,1.60074445470829
P0029,29,26,MCA,MCA,ContralateralHemisphereHighFrequency,4.78869287756145
P0029,29,26,MCA,MCA,HorizontalILDMAE,0.683282154221306
P0030,30,6,SHOnly,SH only,MeasuredDomainERB,3.18515693652799
P0030,30,6,SHOnly,SH only,Contralateral25ERB,2.48859268421934
P0030,30,6,SHOnly,SH only,ContralateralHemisphereHighFrequency,6.73057510371104
P0030,30,6,SHOnly,SH only,HorizontalILDMAE,2.35216715366884
P0030,30,6,SUpDEqSH,SUpDEq + SH,MeasuredDomainERB,2.55694145657548
P0030,30,6,SUpDEqSH,SUpDEq + SH,Contralateral25ERB,2.17543389833788
P0030,30,6,SUpDEqSH,SUpDEq + SH,ContralateralHemisphereHighFrequency,5.47383570268043
P0030,30,6,SUpDEqSH,SUpDEq + SH,HorizontalILDMAE,1.94489171843167
P0030,30,6,SUpDEqNN,SUpDEq + Natural Neighbor,MeasuredDomainERB,2.4022180807276
P0030,30,6,SUpDEqNN,SUpDEq + Natural Neighbor,Contralateral25ERB,2.35775469832305
P0030,30,6,SUpDEqNN,SUpDEq + Natural Neighbor,ContralateralHemisphereHighFrequency,5.59002655282041
P0030,30,6,SUpDEqNN,SUpDEq + Natural Neighbor,HorizontalILDMAE,2.13957845738168
P0030,30,6,SUpDEqBary,SUpDEq + Barycentric,MeasuredDomainERB,2.5035673270618
P0030,30,6,SUpDEqBary,SUpDEq + Barycentric,Contralateral25ERB,2.47735209095068
P0030,30,6,SUpDEqBary,SUpDEq + Barycentric,ContralateralHemisphereHighFrequency,5.55287467382842
P0030,30,6,SUpDEqBary,SUpDEq + Barycentric,HorizontalILDMAE,1.89038249984087
P0030,30,6,MCA,MCA,MeasuredDomainERB,2.11996798396158
P0030,30,6,MCA,MCA,Contralateral25ERB,2.08531568307423
P0030,30,6,MCA,MCA,ContralateralHemisphereHighFrequency,6.77846346182513
P0030,30,6,MCA,MCA,HorizontalILDMAE,1.64291475835379
P0030,30,14,SHOnly,SH only,MeasuredDomainERB,2.52557359872679
P0030,30,14,SHOnly,SH only,Contralateral25ERB,5.1032391898833
P0030,30,14,SHOnly,SH only,ContralateralHemisphereHighFrequency,9.34801806080599
P0030,30,14,SHOnly,SH only,HorizontalILDMAE,3.82704161820048
P0030,30,14,SUpDEqSH,SUpDEq + SH,MeasuredDomainERB,1.84231154441513
P0030,30,14,SUpDEqSH,SUpDEq + SH,Contralateral25ERB,2.4255177848376
P0030,30,14,SUpDEqSH,SUpDEq + SH,ContralateralHemisphereHighFrequency,6.08727859884972
P0030,30,14,SUpDEqSH,SUpDEq + SH,HorizontalILDMAE,1.34032182904336
P0030,30,14,SUpDEqNN,SUpDEq + Natural Neighbor,MeasuredDomainERB,2.08959438969701
P0030,30,14,SUpDEqNN,SUpDEq + Natural Neighbor,Contralateral25ERB,2.28832018920895
P0030,30,14,SUpDEqNN,SUpDEq + Natural Neighbor,ContralateralHemisphereHighFrequency,6.02248671393444
P0030,30,14,SUpDEqNN,SUpDEq + Natural Neighbor,HorizontalILDMAE,1.64127524975418
P0030,30,14,SUpDEqBary,SUpDEq + Barycentric,MeasuredDomainERB,2.03348054683673
P0030,30,14,SUpDEqBary,SUpDEq + Barycentric,Contralateral25ERB,2.24744150957002
P0030,30,14,SUpDEqBary,SUpDEq + Barycentric,ContralateralHemisphereHighFrequency,5.80941755315128
P0030,30,14,SUpDEqBary,SUpDEq + Barycentric,HorizontalILDMAE,1.53987393864512
P0030,30,14,MCA,MCA,MeasuredDomainERB,1.34667351024767
P0030,30,14,MCA,MCA,Contralateral25ERB,2.46831320260871
P0030,30,14,MCA,MCA,ContralateralHemisphereHighFrequency,4.93152553923421
P0030,30,14,MCA,MCA,HorizontalILDMAE,1.05054463566025
P0030,30,26,SHOnly,SH only,MeasuredDomainERB,2.60780753705711
P0030,30,26,SHOnly,SH only,Contralateral25ERB,3.60979039131116
P0030,30,26,SHOnly,SH only,ContralateralHemisphereHighFrequency,8.37258119425863
P0030,30,26,SHOnly,SH only,HorizontalILDMAE,3.15229458305007
P0030,30,26,SUpDEqSH,SUpDEq + SH,MeasuredDomainERB,1.87141168997787
P0030,30,26,SUpDEqSH,SUpDEq + SH,Contralateral25ERB,2.05765083729171
P0030,30,26,SUpDEqSH,SUpDEq + SH,ContralateralHemisphereHighFrequency,6.04426619279335
P0030,30,26,SUpDEqSH,SUpDEq + SH,HorizontalILDMAE,1.83612403463431
P0030,30,26,SUpDEqNN,SUpDEq + Natural Neighbor,MeasuredDomainERB,1.92511790147184
P0030,30,26,SUpDEqNN,SUpDEq + Natural Neighbor,Contralateral25ERB,2.23202613827242
P0030,30,26,SUpDEqNN,SUpDEq + Natural Neighbor,ContralateralHemisphereHighFrequency,6.01980843503871
P0030,30,26,SUpDEqNN,SUpDEq + Natural Neighbor,HorizontalILDMAE,1.890802382344
P0030,30,26,SUpDEqBary,SUpDEq + Barycentric,MeasuredDomainERB,1.81880889443798
P0030,30,26,SUpDEqBary,SUpDEq + Barycentric,Contralateral25ERB,2.20338031811418
P0030,30,26,SUpDEqBary,SUpDEq + Barycentric,ContralateralHemisphereHighFrequency,5.77697854725976
P0030,30,26,SUpDEqBary,SUpDEq + Barycentric,HorizontalILDMAE,1.90603209775915
P0030,30,26,MCA,MCA,MeasuredDomainERB,1.07450158338026
P0030,30,26,MCA,MCA,Contralateral25ERB,1.77385150251289
P0030,30,26,MCA,MCA,ContralateralHemisphereHighFrequency,4.59480277889194
P0030,30,26,MCA,MCA,HorizontalILDMAE,0.850547805720689
P0036,36,6,SHOnly,SH only,MeasuredDomainERB,3.24180355233229
P0036,36,6,SHOnly,SH only,Contralateral25ERB,2.36570745976051
P0036,36,6,SHOnly,SH only,ContralateralHemisphereHighFrequency,6.33710585131297
P0036,36,6,SHOnly,SH only,HorizontalILDMAE,2.37873034749415
P0036,36,6,SUpDEqSH,SUpDEq + SH,MeasuredDomainERB,2.72291250627712
P0036,36,6,SUpDEqSH,SUpDEq + SH,Contralateral25ERB,2.42939659936528
P0036,36,6,SUpDEqSH,SUpDEq + SH,ContralateralHemisphereHighFrequency,6.08098559510096
P0036,36,6,SUpDEqSH,SUpDEq + SH,HorizontalILDMAE,2.27091964316798
P0036,36,6,SUpDEqNN,SUpDEq + Natural Neighbor,MeasuredDomainERB,2.63242796340528
P0036,36,6,SUpDEqNN,SUpDEq + Natural Neighbor,Contralateral25ERB,2.93748664362874
P0036,36,6,SUpDEqNN,SUpDEq + Natural Neighbor,ContralateralHemisphereHighFrequency,6.2359315852292
P0036,36,6,SUpDEqNN,SUpDEq + Natural Neighbor,HorizontalILDMAE,1.98768403257598
P0036,36,6,SUpDEqBary,SUpDEq + Barycentric,MeasuredDomainERB,2.69681359113709
P0036,36,6,SUpDEqBary,SUpDEq + Barycentric,Contralateral25ERB,3.168758846611
P0036,36,6,SUpDEqBary,SUpDEq + Barycentric,ContralateralHemisphereHighFrequency,6.21570005324537
P0036,36,6,SUpDEqBary,SUpDEq + Barycentric,HorizontalILDMAE,1.63497654784659
P0036,36,6,MCA,MCA,MeasuredDomainERB,2.24322276588772
P0036,36,6,MCA,MCA,Contralateral25ERB,1.82270607902291
P0036,36,6,MCA,MCA,ContralateralHemisphereHighFrequency,6.70477149417664
P0036,36,6,MCA,MCA,HorizontalILDMAE,1.5192882318674
P0036,36,14,SHOnly,SH only,MeasuredDomainERB,2.72456409884121
P0036,36,14,SHOnly,SH only,Contralateral25ERB,4.93793078336028
P0036,36,14,SHOnly,SH only,ContralateralHemisphereHighFrequency,10.2947784861251
P0036,36,14,SHOnly,SH only,HorizontalILDMAE,3.38664814372865
P0036,36,14,SUpDEqSH,SUpDEq + SH,MeasuredDomainERB,1.8803833530813
P0036,36,14,SUpDEqSH,SUpDEq + SH,Contralateral25ERB,2.43751341675541
P0036,36,14,SUpDEqSH,SUpDEq + SH,ContralateralHemisphereHighFrequency,6.47745182519453
P0036,36,14,SUpDEqSH,SUpDEq + SH,HorizontalILDMAE,1.37622949088714
P0036,36,14,SUpDEqNN,SUpDEq + Natural Neighbor,MeasuredDomainERB,1.99502996200293
P0036,36,14,SUpDEqNN,SUpDEq + Natural Neighbor,Contralateral25ERB,2.67210522928293
P0036,36,14,SUpDEqNN,SUpDEq + Natural Neighbor,ContralateralHemisphereHighFrequency,5.72600151023374
P0036,36,14,SUpDEqNN,SUpDEq + Natural Neighbor,HorizontalILDMAE,1.12648564612064
P0036,36,14,SUpDEqBary,SUpDEq + Barycentric,MeasuredDomainERB,1.97985626140285
P0036,36,14,SUpDEqBary,SUpDEq + Barycentric,Contralateral25ERB,2.58641282271542
P0036,36,14,SUpDEqBary,SUpDEq + Barycentric,ContralateralHemisphereHighFrequency,5.69756033734838
P0036,36,14,SUpDEqBary,SUpDEq + Barycentric,HorizontalILDMAE,1.12979411124791
P0036,36,14,MCA,MCA,MeasuredDomainERB,1.45027244936106
P0036,36,14,MCA,MCA,Contralateral25ERB,2.52152324890415
P0036,36,14,MCA,MCA,ContralateralHemisphereHighFrequency,5.39512514901315
P0036,36,14,MCA,MCA,HorizontalILDMAE,1.14275750046251
P0036,36,26,SHOnly,SH only,MeasuredDomainERB,2.72460328644489
P0036,36,26,SHOnly,SH only,Contralateral25ERB,3.56780609239455
P0036,36,26,SHOnly,SH only,ContralateralHemisphereHighFrequency,8.75939093243329
P0036,36,26,SHOnly,SH only,HorizontalILDMAE,2.59158410367991
P0036,36,26,SUpDEqSH,SUpDEq + SH,MeasuredDomainERB,1.83456406311645
P0036,36,26,SUpDEqSH,SUpDEq + SH,Contralateral25ERB,2.12648264587404
P0036,36,26,SUpDEqSH,SUpDEq + SH,ContralateralHemisphereHighFrequency,5.71349607641053
P0036,36,26,SUpDEqSH,SUpDEq + SH,HorizontalILDMAE,1.377409060049
P0036,36,26,SUpDEqNN,SUpDEq + Natural Neighbor,MeasuredDomainERB,1.84516477011104
P0036,36,26,SUpDEqNN,SUpDEq + Natural Neighbor,Contralateral25ERB,2.08457709841172
P0036,36,26,SUpDEqNN,SUpDEq + Natural Neighbor,ContralateralHemisphereHighFrequency,5.2130682724626
P0036,36,26,SUpDEqNN,SUpDEq + Natural Neighbor,HorizontalILDMAE,1.18813807640616
P0036,36,26,SUpDEqBary,SUpDEq + Barycentric,MeasuredDomainERB,1.756743743716
P0036,36,26,SUpDEqBary,SUpDEq + Barycentric,Contralateral25ERB,2.03700510570058
P0036,36,26,SUpDEqBary,SUpDEq + Barycentric,ContralateralHemisphereHighFrequency,5.20122794708596
P0036,36,26,SUpDEqBary,SUpDEq + Barycentric,HorizontalILDMAE,1.16746558067967
P0036,36,26,MCA,MCA,MeasuredDomainERB,1.1003060495932
P0036,36,26,MCA,MCA,Contralateral25ERB,1.62206788425351
P0036,36,26,MCA,MCA,ContralateralHemisphereHighFrequency,4.52302152208358
P0036,36,26,MCA,MCA,HorizontalILDMAE,0.642083835581604
P0056,56,6,SHOnly,SH only,MeasuredDomainERB,3.16116593401875
P0056,56,6,SHOnly,SH only,Contralateral25ERB,2.55025508485205
P0056,56,6,SHOnly,SH only,ContralateralHemisphereHighFrequency,7.00298468030098
P0056,56,6,SHOnly,SH only,HorizontalILDMAE,2.22477163058501
P0056,56,6,SUpDEqSH,SUpDEq + SH,MeasuredDomainERB,2.69345339735035
P0056,56,6,SUpDEqSH,SUpDEq + SH,Contralateral25ERB,2.32225214387276
P0056,56,6,SUpDEqSH,SUpDEq + SH,ContralateralHemisphereHighFrequency,5.66045395385276
P0056,56,6,SUpDEqSH,SUpDEq + SH,HorizontalILDMAE,2.37009069203367
P0056,56,6,SUpDEqNN,SUpDEq + Natural Neighbor,MeasuredDomainERB,2.6654738359796
P0056,56,6,SUpDEqNN,SUpDEq + Natural Neighbor,Contralateral25ERB,2.6882113816704
P0056,56,6,SUpDEqNN,SUpDEq + Natural Neighbor,ContralateralHemisphereHighFrequency,5.88793698789832
P0056,56,6,SUpDEqNN,SUpDEq + Natural Neighbor,HorizontalILDMAE,2.53415441848223
P0056,56,6,SUpDEqBary,SUpDEq + Barycentric,MeasuredDomainERB,2.79520536569992
P0056,56,6,SUpDEqBary,SUpDEq + Barycentric,Contralateral25ERB,2.93914220161591
P0056,56,6,SUpDEqBary,SUpDEq + Barycentric,ContralateralHemisphereHighFrequency,6.07142001800202
P0056,56,6,SUpDEqBary,SUpDEq + Barycentric,HorizontalILDMAE,2.30683489225327
P0056,56,6,MCA,MCA,MeasuredDomainERB,2.22397676475111
P0056,56,6,MCA,MCA,Contralateral25ERB,2.07813975930129
P0056,56,6,MCA,MCA,ContralateralHemisphereHighFrequency,7.17873181329853
P0056,56,6,MCA,MCA,HorizontalILDMAE,1.92474274889016
P0056,56,14,SHOnly,SH only,MeasuredDomainERB,2.61690905447235
P0056,56,14,SHOnly,SH only,Contralateral25ERB,5.11587635377558
P0056,56,14,SHOnly,SH only,ContralateralHemisphereHighFrequency,9.5999041172344
P0056,56,14,SHOnly,SH only,HorizontalILDMAE,3.9633442148934
P0056,56,14,SUpDEqSH,SUpDEq + SH,MeasuredDomainERB,1.79896396118684
P0056,56,14,SUpDEqSH,SUpDEq + SH,Contralateral25ERB,2.47799148572831
P0056,56,14,SUpDEqSH,SUpDEq + SH,ContralateralHemisphereHighFrequency,5.87842916145574
P0056,56,14,SUpDEqSH,SUpDEq + SH,HorizontalILDMAE,1.63195573371177
P0056,56,14,SUpDEqNN,SUpDEq + Natural Neighbor,MeasuredDomainERB,2.15097615521761
P0056,56,14,SUpDEqNN,SUpDEq + Natural Neighbor,Contralateral25ERB,2.47937974232008
P0056,56,14,SUpDEqNN,SUpDEq + Natural Neighbor,ContralateralHemisphereHighFrequency,5.76208734032696
P0056,56,14,SUpDEqNN,SUpDEq + Natural Neighbor,HorizontalILDMAE,1.51378152694872
P0056,56,14,SUpDEqBary,SUpDEq + Barycentric,MeasuredDomainERB,2.04550922559177
P0056,56,14,SUpDEqBary,SUpDEq + Barycentric,Contralateral25ERB,2.43607329590538
P0056,56,14,SUpDEqBary,SUpDEq + Barycentric,ContralateralHemisphereHighFrequency,5.37762210038106
P0056,56,14,SUpDEqBary,SUpDEq + Barycentric,HorizontalILDMAE,1.41753546758519
P0056,56,14,MCA,MCA,MeasuredDomainERB,1.34489533745239
P0056,56,14,MCA,MCA,Contralateral25ERB,2.7511694287786
P0056,56,14,MCA,MCA,ContralateralHemisphereHighFrequency,4.95320443814694
P0056,56,14,MCA,MCA,HorizontalILDMAE,1.22329535497244
P0056,56,26,SHOnly,SH only,MeasuredDomainERB,2.55778982471386
P0056,56,26,SHOnly,SH only,Contralateral25ERB,3.3535556512314
P0056,56,26,SHOnly,SH only,ContralateralHemisphereHighFrequency,9.14604824855518
P0056,56,26,SHOnly,SH only,HorizontalILDMAE,2.8036346479854
P0056,56,26,SUpDEqSH,SUpDEq + SH,MeasuredDomainERB,2.0029356631819
P0056,56,26,SUpDEqSH,SUpDEq + SH,Contralateral25ERB,2.16101450049772
P0056,56,26,SUpDEqSH,SUpDEq + SH,ContralateralHemisphereHighFrequency,6.2140643845016
P0056,56,26,SUpDEqSH,SUpDEq + SH,HorizontalILDMAE,2.08585749307174
P0056,56,26,SUpDEqNN,SUpDEq + Natural Neighbor,MeasuredDomainERB,2.0401186778235
P0056,56,26,SUpDEqNN,SUpDEq + Natural Neighbor,Contralateral25ERB,2.38491758950555
P0056,56,26,SUpDEqNN,SUpDEq + Natural Neighbor,ContralateralHemisphereHighFrequency,5.63309210315769
P0056,56,26,SUpDEqNN,SUpDEq + Natural Neighbor,HorizontalILDMAE,1.7999102555684
P0056,56,26,SUpDEqBary,SUpDEq + Barycentric,MeasuredDomainERB,1.92302889685729
P0056,56,26,SUpDEqBary,SUpDEq + Barycentric,Contralateral25ERB,2.27977545736155
P0056,56,26,SUpDEqBary,SUpDEq + Barycentric,ContralateralHemisphereHighFrequency,5.476214412263
P0056,56,26,SUpDEqBary,SUpDEq + Barycentric,HorizontalILDMAE,1.68196276648255
P0056,56,26,MCA,MCA,MeasuredDomainERB,1.04978294989546
P0056,56,26,MCA,MCA,Contralateral25ERB,1.75592598823002
P0056,56,26,MCA,MCA,ContralateralHemisphereHighFrequency,4.85806625709185
P0056,56,26,MCA,MCA,HorizontalILDMAE,0.961447492629632
P0059,59,6,SHOnly,SH only,MeasuredDomainERB,3.18525678161136
P0059,59,6,SHOnly,SH only,Contralateral25ERB,3.06827565561459
P0059,59,6,SHOnly,SH only,ContralateralHemisphereHighFrequency,6.74607200796193
P0059,59,6,SHOnly,SH only,HorizontalILDMAE,2.12003852119988
P0059,59,6,SUpDEqSH,SUpDEq + SH,MeasuredDomainERB,2.6819455037974
P0059,59,6,SUpDEqSH,SUpDEq + SH,Contralateral25ERB,2.5268892878915
P0059,59,6,SUpDEqSH,SUpDEq + SH,ContralateralHemisphereHighFrequency,5.83006900763835
P0059,59,6,SUpDEqSH,SUpDEq + SH,HorizontalILDMAE,2.39161314529227
P0059,59,6,SUpDEqNN,SUpDEq + Natural Neighbor,MeasuredDomainERB,2.59422813425014
P0059,59,6,SUpDEqNN,SUpDEq + Natural Neighbor,Contralateral25ERB,2.81000579219154
P0059,59,6,SUpDEqNN,SUpDEq + Natural Neighbor,ContralateralHemisphereHighFrequency,5.73342882305847
P0059,59,6,SUpDEqNN,SUpDEq + Natural Neighbor,HorizontalILDMAE,2.45221794027025
P0059,59,6,SUpDEqBary,SUpDEq + Barycentric,MeasuredDomainERB,2.73870853125933
P0059,59,6,SUpDEqBary,SUpDEq + Barycentric,Contralateral25ERB,3.04648666125036
P0059,59,6,SUpDEqBary,SUpDEq + Barycentric,ContralateralHemisphereHighFrequency,5.6752701162503
P0059,59,6,SUpDEqBary,SUpDEq + Barycentric,HorizontalILDMAE,2.15351238880248
P0059,59,6,MCA,MCA,MeasuredDomainERB,2.18125544654209
P0059,59,6,MCA,MCA,Contralateral25ERB,2.2713492089195
P0059,59,6,MCA,MCA,ContralateralHemisphereHighFrequency,6.7619931816799
P0059,59,6,MCA,MCA,HorizontalILDMAE,1.8334053931488
P0059,59,14,SHOnly,SH only,MeasuredDomainERB,2.70980348586812
P0059,59,14,SHOnly,SH only,Contralateral25ERB,5.07905987114201
P0059,59,14,SHOnly,SH only,ContralateralHemisphereHighFrequency,10.4404422289917
P0059,59,14,SHOnly,SH only,HorizontalILDMAE,3.87224315071456
P0059,59,14,SUpDEqSH,SUpDEq + SH,MeasuredDomainERB,1.75050055639531
P0059,59,14,SUpDEqSH,SUpDEq + SH,Contralateral25ERB,2.65388765884111
P0059,59,14,SUpDEqSH,SUpDEq + SH,ContralateralHemisphereHighFrequency,5.76629818724416
P0059,59,14,SUpDEqSH,SUpDEq + SH,HorizontalILDMAE,1.7954247214722
P0059,59,14,SUpDEqNN,SUpDEq + Natural Neighbor,MeasuredDomainERB,2.0709405088749
P0059,59,14,SUpDEqNN,SUpDEq + Natural Neighbor,Contralateral25ERB,2.48891284633975
P0059,59,14,SUpDEqNN,SUpDEq + Natural Neighbor,ContralateralHemisphereHighFrequency,5.62398957199798
P0059,59,14,SUpDEqNN,SUpDEq + Natural Neighbor,HorizontalILDMAE,1.63617752261312
P0059,59,14,SUpDEqBary,SUpDEq + Barycentric,MeasuredDomainERB,1.98737500524739
P0059,59,14,SUpDEqBary,SUpDEq + Barycentric,Contralateral25ERB,2.43074997063861
P0059,59,14,SUpDEqBary,SUpDEq + Barycentric,ContralateralHemisphereHighFrequency,5.31376035522071
P0059,59,14,SUpDEqBary,SUpDEq + Barycentric,HorizontalILDMAE,1.43080518427877
P0059,59,14,MCA,MCA,MeasuredDomainERB,1.33810145661839
P0059,59,14,MCA,MCA,Contralateral25ERB,2.7576494280451
P0059,59,14,MCA,MCA,ContralateralHemisphereHighFrequency,4.81318251582195
P0059,59,14,MCA,MCA,HorizontalILDMAE,0.998167589060682
P0059,59,26,SHOnly,SH only,MeasuredDomainERB,2.75503105446734
P0059,59,26,SHOnly,SH only,Contralateral25ERB,3.88033436282134
P0059,59,26,SHOnly,SH only,ContralateralHemisphereHighFrequency,9.71258929877611
P0059,59,26,SHOnly,SH only,HorizontalILDMAE,4.01862346207775
P0059,59,26,SUpDEqSH,SUpDEq + SH,MeasuredDomainERB,1.85977825144536
P0059,59,26,SUpDEqSH,SUpDEq + SH,Contralateral25ERB,2.32947308893863
P0059,59,26,SUpDEqSH,SUpDEq + SH,ContralateralHemisphereHighFrequency,5.89693450779012
P0059,59,26,SUpDEqSH,SUpDEq + SH,HorizontalILDMAE,1.97146533101364
P0059,59,26,SUpDEqNN,SUpDEq + Natural Neighbor,MeasuredDomainERB,1.99130086951106
P0059,59,26,SUpDEqNN,SUpDEq + Natural Neighbor,Contralateral25ERB,2.38913799081911
P0059,59,26,SUpDEqNN,SUpDEq + Natural Neighbor,ContralateralHemisphereHighFrequency,5.59517816553485
P0059,59,26,SUpDEqNN,SUpDEq + Natural Neighbor,HorizontalILDMAE,1.88890290695599
P0059,59,26,SUpDEqBary,SUpDEq + Barycentric,MeasuredDomainERB,1.85499346178212
P0059,59,26,SUpDEqBary,SUpDEq + Barycentric,Contralateral25ERB,2.30254315021609
P0059,59,26,SUpDEqBary,SUpDEq + Barycentric,ContralateralHemisphereHighFrequency,5.38019063614007
P0059,59,26,SUpDEqBary,SUpDEq + Barycentric,HorizontalILDMAE,1.81260612288702
P0059,59,26,MCA,MCA,MeasuredDomainERB,0.979072505250262
P0059,59,26,MCA,MCA,Contralateral25ERB,1.78894256312427
P0059,59,26,MCA,MCA,ContralateralHemisphereHighFrequency,4.48888471513875
P0059,59,26,MCA,MCA,HorizontalILDMAE,0.801226361702495
P0060,60,6,SHOnly,SH only,MeasuredDomainERB,3.35385267319775
P0060,60,6,SHOnly,SH only,Contralateral25ERB,2.57980816670302
P0060,60,6,SHOnly,SH only,ContralateralHemisphereHighFrequency,6.60931155375614
P0060,60,6,SHOnly,SH only,HorizontalILDMAE,1.85932757926974
P0060,60,6,SUpDEqSH,SUpDEq + SH,MeasuredDomainERB,2.83188414306663
P0060,60,6,SUpDEqSH,SUpDEq + SH,Contralateral25ERB,2.28426680517281
P0060,60,6,SUpDEqSH,SUpDEq + SH,ContralateralHemisphereHighFrequency,6.71767119864825
P0060,60,6,SUpDEqSH,SUpDEq + SH,HorizontalILDMAE,2.13456002121926
P0060,60,6,SUpDEqNN,SUpDEq + Natural Neighbor,MeasuredDomainERB,2.66936093625636
P0060,60,6,SUpDEqNN,SUpDEq + Natural Neighbor,Contralateral25ERB,2.62007363681182
P0060,60,6,SUpDEqNN,SUpDEq + Natural Neighbor,ContralateralHemisphereHighFrequency,6.46400888415761
P0060,60,6,SUpDEqNN,SUpDEq + Natural Neighbor,HorizontalILDMAE,2.12474034429263
P0060,60,6,SUpDEqBary,SUpDEq + Barycentric,MeasuredDomainERB,2.73082652710312
P0060,60,6,SUpDEqBary,SUpDEq + Barycentric,Contralateral25ERB,2.83880100956923
P0060,60,6,SUpDEqBary,SUpDEq + Barycentric,ContralateralHemisphereHighFrequency,6.29048874581872
P0060,60,6,SUpDEqBary,SUpDEq + Barycentric,HorizontalILDMAE,1.95432373154809
P0060,60,6,MCA,MCA,MeasuredDomainERB,2.26289274934105
P0060,60,6,MCA,MCA,Contralateral25ERB,2.0917864839737
P0060,60,6,MCA,MCA,ContralateralHemisphereHighFrequency,6.85394311933843
P0060,60,6,MCA,MCA,HorizontalILDMAE,1.84023698598936
P0060,60,14,SHOnly,SH only,MeasuredDomainERB,2.7808269844206
P0060,60,14,SHOnly,SH only,Contralateral25ERB,5.3362204713258
P0060,60,14,SHOnly,SH only,ContralateralHemisphereHighFrequency,10.8792969085213
P0060,60,14,SHOnly,SH only,HorizontalILDMAE,3.68642914152064
P0060,60,14,SUpDEqSH,SUpDEq + SH,MeasuredDomainERB,1.87548572409777
P0060,60,14,SUpDEqSH,SUpDEq + SH,Contralateral25ERB,2.59143163641898
P0060,60,14,SUpDEqSH,SUpDEq + SH,ContralateralHemisphereHighFrequency,6.26806418914206
P0060,60,14,SUpDEqSH,SUpDEq + SH,HorizontalILDMAE,1.26784196108257
P0060,60,14,SUpDEqNN,SUpDEq + Natural Neighbor,MeasuredDomainERB,2.12896977732476
P0060,60,14,SUpDEqNN,SUpDEq + Natural Neighbor,Contralateral25ERB,2.41536559156448
P0060,60,14,SUpDEqNN,SUpDEq + Natural Neighbor,ContralateralHemisphereHighFrequency,5.29270812812341
P0060,60,14,SUpDEqNN,SUpDEq + Natural Neighbor,HorizontalILDMAE,1.20627813186058
P0060,60,14,SUpDEqBary,SUpDEq + Barycentric,MeasuredDomainERB,2.11739445428362
P0060,60,14,SUpDEqBary,SUpDEq + Barycentric,Contralateral25ERB,2.35514948264463
P0060,60,14,SUpDEqBary,SUpDEq + Barycentric,ContralateralHemisphereHighFrequency,5.27119880861526
P0060,60,14,SUpDEqBary,SUpDEq + Barycentric,HorizontalILDMAE,1.24695791852624
P0060,60,14,MCA,MCA,MeasuredDomainERB,1.40974792054201
P0060,60,14,MCA,MCA,Contralateral25ERB,2.67741804682836
P0060,60,14,MCA,MCA,ContralateralHemisphereHighFrequency,5.21967109828644
P0060,60,14,MCA,MCA,HorizontalILDMAE,0.863160182601772
P0060,60,26,SHOnly,SH only,MeasuredDomainERB,2.74051634898614
P0060,60,26,SHOnly,SH only,Contralateral25ERB,3.71130522143961
P0060,60,26,SHOnly,SH only,ContralateralHemisphereHighFrequency,9.24371638987864
P0060,60,26,SHOnly,SH only,HorizontalILDMAE,2.94026459367418
P0060,60,26,SUpDEqSH,SUpDEq + SH,MeasuredDomainERB,1.95308060173544
P0060,60,26,SUpDEqSH,SUpDEq + SH,Contralateral25ERB,2.26569792115365
P0060,60,26,SUpDEqSH,SUpDEq + SH,ContralateralHemisphereHighFrequency,5.70588196544399
P0060,60,26,SUpDEqSH,SUpDEq + SH,HorizontalILDMAE,1.40754085757244
P0060,60,26,SUpDEqNN,SUpDEq + Natural Neighbor,MeasuredDomainERB,2.02174251059255
P0060,60,26,SUpDEqNN,SUpDEq + Natural Neighbor,Contralateral25ERB,2.42359086086947
P0060,60,26,SUpDEqNN,SUpDEq + Natural Neighbor,ContralateralHemisphereHighFrequency,5.32651636512527
P0060,60,26,SUpDEqNN,SUpDEq + Natural Neighbor,HorizontalILDMAE,1.34717864656114
P0060,60,26,SUpDEqBary,SUpDEq + Barycentric,MeasuredDomainERB,1.89579242413164
P0060,60,26,SUpDEqBary,SUpDEq + Barycentric,Contralateral25ERB,2.31760405323746
P0060,60,26,SUpDEqBary,SUpDEq + Barycentric,ContralateralHemisphereHighFrequency,5.23775308327789
P0060,60,26,SUpDEqBary,SUpDEq + Barycentric,HorizontalILDMAE,1.4039540874919
P0060,60,26,MCA,MCA,MeasuredDomainERB,1.07962277496592
P0060,60,26,MCA,MCA,Contralateral25ERB,1.90854788402873
P0060,60,26,MCA,MCA,ContralateralHemisphereHighFrequency,4.54620525478905
P0060,60,26,MCA,MCA,HorizontalILDMAE,1.05774901122056
P0074,74,6,SHOnly,SH only,MeasuredDomainERB,3.17629010764558
P0074,74,6,SHOnly,SH only,Contralateral25ERB,2.60311112873847
P0074,74,6,SHOnly,SH only,ContralateralHemisphereHighFrequency,6.81143357974773
P0074,74,6,SHOnly,SH only,HorizontalILDMAE,1.49627415293422
P0074,74,6,SUpDEqSH,SUpDEq + SH,MeasuredDomainERB,2.77855140652838
P0074,74,6,SUpDEqSH,SUpDEq + SH,Contralateral25ERB,2.3288664206073
P0074,74,6,SUpDEqSH,SUpDEq + SH,ContralateralHemisphereHighFrequency,6.44828119619923
P0074,74,6,SUpDEqSH,SUpDEq + SH,HorizontalILDMAE,2.27849596301981
P0074,74,6,SUpDEqNN,SUpDEq + Natural Neighbor,MeasuredDomainERB,2.73383519194472
P0074,74,6,SUpDEqNN,SUpDEq + Natural Neighbor,Contralateral25ERB,2.96781306573954
P0074,74,6,SUpDEqNN,SUpDEq + Natural Neighbor,ContralateralHemisphereHighFrequency,6.69168830815563
P0074,74,6,SUpDEqNN,SUpDEq + Natural Neighbor,HorizontalILDMAE,1.63601017194764
P0074,74,6,SUpDEqBary,SUpDEq + Barycentric,MeasuredDomainERB,2.80753282310928
P0074,74,6,SUpDEqBary,SUpDEq + Barycentric,Contralateral25ERB,3.19037157104559
P0074,74,6,SUpDEqBary,SUpDEq + Barycentric,ContralateralHemisphereHighFrequency,6.72548563639737
P0074,74,6,SUpDEqBary,SUpDEq + Barycentric,HorizontalILDMAE,1.38419742144221
P0074,74,6,MCA,MCA,MeasuredDomainERB,2.05449435666968
P0074,74,6,MCA,MCA,Contralateral25ERB,1.93477138783177
P0074,74,6,MCA,MCA,ContralateralHemisphereHighFrequency,7.05765594857465
P0074,74,6,MCA,MCA,HorizontalILDMAE,1.76278019377991
P0074,74,14,SHOnly,SH only,MeasuredDomainERB,2.69566640697637
P0074,74,14,SHOnly,SH only,Contralateral25ERB,4.64860211474115
P0074,74,14,SHOnly,SH only,ContralateralHemisphereHighFrequency,10.5487137230099
P0074,74,14,SHOnly,SH only,HorizontalILDMAE,3.5645449878089
P0074,74,14,SUpDEqSH,SUpDEq + SH,MeasuredDomainERB,1.9879581651946
P0074,74,14,SUpDEqSH,SUpDEq + SH,Contralateral25ERB,2.60771849045511
P0074,74,14,SUpDEqSH,SUpDEq + SH,ContralateralHemisphereHighFrequency,7.01917601274972
P0074,74,14,SUpDEqSH,SUpDEq + SH,HorizontalILDMAE,1.70547540273911
P0074,74,14,SUpDEqNN,SUpDEq + Natural Neighbor,MeasuredDomainERB,2.1002016239025
P0074,74,14,SUpDEqNN,SUpDEq + Natural Neighbor,Contralateral25ERB,2.52422798964488
P0074,74,14,SUpDEqNN,SUpDEq + Natural Neighbor,ContralateralHemisphereHighFrequency,6.40960074130541
P0074,74,14,SUpDEqNN,SUpDEq + Natural Neighbor,HorizontalILDMAE,1.46289584261728
P0074,74,14,SUpDEqBary,SUpDEq + Barycentric,MeasuredDomainERB,2.03622198729589
P0074,74,14,SUpDEqBary,SUpDEq + Barycentric,Contralateral25ERB,2.42630894682033
P0074,74,14,SUpDEqBary,SUpDEq + Barycentric,ContralateralHemisphereHighFrequency,6.27256432911432
P0074,74,14,SUpDEqBary,SUpDEq + Barycentric,HorizontalILDMAE,1.26190998458292
P0074,74,14,MCA,MCA,MeasuredDomainERB,1.37873103215569
P0074,74,14,MCA,MCA,Contralateral25ERB,2.61016769424062
P0074,74,14,MCA,MCA,ContralateralHemisphereHighFrequency,5.85929100040474
P0074,74,14,MCA,MCA,HorizontalILDMAE,0.950045245955671
P0074,74,26,SHOnly,SH only,MeasuredDomainERB,2.80161259278311
P0074,74,26,SHOnly,SH only,Contralateral25ERB,3.71176590202871
P0074,74,26,SHOnly,SH only,ContralateralHemisphereHighFrequency,10.0804010232506
P0074,74,26,SHOnly,SH only,HorizontalILDMAE,2.94327945568726
P0074,74,26,SUpDEqSH,SUpDEq + SH,MeasuredDomainERB,1.89714142123314
P0074,74,26,SUpDEqSH,SUpDEq + SH,Contralateral25ERB,2.14664569937651
P0074,74,26,SUpDEqSH,SUpDEq + SH,ContralateralHemisphereHighFrequency,6.30139140969379
P0074,74,26,SUpDEqSH,SUpDEq + SH,HorizontalILDMAE,1.75399128132644
P0074,74,26,SUpDEqNN,SUpDEq + Natural Neighbor,MeasuredDomainERB,1.8856669850521
P0074,74,26,SUpDEqNN,SUpDEq + Natural Neighbor,Contralateral25ERB,2.01752924423437
P0074,74,26,SUpDEqNN,SUpDEq + Natural Neighbor,ContralateralHemisphereHighFrequency,5.85756968254744
P0074,74,26,SUpDEqNN,SUpDEq + Natural Neighbor,HorizontalILDMAE,1.6798745753845
P0074,74,26,SUpDEqBary,SUpDEq + Barycentric,MeasuredDomainERB,1.76204320028113
P0074,74,26,SUpDEqBary,SUpDEq + Barycentric,Contralateral25ERB,1.95505858536322
P0074,74,26,SUpDEqBary,SUpDEq + Barycentric,ContralateralHemisphereHighFrequency,5.69756022794598
P0074,74,26,SUpDEqBary,SUpDEq + Barycentric,HorizontalILDMAE,1.61275410158597
P0074,74,26,MCA,MCA,MeasuredDomainERB,1.01825971473619
P0074,74,26,MCA,MCA,Contralateral25ERB,1.63990850678944
P0074,74,26,MCA,MCA,ContralateralHemisphereHighFrequency,4.99600728797879
P0074,74,26,MCA,MCA,HorizontalILDMAE,0.758355436218815
P0080,80,6,SHOnly,SH only,MeasuredDomainERB,3.33720735319156
P0080,80,6,SHOnly,SH only,Contralateral25ERB,3.03626878627015
P0080,80,6,SHOnly,SH only,ContralateralHemisphereHighFrequency,6.75443829700413
P0080,80,6,SHOnly,SH only,HorizontalILDMAE,2.77005462757283
P0080,80,6,SUpDEqSH,SUpDEq + SH,MeasuredDomainERB,2.72440391900429
P0080,80,6,SUpDEqSH,SUpDEq + SH,Contralateral25ERB,2.64041737175108
P0080,80,6,SUpDEqSH,SUpDEq + SH,ContralateralHemisphereHighFrequency,6.31981564403658
P0080,80,6,SUpDEqSH,SUpDEq + SH,HorizontalILDMAE,2.38419834287161
P0080,80,6,SUpDEqNN,SUpDEq + Natural Neighbor,MeasuredDomainERB,2.53470417684349
P0080,80,6,SUpDEqNN,SUpDEq + Natural Neighbor,Contralateral25ERB,2.86701823650393
P0080,80,6,SUpDEqNN,SUpDEq + Natural Neighbor,ContralateralHemisphereHighFrequency,5.95256996327506
P0080,80,6,SUpDEqNN,SUpDEq + Natural Neighbor,HorizontalILDMAE,2.62146395503221
P0080,80,6,SUpDEqBary,SUpDEq + Barycentric,MeasuredDomainERB,2.65328296073155
P0080,80,6,SUpDEqBary,SUpDEq + Barycentric,Contralateral25ERB,2.92032794426783
P0080,80,6,SUpDEqBary,SUpDEq + Barycentric,ContralateralHemisphereHighFrequency,6.08043811642994
P0080,80,6,SUpDEqBary,SUpDEq + Barycentric,HorizontalILDMAE,2.49096300481908
P0080,80,6,MCA,MCA,MeasuredDomainERB,2.21291952277856
P0080,80,6,MCA,MCA,Contralateral25ERB,2.30944614668313
P0080,80,6,MCA,MCA,ContralateralHemisphereHighFrequency,6.88493432114893
P0080,80,6,MCA,MCA,HorizontalILDMAE,1.2800452225148
P0080,80,14,SHOnly,SH only,MeasuredDomainERB,2.87170157582147
P0080,80,14,SHOnly,SH only,Contralateral25ERB,6.09806674551863
P0080,80,14,SHOnly,SH only,ContralateralHemisphereHighFrequency,10.5098066513927
P0080,80,14,SHOnly,SH only,HorizontalILDMAE,4.73036127309861
P0080,80,14,SUpDEqSH,SUpDEq + SH,MeasuredDomainERB,1.80844638082422
P0080,80,14,SUpDEqSH,SUpDEq + SH,Contralateral25ERB,2.61194075943517
P0080,80,14,SUpDEqSH,SUpDEq + SH,ContralateralHemisphereHighFrequency,5.95709868816629
P0080,80,14,SUpDEqSH,SUpDEq + SH,HorizontalILDMAE,2.31237489009667
P0080,80,14,SUpDEqNN,SUpDEq + Natural Neighbor,MeasuredDomainERB,2.04213866308626
P0080,80,14,SUpDEqNN,SUpDEq + Natural Neighbor,Contralateral25ERB,2.65633573546238
P0080,80,14,SUpDEqNN,SUpDEq + Natural Neighbor,ContralateralHemisphereHighFrequency,5.65749980999751
P0080,80,14,SUpDEqNN,SUpDEq + Natural Neighbor,HorizontalILDMAE,2.23488256374306
P0080,80,14,SUpDEqBary,SUpDEq + Barycentric,MeasuredDomainERB,2.02715088305298
P0080,80,14,SUpDEqBary,SUpDEq + Barycentric,Contralateral25ERB,2.65032190260474
P0080,80,14,SUpDEqBary,SUpDEq + Barycentric,ContralateralHemisphereHighFrequency,5.51794605042678
P0080,80,14,SUpDEqBary,SUpDEq + Barycentric,HorizontalILDMAE,2.12443437055203
P0080,80,14,MCA,MCA,MeasuredDomainERB,1.28650190635352
P0080,80,14,MCA,MCA,Contralateral25ERB,2.57433129750717
P0080,80,14,MCA,MCA,ContralateralHemisphereHighFrequency,5.03508638625363
P0080,80,14,MCA,MCA,HorizontalILDMAE,0.817715666733245
P0080,80,26,SHOnly,SH only,MeasuredDomainERB,2.8615257714024
P0080,80,26,SHOnly,SH only,Contralateral25ERB,4.64827567920513
P0080,80,26,SHOnly,SH only,ContralateralHemisphereHighFrequency,10.1766948556319
P0080,80,26,SHOnly,SH only,HorizontalILDMAE,4.87881924913661
P0080,80,26,SUpDEqSH,SUpDEq + SH,MeasuredDomainERB,1.92905476116533
P0080,80,26,SUpDEqSH,SUpDEq + SH,Contralateral25ERB,2.07799350521372
P0080,80,26,SUpDEqSH,SUpDEq + SH,ContralateralHemisphereHighFrequency,6.0285307379269
P0080,80,26,SUpDEqSH,SUpDEq + SH,HorizontalILDMAE,1.88778735865018
P0080,80,26,SUpDEqNN,SUpDEq + Natural Neighbor,MeasuredDomainERB,1.94786188544613
P0080,80,26,SUpDEqNN,SUpDEq + Natural Neighbor,Contralateral25ERB,2.20951034709367
P0080,80,26,SUpDEqNN,SUpDEq + Natural Neighbor,ContralateralHemisphereHighFrequency,5.51743540513234
P0080,80,26,SUpDEqNN,SUpDEq + Natural Neighbor,HorizontalILDMAE,2.17337480766115
P0080,80,26,SUpDEqBary,SUpDEq + Barycentric,MeasuredDomainERB,1.82435091277161
P0080,80,26,SUpDEqBary,SUpDEq + Barycentric,Contralateral25ERB,2.1866223762358
P0080,80,26,SUpDEqBary,SUpDEq + Barycentric,ContralateralHemisphereHighFrequency,5.3408614479848
P0080,80,26,SUpDEqBary,SUpDEq + Barycentric,HorizontalILDMAE,2.07335482882
P0080,80,26,MCA,MCA,MeasuredDomainERB,1.05083437253097
P0080,80,26,MCA,MCA,Contralateral25ERB,1.76793618700544
P0080,80,26,MCA,MCA,ContralateralHemisphereHighFrequency,4.6519351072364
P0080,80,26,MCA,MCA,HorizontalILDMAE,0.576260007713867
P0081,81,6,SHOnly,SH only,MeasuredDomainERB,3.54102620026992
P0081,81,6,SHOnly,SH only,Contralateral25ERB,2.93452145178354
P0081,81,6,SHOnly,SH only,ContralateralHemisphereHighFrequency,7.28700906021002
P0081,81,6,SHOnly,SH only,HorizontalILDMAE,2.80949619628478
P0081,81,6,SUpDEqSH,SUpDEq + SH,MeasuredDomainERB,2.95925103878953
P0081,81,6,SUpDEqSH,SUpDEq + SH,Contralateral25ERB,2.46898228804689
P0081,81,6,SUpDEqSH,SUpDEq + SH,ContralateralHemisphereHighFrequency,6.7344958006684
P0081,81,6,SUpDEqSH,SUpDEq + SH,HorizontalILDMAE,2.67384840410295
P0081,81,6,SUpDEqNN,SUpDEq + Natural Neighbor,MeasuredDomainERB,2.70526296229897
P0081,81,6,SUpDEqNN,SUpDEq + Natural Neighbor,Contralateral25ERB,2.72426600372751
P0081,81,6,SUpDEqNN,SUpDEq + Natural Neighbor,ContralateralHemisphereHighFrequency,6.68189513016591
P0081,81,6,SUpDEqNN,SUpDEq + Natural Neighbor,HorizontalILDMAE,2.57415576947084
P0081,81,6,SUpDEqBary,SUpDEq + Barycentric,MeasuredDomainERB,2.88378352797629
P0081,81,6,SUpDEqBary,SUpDEq + Barycentric,Contralateral25ERB,2.86412946721409
P0081,81,6,SUpDEqBary,SUpDEq + Barycentric,ContralateralHemisphereHighFrequency,6.69188529680742
P0081,81,6,SUpDEqBary,SUpDEq + Barycentric,HorizontalILDMAE,2.37311561756564
P0081,81,6,MCA,MCA,MeasuredDomainERB,2.20826167929299
P0081,81,6,MCA,MCA,Contralateral25ERB,2.29876217903189
P0081,81,6,MCA,MCA,ContralateralHemisphereHighFrequency,6.66076129751713
P0081,81,6,MCA,MCA,HorizontalILDMAE,1.83472609912979
P0081,81,14,SHOnly,SH only,MeasuredDomainERB,2.75193176807828
P0081,81,14,SHOnly,SH only,Contralateral25ERB,5.11463188193376
P0081,81,14,SHOnly,SH only,ContralateralHemisphereHighFrequency,9.99288923205808
P0081,81,14,SHOnly,SH only,HorizontalILDMAE,4.26414475631441
P0081,81,14,SUpDEqSH,SUpDEq + SH,MeasuredDomainERB,1.88343298795438
P0081,81,14,SUpDEqSH,SUpDEq + SH,Contralateral25ERB,2.72757755910032
P0081,81,14,SUpDEqSH,SUpDEq + SH,ContralateralHemisphereHighFrequency,5.66462284802164
P0081,81,14,SUpDEqSH,SUpDEq + SH,HorizontalILDMAE,1.89896090377275
P0081,81,14,SUpDEqNN,SUpDEq + Natural Neighbor,MeasuredDomainERB,2.08781514352884
P0081,81,14,SUpDEqNN,SUpDEq + Natural Neighbor,Contralateral25ERB,2.46238249247477
P0081,81,14,SUpDEqNN,SUpDEq + Natural Neighbor,ContralateralHemisphereHighFrequency,5.79829713178838
P0081,81,14,SUpDEqNN,SUpDEq + Natural Neighbor,HorizontalILDMAE,1.78763849444464
P0081,81,14,SUpDEqBary,SUpDEq + Barycentric,MeasuredDomainERB,2.02994734416046
P0081,81,14,SUpDEqBary,SUpDEq + Barycentric,Contralateral25ERB,2.43784216335955
P0081,81,14,SUpDEqBary,SUpDEq + Barycentric,ContralateralHemisphereHighFrequency,5.63607577505608
P0081,81,14,SUpDEqBary,SUpDEq + Barycentric,HorizontalILDMAE,1.70121939891513
P0081,81,14,MCA,MCA,MeasuredDomainERB,1.36716800692503
P0081,81,14,MCA,MCA,Contralateral25ERB,3.04005098375255
P0081,81,14,MCA,MCA,ContralateralHemisphereHighFrequency,4.76455416600172
P0081,81,14,MCA,MCA,HorizontalILDMAE,1.08451457184025
P0081,81,26,SHOnly,SH only,MeasuredDomainERB,2.58772219662603
P0081,81,26,SHOnly,SH only,Contralateral25ERB,4.01426175581095
P0081,81,26,SHOnly,SH only,ContralateralHemisphereHighFrequency,8.28804602083513
P0081,81,26,SHOnly,SH only,HorizontalILDMAE,3.13163957159688
P0081,81,26,SUpDEqSH,SUpDEq + SH,MeasuredDomainERB,1.82250546363883
P0081,81,26,SUpDEqSH,SUpDEq + SH,Contralateral25ERB,2.27501086579203
P0081,81,26,SUpDEqSH,SUpDEq + SH,ContralateralHemisphereHighFrequency,5.25801005910645
P0081,81,26,SUpDEqSH,SUpDEq + SH,HorizontalILDMAE,1.96340698409761
P0081,81,26,SUpDEqNN,SUpDEq + Natural Neighbor,MeasuredDomainERB,1.96334362238047
P0081,81,26,SUpDEqNN,SUpDEq + Natural Neighbor,Contralateral25ERB,2.38717301281971
P0081,81,26,SUpDEqNN,SUpDEq + Natural Neighbor,ContralateralHemisphereHighFrequency,5.13143081991346
P0081,81,26,SUpDEqNN,SUpDEq + Natural Neighbor,HorizontalILDMAE,1.53233796100288
P0081,81,26,SUpDEqBary,SUpDEq + Barycentric,MeasuredDomainERB,1.85524916753474
P0081,81,26,SUpDEqBary,SUpDEq + Barycentric,Contralateral25ERB,2.34522103647036
P0081,81,26,SUpDEqBary,SUpDEq + Barycentric,ContralateralHemisphereHighFrequency,5.07246301558641
P0081,81,26,SUpDEqBary,SUpDEq + Barycentric,HorizontalILDMAE,1.56494466135497
P0081,81,26,MCA,MCA,MeasuredDomainERB,1.03523532443458
P0081,81,26,MCA,MCA,Contralateral25ERB,1.9585322090442
P0081,81,26,MCA,MCA,ContralateralHemisphereHighFrequency,4.06651136606329
P0081,81,26,MCA,MCA,HorizontalILDMAE,0.819077948433638
P0090,90,6,SHOnly,SH only,MeasuredDomainERB,3.18105465586941
P0090,90,6,SHOnly,SH only,Contralateral25ERB,2.75593685439439
P0090,90,6,SHOnly,SH only,ContralateralHemisphereHighFrequency,6.74150474270912
P0090,90,6,SHOnly,SH only,HorizontalILDMAE,1.90484641150759
P0090,90,6,SUpDEqSH,SUpDEq + SH,MeasuredDomainERB,2.82783918883135
P0090,90,6,SUpDEqSH,SUpDEq + SH,Contralateral25ERB,2.42173795206823
P0090,90,6,SUpDEqSH,SUpDEq + SH,ContralateralHemisphereHighFrequency,6.33098160045003
P0090,90,6,SUpDEqSH,SUpDEq + SH,HorizontalILDMAE,2.04121814773148
P0090,90,6,SUpDEqNN,SUpDEq + Natural Neighbor,MeasuredDomainERB,2.72449746055079
P0090,90,6,SUpDEqNN,SUpDEq + Natural Neighbor,Contralateral25ERB,2.71220646201804
P0090,90,6,SUpDEqNN,SUpDEq + Natural Neighbor,ContralateralHemisphereHighFrequency,6.25585127365833
P0090,90,6,SUpDEqNN,SUpDEq + Natural Neighbor,HorizontalILDMAE,1.87320963174675
P0090,90,6,SUpDEqBary,SUpDEq + Barycentric,MeasuredDomainERB,2.88406749952288
P0090,90,6,SUpDEqBary,SUpDEq + Barycentric,Contralateral25ERB,2.91746081145491
P0090,90,6,SUpDEqBary,SUpDEq + Barycentric,ContralateralHemisphereHighFrequency,6.11580755609037
P0090,90,6,SUpDEqBary,SUpDEq + Barycentric,HorizontalILDMAE,1.52142322859614
P0090,90,6,MCA,MCA,MeasuredDomainERB,2.23281396855409
P0090,90,6,MCA,MCA,Contralateral25ERB,2.09687511157185
P0090,90,6,MCA,MCA,ContralateralHemisphereHighFrequency,6.67126144378915
P0090,90,6,MCA,MCA,HorizontalILDMAE,1.55396029279268
P0090,90,14,SHOnly,SH only,MeasuredDomainERB,2.96980483468396
P0090,90,14,SHOnly,SH only,Contralateral25ERB,5.24132020151524
P0090,90,14,SHOnly,SH only,ContralateralHemisphereHighFrequency,10.7847552154349
P0090,90,14,SHOnly,SH only,HorizontalILDMAE,3.92540505328523
P0090,90,14,SUpDEqSH,SUpDEq + SH,MeasuredDomainERB,1.87773900918652
P0090,90,14,SUpDEqSH,SUpDEq + SH,Contralateral25ERB,2.56879448952987
P0090,90,14,SUpDEqSH,SUpDEq + SH,ContralateralHemisphereHighFrequency,5.93193455664911
P0090,90,14,SUpDEqSH,SUpDEq + SH,HorizontalILDMAE,1.10067070576849
P0090,90,14,SUpDEqNN,SUpDEq + Natural Neighbor,MeasuredDomainERB,2.07711961658449
P0090,90,14,SUpDEqNN,SUpDEq + Natural Neighbor,Contralateral25ERB,2.30617182625773
P0090,90,14,SUpDEqNN,SUpDEq + Natural Neighbor,ContralateralHemisphereHighFrequency,5.42214726123029
P0090,90,14,SUpDEqNN,SUpDEq + Natural Neighbor,HorizontalILDMAE,1.19884036127673
P0090,90,14,SUpDEqBary,SUpDEq + Barycentric,MeasuredDomainERB,2.02688085367419
P0090,90,14,SUpDEqBary,SUpDEq + Barycentric,Contralateral25ERB,2.26966365251086
P0090,90,14,SUpDEqBary,SUpDEq + Barycentric,ContralateralHemisphereHighFrequency,5.32177777566534
P0090,90,14,SUpDEqBary,SUpDEq + Barycentric,HorizontalILDMAE,1.10990516361106
P0090,90,14,MCA,MCA,MeasuredDomainERB,1.49010310596351
P0090,90,14,MCA,MCA,Contralateral25ERB,2.5487553131633
P0090,90,14,MCA,MCA,ContralateralHemisphereHighFrequency,5.17394532044291
P0090,90,14,MCA,MCA,HorizontalILDMAE,0.914384172979899
P0090,90,26,SHOnly,SH only,MeasuredDomainERB,2.73340323660443
P0090,90,26,SHOnly,SH only,Contralateral25ERB,4.3627738864023
P0090,90,26,SHOnly,SH only,ContralateralHemisphereHighFrequency,9.61290399038128
P0090,90,26,SHOnly,SH only,HorizontalILDMAE,3.12789049099652
P0090,90,26,SUpDEqSH,SUpDEq + SH,MeasuredDomainERB,1.98412272524045
P0090,90,26,SUpDEqSH,SUpDEq + SH,Contralateral25ERB,2.19501707266405
P0090,90,26,SUpDEqSH,SUpDEq + SH,ContralateralHemisphereHighFrequency,5.82703171390784
P0090,90,26,SUpDEqSH,SUpDEq + SH,HorizontalILDMAE,1.33338101181087
P0090,90,26,SUpDEqNN,SUpDEq + Natural Neighbor,MeasuredDomainERB,2.07169854294747
P0090,90,26,SUpDEqNN,SUpDEq + Natural Neighbor,Contralateral25ERB,2.31849390297541
P0090,90,26,SUpDEqNN,SUpDEq + Natural Neighbor,ContralateralHemisphereHighFrequency,5.43689606506997
P0090,90,26,SUpDEqNN,SUpDEq + Natural Neighbor,HorizontalILDMAE,1.03572916782934
P0090,90,26,SUpDEqBary,SUpDEq + Barycentric,MeasuredDomainERB,1.93364868814686
P0090,90,26,SUpDEqBary,SUpDEq + Barycentric,Contralateral25ERB,2.26112175507591
P0090,90,26,SUpDEqBary,SUpDEq + Barycentric,ContralateralHemisphereHighFrequency,5.35471718097087
P0090,90,26,SUpDEqBary,SUpDEq + Barycentric,HorizontalILDMAE,1.08333494291569
P0090,90,26,MCA,MCA,MeasuredDomainERB,1.10697376874211
P0090,90,26,MCA,MCA,Contralateral25ERB,1.80190820680517
P0090,90,26,MCA,MCA,ContralateralHemisphereHighFrequency,4.49631058461642
P0090,90,26,MCA,MCA,HorizontalILDMAE,0.822633315157955
P0091,91,6,SHOnly,SH only,MeasuredDomainERB,3.20553735385385
P0091,91,6,SHOnly,SH only,Contralateral25ERB,2.67768117298449
P0091,91,6,SHOnly,SH only,ContralateralHemisphereHighFrequency,6.63599775056092
P0091,91,6,SHOnly,SH only,HorizontalILDMAE,2.1781425803686
P0091,91,6,SUpDEqSH,SUpDEq + SH,MeasuredDomainERB,2.84943772084088
P0091,91,6,SUpDEqSH,SUpDEq + SH,Contralateral25ERB,2.67577423132641
P0091,91,6,SUpDEqSH,SUpDEq + SH,ContralateralHemisphereHighFrequency,6.74884413966334
P0091,91,6,SUpDEqSH,SUpDEq + SH,HorizontalILDMAE,2.75136409211631
P0091,91,6,SUpDEqNN,SUpDEq + Natural Neighbor,MeasuredDomainERB,2.67757047125926
P0091,91,6,SUpDEqNN,SUpDEq + Natural Neighbor,Contralateral25ERB,2.9160865046759
P0091,91,6,SUpDEqNN,SUpDEq + Natural Neighbor,ContralateralHemisphereHighFrequency,6.37886761246514
P0091,91,6,SUpDEqNN,SUpDEq + Natural Neighbor,HorizontalILDMAE,2.43107894919177
P0091,91,6,SUpDEqBary,SUpDEq + Barycentric,MeasuredDomainERB,2.80011497567614
P0091,91,6,SUpDEqBary,SUpDEq + Barycentric,Contralateral25ERB,3.0713888551099
P0091,91,6,SUpDEqBary,SUpDEq + Barycentric,ContralateralHemisphereHighFrequency,6.42450969813789
P0091,91,6,SUpDEqBary,SUpDEq + Barycentric,HorizontalILDMAE,2.13944000744628
P0091,91,6,MCA,MCA,MeasuredDomainERB,2.08852415155784
P0091,91,6,MCA,MCA,Contralateral25ERB,2.39203604525132
P0091,91,6,MCA,MCA,ContralateralHemisphereHighFrequency,6.06767638611612
P0091,91,6,MCA,MCA,HorizontalILDMAE,1.81183789241333
P0091,91,14,SHOnly,SH only,MeasuredDomainERB,2.77945862083118
P0091,91,14,SHOnly,SH only,Contralateral25ERB,5.41216320442834
P0091,91,14,SHOnly,SH only,ContralateralHemisphereHighFrequency,10.8111113663715
P0091,91,14,SHOnly,SH only,HorizontalILDMAE,4.07775106420496
P0091,91,14,SUpDEqSH,SUpDEq + SH,MeasuredDomainERB,1.77858274893438
P0091,91,14,SUpDEqSH,SUpDEq + SH,Contralateral25ERB,2.56177541259376
P0091,91,14,SUpDEqSH,SUpDEq + SH,ContralateralHemisphereHighFrequency,6.33833489863976
P0091,91,14,SUpDEqSH,SUpDEq + SH,HorizontalILDMAE,1.2839538961303
P0091,91,14,SUpDEqNN,SUpDEq + Natural Neighbor,MeasuredDomainERB,2.0168335932204
P0091,91,14,SUpDEqNN,SUpDEq + Natural Neighbor,Contralateral25ERB,2.84666514089683
P0091,91,14,SUpDEqNN,SUpDEq + Natural Neighbor,ContralateralHemisphereHighFrequency,5.70636764523311
P0091,91,14,SUpDEqNN,SUpDEq + Natural Neighbor,HorizontalILDMAE,1.40208608590575
P0091,91,14,SUpDEqBary,SUpDEq + Barycentric,MeasuredDomainERB,2.0223950161005
P0091,91,14,SUpDEqBary,SUpDEq + Barycentric,Contralateral25ERB,2.78110376164426
P0091,91,14,SUpDEqBary,SUpDEq + Barycentric,ContralateralHemisphereHighFrequency,5.79370217114832
P0091,91,14,SUpDEqBary,SUpDEq + Barycentric,HorizontalILDMAE,1.3170504677484
P0091,91,14,MCA,MCA,MeasuredDomainERB,1.41424315962276
P0091,91,14,MCA,MCA,Contralateral25ERB,2.94235511652926
P0091,91,14,MCA,MCA,ContralateralHemisphereHighFrequency,5.47072649370256
P0091,91,14,MCA,MCA,HorizontalILDMAE,1.07774367056281
P0091,91,26,SHOnly,SH only,MeasuredDomainERB,2.79542385162025
P0091,91,26,SHOnly,SH only,Contralateral25ERB,4.29669948774697
P0091,91,26,SHOnly,SH only,ContralateralHemisphereHighFrequency,9.65780369123286
P0091,91,26,SHOnly,SH only,HorizontalILDMAE,3.75679937790253
P0091,91,26,SUpDEqSH,SUpDEq + SH,MeasuredDomainERB,1.810440562271
P0091,91,26,SUpDEqSH,SUpDEq + SH,Contralateral25ERB,2.42333359853003
P0091,91,26,SUpDEqSH,SUpDEq + SH,ContralateralHemisphereHighFrequency,5.80397762688629
P0091,91,26,SUpDEqSH,SUpDEq + SH,HorizontalILDMAE,1.25308948123412
P0091,91,26,SUpDEqNN,SUpDEq + Natural Neighbor,MeasuredDomainERB,1.81389211607811
P0091,91,26,SUpDEqNN,SUpDEq + Natural Neighbor,Contralateral25ERB,2.32295171231462
P0091,91,26,SUpDEqNN,SUpDEq + Natural Neighbor,ContralateralHemisphereHighFrequency,5.33974204602229
P0091,91,26,SUpDEqNN,SUpDEq + Natural Neighbor,HorizontalILDMAE,1.29602186119569
P0091,91,26,SUpDEqBary,SUpDEq + Barycentric,MeasuredDomainERB,1.72809177170136
P0091,91,26,SUpDEqBary,SUpDEq + Barycentric,Contralateral25ERB,2.30090282161868
P0091,91,26,SUpDEqBary,SUpDEq + Barycentric,ContralateralHemisphereHighFrequency,5.30500049063485
P0091,91,26,SUpDEqBary,SUpDEq + Barycentric,HorizontalILDMAE,1.37569105210655
P0091,91,26,MCA,MCA,MeasuredDomainERB,1.12223083031146
P0091,91,26,MCA,MCA,Contralateral25ERB,2.03677621018261
P0091,91,26,MCA,MCA,ContralateralHemisphereHighFrequency,4.77095642908801
P0091,91,26,MCA,MCA,HorizontalILDMAE,0.617983552814225
P0094,94,6,SHOnly,SH only,MeasuredDomainERB,3.25881743482887
P0094,94,6,SHOnly,SH only,Contralateral25ERB,2.87024137247232
P0094,94,6,SHOnly,SH only,ContralateralHemisphereHighFrequency,7.26328140612334
P0094,94,6,SHOnly,SH only,HorizontalILDMAE,2.46874492656036
P0094,94,6,SUpDEqSH,SUpDEq + SH,MeasuredDomainERB,2.68250065593466
P0094,94,6,SUpDEqSH,SUpDEq + SH,Contralateral25ERB,2.37354625701856
P0094,94,6,SUpDEqSH,SUpDEq + SH,ContralateralHemisphereHighFrequency,6.88914380937426
P0094,94,6,SUpDEqSH,SUpDEq + SH,HorizontalILDMAE,2.57231223243909
P0094,94,6,SUpDEqNN,SUpDEq + Natural Neighbor,MeasuredDomainERB,2.50698900884309
P0094,94,6,SUpDEqNN,SUpDEq + Natural Neighbor,Contralateral25ERB,2.6622258790913
P0094,94,6,SUpDEqNN,SUpDEq + Natural Neighbor,ContralateralHemisphereHighFrequency,6.6931427875991
P0094,94,6,SUpDEqNN,SUpDEq + Natural Neighbor,HorizontalILDMAE,2.41786688604406
P0094,94,6,SUpDEqBary,SUpDEq + Barycentric,MeasuredDomainERB,2.6034952350441
P0094,94,6,SUpDEqBary,SUpDEq + Barycentric,Contralateral25ERB,2.82711962209631
P0094,94,6,SUpDEqBary,SUpDEq + Barycentric,ContralateralHemisphereHighFrequency,6.86129441865264
P0094,94,6,SUpDEqBary,SUpDEq + Barycentric,HorizontalILDMAE,2.01246382572952
P0094,94,6,MCA,MCA,MeasuredDomainERB,2.13608050126517
P0094,94,6,MCA,MCA,Contralateral25ERB,2.25838536909889
P0094,94,6,MCA,MCA,ContralateralHemisphereHighFrequency,6.97208268598744
P0094,94,6,MCA,MCA,HorizontalILDMAE,2.30734236623839
P0094,94,14,SHOnly,SH only,MeasuredDomainERB,2.65656420991939
P0094,94,14,SHOnly,SH only,Contralateral25ERB,5.09481405340386
P0094,94,14,SHOnly,SH only,ContralateralHemisphereHighFrequency,10.5959867029709
P0094,94,14,SHOnly,SH only,HorizontalILDMAE,3.47433202631253
P0094,94,14,SUpDEqSH,SUpDEq + SH,MeasuredDomainERB,1.92041974696297
P0094,94,14,SUpDEqSH,SUpDEq + SH,Contralateral25ERB,2.84165465204307
P0094,94,14,SUpDEqSH,SUpDEq + SH,ContralateralHemisphereHighFrequency,7.23124092145117
P0094,94,14,SUpDEqSH,SUpDEq + SH,HorizontalILDMAE,1.2104065330651
P0094,94,14,SUpDEqNN,SUpDEq + Natural Neighbor,MeasuredDomainERB,1.98337328677684
P0094,94,14,SUpDEqNN,SUpDEq + Natural Neighbor,Contralateral25ERB,2.51937900165674
P0094,94,14,SUpDEqNN,SUpDEq + Natural Neighbor,ContralateralHemisphereHighFrequency,6.18992223763818
P0094,94,14,SUpDEqNN,SUpDEq + Natural Neighbor,HorizontalILDMAE,1.46108589176362
P0094,94,14,SUpDEqBary,SUpDEq + Barycentric,MeasuredDomainERB,1.99917407558124
P0094,94,14,SUpDEqBary,SUpDEq + Barycentric,Contralateral25ERB,2.50293494489672
P0094,94,14,SUpDEqBary,SUpDEq + Barycentric,ContralateralHemisphereHighFrequency,6.24516731635084
P0094,94,14,SUpDEqBary,SUpDEq + Barycentric,HorizontalILDMAE,1.39464629935913
P0094,94,14,MCA,MCA,MeasuredDomainERB,1.54560430484031
P0094,94,14,MCA,MCA,Contralateral25ERB,2.76482206632404
P0094,94,14,MCA,MCA,ContralateralHemisphereHighFrequency,6.43172167494376
P0094,94,14,MCA,MCA,HorizontalILDMAE,1.03651733728288
P0094,94,26,SHOnly,SH only,MeasuredDomainERB,2.6737221034419
P0094,94,26,SHOnly,SH only,Contralateral25ERB,3.78419525348657
P0094,94,26,SHOnly,SH only,ContralateralHemisphereHighFrequency,8.88421772152897
P0094,94,26,SHOnly,SH only,HorizontalILDMAE,3.0279448418062
P0094,94,26,SUpDEqSH,SUpDEq + SH,MeasuredDomainERB,1.89756358304234
P0094,94,26,SUpDEqSH,SUpDEq + SH,Contralateral25ERB,2.18059589031089
P0094,94,26,SUpDEqSH,SUpDEq + SH,ContralateralHemisphereHighFrequency,6.39543540932251
P0094,94,26,SUpDEqSH,SUpDEq + SH,HorizontalILDMAE,2.7440234120625
P0094,94,26,SUpDEqNN,SUpDEq + Natural Neighbor,MeasuredDomainERB,1.87215871615034
P0094,94,26,SUpDEqNN,SUpDEq + Natural Neighbor,Contralateral25ERB,2.25369820831234
P0094,94,26,SUpDEqNN,SUpDEq + Natural Neighbor,ContralateralHemisphereHighFrequency,5.83783196236886
P0094,94,26,SUpDEqNN,SUpDEq + Natural Neighbor,HorizontalILDMAE,2.26848983897055
P0094,94,26,SUpDEqBary,SUpDEq + Barycentric,MeasuredDomainERB,1.76937340627168
P0094,94,26,SUpDEqBary,SUpDEq + Barycentric,Contralateral25ERB,2.23036785201644
P0094,94,26,SUpDEqBary,SUpDEq + Barycentric,ContralateralHemisphereHighFrequency,5.7162335781541
P0094,94,26,SUpDEqBary,SUpDEq + Barycentric,HorizontalILDMAE,2.29068037458098
P0094,94,26,MCA,MCA,MeasuredDomainERB,1.14770726493121
P0094,94,26,MCA,MCA,Contralateral25ERB,1.92007179580322
P0094,94,26,MCA,MCA,ContralateralHemisphereHighFrequency,5.31821081967358
P0094,94,26,MCA,MCA,HorizontalILDMAE,0.881524324446383
P0104,104,6,SHOnly,SH only,MeasuredDomainERB,3.30258453527553
P0104,104,6,SHOnly,SH only,Contralateral25ERB,2.68756817615076
P0104,104,6,SHOnly,SH only,ContralateralHemisphereHighFrequency,7.05700240517388
P0104,104,6,SHOnly,SH only,HorizontalILDMAE,2.46387477740972
P0104,104,6,SUpDEqSH,SUpDEq + SH,MeasuredDomainERB,2.76773060388596
P0104,104,6,SUpDEqSH,SUpDEq + SH,Contralateral25ERB,2.27828558455603
P0104,104,6,SUpDEqSH,SUpDEq + SH,ContralateralHemisphereHighFrequency,5.82562091525228
P0104,104,6,SUpDEqSH,SUpDEq + SH,HorizontalILDMAE,2.55279850727578
P0104,104,6,SUpDEqNN,SUpDEq + Natural Neighbor,MeasuredDomainERB,2.62938476614562
P0104,104,6,SUpDEqNN,SUpDEq + Natural Neighbor,Contralateral25ERB,2.45240820561298
P0104,104,6,SUpDEqNN,SUpDEq + Natural Neighbor,ContralateralHemisphereHighFrequency,5.68800319343666
P0104,104,6,SUpDEqNN,SUpDEq + Natural Neighbor,HorizontalILDMAE,2.60565703458516
P0104,104,6,SUpDEqBary,SUpDEq + Barycentric,MeasuredDomainERB,2.80316082045554
P0104,104,6,SUpDEqBary,SUpDEq + Barycentric,Contralateral25ERB,2.68903148756328
P0104,104,6,SUpDEqBary,SUpDEq + Barycentric,ContralateralHemisphereHighFrequency,5.62571749216461
P0104,104,6,SUpDEqBary,SUpDEq + Barycentric,HorizontalILDMAE,2.32737745709577
P0104,104,6,MCA,MCA,MeasuredDomainERB,2.13865624090288
P0104,104,6,MCA,MCA,Contralateral25ERB,2.1502098443697
P0104,104,6,MCA,MCA,ContralateralHemisphereHighFrequency,6.65158903029894
P0104,104,6,MCA,MCA,HorizontalILDMAE,2.24448967413055
P0104,104,14,SHOnly,SH only,MeasuredDomainERB,2.7002073735498
P0104,104,14,SHOnly,SH only,Contralateral25ERB,5.31615978497549
P0104,104,14,SHOnly,SH only,ContralateralHemisphereHighFrequency,11.3224046545305
P0104,104,14,SHOnly,SH only,HorizontalILDMAE,3.71647859323058
P0104,104,14,SUpDEqSH,SUpDEq + SH,MeasuredDomainERB,1.8945463006806
P0104,104,14,SUpDEqSH,SUpDEq + SH,Contralateral25ERB,2.73759191996257
P0104,104,14,SUpDEqSH,SUpDEq + SH,ContralateralHemisphereHighFrequency,6.93964929575106
P0104,104,14,SUpDEqSH,SUpDEq + SH,HorizontalILDMAE,1.66788266402006
P0104,104,14,SUpDEqNN,SUpDEq + Natural Neighbor,MeasuredDomainERB,2.05451330667348
P0104,104,14,SUpDEqNN,SUpDEq + Natural Neighbor,Contralateral25ERB,2.38564444149809
P0104,104,14,SUpDEqNN,SUpDEq + Natural Neighbor,ContralateralHemisphereHighFrequency,5.93420495226524
P0104,104,14,SUpDEqNN,SUpDEq + Natural Neighbor,HorizontalILDMAE,1.49523542075498
P0104,104,14,SUpDEqBary,SUpDEq + Barycentric,MeasuredDomainERB,2.00260923584112
P0104,104,14,SUpDEqBary,SUpDEq + Barycentric,Contralateral25ERB,2.35255575733458
P0104,104,14,SUpDEqBary,SUpDEq + Barycentric,ContralateralHemisphereHighFrequency,5.56157256363049
P0104,104,14,SUpDEqBary,SUpDEq + Barycentric,HorizontalILDMAE,1.4480052652503
P0104,104,14,MCA,MCA,MeasuredDomainERB,1.37336631793045
P0104,104,14,MCA,MCA,Contralateral25ERB,2.41950276365298
P0104,104,14,MCA,MCA,ContralateralHemisphereHighFrequency,5.54057419158507
P0104,104,14,MCA,MCA,HorizontalILDMAE,0.674217227409252
P0104,104,26,SHOnly,SH only,MeasuredDomainERB,2.73129465698413
P0104,104,26,SHOnly,SH only,Contralateral25ERB,3.60394036035001
P0104,104,26,SHOnly,SH only,ContralateralHemisphereHighFrequency,9.75666698769782
P0104,104,26,SHOnly,SH only,HorizontalILDMAE,2.8606119156513
P0104,104,26,SUpDEqSH,SUpDEq + SH,MeasuredDomainERB,1.95337387926481
P0104,104,26,SUpDEqSH,SUpDEq + SH,Contralateral25ERB,2.25443249636661
P0104,104,26,SUpDEqSH,SUpDEq + SH,ContralateralHemisphereHighFrequency,6.23614475288195
P0104,104,26,SUpDEqSH,SUpDEq + SH,HorizontalILDMAE,2.30465004468109
P0104,104,26,SUpDEqNN,SUpDEq + Natural Neighbor,MeasuredDomainERB,1.92535868702992
P0104,104,26,SUpDEqNN,SUpDEq + Natural Neighbor,Contralateral25ERB,2.20957924848284
P0104,104,26,SUpDEqNN,SUpDEq + Natural Neighbor,ContralateralHemisphereHighFrequency,5.67237065632292
P0104,104,26,SUpDEqNN,SUpDEq + Natural Neighbor,HorizontalILDMAE,2.09237420960189
P0104,104,26,SUpDEqBary,SUpDEq + Barycentric,MeasuredDomainERB,1.81085356683884
P0104,104,26,SUpDEqBary,SUpDEq + Barycentric,Contralateral25ERB,2.1496784773589
P0104,104,26,SUpDEqBary,SUpDEq + Barycentric,ContralateralHemisphereHighFrequency,5.39578000861746
P0104,104,26,SUpDEqBary,SUpDEq + Barycentric,HorizontalILDMAE,2.11641268164708
P0104,104,26,MCA,MCA,MeasuredDomainERB,1.02859036463238
P0104,104,26,MCA,MCA,Contralateral25ERB,1.81555119727996
P0104,104,26,MCA,MCA,ContralateralHemisphereHighFrequency,4.52796517551216
P0104,104,26,MCA,MCA,HorizontalILDMAE,0.883012995101227
P0114,114,6,SHOnly,SH only,MeasuredDomainERB,3.21352426133977
P0114,114,6,SHOnly,SH only,Contralateral25ERB,2.68582852539939
P0114,114,6,SHOnly,SH only,ContralateralHemisphereHighFrequency,7.01092940030178
P0114,114,6,SHOnly,SH only,HorizontalILDMAE,1.68921304425448
P0114,114,6,SUpDEqSH,SUpDEq + SH,MeasuredDomainERB,2.40708105347806
P0114,114,6,SUpDEqSH,SUpDEq + SH,Contralateral25ERB,2.34679279833327
P0114,114,6,SUpDEqSH,SUpDEq + SH,ContralateralHemisphereHighFrequency,6.01949047493843
P0114,114,6,SUpDEqSH,SUpDEq + SH,HorizontalILDMAE,1.75576668103797
P0114,114,6,SUpDEqNN,SUpDEq + Natural Neighbor,MeasuredDomainERB,2.23383210271851
P0114,114,6,SUpDEqNN,SUpDEq + Natural Neighbor,Contralateral25ERB,2.40324221711689
P0114,114,6,SUpDEqNN,SUpDEq + Natural Neighbor,ContralateralHemisphereHighFrequency,6.24900584220114
P0114,114,6,SUpDEqNN,SUpDEq + Natural Neighbor,HorizontalILDMAE,1.76260239722421
P0114,114,6,SUpDEqBary,SUpDEq + Barycentric,MeasuredDomainERB,2.38506907543791
P0114,114,6,SUpDEqBary,SUpDEq + Barycentric,Contralateral25ERB,2.42200048843136
P0114,114,6,SUpDEqBary,SUpDEq + Barycentric,ContralateralHemisphereHighFrequency,6.42876873678743
P0114,114,6,SUpDEqBary,SUpDEq + Barycentric,HorizontalILDMAE,2.1101689552081
P0114,114,6,MCA,MCA,MeasuredDomainERB,2.44850095533987
P0114,114,6,MCA,MCA,Contralateral25ERB,2.06806153699719
P0114,114,6,MCA,MCA,ContralateralHemisphereHighFrequency,7.78741342848236
P0114,114,6,MCA,MCA,HorizontalILDMAE,1.66946961763194
P0114,114,14,SHOnly,SH only,MeasuredDomainERB,3.15918341095824
P0114,114,14,SHOnly,SH only,Contralateral25ERB,5.76531815751535
P0114,114,14,SHOnly,SH only,ContralateralHemisphereHighFrequency,11.5171077808086
P0114,114,14,SHOnly,SH only,HorizontalILDMAE,4.6600432488497
P0114,114,14,SUpDEqSH,SUpDEq + SH,MeasuredDomainERB,1.94826014689733
P0114,114,14,SUpDEqSH,SUpDEq + SH,Contralateral25ERB,2.47060076108203
P0114,114,14,SUpDEqSH,SUpDEq + SH,ContralateralHemisphereHighFrequency,7.43625902738949
P0114,114,14,SUpDEqSH,SUpDEq + SH,HorizontalILDMAE,1.6331471646949
P0114,114,14,SUpDEqNN,SUpDEq + Natural Neighbor,MeasuredDomainERB,1.98095524635927
P0114,114,14,SUpDEqNN,SUpDEq + Natural Neighbor,Contralateral25ERB,2.31417561074967
P0114,114,14,SUpDEqNN,SUpDEq + Natural Neighbor,ContralateralHemisphereHighFrequency,5.97061549861996
P0114,114,14,SUpDEqNN,SUpDEq + Natural Neighbor,HorizontalILDMAE,1.89465388812259
P0114,114,14,SUpDEqBary,SUpDEq + Barycentric,MeasuredDomainERB,1.91973732274108
P0114,114,14,SUpDEqBary,SUpDEq + Barycentric,Contralateral25ERB,2.24879286495897
P0114,114,14,SUpDEqBary,SUpDEq + Barycentric,ContralateralHemisphereHighFrequency,5.8301494913165
P0114,114,14,SUpDEqBary,SUpDEq + Barycentric,HorizontalILDMAE,1.82089514678138
P0114,114,14,MCA,MCA,MeasuredDomainERB,1.54871523650829
P0114,114,14,MCA,MCA,Contralateral25ERB,2.44145434190967
P0114,114,14,MCA,MCA,ContralateralHemisphereHighFrequency,5.82401206395409
P0114,114,14,MCA,MCA,HorizontalILDMAE,1.09745797181804
P0114,114,26,SHOnly,SH only,MeasuredDomainERB,2.92039896301445
P0114,114,26,SHOnly,SH only,Contralateral25ERB,4.45611568314436
P0114,114,26,SHOnly,SH only,ContralateralHemisphereHighFrequency,10.3666739905978
P0114,114,26,SHOnly,SH only,HorizontalILDMAE,4.28182694897977
P0114,114,26,SUpDEqSH,SUpDEq + SH,MeasuredDomainERB,2.1014121799525
P0114,114,26,SUpDEqSH,SUpDEq + SH,Contralateral25ERB,2.05285009829792
P0114,114,26,SUpDEqSH,SUpDEq + SH,ContralateralHemisphereHighFrequency,6.45844490332879
P0114,114,26,SUpDEqSH,SUpDEq + SH,HorizontalILDMAE,2.05877219808539
P0114,114,26,SUpDEqNN,SUpDEq + Natural Neighbor,MeasuredDomainERB,1.9721438859132
P0114,114,26,SUpDEqNN,SUpDEq + Natural Neighbor,Contralateral25ERB,2.06001041411543
P0114,114,26,SUpDEqNN,SUpDEq + Natural Neighbor,ContralateralHemisphereHighFrequency,5.61999020760569
P0114,114,26,SUpDEqNN,SUpDEq + Natural Neighbor,HorizontalILDMAE,1.90070942619727
P0114,114,26,SUpDEqBary,SUpDEq + Barycentric,MeasuredDomainERB,1.84592396948185
P0114,114,26,SUpDEqBary,SUpDEq + Barycentric,Contralateral25ERB,2.01140936613077
P0114,114,26,SUpDEqBary,SUpDEq + Barycentric,ContralateralHemisphereHighFrequency,5.56801277867352
P0114,114,26,SUpDEqBary,SUpDEq + Barycentric,HorizontalILDMAE,1.8877747963405
P0114,114,26,MCA,MCA,MeasuredDomainERB,1.25755903027128
P0114,114,26,MCA,MCA,Contralateral25ERB,1.57262307572312
P0114,114,26,MCA,MCA,ContralateralHemisphereHighFrequency,5.13779137237523
P0114,114,26,MCA,MCA,HorizontalILDMAE,0.973028964748237
P0117,117,6,SHOnly,SH only,MeasuredDomainERB,3.19850730805955
P0117,117,6,SHOnly,SH only,Contralateral25ERB,2.35548592014298
P0117,117,6,SHOnly,SH only,ContralateralHemisphereHighFrequency,5.83236038398404
P0117,117,6,SHOnly,SH only,HorizontalILDMAE,2.65111989573929
P0117,117,6,SUpDEqSH,SUpDEq + SH,MeasuredDomainERB,2.77504512619546
P0117,117,6,SUpDEqSH,SUpDEq + SH,Contralateral25ERB,2.2841343093415
P0117,117,6,SUpDEqSH,SUpDEq + SH,ContralateralHemisphereHighFrequency,5.76532614576429
P0117,117,6,SUpDEqSH,SUpDEq + SH,HorizontalILDMAE,2.783489865806
P0117,117,6,SUpDEqNN,SUpDEq + Natural Neighbor,MeasuredDomainERB,2.70604125035833
P0117,117,6,SUpDEqNN,SUpDEq + Natural Neighbor,Contralateral25ERB,2.51351473258384
P0117,117,6,SUpDEqNN,SUpDEq + Natural Neighbor,ContralateralHemisphereHighFrequency,5.87173019178047
P0117,117,6,SUpDEqNN,SUpDEq + Natural Neighbor,HorizontalILDMAE,2.61425551445221
P0117,117,6,SUpDEqBary,SUpDEq + Barycentric,MeasuredDomainERB,2.86866186179324
P0117,117,6,SUpDEqBary,SUpDEq + Barycentric,Contralateral25ERB,2.66916893136038
P0117,117,6,SUpDEqBary,SUpDEq + Barycentric,ContralateralHemisphereHighFrequency,6.01060241983751
P0117,117,6,SUpDEqBary,SUpDEq + Barycentric,HorizontalILDMAE,2.5310290548297
P0117,117,6,MCA,MCA,MeasuredDomainERB,2.17205407682446
P0117,117,6,MCA,MCA,Contralateral25ERB,1.95137977307867
P0117,117,6,MCA,MCA,ContralateralHemisphereHighFrequency,6.45035127404529
P0117,117,6,MCA,MCA,HorizontalILDMAE,1.76075586996954
P0117,117,14,SHOnly,SH only,MeasuredDomainERB,2.75472516804863
P0117,117,14,SHOnly,SH only,Contralateral25ERB,5.03562730804311
P0117,117,14,SHOnly,SH only,ContralateralHemisphereHighFrequency,9.1391550593397
P0117,117,14,SHOnly,SH only,HorizontalILDMAE,3.7991982977412
P0117,117,14,SUpDEqSH,SUpDEq + SH,MeasuredDomainERB,1.78800609923686
P0117,117,14,SUpDEqSH,SUpDEq + SH,Contralateral25ERB,2.5686828148139
P0117,117,14,SUpDEqSH,SUpDEq + SH,ContralateralHemisphereHighFrequency,5.80533736923128
P0117,117,14,SUpDEqSH,SUpDEq + SH,HorizontalILDMAE,1.81742437155999
P0117,117,14,SUpDEqNN,SUpDEq + Natural Neighbor,MeasuredDomainERB,2.14565242101509
P0117,117,14,SUpDEqNN,SUpDEq + Natural Neighbor,Contralateral25ERB,2.28690779323633
P0117,117,14,SUpDEqNN,SUpDEq + Natural Neighbor,ContralateralHemisphereHighFrequency,6.26146687555802
P0117,117,14,SUpDEqNN,SUpDEq + Natural Neighbor,HorizontalILDMAE,1.51243911481724
P0117,117,14,SUpDEqBary,SUpDEq + Barycentric,MeasuredDomainERB,2.03358967637719
P0117,117,14,SUpDEqBary,SUpDEq + Barycentric,Contralateral25ERB,2.27692905385609
P0117,117,14,SUpDEqBary,SUpDEq + Barycentric,ContralateralHemisphereHighFrequency,6.04181503710311
P0117,117,14,SUpDEqBary,SUpDEq + Barycentric,HorizontalILDMAE,1.52052726063278
P0117,117,14,MCA,MCA,MeasuredDomainERB,1.2765198305311
P0117,117,14,MCA,MCA,Contralateral25ERB,2.35369079369807
P0117,117,14,MCA,MCA,ContralateralHemisphereHighFrequency,5.01019319289655
P0117,117,14,MCA,MCA,HorizontalILDMAE,1.25670486600546
P0117,117,26,SHOnly,SH only,MeasuredDomainERB,2.57332069148041
P0117,117,26,SHOnly,SH only,Contralateral25ERB,3.3570915584437
P0117,117,26,SHOnly,SH only,ContralateralHemisphereHighFrequency,8.01446586042772
P0117,117,26,SHOnly,SH only,HorizontalILDMAE,3.00760750291322
P0117,117,26,SUpDEqSH,SUpDEq + SH,MeasuredDomainERB,1.99303808499155
P0117,117,26,SUpDEqSH,SUpDEq + SH,Contralateral25ERB,2.31893869141475
P0117,117,26,SUpDEqSH,SUpDEq + SH,ContralateralHemisphereHighFrequency,5.78135287010995
P0117,117,26,SUpDEqSH,SUpDEq + SH,HorizontalILDMAE,2.10728765074304
P0117,117,26,SUpDEqNN,SUpDEq + Natural Neighbor,MeasuredDomainERB,2.15530816281161
P0117,117,26,SUpDEqNN,SUpDEq + Natural Neighbor,Contralateral25ERB,2.25332603834804
P0117,117,26,SUpDEqNN,SUpDEq + Natural Neighbor,ContralateralHemisphereHighFrequency,5.67507609922923
P0117,117,26,SUpDEqNN,SUpDEq + Natural Neighbor,HorizontalILDMAE,1.75986356675736
P0117,117,26,SUpDEqBary,SUpDEq + Barycentric,MeasuredDomainERB,1.99409552516114
P0117,117,26,SUpDEqBary,SUpDEq + Barycentric,Contralateral25ERB,2.14780369528997
P0117,117,26,SUpDEqBary,SUpDEq + Barycentric,ContralateralHemisphereHighFrequency,5.56182439248127
P0117,117,26,SUpDEqBary,SUpDEq + Barycentric,HorizontalILDMAE,1.84003112956752
P0117,117,26,MCA,MCA,MeasuredDomainERB,1.04991541608166
P0117,117,26,MCA,MCA,Contralateral25ERB,1.70970939853916
P0117,117,26,MCA,MCA,ContralateralHemisphereHighFrequency,4.72629929065217
P0117,117,26,MCA,MCA,HorizontalILDMAE,0.86899444872365
P0118,118,6,SHOnly,SH only,MeasuredDomainERB,3.03900525104659
P0118,118,6,SHOnly,SH only,Contralateral25ERB,2.38978934485415
P0118,118,6,SHOnly,SH only,ContralateralHemisphereHighFrequency,6.22052700365953
P0118,118,6,SHOnly,SH only,HorizontalILDMAE,2.03157922106555
P0118,118,6,SUpDEqSH,SUpDEq + SH,MeasuredDomainERB,2.59457717628489
P0118,118,6,SUpDEqSH,SUpDEq + SH,Contralateral25ERB,2.37309523502401
P0118,118,6,SUpDEqSH,SUpDEq + SH,ContralateralHemisphereHighFrequency,5.97071160324414
P0118,118,6,SUpDEqSH,SUpDEq + SH,HorizontalILDMAE,2.52652623101106
P0118,118,6,SUpDEqNN,SUpDEq + Natural Neighbor,MeasuredDomainERB,2.48881699768281
P0118,118,6,SUpDEqNN,SUpDEq + Natural Neighbor,Contralateral25ERB,2.4699019305839
P0118,118,6,SUpDEqNN,SUpDEq + Natural Neighbor,ContralateralHemisphereHighFrequency,5.8631118208993
P0118,118,6,SUpDEqNN,SUpDEq + Natural Neighbor,HorizontalILDMAE,2.61588582136425
P0118,118,6,SUpDEqBary,SUpDEq + Barycentric,MeasuredDomainERB,2.68779796695185
P0118,118,6,SUpDEqBary,SUpDEq + Barycentric,Contralateral25ERB,2.56564952192005
P0118,118,6,SUpDEqBary,SUpDEq + Barycentric,ContralateralHemisphereHighFrequency,6.01328625116816
P0118,118,6,SUpDEqBary,SUpDEq + Barycentric,HorizontalILDMAE,2.48227685247263
P0118,118,6,MCA,MCA,MeasuredDomainERB,2.03362884578802
P0118,118,6,MCA,MCA,Contralateral25ERB,1.87015101110476
P0118,118,6,MCA,MCA,ContralateralHemisphereHighFrequency,6.4340267887937
P0118,118,6,MCA,MCA,HorizontalILDMAE,1.40625921804564
P0118,118,14,SHOnly,SH only,MeasuredDomainERB,2.51026673551803
P0118,118,14,SHOnly,SH only,Contralateral25ERB,5.46715921513954
P0118,118,14,SHOnly,SH only,ContralateralHemisphereHighFrequency,9.08604404353724
P0118,118,14,SHOnly,SH only,HorizontalILDMAE,3.29478573820507
P0118,118,14,SUpDEqSH,SUpDEq + SH,MeasuredDomainERB,1.71357496251191
P0118,118,14,SUpDEqSH,SUpDEq + SH,Contralateral25ERB,2.51817289985833
P0118,118,14,SUpDEqSH,SUpDEq + SH,ContralateralHemisphereHighFrequency,5.55607194515311
P0118,118,14,SUpDEqSH,SUpDEq + SH,HorizontalILDMAE,1.62042561116765
P0118,118,14,SUpDEqNN,SUpDEq + Natural Neighbor,MeasuredDomainERB,2.09555788473431
P0118,118,14,SUpDEqNN,SUpDEq + Natural Neighbor,Contralateral25ERB,2.56728114807519
P0118,118,14,SUpDEqNN,SUpDEq + Natural Neighbor,ContralateralHemisphereHighFrequency,6.41449940603041
P0118,118,14,SUpDEqNN,SUpDEq + Natural Neighbor,HorizontalILDMAE,1.82341279040577
P0118,118,14,SUpDEqBary,SUpDEq + Barycentric,MeasuredDomainERB,2.02740639733144
P0118,118,14,SUpDEqBary,SUpDEq + Barycentric,Contralateral25ERB,2.56592025811596
P0118,118,14,SUpDEqBary,SUpDEq + Barycentric,ContralateralHemisphereHighFrequency,6.14480172365651
P0118,118,14,SUpDEqBary,SUpDEq + Barycentric,HorizontalILDMAE,1.71202236510625
P0118,118,14,MCA,MCA,MeasuredDomainERB,1.18409782338738
P0118,118,14,MCA,MCA,Contralateral25ERB,2.32303670055568
P0118,118,14,MCA,MCA,ContralateralHemisphereHighFrequency,4.77067882620098
P0118,118,14,MCA,MCA,HorizontalILDMAE,1.01479785164347
P0118,118,26,SHOnly,SH only,MeasuredDomainERB,2.58105127487343
P0118,118,26,SHOnly,SH only,Contralateral25ERB,3.48074394047551
P0118,118,26,SHOnly,SH only,ContralateralHemisphereHighFrequency,8.27916622235402
P0118,118,26,SHOnly,SH only,HorizontalILDMAE,3.25535339114441
P0118,118,26,SUpDEqSH,SUpDEq + SH,MeasuredDomainERB,2.01712123990971
P0118,118,26,SUpDEqSH,SUpDEq + SH,Contralateral25ERB,2.18456175482735
P0118,118,26,SUpDEqSH,SUpDEq + SH,ContralateralHemisphereHighFrequency,5.83604889212163
P0118,118,26,SUpDEqSH,SUpDEq + SH,HorizontalILDMAE,2.90918429150907
P0118,118,26,SUpDEqNN,SUpDEq + Natural Neighbor,MeasuredDomainERB,1.97789725507519
P0118,118,26,SUpDEqNN,SUpDEq + Natural Neighbor,Contralateral25ERB,2.05995012424016
P0118,118,26,SUpDEqNN,SUpDEq + Natural Neighbor,ContralateralHemisphereHighFrequency,5.77300148467813
P0118,118,26,SUpDEqNN,SUpDEq + Natural Neighbor,HorizontalILDMAE,3.02650509929498
P0118,118,26,SUpDEqBary,SUpDEq + Barycentric,MeasuredDomainERB,1.88101318816506
P0118,118,26,SUpDEqBary,SUpDEq + Barycentric,Contralateral25ERB,2.0621880494551
P0118,118,26,SUpDEqBary,SUpDEq + Barycentric,ContralateralHemisphereHighFrequency,5.64668811317271
P0118,118,26,SUpDEqBary,SUpDEq + Barycentric,HorizontalILDMAE,3.00043319500497
P0118,118,26,MCA,MCA,MeasuredDomainERB,0.993766455331861
P0118,118,26,MCA,MCA,Contralateral25ERB,1.59149997109255
P0118,118,26,MCA,MCA,ContralateralHemisphereHighFrequency,4.55011522810506
P0118,118,26,MCA,MCA,HorizontalILDMAE,0.845314215990581
P0122,122,6,SHOnly,SH only,MeasuredDomainERB,3.07306141717184
P0122,122,6,SHOnly,SH only,Contralateral25ERB,2.35037783883973
P0122,122,6,SHOnly,SH only,ContralateralHemisphereHighFrequency,6.42016429331417
P0122,122,6,SHOnly,SH only,HorizontalILDMAE,1.532500389776
P0122,122,6,SUpDEqSH,SUpDEq + SH,MeasuredDomainERB,2.6124047390968
P0122,122,6,SUpDEqSH,SUpDEq + SH,Contralateral25ERB,2.21201907226972
P0122,122,6,SUpDEqSH,SUpDEq + SH,ContralateralHemisphereHighFrequency,6.29630469434106
P0122,122,6,SUpDEqSH,SUpDEq + SH,HorizontalILDMAE,1.65943722462049
P0122,122,6,SUpDEqNN,SUpDEq + Natural Neighbor,MeasuredDomainERB,2.48100378380616
P0122,122,6,SUpDEqNN,SUpDEq + Natural Neighbor,Contralateral25ERB,2.39449291571812
P0122,122,6,SUpDEqNN,SUpDEq + Natural Neighbor,ContralateralHemisphereHighFrequency,6.16210659735765
P0122,122,6,SUpDEqNN,SUpDEq + Natural Neighbor,HorizontalILDMAE,1.60032810878391
P0122,122,6,SUpDEqBary,SUpDEq + Barycentric,MeasuredDomainERB,2.61356917784079
P0122,122,6,SUpDEqBary,SUpDEq + Barycentric,Contralateral25ERB,2.5675457308142
P0122,122,6,SUpDEqBary,SUpDEq + Barycentric,ContralateralHemisphereHighFrequency,5.92352996641254
P0122,122,6,SUpDEqBary,SUpDEq + Barycentric,HorizontalILDMAE,1.52533893070861
P0122,122,6,MCA,MCA,MeasuredDomainERB,2.09095866324273
P0122,122,6,MCA,MCA,Contralateral25ERB,1.79734970399089
P0122,122,6,MCA,MCA,ContralateralHemisphereHighFrequency,6.48788254166208
P0122,122,6,MCA,MCA,HorizontalILDMAE,0.974725071529311
P0122,122,14,SHOnly,SH only,MeasuredDomainERB,2.64913521867884
P0122,122,14,SHOnly,SH only,Contralateral25ERB,5.69862133308719
P0122,122,14,SHOnly,SH only,ContralateralHemisphereHighFrequency,9.7888238395755
P0122,122,14,SHOnly,SH only,HorizontalILDMAE,3.94130994043813
P0122,122,14,SUpDEqSH,SUpDEq + SH,MeasuredDomainERB,1.69362459915782
P0122,122,14,SUpDEqSH,SUpDEq + SH,Contralateral25ERB,2.5937996393256
P0122,122,14,SUpDEqSH,SUpDEq + SH,ContralateralHemisphereHighFrequency,5.85666205900605
P0122,122,14,SUpDEqSH,SUpDEq + SH,HorizontalILDMAE,1.86156732084869
P0122,122,14,SUpDEqNN,SUpDEq + Natural Neighbor,MeasuredDomainERB,2.02431469383838
P0122,122,14,SUpDEqNN,SUpDEq + Natural Neighbor,Contralateral25ERB,2.29497857905349
P0122,122,14,SUpDEqNN,SUpDEq + Natural Neighbor,ContralateralHemisphereHighFrequency,5.87811532533094
P0122,122,14,SUpDEqNN,SUpDEq + Natural Neighbor,HorizontalILDMAE,1.70962640350896
P0122,122,14,SUpDEqBary,SUpDEq + Barycentric,MeasuredDomainERB,1.98518915711208
P0122,122,14,SUpDEqBary,SUpDEq + Barycentric,Contralateral25ERB,2.27855758639921
P0122,122,14,SUpDEqBary,SUpDEq + Barycentric,ContralateralHemisphereHighFrequency,5.68262220557709
P0122,122,14,SUpDEqBary,SUpDEq + Barycentric,HorizontalILDMAE,1.61323858496356
P0122,122,14,MCA,MCA,MeasuredDomainERB,1.25103199032342
P0122,122,14,MCA,MCA,Contralateral25ERB,2.43481076823269
P0122,122,14,MCA,MCA,ContralateralHemisphereHighFrequency,4.77939075702345
P0122,122,14,MCA,MCA,HorizontalILDMAE,0.818280662484342
P0122,122,26,SHOnly,SH only,MeasuredDomainERB,2.69795759363962
P0122,122,26,SHOnly,SH only,Contralateral25ERB,3.73086005380059
P0122,122,26,SHOnly,SH only,ContralateralHemisphereHighFrequency,9.08340988034307
P0122,122,26,SHOnly,SH only,HorizontalILDMAE,3.26139452559833
P0122,122,26,SUpDEqSH,SUpDEq + SH,MeasuredDomainERB,1.8563653018385
P0122,122,26,SUpDEqSH,SUpDEq + SH,Contralateral25ERB,1.95521804341875
P0122,122,26,SUpDEqSH,SUpDEq + SH,ContralateralHemisphereHighFrequency,5.42677748192073
P0122,122,26,SUpDEqSH,SUpDEq + SH,HorizontalILDMAE,1.91661605031288
P0122,122,26,SUpDEqNN,SUpDEq + Natural Neighbor,MeasuredDomainERB,1.91488755541234
P0122,122,26,SUpDEqNN,SUpDEq + Natural Neighbor,Contralateral25ERB,1.94480754009996
P0122,122,26,SUpDEqNN,SUpDEq + Natural Neighbor,ContralateralHemisphereHighFrequency,5.63404456896071
P0122,122,26,SUpDEqNN,SUpDEq + Natural Neighbor,HorizontalILDMAE,1.77072897082798
P0122,122,26,SUpDEqBary,SUpDEq + Barycentric,MeasuredDomainERB,1.82214740347942
P0122,122,26,SUpDEqBary,SUpDEq + Barycentric,Contralateral25ERB,1.90246576347846
P0122,122,26,SUpDEqBary,SUpDEq + Barycentric,ContralateralHemisphereHighFrequency,5.45605030835644
P0122,122,26,SUpDEqBary,SUpDEq + Barycentric,HorizontalILDMAE,1.75139696116122
P0122,122,26,MCA,MCA,MeasuredDomainERB,1.03072287971386
P0122,122,26,MCA,MCA,Contralateral25ERB,1.49583439793957
P0122,122,26,MCA,MCA,ContralateralHemisphereHighFrequency,4.38148462997468
P0122,122,26,MCA,MCA,HorizontalILDMAE,0.637814012018802
P0129,129,6,SHOnly,SH only,MeasuredDomainERB,2.99038077870484
P0129,129,6,SHOnly,SH only,Contralateral25ERB,2.81050060936424
P0129,129,6,SHOnly,SH only,ContralateralHemisphereHighFrequency,6.16886690796573
P0129,129,6,SHOnly,SH only,HorizontalILDMAE,2.28995596273624
P0129,129,6,SUpDEqSH,SUpDEq + SH,MeasuredDomainERB,2.75479569398435
P0129,129,6,SUpDEqSH,SUpDEq + SH,Contralateral25ERB,2.77877924563651
P0129,129,6,SUpDEqSH,SUpDEq + SH,ContralateralHemisphereHighFrequency,6.10303884353202
P0129,129,6,SUpDEqSH,SUpDEq + SH,HorizontalILDMAE,2.32597892027782
P0129,129,6,SUpDEqNN,SUpDEq + Natural Neighbor,MeasuredDomainERB,2.71527213893896
P0129,129,6,SUpDEqNN,SUpDEq + Natural Neighbor,Contralateral25ERB,3.13857534254986
P0129,129,6,SUpDEqNN,SUpDEq + Natural Neighbor,ContralateralHemisphereHighFrequency,5.89634311936916
P0129,129,6,SUpDEqNN,SUpDEq + Natural Neighbor,HorizontalILDMAE,2.09918686505774
P0129,129,6,SUpDEqBary,SUpDEq + Barycentric,MeasuredDomainERB,2.89367520033568
P0129,129,6,SUpDEqBary,SUpDEq + Barycentric,Contralateral25ERB,3.29052979283889
P0129,129,6,SUpDEqBary,SUpDEq + Barycentric,ContralateralHemisphereHighFrequency,5.92758502940821
P0129,129,6,SUpDEqBary,SUpDEq + Barycentric,HorizontalILDMAE,1.59748407185907
P0129,129,6,MCA,MCA,MeasuredDomainERB,2.10673328806042
P0129,129,6,MCA,MCA,Contralateral25ERB,2.15803198389052
P0129,129,6,MCA,MCA,ContralateralHemisphereHighFrequency,6.38480215032228
P0129,129,6,MCA,MCA,HorizontalILDMAE,1.46306557018433
P0129,129,14,SHOnly,SH only,MeasuredDomainERB,2.75347060144751
P0129,129,14,SHOnly,SH only,Contralateral25ERB,4.81518012226256
P0129,129,14,SHOnly,SH only,ContralateralHemisphereHighFrequency,10.1719765739794
P0129,129,14,SHOnly,SH only,HorizontalILDMAE,4.9468854464878
P0129,129,14,SUpDEqSH,SUpDEq + SH,MeasuredDomainERB,1.88050633810984
P0129,129,14,SUpDEqSH,SUpDEq + SH,Contralateral25ERB,2.58988434269029
P0129,129,14,SUpDEqSH,SUpDEq + SH,ContralateralHemisphereHighFrequency,6.52690303799905
P0129,129,14,SUpDEqSH,SUpDEq + SH,HorizontalILDMAE,1.3811740872787
P0129,129,14,SUpDEqNN,SUpDEq + Natural Neighbor,MeasuredDomainERB,2.29672613591943
P0129,129,14,SUpDEqNN,SUpDEq + Natural Neighbor,Contralateral25ERB,2.87834115378439
P0129,129,14,SUpDEqNN,SUpDEq + Natural Neighbor,ContralateralHemisphereHighFrequency,6.58525076070441
P0129,129,14,SUpDEqNN,SUpDEq + Natural Neighbor,HorizontalILDMAE,1.47220370205465
P0129,129,14,SUpDEqBary,SUpDEq + Barycentric,MeasuredDomainERB,2.1765486014366
P0129,129,14,SUpDEqBary,SUpDEq + Barycentric,Contralateral25ERB,2.78566982896194
P0129,129,14,SUpDEqBary,SUpDEq + Barycentric,ContralateralHemisphereHighFrequency,6.4954009081772
P0129,129,14,SUpDEqBary,SUpDEq + Barycentric,HorizontalILDMAE,1.29212791075769
P0129,129,14,MCA,MCA,MeasuredDomainERB,1.4291161354545
P0129,129,14,MCA,MCA,Contralateral25ERB,2.93465232833267
P0129,129,14,MCA,MCA,ContralateralHemisphereHighFrequency,5.49917661354307
P0129,129,14,MCA,MCA,HorizontalILDMAE,0.834982570491948
P0129,129,26,SHOnly,SH only,MeasuredDomainERB,2.81948552370097
P0129,129,26,SHOnly,SH only,Contralateral25ERB,4.05686169082656
P0129,129,26,SHOnly,SH only,ContralateralHemisphereHighFrequency,9.67109561057115
P0129,129,26,SHOnly,SH only,HorizontalILDMAE,4.57048592280677
P0129,129,26,SUpDEqSH,SUpDEq + SH,MeasuredDomainERB,1.98518422382744
P0129,129,26,SUpDEqSH,SUpDEq + SH,Contralateral25ERB,2.20431451603036
P0129,129,26,SUpDEqSH,SUpDEq + SH,ContralateralHemisphereHighFrequency,6.27820526762677
P0129,129,26,SUpDEqSH,SUpDEq + SH,HorizontalILDMAE,2.39369263660752
P0129,129,26,SUpDEqNN,SUpDEq + Natural Neighbor,MeasuredDomainERB,2.06971471710355
P0129,129,26,SUpDEqNN,SUpDEq + Natural Neighbor,Contralateral25ERB,2.31732697241253
P0129,129,26,SUpDEqNN,SUpDEq + Natural Neighbor,ContralateralHemisphereHighFrequency,6.17599289714808
P0129,129,26,SUpDEqNN,SUpDEq + Natural Neighbor,HorizontalILDMAE,2.11158764020954
P0129,129,26,SUpDEqBary,SUpDEq + Barycentric,MeasuredDomainERB,1.9202045689035
P0129,129,26,SUpDEqBary,SUpDEq + Barycentric,Contralateral25ERB,2.25102175615331
P0129,129,26,SUpDEqBary,SUpDEq + Barycentric,ContralateralHemisphereHighFrequency,5.95734712105095
P0129,129,26,SUpDEqBary,SUpDEq + Barycentric,HorizontalILDMAE,1.81556380388965
P0129,129,26,MCA,MCA,MeasuredDomainERB,1.1083901334553
P0129,129,26,MCA,MCA,Contralateral25ERB,1.81125100879937
P0129,129,26,MCA,MCA,ContralateralHemisphereHighFrequency,5.06600312088468
P0129,129,26,MCA,MCA,HorizontalILDMAE,0.715546720152727
P0134,134,6,SHOnly,SH only,MeasuredDomainERB,3.09640109296957
P0134,134,6,SHOnly,SH only,Contralateral25ERB,2.32899511743135
P0134,134,6,SHOnly,SH only,ContralateralHemisphereHighFrequency,6.13622007366123
P0134,134,6,SHOnly,SH only,HorizontalILDMAE,2.23591101384031
P0134,134,6,SUpDEqSH,SUpDEq + SH,MeasuredDomainERB,2.59207303321884
P0134,134,6,SUpDEqSH,SUpDEq + SH,Contralateral25ERB,2.5538486804709
P0134,134,6,SUpDEqSH,SUpDEq + SH,ContralateralHemisphereHighFrequency,6.12183293598017
P0134,134,6,SUpDEqSH,SUpDEq + SH,HorizontalILDMAE,2.08250667155011
P0134,134,6,SUpDEqNN,SUpDEq + Natural Neighbor,MeasuredDomainERB,2.51892254575011
P0134,134,6,SUpDEqNN,SUpDEq + Natural Neighbor,Contralateral25ERB,2.76232039737827
P0134,134,6,SUpDEqNN,SUpDEq + Natural Neighbor,ContralateralHemisphereHighFrequency,6.01218907782532
P0134,134,6,SUpDEqNN,SUpDEq + Natural Neighbor,HorizontalILDMAE,2.44941253677718
P0134,134,6,SUpDEqBary,SUpDEq + Barycentric,MeasuredDomainERB,2.63923749040231
P0134,134,6,SUpDEqBary,SUpDEq + Barycentric,Contralateral25ERB,2.97061225137419
P0134,134,6,SUpDEqBary,SUpDEq + Barycentric,ContralateralHemisphereHighFrequency,5.98393637694427
P0134,134,6,SUpDEqBary,SUpDEq + Barycentric,HorizontalILDMAE,2.22420658830054
P0134,134,6,MCA,MCA,MeasuredDomainERB,2.13855657749255
P0134,134,6,MCA,MCA,Contralateral25ERB,1.91420348644235
P0134,134,6,MCA,MCA,ContralateralHemisphereHighFrequency,6.73267377117748
P0134,134,6,MCA,MCA,HorizontalILDMAE,1.77039116007009
P0134,134,14,SHOnly,SH only,MeasuredDomainERB,2.74177136867854
P0134,134,14,SHOnly,SH only,Contralateral25ERB,4.77915051150351
P0134,134,14,SHOnly,SH only,ContralateralHemisphereHighFrequency,9.39351189843921
P0134,134,14,SHOnly,SH only,HorizontalILDMAE,3.88610941601326
P0134,134,14,SUpDEqSH,SUpDEq + SH,MeasuredDomainERB,1.82635755275222
P0134,134,14,SUpDEqSH,SUpDEq + SH,Contralateral25ERB,2.53779421898378
P0134,134,14,SUpDEqSH,SUpDEq + SH,ContralateralHemisphereHighFrequency,6.16997412716335
P0134,134,14,SUpDEqSH,SUpDEq + SH,HorizontalILDMAE,1.7648957642956
P0134,134,14,SUpDEqNN,SUpDEq + Natural Neighbor,MeasuredDomainERB,2.07532588156348
P0134,134,14,SUpDEqNN,SUpDEq + Natural Neighbor,Contralateral25ERB,2.42945435802432
P0134,134,14,SUpDEqNN,SUpDEq + Natural Neighbor,ContralateralHemisphereHighFrequency,5.89194199710367
P0134,134,14,SUpDEqNN,SUpDEq + Natural Neighbor,HorizontalILDMAE,1.60059553995639
P0134,134,14,SUpDEqBary,SUpDEq + Barycentric,MeasuredDomainERB,2.04209070834259
P0134,134,14,SUpDEqBary,SUpDEq + Barycentric,Contralateral25ERB,2.40923853049967
P0134,134,14,SUpDEqBary,SUpDEq + Barycentric,ContralateralHemisphereHighFrequency,5.76491937008882
P0134,134,14,SUpDEqBary,SUpDEq + Barycentric,HorizontalILDMAE,1.52046501634564
P0134,134,14,MCA,MCA,MeasuredDomainERB,1.35893018616018
P0134,134,14,MCA,MCA,Contralateral25ERB,2.14543786526662
P0134,134,14,MCA,MCA,ContralateralHemisphereHighFrequency,5.19095487821458
P0134,134,14,MCA,MCA,HorizontalILDMAE,0.672282072558592
P0134,134,26,SHOnly,SH only,MeasuredDomainERB,2.67812197265346
P0134,134,26,SHOnly,SH only,Contralateral25ERB,3.25584190275992
P0134,134,26,SHOnly,SH only,ContralateralHemisphereHighFrequency,8.42935239056584
P0134,134,26,SHOnly,SH only,HorizontalILDMAE,3.22683115308831
P0134,134,26,SUpDEqSH,SUpDEq + SH,MeasuredDomainERB,2.03116544535242
P0134,134,26,SUpDEqSH,SUpDEq + SH,Contralateral25ERB,2.27987986151858
P0134,134,26,SUpDEqSH,SUpDEq + SH,ContralateralHemisphereHighFrequency,6.27406118830461
P0134,134,26,SUpDEqSH,SUpDEq + SH,HorizontalILDMAE,2.23418672524931
P0134,134,26,SUpDEqNN,SUpDEq + Natural Neighbor,MeasuredDomainERB,2.11633912086069
P0134,134,26,SUpDEqNN,SUpDEq + Natural Neighbor,Contralateral25ERB,2.42433838522382
P0134,134,26,SUpDEqNN,SUpDEq + Natural Neighbor,ContralateralHemisphereHighFrequency,6.09028493211755
P0134,134,26,SUpDEqNN,SUpDEq + Natural Neighbor,HorizontalILDMAE,1.85208119016049
P0134,134,26,SUpDEqBary,SUpDEq + Barycentric,MeasuredDomainERB,1.97821518789221
P0134,134,26,SUpDEqBary,SUpDEq + Barycentric,Contralateral25ERB,2.31095989448216
P0134,134,26,SUpDEqBary,SUpDEq + Barycentric,ContralateralHemisphereHighFrequency,5.91541712824163
P0134,134,26,SUpDEqBary,SUpDEq + Barycentric,HorizontalILDMAE,1.82976558720213
P0134,134,26,MCA,MCA,MeasuredDomainERB,1.09749044412253
P0134,134,26,MCA,MCA,Contralateral25ERB,1.63410593626462
P0134,134,26,MCA,MCA,ContralateralHemisphereHighFrequency,4.9803589692031
P0134,134,26,MCA,MCA,HorizontalILDMAE,0.569524990089266
P0147,147,6,SHOnly,SH only,MeasuredDomainERB,3.205439022492
P0147,147,6,SHOnly,SH only,Contralateral25ERB,2.79458375080457
P0147,147,6,SHOnly,SH only,ContralateralHemisphereHighFrequency,6.28051146543901
P0147,147,6,SHOnly,SH only,HorizontalILDMAE,2.68271071247221
P0147,147,6,SUpDEqSH,SUpDEq + SH,MeasuredDomainERB,2.73642670661906
P0147,147,6,SUpDEqSH,SUpDEq + SH,Contralateral25ERB,2.36412683915251
P0147,147,6,SUpDEqSH,SUpDEq + SH,ContralateralHemisphereHighFrequency,5.72839938048392
P0147,147,6,SUpDEqSH,SUpDEq + SH,HorizontalILDMAE,2.66253221767751
P0147,147,6,SUpDEqNN,SUpDEq + Natural Neighbor,MeasuredDomainERB,2.55960275867464
P0147,147,6,SUpDEqNN,SUpDEq + Natural Neighbor,Contralateral25ERB,2.668884066955
P0147,147,6,SUpDEqNN,SUpDEq + Natural Neighbor,ContralateralHemisphereHighFrequency,5.5301565010195
P0147,147,6,SUpDEqNN,SUpDEq + Natural Neighbor,HorizontalILDMAE,2.09682592677476
P0147,147,6,SUpDEqBary,SUpDEq + Barycentric,MeasuredDomainERB,2.63084602948423
P0147,147,6,SUpDEqBary,SUpDEq + Barycentric,Contralateral25ERB,2.86690358044664
P0147,147,6,SUpDEqBary,SUpDEq + Barycentric,ContralateralHemisphereHighFrequency,5.44306292541031
P0147,147,6,SUpDEqBary,SUpDEq + Barycentric,HorizontalILDMAE,1.77777256525896
P0147,147,6,MCA,MCA,MeasuredDomainERB,2.19131158002925
P0147,147,6,MCA,MCA,Contralateral25ERB,2.13668762276046
P0147,147,6,MCA,MCA,ContralateralHemisphereHighFrequency,6.3039444476474
P0147,147,6,MCA,MCA,HorizontalILDMAE,1.7453689042482
P0147,147,14,SHOnly,SH only,MeasuredDomainERB,2.87747898553242
P0147,147,14,SHOnly,SH only,Contralateral25ERB,5.8490913745371
P0147,147,14,SHOnly,SH only,ContralateralHemisphereHighFrequency,9.89523996209223
P0147,147,14,SHOnly,SH only,HorizontalILDMAE,3.79776964995088
P0147,147,14,SUpDEqSH,SUpDEq + SH,MeasuredDomainERB,1.95171092515976
P0147,147,14,SUpDEqSH,SUpDEq + SH,Contralateral25ERB,2.82161833213947
P0147,147,14,SUpDEqSH,SUpDEq + SH,ContralateralHemisphereHighFrequency,6.47521704436612
P0147,147,14,SUpDEqSH,SUpDEq + SH,HorizontalILDMAE,1.65984987668862
P0147,147,14,SUpDEqNN,SUpDEq + Natural Neighbor,MeasuredDomainERB,2.27830912275198
P0147,147,14,SUpDEqNN,SUpDEq + Natural Neighbor,Contralateral25ERB,2.47184670608246
P0147,147,14,SUpDEqNN,SUpDEq + Natural Neighbor,ContralateralHemisphereHighFrequency,5.97346280815931
P0147,147,14,SUpDEqNN,SUpDEq + Natural Neighbor,HorizontalILDMAE,1.29550835323101
P0147,147,14,SUpDEqBary,SUpDEq + Barycentric,MeasuredDomainERB,2.23237596964393
P0147,147,14,SUpDEqBary,SUpDEq + Barycentric,Contralateral25ERB,2.44143316165611
P0147,147,14,SUpDEqBary,SUpDEq + Barycentric,ContralateralHemisphereHighFrequency,5.71146089179081
P0147,147,14,SUpDEqBary,SUpDEq + Barycentric,HorizontalILDMAE,1.2937103917607
P0147,147,14,MCA,MCA,MeasuredDomainERB,1.36483677774296
P0147,147,14,MCA,MCA,Contralateral25ERB,2.24479643287249
P0147,147,14,MCA,MCA,ContralateralHemisphereHighFrequency,4.82903508326166
P0147,147,14,MCA,MCA,HorizontalILDMAE,1.20691368765728
P0147,147,26,SHOnly,SH only,MeasuredDomainERB,2.71132977602252
P0147,147,26,SHOnly,SH only,Contralateral25ERB,4.43309594491737
P0147,147,26,SHOnly,SH only,ContralateralHemisphereHighFrequency,9.10871625726802
P0147,147,26,SHOnly,SH only,HorizontalILDMAE,3.08631896739597
P0147,147,26,SUpDEqSH,SUpDEq + SH,MeasuredDomainERB,1.99677164260956
P0147,147,26,SUpDEqSH,SUpDEq + SH,Contralateral25ERB,2.22178035340387
P0147,147,26,SUpDEqSH,SUpDEq + SH,ContralateralHemisphereHighFrequency,5.87769537147457
P0147,147,26,SUpDEqSH,SUpDEq + SH,HorizontalILDMAE,1.30362148523009
P0147,147,26,SUpDEqNN,SUpDEq + Natural Neighbor,MeasuredDomainERB,2.14496442773937
P0147,147,26,SUpDEqNN,SUpDEq + Natural Neighbor,Contralateral25ERB,2.44634751836694
P0147,147,26,SUpDEqNN,SUpDEq + Natural Neighbor,ContralateralHemisphereHighFrequency,5.65936215677682
P0147,147,26,SUpDEqNN,SUpDEq + Natural Neighbor,HorizontalILDMAE,1.08388652191959
P0147,147,26,SUpDEqBary,SUpDEq + Barycentric,MeasuredDomainERB,2.01866850026437
P0147,147,26,SUpDEqBary,SUpDEq + Barycentric,Contralateral25ERB,2.33989323657344
P0147,147,26,SUpDEqBary,SUpDEq + Barycentric,ContralateralHemisphereHighFrequency,5.55227807475926
P0147,147,26,SUpDEqBary,SUpDEq + Barycentric,HorizontalILDMAE,1.10775159467815
P0147,147,26,MCA,MCA,MeasuredDomainERB,1.10237978422959
P0147,147,26,MCA,MCA,Contralateral25ERB,1.78700791265344
P0147,147,26,MCA,MCA,ContralateralHemisphereHighFrequency,4.50109774930528
P0147,147,26,MCA,MCA,HorizontalILDMAE,0.997186119820355
P0163,163,6,SHOnly,SH only,MeasuredDomainERB,3.1236084143454
P0163,163,6,SHOnly,SH only,Contralateral25ERB,2.37771472298495
P0163,163,6,SHOnly,SH only,ContralateralHemisphereHighFrequency,6.59664941856482
P0163,163,6,SHOnly,SH only,HorizontalILDMAE,2.05139697016041
P0163,163,6,SUpDEqSH,SUpDEq + SH,MeasuredDomainERB,2.74567872705786
P0163,163,6,SUpDEqSH,SUpDEq + SH,Contralateral25ERB,2.27853290104038
P0163,163,6,SUpDEqSH,SUpDEq + SH,ContralateralHemisphereHighFrequency,6.42887706990301
P0163,163,6,SUpDEqSH,SUpDEq + SH,HorizontalILDMAE,2.0459525551458
P0163,163,6,SUpDEqNN,SUpDEq + Natural Neighbor,MeasuredDomainERB,2.51155727786996
P0163,163,6,SUpDEqNN,SUpDEq + Natural Neighbor,Contralateral25ERB,2.3657019494883
P0163,163,6,SUpDEqNN,SUpDEq + Natural Neighbor,ContralateralHemisphereHighFrequency,6.18484363778913
P0163,163,6,SUpDEqNN,SUpDEq + Natural Neighbor,HorizontalILDMAE,2.21942802394639
P0163,163,6,SUpDEqBary,SUpDEq + Barycentric,MeasuredDomainERB,2.6052308767768
P0163,163,6,SUpDEqBary,SUpDEq + Barycentric,Contralateral25ERB,2.43724755550738
P0163,163,6,SUpDEqBary,SUpDEq + Barycentric,ContralateralHemisphereHighFrequency,6.1582833608279
P0163,163,6,SUpDEqBary,SUpDEq + Barycentric,HorizontalILDMAE,2.24473714275963
P0163,163,6,MCA,MCA,MeasuredDomainERB,2.02538745342547
P0163,163,6,MCA,MCA,Contralateral25ERB,2.01151448667465
P0163,163,6,MCA,MCA,ContralateralHemisphereHighFrequency,6.46558444881622
P0163,163,6,MCA,MCA,HorizontalILDMAE,1.48723438459807
P0163,163,14,SHOnly,SH only,MeasuredDomainERB,2.63032085923427
P0163,163,14,SHOnly,SH only,Contralateral25ERB,5.31375446534313
P0163,163,14,SHOnly,SH only,ContralateralHemisphereHighFrequency,9.56341383169359
P0163,163,14,SHOnly,SH only,HorizontalILDMAE,3.57371921626177
P0163,163,14,SUpDEqSH,SUpDEq + SH,MeasuredDomainERB,1.88528036642115
P0163,163,14,SUpDEqSH,SUpDEq + SH,Contralateral25ERB,2.78165197895873
P0163,163,14,SUpDEqSH,SUpDEq + SH,ContralateralHemisphereHighFrequency,5.84682332912447
P0163,163,14,SUpDEqSH,SUpDEq + SH,HorizontalILDMAE,1.76395124330711
P0163,163,14,SUpDEqNN,SUpDEq + Natural Neighbor,MeasuredDomainERB,2.26190171473671
P0163,163,14,SUpDEqNN,SUpDEq + Natural Neighbor,Contralateral25ERB,2.32048187471748
P0163,163,14,SUpDEqNN,SUpDEq + Natural Neighbor,ContralateralHemisphereHighFrequency,5.53121024618356
P0163,163,14,SUpDEqNN,SUpDEq + Natural Neighbor,HorizontalILDMAE,1.74455361417193
P0163,163,14,SUpDEqBary,SUpDEq + Barycentric,MeasuredDomainERB,2.10051479911226
P0163,163,14,SUpDEqBary,SUpDEq + Barycentric,Contralateral25ERB,2.32330434842248
P0163,163,14,SUpDEqBary,SUpDEq + Barycentric,ContralateralHemisphereHighFrequency,5.31451296353348
P0163,163,14,SUpDEqBary,SUpDEq + Barycentric,HorizontalILDMAE,1.56987025223694
P0163,163,14,MCA,MCA,MeasuredDomainERB,1.2859287776736
P0163,163,14,MCA,MCA,Contralateral25ERB,2.23785707935207
P0163,163,14,MCA,MCA,ContralateralHemisphereHighFrequency,4.90346582589159
P0163,163,14,MCA,MCA,HorizontalILDMAE,0.730998169794123
P0163,163,26,SHOnly,SH only,MeasuredDomainERB,2.52927262169546
P0163,163,26,SHOnly,SH only,Contralateral25ERB,3.62796785992929
P0163,163,26,SHOnly,SH only,ContralateralHemisphereHighFrequency,9.10990901682687
P0163,163,26,SHOnly,SH only,HorizontalILDMAE,2.53059098467244
P0163,163,26,SUpDEqSH,SUpDEq + SH,MeasuredDomainERB,2.04349551107608
P0163,163,26,SUpDEqSH,SUpDEq + SH,Contralateral25ERB,2.02545886788953
P0163,163,26,SUpDEqSH,SUpDEq + SH,ContralateralHemisphereHighFrequency,5.44428805354396
P0163,163,26,SUpDEqSH,SUpDEq + SH,HorizontalILDMAE,2.39109254378043
P0163,163,26,SUpDEqNN,SUpDEq + Natural Neighbor,MeasuredDomainERB,2.08019322315241
P0163,163,26,SUpDEqNN,SUpDEq + Natural Neighbor,Contralateral25ERB,1.97616429906939
P0163,163,26,SUpDEqNN,SUpDEq + Natural Neighbor,ContralateralHemisphereHighFrequency,5.60200424431374
P0163,163,26,SUpDEqNN,SUpDEq + Natural Neighbor,HorizontalILDMAE,2.52734107025897
P0163,163,26,SUpDEqBary,SUpDEq + Barycentric,MeasuredDomainERB,1.8928729388891
P0163,163,26,SUpDEqBary,SUpDEq + Barycentric,Contralateral25ERB,1.94375543927084
P0163,163,26,SUpDEqBary,SUpDEq + Barycentric,ContralateralHemisphereHighFrequency,5.44547203287705
P0163,163,26,SUpDEqBary,SUpDEq + Barycentric,HorizontalILDMAE,2.38387566570172
P0163,163,26,MCA,MCA,MeasuredDomainERB,1.06018092804054
P0163,163,26,MCA,MCA,Contralateral25ERB,1.60977938338036
P0163,163,26,MCA,MCA,ContralateralHemisphereHighFrequency,4.6199614356135
P0163,163,26,MCA,MCA,HorizontalILDMAE,0.741581033033243
P0177,177,6,SHOnly,SH only,MeasuredDomainERB,3.33534285192318
P0177,177,6,SHOnly,SH only,Contralateral25ERB,2.82665849106926
P0177,177,6,SHOnly,SH only,ContralateralHemisphereHighFrequency,7.19998126424978
P0177,177,6,SHOnly,SH only,HorizontalILDMAE,2.65057242778979
P0177,177,6,SUpDEqSH,SUpDEq + SH,MeasuredDomainERB,3.12572192337799
P0177,177,6,SUpDEqSH,SUpDEq + SH,Contralateral25ERB,3.00054624979987
P0177,177,6,SUpDEqSH,SUpDEq + SH,ContralateralHemisphereHighFrequency,7.00003515382784
P0177,177,6,SUpDEqSH,SUpDEq + SH,HorizontalILDMAE,2.88619070710916
P0177,177,6,SUpDEqNN,SUpDEq + Natural Neighbor,MeasuredDomainERB,3.0433157669049
P0177,177,6,SUpDEqNN,SUpDEq + Natural Neighbor,Contralateral25ERB,3.43977291975943
P0177,177,6,SUpDEqNN,SUpDEq + Natural Neighbor,ContralateralHemisphereHighFrequency,6.79556589318347
P0177,177,6,SUpDEqNN,SUpDEq + Natural Neighbor,HorizontalILDMAE,2.55238691372783
P0177,177,6,SUpDEqBary,SUpDEq + Barycentric,MeasuredDomainERB,3.10772693614379
P0177,177,6,SUpDEqBary,SUpDEq + Barycentric,Contralateral25ERB,3.49116804583831
P0177,177,6,SUpDEqBary,SUpDEq + Barycentric,ContralateralHemisphereHighFrequency,6.71282440150364
P0177,177,6,SUpDEqBary,SUpDEq + Barycentric,HorizontalILDMAE,2.34560924747803
P0177,177,6,MCA,MCA,MeasuredDomainERB,2.31026586622709
P0177,177,6,MCA,MCA,Contralateral25ERB,2.38430093860207
P0177,177,6,MCA,MCA,ContralateralHemisphereHighFrequency,7.17407613895128
P0177,177,6,MCA,MCA,HorizontalILDMAE,2.08742542608584
P0177,177,14,SHOnly,SH only,MeasuredDomainERB,2.92737392576886
P0177,177,14,SHOnly,SH only,Contralateral25ERB,6.07583658717816
P0177,177,14,SHOnly,SH only,ContralateralHemisphereHighFrequency,11.0273364240497
P0177,177,14,SHOnly,SH only,HorizontalILDMAE,4.84310112281934
P0177,177,14,SUpDEqSH,SUpDEq + SH,MeasuredDomainERB,2.20343458439369
P0177,177,14,SUpDEqSH,SUpDEq + SH,Contralateral25ERB,2.7506787336046
P0177,177,14,SUpDEqSH,SUpDEq + SH,ContralateralHemisphereHighFrequency,6.45080814181468
P0177,177,14,SUpDEqSH,SUpDEq + SH,HorizontalILDMAE,1.89759644300177
P0177,177,14,SUpDEqNN,SUpDEq + Natural Neighbor,MeasuredDomainERB,2.52378752957613
P0177,177,14,SUpDEqNN,SUpDEq + Natural Neighbor,Contralateral25ERB,3.19882384603697
P0177,177,14,SUpDEqNN,SUpDEq + Natural Neighbor,ContralateralHemisphereHighFrequency,5.86156620535049
P0177,177,14,SUpDEqNN,SUpDEq + Natural Neighbor,HorizontalILDMAE,2.22762598148187
P0177,177,14,SUpDEqBary,SUpDEq + Barycentric,MeasuredDomainERB,2.38111322118149
P0177,177,14,SUpDEqBary,SUpDEq + Barycentric,Contralateral25ERB,3.11103006215953
P0177,177,14,SUpDEqBary,SUpDEq + Barycentric,ContralateralHemisphereHighFrequency,5.75889548231049
P0177,177,14,SUpDEqBary,SUpDEq + Barycentric,HorizontalILDMAE,2.07103904615962
P0177,177,14,MCA,MCA,MeasuredDomainERB,1.55333405723847
P0177,177,14,MCA,MCA,Contralateral25ERB,2.90687985927671
P0177,177,14,MCA,MCA,ContralateralHemisphereHighFrequency,5.55287195832825
P0177,177,14,MCA,MCA,HorizontalILDMAE,1.0040490481865
P0177,177,26,SHOnly,SH only,MeasuredDomainERB,2.81705307430471
P0177,177,26,SHOnly,SH only,Contralateral25ERB,4.37742446806452
P0177,177,26,SHOnly,SH only,ContralateralHemisphereHighFrequency,9.89413537406372
P0177,177,26,SHOnly,SH only,HorizontalILDMAE,4.2939965531803
P0177,177,26,SUpDEqSH,SUpDEq + SH,MeasuredDomainERB,2.19817975847878
P0177,177,26,SUpDEqSH,SUpDEq + SH,Contralateral25ERB,2.27905002413524
P0177,177,26,SUpDEqSH,SUpDEq + SH,ContralateralHemisphereHighFrequency,6.32214674321725
P0177,177,26,SUpDEqSH,SUpDEq + SH,HorizontalILDMAE,2.47509165194543
P0177,177,26,SUpDEqNN,SUpDEq + Natural Neighbor,MeasuredDomainERB,2.21808507606503
P0177,177,26,SUpDEqNN,SUpDEq + Natural Neighbor,Contralateral25ERB,2.41798032328292
P0177,177,26,SUpDEqNN,SUpDEq + Natural Neighbor,ContralateralHemisphereHighFrequency,5.91242300119833
P0177,177,26,SUpDEqNN,SUpDEq + Natural Neighbor,HorizontalILDMAE,2.54041284406297
P0177,177,26,SUpDEqBary,SUpDEq + Barycentric,MeasuredDomainERB,2.05206507923329
P0177,177,26,SUpDEqBary,SUpDEq + Barycentric,Contralateral25ERB,2.33213305380493
P0177,177,26,SUpDEqBary,SUpDEq + Barycentric,ContralateralHemisphereHighFrequency,5.68777877855893
P0177,177,26,SUpDEqBary,SUpDEq + Barycentric,HorizontalILDMAE,2.42271774700061
P0177,177,26,MCA,MCA,MeasuredDomainERB,1.16417871558624
P0177,177,26,MCA,MCA,Contralateral25ERB,1.85194371169458
P0177,177,26,MCA,MCA,ContralateralHemisphereHighFrequency,4.96467226986789
P0177,177,26,MCA,MCA,HorizontalILDMAE,0.865832301105844
P0231,231,6,SHOnly,SH only,MeasuredDomainERB,3.20124127124277
P0231,231,6,SHOnly,SH only,Contralateral25ERB,2.62923338981356
P0231,231,6,SHOnly,SH only,ContralateralHemisphereHighFrequency,6.71231292216198
P0231,231,6,SHOnly,SH only,HorizontalILDMAE,2.04476238698627
P0231,231,6,SUpDEqSH,SUpDEq + SH,MeasuredDomainERB,2.32055232615246
P0231,231,6,SUpDEqSH,SUpDEq + SH,Contralateral25ERB,2.38054200591585
P0231,231,6,SUpDEqSH,SUpDEq + SH,ContralateralHemisphereHighFrequency,6.59695951034141
P0231,231,6,SUpDEqSH,SUpDEq + SH,HorizontalILDMAE,2.12591078858516
P0231,231,6,SUpDEqNN,SUpDEq + Natural Neighbor,MeasuredDomainERB,2.07502882764524
P0231,231,6,SUpDEqNN,SUpDEq + Natural Neighbor,Contralateral25ERB,2.46887486538513
P0231,231,6,SUpDEqNN,SUpDEq + Natural Neighbor,ContralateralHemisphereHighFrequency,6.14422961209507
P0231,231,6,SUpDEqNN,SUpDEq + Natural Neighbor,HorizontalILDMAE,1.88633081135078
P0231,231,6,SUpDEqBary,SUpDEq + Barycentric,MeasuredDomainERB,2.16099454213025
P0231,231,6,SUpDEqBary,SUpDEq + Barycentric,Contralateral25ERB,2.53566296135354
P0231,231,6,SUpDEqBary,SUpDEq + Barycentric,ContralateralHemisphereHighFrequency,6.1612177973495
P0231,231,6,SUpDEqBary,SUpDEq + Barycentric,HorizontalILDMAE,1.47727955691523
P0231,231,6,MCA,MCA,MeasuredDomainERB,2.15920079576073
P0231,231,6,MCA,MCA,Contralateral25ERB,2.028092183893
P0231,231,6,MCA,MCA,ContralateralHemisphereHighFrequency,6.68827236312518
P0231,231,6,MCA,MCA,HorizontalILDMAE,1.85965356922516
P0231,231,14,SHOnly,SH only,MeasuredDomainERB,2.75753299834519
P0231,231,14,SHOnly,SH only,Contralateral25ERB,5.05772623030695
P0231,231,14,SHOnly,SH only,ContralateralHemisphereHighFrequency,10.5480933578924
P0231,231,14,SHOnly,SH only,HorizontalILDMAE,3.79508558966475
P0231,231,14,SUpDEqSH,SUpDEq + SH,MeasuredDomainERB,2.05620191482379
P0231,231,14,SUpDEqSH,SUpDEq + SH,Contralateral25ERB,2.89716515383879
P0231,231,14,SUpDEqSH,SUpDEq + SH,ContralateralHemisphereHighFrequency,7.03532177688771
P0231,231,14,SUpDEqSH,SUpDEq + SH,HorizontalILDMAE,1.84392543730527
P0231,231,14,SUpDEqNN,SUpDEq + Natural Neighbor,MeasuredDomainERB,2.10950147016312
P0231,231,14,SUpDEqNN,SUpDEq + Natural Neighbor,Contralateral25ERB,2.60427464532193
P0231,231,14,SUpDEqNN,SUpDEq + Natural Neighbor,ContralateralHemisphereHighFrequency,5.96826284719294
P0231,231,14,SUpDEqNN,SUpDEq + Natural Neighbor,HorizontalILDMAE,1.41468703970061
P0231,231,14,SUpDEqBary,SUpDEq + Barycentric,MeasuredDomainERB,2.05229424068097
P0231,231,14,SUpDEqBary,SUpDEq + Barycentric,Contralateral25ERB,2.57063416628908
P0231,231,14,SUpDEqBary,SUpDEq + Barycentric,ContralateralHemisphereHighFrequency,6.01958586859197
P0231,231,14,SUpDEqBary,SUpDEq + Barycentric,HorizontalILDMAE,1.20938379619178
P0231,231,14,MCA,MCA,MeasuredDomainERB,1.38895240406342
P0231,231,14,MCA,MCA,Contralateral25ERB,2.42649194820217
P0231,231,14,MCA,MCA,ContralateralHemisphereHighFrequency,5.39840630031959
P0231,231,14,MCA,MCA,HorizontalILDMAE,1.02030831073541
P0231,231,26,SHOnly,SH only,MeasuredDomainERB,2.70141007375407
P0231,231,26,SHOnly,SH only,Contralateral25ERB,3.8571364429492
P0231,231,26,SHOnly,SH only,ContralateralHemisphereHighFrequency,9.44299311967976
P0231,231,26,SHOnly,SH only,HorizontalILDMAE,3.9378053460993
P0231,231,26,SUpDEqSH,SUpDEq + SH,MeasuredDomainERB,1.79414223810341
P0231,231,26,SUpDEqSH,SUpDEq + SH,Contralateral25ERB,2.26668456929835
P0231,231,26,SUpDEqSH,SUpDEq + SH,ContralateralHemisphereHighFrequency,6.88430595542558
P0231,231,26,SUpDEqSH,SUpDEq + SH,HorizontalILDMAE,1.88148735670337
P0231,231,26,SUpDEqNN,SUpDEq + Natural Neighbor,MeasuredDomainERB,1.70733733098478
P0231,231,26,SUpDEqNN,SUpDEq + Natural Neighbor,Contralateral25ERB,2.0717085488594
P0231,231,26,SUpDEqNN,SUpDEq + Natural Neighbor,ContralateralHemisphereHighFrequency,5.84894586731237
P0231,231,26,SUpDEqNN,SUpDEq + Natural Neighbor,HorizontalILDMAE,1.63954864758378
P0231,231,26,SUpDEqBary,SUpDEq + Barycentric,MeasuredDomainERB,1.63915657675505
P0231,231,26,SUpDEqBary,SUpDEq + Barycentric,Contralateral25ERB,2.0006373063116
P0231,231,26,SUpDEqBary,SUpDEq + Barycentric,ContralateralHemisphereHighFrequency,5.65496059328835
P0231,231,26,SUpDEqBary,SUpDEq + Barycentric,HorizontalILDMAE,1.51986404041528
P0231,231,26,MCA,MCA,MeasuredDomainERB,1.0732959187684
P0231,231,26,MCA,MCA,Contralateral25ERB,1.63590433828374
P0231,231,26,MCA,MCA,ContralateralHemisphereHighFrequency,5.10658415303538
P0231,231,26,MCA,MCA,HorizontalILDMAE,0.699986167399827
P0234,234,6,SHOnly,SH only,MeasuredDomainERB,3.33606245515415
P0234,234,6,SHOnly,SH only,Contralateral25ERB,2.58641020399402
P0234,234,6,SHOnly,SH only,ContralateralHemisphereHighFrequency,6.67774914419641
P0234,234,6,SHOnly,SH only,HorizontalILDMAE,2.21675164870013
P0234,234,6,SUpDEqSH,SUpDEq + SH,MeasuredDomainERB,2.27945471430007
P0234,234,6,SUpDEqSH,SUpDEq + SH,Contralateral25ERB,2.53857787076021
P0234,234,6,SUpDEqSH,SUpDEq + SH,ContralateralHemisphereHighFrequency,6.13414150245974
P0234,234,6,SUpDEqSH,SUpDEq + SH,HorizontalILDMAE,2.76165480097084
P0234,234,6,SUpDEqNN,SUpDEq + Natural Neighbor,MeasuredDomainERB,2.06098001392376
P0234,234,6,SUpDEqNN,SUpDEq + Natural Neighbor,Contralateral25ERB,2.58647044719806
P0234,234,6,SUpDEqNN,SUpDEq + Natural Neighbor,ContralateralHemisphereHighFrequency,5.77560271392292
P0234,234,6,SUpDEqNN,SUpDEq + Natural Neighbor,HorizontalILDMAE,2.43291812180259
P0234,234,6,SUpDEqBary,SUpDEq + Barycentric,MeasuredDomainERB,2.09383206572685
P0234,234,6,SUpDEqBary,SUpDEq + Barycentric,Contralateral25ERB,2.643279021066
P0234,234,6,SUpDEqBary,SUpDEq + Barycentric,ContralateralHemisphereHighFrequency,5.68679250965241
P0234,234,6,SUpDEqBary,SUpDEq + Barycentric,HorizontalILDMAE,2.0866075894283
P0234,234,6,MCA,MCA,MeasuredDomainERB,2.23114161430873
P0234,234,6,MCA,MCA,Contralateral25ERB,2.22723340105489
P0234,234,6,MCA,MCA,ContralateralHemisphereHighFrequency,6.62279492612641
P0234,234,6,MCA,MCA,HorizontalILDMAE,2.39639977888303
P0234,234,14,SHOnly,SH only,MeasuredDomainERB,2.89192236752
P0234,234,14,SHOnly,SH only,Contralateral25ERB,5.16008877460951
P0234,234,14,SHOnly,SH only,ContralateralHemisphereHighFrequency,9.91930436997342
P0234,234,14,SHOnly,SH only,HorizontalILDMAE,4.29596901327663
P0234,234,14,SUpDEqSH,SUpDEq + SH,MeasuredDomainERB,1.80246060052961
P0234,234,14,SUpDEqSH,SUpDEq + SH,Contralateral25ERB,2.58409437170655
P0234,234,14,SUpDEqSH,SUpDEq + SH,ContralateralHemisphereHighFrequency,6.02945429336735
P0234,234,14,SUpDEqSH,SUpDEq + SH,HorizontalILDMAE,2.18424646105114
P0234,234,14,SUpDEqNN,SUpDEq + Natural Neighbor,MeasuredDomainERB,1.83252887240888
P0234,234,14,SUpDEqNN,SUpDEq + Natural Neighbor,Contralateral25ERB,2.48900628173427
P0234,234,14,SUpDEqNN,SUpDEq + Natural Neighbor,ContralateralHemisphereHighFrequency,5.48226257576874
P0234,234,14,SUpDEqNN,SUpDEq + Natural Neighbor,HorizontalILDMAE,1.70008874621039
P0234,234,14,SUpDEqBary,SUpDEq + Barycentric,MeasuredDomainERB,1.8366706768947
P0234,234,14,SUpDEqBary,SUpDEq + Barycentric,Contralateral25ERB,2.44007223333336
P0234,234,14,SUpDEqBary,SUpDEq + Barycentric,ContralateralHemisphereHighFrequency,5.62029072171498
P0234,234,14,SUpDEqBary,SUpDEq + Barycentric,HorizontalILDMAE,1.62500577832996
P0234,234,14,MCA,MCA,MeasuredDomainERB,1.60519237648235
P0234,234,14,MCA,MCA,Contralateral25ERB,2.84950838813343
P0234,234,14,MCA,MCA,ContralateralHemisphereHighFrequency,5.35244389605868
P0234,234,14,MCA,MCA,HorizontalILDMAE,1.73713894250789
P0234,234,26,SHOnly,SH only,MeasuredDomainERB,2.73801976506535
P0234,234,26,SHOnly,SH only,Contralateral25ERB,3.9966819112244
P0234,234,26,SHOnly,SH only,ContralateralHemisphereHighFrequency,9.01410208884187
P0234,234,26,SHOnly,SH only,HorizontalILDMAE,4.48307560608944
P0234,234,26,SUpDEqSH,SUpDEq + SH,MeasuredDomainERB,1.75687094755319
P0234,234,26,SUpDEqSH,SUpDEq + SH,Contralateral25ERB,2.55219187700025
P0234,234,26,SUpDEqSH,SUpDEq + SH,ContralateralHemisphereHighFrequency,6.27141180815781
P0234,234,26,SUpDEqSH,SUpDEq + SH,HorizontalILDMAE,1.84387275180004
P0234,234,26,SUpDEqNN,SUpDEq + Natural Neighbor,MeasuredDomainERB,1.59400626930997
P0234,234,26,SUpDEqNN,SUpDEq + Natural Neighbor,Contralateral25ERB,2.22261517602786
P0234,234,26,SUpDEqNN,SUpDEq + Natural Neighbor,ContralateralHemisphereHighFrequency,5.44889413848735
P0234,234,26,SUpDEqNN,SUpDEq + Natural Neighbor,HorizontalILDMAE,1.68456580080099
P0234,234,26,SUpDEqBary,SUpDEq + Barycentric,MeasuredDomainERB,1.52791878193031
P0234,234,26,SUpDEqBary,SUpDEq + Barycentric,Contralateral25ERB,2.13482931917854
P0234,234,26,SUpDEqBary,SUpDEq + Barycentric,ContralateralHemisphereHighFrequency,5.40464794944436
P0234,234,26,SUpDEqBary,SUpDEq + Barycentric,HorizontalILDMAE,1.68871474400128
P0234,234,26,MCA,MCA,MeasuredDomainERB,1.09792478921627
P0234,234,26,MCA,MCA,Contralateral25ERB,1.76070780017843
P0234,234,26,MCA,MCA,ContralateralHemisphereHighFrequency,4.46761133968962
P0234,234,26,MCA,MCA,HorizontalILDMAE,1.05324385061608
P0237,237,6,SHOnly,SH only,MeasuredDomainERB,3.16021684684834
P0237,237,6,SHOnly,SH only,Contralateral25ERB,2.80913136264845
P0237,237,6,SHOnly,SH only,ContralateralHemisphereHighFrequency,6.30137090831463
P0237,237,6,SHOnly,SH only,HorizontalILDMAE,2.59900850071548
P0237,237,6,SUpDEqSH,SUpDEq + SH,MeasuredDomainERB,2.62839433725225
P0237,237,6,SUpDEqSH,SUpDEq + SH,Contralateral25ERB,2.42438910143603
P0237,237,6,SUpDEqSH,SUpDEq + SH,ContralateralHemisphereHighFrequency,5.86887738984002
P0237,237,6,SUpDEqSH,SUpDEq + SH,HorizontalILDMAE,2.72747651063387
P0237,237,6,SUpDEqNN,SUpDEq + Natural Neighbor,MeasuredDomainERB,2.38376339623901
P0237,237,6,SUpDEqNN,SUpDEq + Natural Neighbor,Contralateral25ERB,2.46180246462629
P0237,237,6,SUpDEqNN,SUpDEq + Natural Neighbor,ContralateralHemisphereHighFrequency,5.80778460742021
P0237,237,6,SUpDEqNN,SUpDEq + Natural Neighbor,HorizontalILDMAE,2.33523916923409
P0237,237,6,SUpDEqBary,SUpDEq + Barycentric,MeasuredDomainERB,2.49078910974424
P0237,237,6,SUpDEqBary,SUpDEq + Barycentric,Contralateral25ERB,2.5154414633136
P0237,237,6,SUpDEqBary,SUpDEq + Barycentric,ContralateralHemisphereHighFrequency,5.85512701470737
P0237,237,6,SUpDEqBary,SUpDEq + Barycentric,HorizontalILDMAE,2.00868183892505
P0237,237,6,MCA,MCA,MeasuredDomainERB,2.071056370792
P0237,237,6,MCA,MCA,Contralateral25ERB,2.29180358839844
P0237,237,6,MCA,MCA,ContralateralHemisphereHighFrequency,6.36158717878969
P0237,237,6,MCA,MCA,HorizontalILDMAE,2.03641799083621
P0237,237,14,SHOnly,SH only,MeasuredDomainERB,2.555843049582
P0237,237,14,SHOnly,SH only,Contralateral25ERB,5.20333301652377
P0237,237,14,SHOnly,SH only,ContralateralHemisphereHighFrequency,8.95463813261767
P0237,237,14,SHOnly,SH only,HorizontalILDMAE,3.53487291475659
P0237,237,14,SUpDEqSH,SUpDEq + SH,MeasuredDomainERB,1.74074866224414
P0237,237,14,SUpDEqSH,SUpDEq + SH,Contralateral25ERB,2.67628813342149
P0237,237,14,SUpDEqSH,SUpDEq + SH,ContralateralHemisphereHighFrequency,6.20395911800236
P0237,237,14,SUpDEqSH,SUpDEq + SH,HorizontalILDMAE,1.94093550045377
P0237,237,14,SUpDEqNN,SUpDEq + Natural Neighbor,MeasuredDomainERB,1.99403218657241
P0237,237,14,SUpDEqNN,SUpDEq + Natural Neighbor,Contralateral25ERB,2.371389903151
P0237,237,14,SUpDEqNN,SUpDEq + Natural Neighbor,ContralateralHemisphereHighFrequency,5.69707353448711
P0237,237,14,SUpDEqNN,SUpDEq + Natural Neighbor,HorizontalILDMAE,1.58564504006037
P0237,237,14,SUpDEqBary,SUpDEq + Barycentric,MeasuredDomainERB,1.89190093658003
P0237,237,14,SUpDEqBary,SUpDEq + Barycentric,Contralateral25ERB,2.36504892583591
P0237,237,14,SUpDEqBary,SUpDEq + Barycentric,ContralateralHemisphereHighFrequency,5.58148820218783
P0237,237,14,SUpDEqBary,SUpDEq + Barycentric,HorizontalILDMAE,1.67454175213323
P0237,237,14,MCA,MCA,MeasuredDomainERB,1.18919259935717
P0237,237,14,MCA,MCA,Contralateral25ERB,2.34601739810169
P0237,237,14,MCA,MCA,ContralateralHemisphereHighFrequency,5.01371506883186
P0237,237,14,MCA,MCA,HorizontalILDMAE,1.06579566352782
P0237,237,26,SHOnly,SH only,MeasuredDomainERB,2.4968085831369
P0237,237,26,SHOnly,SH only,Contralateral25ERB,3.92038425424514
P0237,237,26,SHOnly,SH only,ContralateralHemisphereHighFrequency,8.72057412255305
P0237,237,26,SHOnly,SH only,HorizontalILDMAE,3.50193154457569
P0237,237,26,SUpDEqSH,SUpDEq + SH,MeasuredDomainERB,1.72433607635014
P0237,237,26,SUpDEqSH,SUpDEq + SH,Contralateral25ERB,1.98445060507479
P0237,237,26,SUpDEqSH,SUpDEq + SH,ContralateralHemisphereHighFrequency,6.17267305654039
P0237,237,26,SUpDEqSH,SUpDEq + SH,HorizontalILDMAE,1.67136545099482
P0237,237,26,SUpDEqNN,SUpDEq + Natural Neighbor,MeasuredDomainERB,1.85415207370001
P0237,237,26,SUpDEqNN,SUpDEq + Natural Neighbor,Contralateral25ERB,2.17216522844323
P0237,237,26,SUpDEqNN,SUpDEq + Natural Neighbor,ContralateralHemisphereHighFrequency,5.80054439675449
P0237,237,26,SUpDEqNN,SUpDEq + Natural Neighbor,HorizontalILDMAE,1.52010239409799
P0237,237,26,SUpDEqBary,SUpDEq + Barycentric,MeasuredDomainERB,1.75231901138931
P0237,237,26,SUpDEqBary,SUpDEq + Barycentric,Contralateral25ERB,2.13111041679047
P0237,237,26,SUpDEqBary,SUpDEq + Barycentric,ContralateralHemisphereHighFrequency,5.68208307855934
P0237,237,26,SUpDEqBary,SUpDEq + Barycentric,HorizontalILDMAE,1.67062889572191
P0237,237,26,MCA,MCA,MeasuredDomainERB,1.02611877759343
P0237,237,26,MCA,MCA,Contralateral25ERB,1.75298871293658
P0237,237,26,MCA,MCA,ContralateralHemisphereHighFrequency,4.8981466096252
P0237,237,26,MCA,MCA,HorizontalILDMAE,0.99470709321743
P0240,240,6,SHOnly,SH only,MeasuredDomainERB,3.5639644299647
P0240,240,6,SHOnly,SH only,Contralateral25ERB,3.2607189569081
P0240,240,6,SHOnly,SH only,ContralateralHemisphereHighFrequency,7.03578568955532
P0240,240,6,SHOnly,SH only,HorizontalILDMAE,2.51160426539991
P0240,240,6,SUpDEqSH,SUpDEq + SH,MeasuredDomainERB,3.32226645488809
P0240,240,6,SUpDEqSH,SUpDEq + SH,Contralateral25ERB,2.98948415590327
P0240,240,6,SUpDEqSH,SUpDEq + SH,ContralateralHemisphereHighFrequency,6.42070815158226
P0240,240,6,SUpDEqSH,SUpDEq + SH,HorizontalILDMAE,2.28857166190616
P0240,240,6,SUpDEqNN,SUpDEq + Natural Neighbor,MeasuredDomainERB,3.11004151321335
P0240,240,6,SUpDEqNN,SUpDEq + Natural Neighbor,Contralateral25ERB,3.41122265371959
P0240,240,6,SUpDEqNN,SUpDEq + Natural Neighbor,ContralateralHemisphereHighFrequency,6.37911542157918
P0240,240,6,SUpDEqNN,SUpDEq + Natural Neighbor,HorizontalILDMAE,2.25333051594979
P0240,240,6,SUpDEqBary,SUpDEq + Barycentric,MeasuredDomainERB,3.1391956705151
P0240,240,6,SUpDEqBary,SUpDEq + Barycentric,Contralateral25ERB,3.5700825731126
P0240,240,6,SUpDEqBary,SUpDEq + Barycentric,ContralateralHemisphereHighFrequency,6.22840863717603
P0240,240,6,SUpDEqBary,SUpDEq + Barycentric,HorizontalILDMAE,1.91915059581064
P0240,240,6,MCA,MCA,MeasuredDomainERB,2.3601860170328
P0240,240,6,MCA,MCA,Contralateral25ERB,2.52748226581571
P0240,240,6,MCA,MCA,ContralateralHemisphereHighFrequency,7.02108249814851
P0240,240,6,MCA,MCA,HorizontalILDMAE,1.94463468563975
P0240,240,14,SHOnly,SH only,MeasuredDomainERB,2.67578530688879
P0240,240,14,SHOnly,SH only,Contralateral25ERB,4.9670845449582
P0240,240,14,SHOnly,SH only,ContralateralHemisphereHighFrequency,10.45893192308
P0240,240,14,SHOnly,SH only,HorizontalILDMAE,4.00571069798489
P0240,240,14,SUpDEqSH,SUpDEq + SH,MeasuredDomainERB,1.95743186802453
P0240,240,14,SUpDEqSH,SUpDEq + SH,Contralateral25ERB,2.8858052087271
P0240,240,14,SUpDEqSH,SUpDEq + SH,ContralateralHemisphereHighFrequency,6.73485950168569
P0240,240,14,SUpDEqSH,SUpDEq + SH,HorizontalILDMAE,2.33651639344995
P0240,240,14,SUpDEqNN,SUpDEq + Natural Neighbor,MeasuredDomainERB,2.52546835494052
P0240,240,14,SUpDEqNN,SUpDEq + Natural Neighbor,Contralateral25ERB,2.83403056312316
P0240,240,14,SUpDEqNN,SUpDEq + Natural Neighbor,ContralateralHemisphereHighFrequency,5.85724623714328
P0240,240,14,SUpDEqNN,SUpDEq + Natural Neighbor,HorizontalILDMAE,1.93602204086485
P0240,240,14,SUpDEqBary,SUpDEq + Barycentric,MeasuredDomainERB,2.35505190060589
P0240,240,14,SUpDEqBary,SUpDEq + Barycentric,Contralateral25ERB,2.8226909091895
P0240,240,14,SUpDEqBary,SUpDEq + Barycentric,ContralateralHemisphereHighFrequency,5.85781768768308
P0240,240,14,SUpDEqBary,SUpDEq + Barycentric,HorizontalILDMAE,1.81670573572333
P0240,240,14,MCA,MCA,MeasuredDomainERB,1.39742004588033
P0240,240,14,MCA,MCA,Contralateral25ERB,2.51695835255178
P0240,240,14,MCA,MCA,ContralateralHemisphereHighFrequency,5.59981020734996
P0240,240,14,MCA,MCA,HorizontalILDMAE,1.03071639710869
P0240,240,26,SHOnly,SH only,MeasuredDomainERB,2.57110417248812
P0240,240,26,SHOnly,SH only,Contralateral25ERB,4.36693865112658
P0240,240,26,SHOnly,SH only,ContralateralHemisphereHighFrequency,9.51019239367405
P0240,240,26,SHOnly,SH only,HorizontalILDMAE,3.87049190503342
P0240,240,26,SUpDEqSH,SUpDEq + SH,MeasuredDomainERB,1.95408791748255
P0240,240,26,SUpDEqSH,SUpDEq + SH,Contralateral25ERB,2.37802050831598
P0240,240,26,SUpDEqSH,SUpDEq + SH,ContralateralHemisphereHighFrequency,6.09239818368318
P0240,240,26,SUpDEqSH,SUpDEq + SH,HorizontalILDMAE,2.32582640876556
P0240,240,26,SUpDEqNN,SUpDEq + Natural Neighbor,MeasuredDomainERB,2.2255900278861
P0240,240,26,SUpDEqNN,SUpDEq + Natural Neighbor,Contralateral25ERB,2.69452292365945
P0240,240,26,SUpDEqNN,SUpDEq + Natural Neighbor,ContralateralHemisphereHighFrequency,5.77564110145805
P0240,240,26,SUpDEqNN,SUpDEq + Natural Neighbor,HorizontalILDMAE,1.81248952627287
P0240,240,26,SUpDEqBary,SUpDEq + Barycentric,MeasuredDomainERB,2.10614032505548
P0240,240,26,SUpDEqBary,SUpDEq + Barycentric,Contralateral25ERB,2.60187473517578
P0240,240,26,SUpDEqBary,SUpDEq + Barycentric,ContralateralHemisphereHighFrequency,5.66964504710245
P0240,240,26,SUpDEqBary,SUpDEq + Barycentric,HorizontalILDMAE,1.57645207141725
P0240,240,26,MCA,MCA,MeasuredDomainERB,1.1133068360327
P0240,240,26,MCA,MCA,Contralateral25ERB,1.96428989133536
P0240,240,26,MCA,MCA,ContralateralHemisphereHighFrequency,5.29551205132304
P0240,240,26,MCA,MCA,HorizontalILDMAE,0.924769817009661
P0260,260,6,SHOnly,SH only,MeasuredDomainERB,3.39216013503173
P0260,260,6,SHOnly,SH only,Contralateral25ERB,2.99621009456944
P0260,260,6,SHOnly,SH only,ContralateralHemisphereHighFrequency,6.5353457463185
P0260,260,6,SHOnly,SH only,HorizontalILDMAE,2.57695842329827
P0260,260,6,SUpDEqSH,SUpDEq + SH,MeasuredDomainERB,2.58740314547387
P0260,260,6,SUpDEqSH,SUpDEq + SH,Contralateral25ERB,2.41308175124352
P0260,260,6,SUpDEqSH,SUpDEq + SH,ContralateralHemisphereHighFrequency,6.21350334009855
P0260,260,6,SUpDEqSH,SUpDEq + SH,HorizontalILDMAE,2.38936438367417
P0260,260,6,SUpDEqNN,SUpDEq + Natural Neighbor,MeasuredDomainERB,2.28876331915677
P0260,260,6,SUpDEqNN,SUpDEq + Natural Neighbor,Contralateral25ERB,2.46829279007925
P0260,260,6,SUpDEqNN,SUpDEq + Natural Neighbor,ContralateralHemisphereHighFrequency,6.11279762751454
P0260,260,6,SUpDEqNN,SUpDEq + Natural Neighbor,HorizontalILDMAE,2.31133220148969
P0260,260,6,SUpDEqBary,SUpDEq + Barycentric,MeasuredDomainERB,2.4364551272747
P0260,260,6,SUpDEqBary,SUpDEq + Barycentric,Contralateral25ERB,2.54524497632337
P0260,260,6,SUpDEqBary,SUpDEq + Barycentric,ContralateralHemisphereHighFrequency,6.21542496453065
P0260,260,6,SUpDEqBary,SUpDEq + Barycentric,HorizontalILDMAE,2.01223960995183
P0260,260,6,MCA,MCA,MeasuredDomainERB,2.34189637668388
P0260,260,6,MCA,MCA,Contralateral25ERB,2.34759793071341
P0260,260,6,MCA,MCA,ContralateralHemisphereHighFrequency,7.03406525935598
P0260,260,6,MCA,MCA,HorizontalILDMAE,2.23596471490355
P0260,260,14,SHOnly,SH only,MeasuredDomainERB,2.94554917712653
P0260,260,14,SHOnly,SH only,Contralateral25ERB,5.15380063845546
P0260,260,14,SHOnly,SH only,ContralateralHemisphereHighFrequency,10.7931139869075
P0260,260,14,SHOnly,SH only,HorizontalILDMAE,4.66080172234654
P0260,260,14,SUpDEqSH,SUpDEq + SH,MeasuredDomainERB,1.82492806358127
P0260,260,14,SUpDEqSH,SUpDEq + SH,Contralateral25ERB,2.71564376180042
P0260,260,14,SUpDEqSH,SUpDEq + SH,ContralateralHemisphereHighFrequency,6.92137727565916
P0260,260,14,SUpDEqSH,SUpDEq + SH,HorizontalILDMAE,1.87205953316712
P0260,260,14,SUpDEqNN,SUpDEq + Natural Neighbor,MeasuredDomainERB,1.83815319193247
P0260,260,14,SUpDEqNN,SUpDEq + Natural Neighbor,Contralateral25ERB,2.25778810332163
P0260,260,14,SUpDEqNN,SUpDEq + Natural Neighbor,ContralateralHemisphereHighFrequency,6.0608179414501
P0260,260,14,SUpDEqNN,SUpDEq + Natural Neighbor,HorizontalILDMAE,1.73473491994203
P0260,260,14,SUpDEqBary,SUpDEq + Barycentric,MeasuredDomainERB,1.82041846122511
P0260,260,14,SUpDEqBary,SUpDEq + Barycentric,Contralateral25ERB,2.26114223330459
P0260,260,14,SUpDEqBary,SUpDEq + Barycentric,ContralateralHemisphereHighFrequency,5.97417612398888
P0260,260,14,SUpDEqBary,SUpDEq + Barycentric,HorizontalILDMAE,1.74574605579596
P0260,260,14,MCA,MCA,MeasuredDomainERB,1.42571645140461
P0260,260,14,MCA,MCA,Contralateral25ERB,2.37507264614063
P0260,260,14,MCA,MCA,ContralateralHemisphereHighFrequency,5.40371662696876
P0260,260,14,MCA,MCA,HorizontalILDMAE,0.836478408199158
P0260,260,26,SHOnly,SH only,MeasuredDomainERB,2.66150249465183
P0260,260,26,SHOnly,SH only,Contralateral25ERB,4.01902321191665
P0260,260,26,SHOnly,SH only,ContralateralHemisphereHighFrequency,9.07714088584464
P0260,260,26,SHOnly,SH only,HorizontalILDMAE,4.62131315555031
P0260,260,26,SUpDEqSH,SUpDEq + SH,MeasuredDomainERB,1.6054527472044
P0260,260,26,SUpDEqSH,SUpDEq + SH,Contralateral25ERB,2.16223671958482
P0260,260,26,SUpDEqSH,SUpDEq + SH,ContralateralHemisphereHighFrequency,5.95773486437429
P0260,260,26,SUpDEqSH,SUpDEq + SH,HorizontalILDMAE,2.04712655432666
P0260,260,26,SUpDEqNN,SUpDEq + Natural Neighbor,MeasuredDomainERB,1.64761783392881
P0260,260,26,SUpDEqNN,SUpDEq + Natural Neighbor,Contralateral25ERB,2.33747015805577
P0260,260,26,SUpDEqNN,SUpDEq + Natural Neighbor,ContralateralHemisphereHighFrequency,5.82061763051353
P0260,260,26,SUpDEqNN,SUpDEq + Natural Neighbor,HorizontalILDMAE,1.47763457093327
P0260,260,26,SUpDEqBary,SUpDEq + Barycentric,MeasuredDomainERB,1.57274680941898
P0260,260,26,SUpDEqBary,SUpDEq + Barycentric,Contralateral25ERB,2.27467327523604
P0260,260,26,SUpDEqBary,SUpDEq + Barycentric,ContralateralHemisphereHighFrequency,5.62117306542907
P0260,260,26,SUpDEqBary,SUpDEq + Barycentric,HorizontalILDMAE,1.46104248876603
P0260,260,26,MCA,MCA,MeasuredDomainERB,1.10210085982676
P0260,260,26,MCA,MCA,Contralateral25ERB,1.82251432578624
P0260,260,26,MCA,MCA,ContralateralHemisphereHighFrequency,4.73300505038558
P0260,260,26,MCA,MCA,HorizontalILDMAE,0.793224817510564
P0261,261,6,SHOnly,SH only,MeasuredDomainERB,3.75750307029537
P0261,261,6,SHOnly,SH only,Contralateral25ERB,3.01918495656657
P0261,261,6,SHOnly,SH only,ContralateralHemisphereHighFrequency,6.86704469074849
P0261,261,6,SHOnly,SH only,HorizontalILDMAE,3.20653024543893
P0261,261,6,SUpDEqSH,SUpDEq + SH,MeasuredDomainERB,3.06397636714101
P0261,261,6,SUpDEqSH,SUpDEq + SH,Contralateral25ERB,2.94344714299834
P0261,261,6,SUpDEqSH,SUpDEq + SH,ContralateralHemisphereHighFrequency,6.69557289677901
P0261,261,6,SUpDEqSH,SUpDEq + SH,HorizontalILDMAE,3.41730197338626
P0261,261,6,SUpDEqNN,SUpDEq + Natural Neighbor,MeasuredDomainERB,2.66442538213792
P0261,261,6,SUpDEqNN,SUpDEq + Natural Neighbor,Contralateral25ERB,3.01014037269299
P0261,261,6,SUpDEqNN,SUpDEq + Natural Neighbor,ContralateralHemisphereHighFrequency,6.7295850029537
P0261,261,6,SUpDEqNN,SUpDEq + Natural Neighbor,HorizontalILDMAE,2.73094664451122
P0261,261,6,SUpDEqBary,SUpDEq + Barycentric,MeasuredDomainERB,2.63283080936899
P0261,261,6,SUpDEqBary,SUpDEq + Barycentric,Contralateral25ERB,2.98370507671454
P0261,261,6,SUpDEqBary,SUpDEq + Barycentric,ContralateralHemisphereHighFrequency,6.60291614095056
P0261,261,6,SUpDEqBary,SUpDEq + Barycentric,HorizontalILDMAE,2.44876181195292
P0261,261,6,MCA,MCA,MeasuredDomainERB,2.37661243993884
P0261,261,6,MCA,MCA,Contralateral25ERB,2.3915286935399
P0261,261,6,MCA,MCA,ContralateralHemisphereHighFrequency,7.28305056711151
P0261,261,6,MCA,MCA,HorizontalILDMAE,1.96627734260637
P0261,261,14,SHOnly,SH only,MeasuredDomainERB,2.80968945222886
P0261,261,14,SHOnly,SH only,Contralateral25ERB,5.34114831666742
P0261,261,14,SHOnly,SH only,ContralateralHemisphereHighFrequency,9.69534180577474
P0261,261,14,SHOnly,SH only,HorizontalILDMAE,4.19225839395932
P0261,261,14,SUpDEqSH,SUpDEq + SH,MeasuredDomainERB,2.03428889669824
P0261,261,14,SUpDEqSH,SUpDEq + SH,Contralateral25ERB,2.99707062628334
P0261,261,14,SUpDEqSH,SUpDEq + SH,ContralateralHemisphereHighFrequency,5.94760503153427
P0261,261,14,SUpDEqSH,SUpDEq + SH,HorizontalILDMAE,2.0068158562432
P0261,261,14,SUpDEqNN,SUpDEq + Natural Neighbor,MeasuredDomainERB,2.31253935677427
P0261,261,14,SUpDEqNN,SUpDEq + Natural Neighbor,Contralateral25ERB,2.9149553714376
P0261,261,14,SUpDEqNN,SUpDEq + Natural Neighbor,ContralateralHemisphereHighFrequency,6.06160974755626
P0261,261,14,SUpDEqNN,SUpDEq + Natural Neighbor,HorizontalILDMAE,1.9214189082815
P0261,261,14,SUpDEqBary,SUpDEq + Barycentric,MeasuredDomainERB,2.24945285789417
P0261,261,14,SUpDEqBary,SUpDEq + Barycentric,Contralateral25ERB,2.91475634415361
P0261,261,14,SUpDEqBary,SUpDEq + Barycentric,ContralateralHemisphereHighFrequency,6.02404143311299
P0261,261,14,SUpDEqBary,SUpDEq + Barycentric,HorizontalILDMAE,1.7522381364487
P0261,261,14,MCA,MCA,MeasuredDomainERB,1.49002526333067
P0261,261,14,MCA,MCA,Contralateral25ERB,2.97316411695785
P0261,261,14,MCA,MCA,ContralateralHemisphereHighFrequency,5.48044209417817
P0261,261,14,MCA,MCA,HorizontalILDMAE,1.58274363444619
P0261,261,26,SHOnly,SH only,MeasuredDomainERB,2.79029917985601
P0261,261,26,SHOnly,SH only,Contralateral25ERB,4.36358577069009
P0261,261,26,SHOnly,SH only,ContralateralHemisphereHighFrequency,9.30256701424608
P0261,261,26,SHOnly,SH only,HorizontalILDMAE,4.21383095935707
P0261,261,26,SUpDEqSH,SUpDEq + SH,MeasuredDomainERB,1.85642187178622
P0261,261,26,SUpDEqSH,SUpDEq + SH,Contralateral25ERB,2.34120105750293
P0261,261,26,SUpDEqSH,SUpDEq + SH,ContralateralHemisphereHighFrequency,5.56195118536784
P0261,261,26,SUpDEqSH,SUpDEq + SH,HorizontalILDMAE,1.91742525912338
P0261,261,26,SUpDEqNN,SUpDEq + Natural Neighbor,MeasuredDomainERB,1.90327554352868
P0261,261,26,SUpDEqNN,SUpDEq + Natural Neighbor,Contralateral25ERB,2.62344430258518
P0261,261,26,SUpDEqNN,SUpDEq + Natural Neighbor,ContralateralHemisphereHighFrequency,5.50944392265251
P0261,261,26,SUpDEqNN,SUpDEq + Natural Neighbor,HorizontalILDMAE,1.61906581975098
P0261,261,26,SUpDEqBary,SUpDEq + Barycentric,MeasuredDomainERB,1.80557327544351
P0261,261,26,SUpDEqBary,SUpDEq + Barycentric,Contralateral25ERB,2.53033791666289
P0261,261,26,SUpDEqBary,SUpDEq + Barycentric,ContralateralHemisphereHighFrequency,5.41956682445089
P0261,261,26,SUpDEqBary,SUpDEq + Barycentric,HorizontalILDMAE,1.38313007197117
P0261,261,26,MCA,MCA,MeasuredDomainERB,1.11519532693165
P0261,261,26,MCA,MCA,Contralateral25ERB,2.01585928469148
P0261,261,26,MCA,MCA,ContralateralHemisphereHighFrequency,4.66667144766372
P0261,261,26,MCA,MCA,HorizontalILDMAE,1.25263769088271
P0291,291,6,SHOnly,SH only,MeasuredDomainERB,3.32198153027219
P0291,291,6,SHOnly,SH only,Contralateral25ERB,2.78169482384602
P0291,291,6,SHOnly,SH only,ContralateralHemisphereHighFrequency,6.74208172375787
P0291,291,6,SHOnly,SH only,HorizontalILDMAE,1.90109933300411
P0291,291,6,SUpDEqSH,SUpDEq + SH,MeasuredDomainERB,2.34411703952868
P0291,291,6,SUpDEqSH,SUpDEq + SH,Contralateral25ERB,2.50789344638097
P0291,291,6,SUpDEqSH,SUpDEq + SH,ContralateralHemisphereHighFrequency,5.68256085122956
P0291,291,6,SUpDEqSH,SUpDEq + SH,HorizontalILDMAE,2.23660952270787
P0291,291,6,SUpDEqNN,SUpDEq + Natural Neighbor,MeasuredDomainERB,2.07921298769234
P0291,291,6,SUpDEqNN,SUpDEq + Natural Neighbor,Contralateral25ERB,2.49830144672613
P0291,291,6,SUpDEqNN,SUpDEq + Natural Neighbor,ContralateralHemisphereHighFrequency,5.87008441984262
P0291,291,6,SUpDEqNN,SUpDEq + Natural Neighbor,HorizontalILDMAE,1.90079273094461
P0291,291,6,SUpDEqBary,SUpDEq + Barycentric,MeasuredDomainERB,2.08725430666905
P0291,291,6,SUpDEqBary,SUpDEq + Barycentric,Contralateral25ERB,2.50715409949329
P0291,291,6,SUpDEqBary,SUpDEq + Barycentric,ContralateralHemisphereHighFrequency,5.77578136866009
P0291,291,6,SUpDEqBary,SUpDEq + Barycentric,HorizontalILDMAE,1.5728710588191
P0291,291,6,MCA,MCA,MeasuredDomainERB,2.33828059303592
P0291,291,6,MCA,MCA,Contralateral25ERB,2.12878164200131
P0291,291,6,MCA,MCA,ContralateralHemisphereHighFrequency,7.17654164802335
P0291,291,6,MCA,MCA,HorizontalILDMAE,1.78720728023228
P0291,291,14,SHOnly,SH only,MeasuredDomainERB,2.74373019017804
P0291,291,14,SHOnly,SH only,Contralateral25ERB,4.65071033594511
P0291,291,14,SHOnly,SH only,ContralateralHemisphereHighFrequency,9.98576027465394
P0291,291,14,SHOnly,SH only,HorizontalILDMAE,3.20382894780026
P0291,291,14,SUpDEqSH,SUpDEq + SH,MeasuredDomainERB,1.68296693861827
P0291,291,14,SUpDEqSH,SUpDEq + SH,Contralateral25ERB,2.59647189073318
P0291,291,14,SUpDEqSH,SUpDEq + SH,ContralateralHemisphereHighFrequency,6.11765008200278
P0291,291,14,SUpDEqSH,SUpDEq + SH,HorizontalILDMAE,1.75206575034785
P0291,291,14,SUpDEqNN,SUpDEq + Natural Neighbor,MeasuredDomainERB,1.76389940612933
P0291,291,14,SUpDEqNN,SUpDEq + Natural Neighbor,Contralateral25ERB,2.51596673203938
P0291,291,14,SUpDEqNN,SUpDEq + Natural Neighbor,ContralateralHemisphereHighFrequency,6.09798345786275
P0291,291,14,SUpDEqNN,SUpDEq + Natural Neighbor,HorizontalILDMAE,1.12731724174245
P0291,291,14,SUpDEqBary,SUpDEq + Barycentric,MeasuredDomainERB,1.73850107037462
P0291,291,14,SUpDEqBary,SUpDEq + Barycentric,Contralateral25ERB,2.50885827309992
P0291,291,14,SUpDEqBary,SUpDEq + Barycentric,ContralateralHemisphereHighFrequency,6.04885112487168
P0291,291,14,SUpDEqBary,SUpDEq + Barycentric,HorizontalILDMAE,1.20002134764149
P0291,291,14,MCA,MCA,MeasuredDomainERB,1.39276847306106
P0291,291,14,MCA,MCA,Contralateral25ERB,2.56549561723506
P0291,291,14,MCA,MCA,ContralateralHemisphereHighFrequency,5.08565629566726
P0291,291,14,MCA,MCA,HorizontalILDMAE,1.23455295129171
P0291,291,26,SHOnly,SH only,MeasuredDomainERB,2.52378997337998
P0291,291,26,SHOnly,SH only,Contralateral25ERB,3.51488768057216
P0291,291,26,SHOnly,SH only,ContralateralHemisphereHighFrequency,8.73632294844566
P0291,291,26,SHOnly,SH only,HorizontalILDMAE,3.0168905870592
P0291,291,26,SUpDEqSH,SUpDEq + SH,MeasuredDomainERB,1.55080958156533
P0291,291,26,SUpDEqSH,SUpDEq + SH,Contralateral25ERB,2.24522899442779
P0291,291,26,SUpDEqSH,SUpDEq + SH,ContralateralHemisphereHighFrequency,5.56242457568285
P0291,291,26,SUpDEqSH,SUpDEq + SH,HorizontalILDMAE,1.61462185840749
P0291,291,26,SUpDEqNN,SUpDEq + Natural Neighbor,MeasuredDomainERB,1.41922916696277
P0291,291,26,SUpDEqNN,SUpDEq + Natural Neighbor,Contralateral25ERB,2.11379439146781
P0291,291,26,SUpDEqNN,SUpDEq + Natural Neighbor,ContralateralHemisphereHighFrequency,5.3167227503828
P0291,291,26,SUpDEqNN,SUpDEq + Natural Neighbor,HorizontalILDMAE,1.09931842285146
P0291,291,26,SUpDEqBary,SUpDEq + Barycentric,MeasuredDomainERB,1.37671789858168
P0291,291,26,SUpDEqBary,SUpDEq + Barycentric,Contralateral25ERB,2.07860363870023
P0291,291,26,SUpDEqBary,SUpDEq + Barycentric,ContralateralHemisphereHighFrequency,5.30125294976142
P0291,291,26,SUpDEqBary,SUpDEq + Barycentric,HorizontalILDMAE,1.23842525943951
P0291,291,26,MCA,MCA,MeasuredDomainERB,1.02688947261491
P0291,291,26,MCA,MCA,Contralateral25ERB,1.70441221652686
P0291,291,26,MCA,MCA,ContralateralHemisphereHighFrequency,4.29924200529789
P0291,291,26,MCA,MCA,HorizontalILDMAE,0.629234833303126
P0293,293,6,SHOnly,SH only,MeasuredDomainERB,3.14671216795884
P0293,293,6,SHOnly,SH only,Contralateral25ERB,2.51329351102122
P0293,293,6,SHOnly,SH only,ContralateralHemisphereHighFrequency,6.79481570209256
P0293,293,6,SHOnly,SH only,HorizontalILDMAE,1.4446560531309
P0293,293,6,SUpDEqSH,SUpDEq + SH,MeasuredDomainERB,2.28879295725621
P0293,293,6,SUpDEqSH,SUpDEq + SH,Contralateral25ERB,2.38246511919748
P0293,293,6,SUpDEqSH,SUpDEq + SH,ContralateralHemisphereHighFrequency,5.75454194397735
P0293,293,6,SUpDEqSH,SUpDEq + SH,HorizontalILDMAE,1.96018231487409
P0293,293,6,SUpDEqNN,SUpDEq + Natural Neighbor,MeasuredDomainERB,2.01337636980046
P0293,293,6,SUpDEqNN,SUpDEq + Natural Neighbor,Contralateral25ERB,2.41108742577879
P0293,293,6,SUpDEqNN,SUpDEq + Natural Neighbor,ContralateralHemisphereHighFrequency,5.70442295315352
P0293,293,6,SUpDEqNN,SUpDEq + Natural Neighbor,HorizontalILDMAE,2.01001279045506
P0293,293,6,SUpDEqBary,SUpDEq + Barycentric,MeasuredDomainERB,2.11627824809513
P0293,293,6,SUpDEqBary,SUpDEq + Barycentric,Contralateral25ERB,2.47737513064806
P0293,293,6,SUpDEqBary,SUpDEq + Barycentric,ContralateralHemisphereHighFrequency,5.86939351334133
P0293,293,6,SUpDEqBary,SUpDEq + Barycentric,HorizontalILDMAE,2.35355450701062
P0293,293,6,MCA,MCA,MeasuredDomainERB,2.22520114931881
P0293,293,6,MCA,MCA,Contralateral25ERB,2.17100782358384
P0293,293,6,MCA,MCA,ContralateralHemisphereHighFrequency,6.51975219840515
P0293,293,6,MCA,MCA,HorizontalILDMAE,1.78475967512515
P0293,293,14,SHOnly,SH only,MeasuredDomainERB,3.01123564183208
P0293,293,14,SHOnly,SH only,Contralateral25ERB,5.51044467740829
P0293,293,14,SHOnly,SH only,ContralateralHemisphereHighFrequency,11.6487635559619
P0293,293,14,SHOnly,SH only,HorizontalILDMAE,4.7706449507704
P0293,293,14,SUpDEqSH,SUpDEq + SH,MeasuredDomainERB,1.7285705411065
P0293,293,14,SUpDEqSH,SUpDEq + SH,Contralateral25ERB,2.5853436872551
P0293,293,14,SUpDEqSH,SUpDEq + SH,ContralateralHemisphereHighFrequency,6.21397098884118
P0293,293,14,SUpDEqSH,SUpDEq + SH,HorizontalILDMAE,1.37113273578679
P0293,293,14,SUpDEqNN,SUpDEq + Natural Neighbor,MeasuredDomainERB,1.66176925135966
P0293,293,14,SUpDEqNN,SUpDEq + Natural Neighbor,Contralateral25ERB,2.44207067649182
P0293,293,14,SUpDEqNN,SUpDEq + Natural Neighbor,ContralateralHemisphereHighFrequency,5.86211926607583
P0293,293,14,SUpDEqNN,SUpDEq + Natural Neighbor,HorizontalILDMAE,1.29897801238761
P0293,293,14,SUpDEqBary,SUpDEq + Barycentric,MeasuredDomainERB,1.65298963512083
P0293,293,14,SUpDEqBary,SUpDEq + Barycentric,Contralateral25ERB,2.40815842736069
P0293,293,14,SUpDEqBary,SUpDEq + Barycentric,ContralateralHemisphereHighFrequency,5.87217504029699
P0293,293,14,SUpDEqBary,SUpDEq + Barycentric,HorizontalILDMAE,1.25808788373544
P0293,293,14,MCA,MCA,MeasuredDomainERB,1.42305136752218
P0293,293,14,MCA,MCA,Contralateral25ERB,2.90112291056864
P0293,293,14,MCA,MCA,ContralateralHemisphereHighFrequency,5.17093844104876
P0293,293,14,MCA,MCA,HorizontalILDMAE,0.918319134606371
P0293,293,26,SHOnly,SH only,MeasuredDomainERB,2.76660129940614
P0293,293,26,SHOnly,SH only,Contralateral25ERB,4.13323621619571
P0293,293,26,SHOnly,SH only,ContralateralHemisphereHighFrequency,10.2065696224875
P0293,293,26,SHOnly,SH only,HorizontalILDMAE,3.60931435246581
P0293,293,26,SUpDEqSH,SUpDEq + SH,MeasuredDomainERB,1.51090266214143
P0293,293,26,SUpDEqSH,SUpDEq + SH,Contralateral25ERB,2.20586468805303
P0293,293,26,SUpDEqSH,SUpDEq + SH,ContralateralHemisphereHighFrequency,6.2251070965201
P0293,293,26,SUpDEqSH,SUpDEq + SH,HorizontalILDMAE,1.27909301242751
P0293,293,26,SUpDEqNN,SUpDEq + Natural Neighbor,MeasuredDomainERB,1.39933688298115
P0293,293,26,SUpDEqNN,SUpDEq + Natural Neighbor,Contralateral25ERB,1.98556978442235
P0293,293,26,SUpDEqNN,SUpDEq + Natural Neighbor,ContralateralHemisphereHighFrequency,5.82949435463042
P0293,293,26,SUpDEqNN,SUpDEq + Natural Neighbor,HorizontalILDMAE,1.2401808970086
P0293,293,26,SUpDEqBary,SUpDEq + Barycentric,MeasuredDomainERB,1.36083588039133
P0293,293,26,SUpDEqBary,SUpDEq + Barycentric,Contralateral25ERB,1.90175429855679
P0293,293,26,SUpDEqBary,SUpDEq + Barycentric,ContralateralHemisphereHighFrequency,5.76470702498485
P0293,293,26,SUpDEqBary,SUpDEq + Barycentric,HorizontalILDMAE,1.18501864828715
P0293,293,26,MCA,MCA,MeasuredDomainERB,1.06942132117882
P0293,293,26,MCA,MCA,Contralateral25ERB,1.63916008999579
P0293,293,26,MCA,MCA,ContralateralHemisphereHighFrequency,4.58380469780251
P0293,293,26,MCA,MCA,HorizontalILDMAE,0.748526737459848
P0304,304,6,SHOnly,SH only,MeasuredDomainERB,3.26284117927749
P0304,304,6,SHOnly,SH only,Contralateral25ERB,2.61390006519234
P0304,304,6,SHOnly,SH only,ContralateralHemisphereHighFrequency,6.55755907049244
P0304,304,6,SHOnly,SH only,HorizontalILDMAE,2.32645792970067
P0304,304,6,SUpDEqSH,SUpDEq + SH,MeasuredDomainERB,2.23252378649179
P0304,304,6,SUpDEqSH,SUpDEq + SH,Contralateral25ERB,2.54207422212767
P0304,304,6,SUpDEqSH,SUpDEq + SH,ContralateralHemisphereHighFrequency,6.01658443450005
P0304,304,6,SUpDEqSH,SUpDEq + SH,HorizontalILDMAE,2.76125186799226
P0304,304,6,SUpDEqNN,SUpDEq + Natural Neighbor,MeasuredDomainERB,1.9647865392359
P0304,304,6,SUpDEqNN,SUpDEq + Natural Neighbor,Contralateral25ERB,2.64262622686059
P0304,304,6,SUpDEqNN,SUpDEq + Natural Neighbor,ContralateralHemisphereHighFrequency,6.05117485778994
P0304,304,6,SUpDEqNN,SUpDEq + Natural Neighbor,HorizontalILDMAE,2.5651517108568
P0304,304,6,SUpDEqBary,SUpDEq + Barycentric,MeasuredDomainERB,2.00710438793341
P0304,304,6,SUpDEqBary,SUpDEq + Barycentric,Contralateral25ERB,2.67210620848034
P0304,304,6,SUpDEqBary,SUpDEq + Barycentric,ContralateralHemisphereHighFrequency,6.06463937391754
P0304,304,6,SUpDEqBary,SUpDEq + Barycentric,HorizontalILDMAE,2.10575724902423
P0304,304,6,MCA,MCA,MeasuredDomainERB,2.27280089591945
P0304,304,6,MCA,MCA,Contralateral25ERB,2.26796332755563
P0304,304,6,MCA,MCA,ContralateralHemisphereHighFrequency,6.79910728126069
P0304,304,6,MCA,MCA,HorizontalILDMAE,1.91634596130572
P0304,304,14,SHOnly,SH only,MeasuredDomainERB,2.94540088185557
P0304,304,14,SHOnly,SH only,Contralateral25ERB,5.70008183082104
P0304,304,14,SHOnly,SH only,ContralateralHemisphereHighFrequency,9.95328844875789
P0304,304,14,SHOnly,SH only,HorizontalILDMAE,4.17554592713478
P0304,304,14,SUpDEqSH,SUpDEq + SH,MeasuredDomainERB,1.54492438119696
P0304,304,14,SUpDEqSH,SUpDEq + SH,Contralateral25ERB,2.7271185366972
P0304,304,14,SUpDEqSH,SUpDEq + SH,ContralateralHemisphereHighFrequency,6.56076248040294
P0304,304,14,SUpDEqSH,SUpDEq + SH,HorizontalILDMAE,1.66215501228365
P0304,304,14,SUpDEqNN,SUpDEq + Natural Neighbor,MeasuredDomainERB,1.62204141286991
P0304,304,14,SUpDEqNN,SUpDEq + Natural Neighbor,Contralateral25ERB,2.50645994316002
P0304,304,14,SUpDEqNN,SUpDEq + Natural Neighbor,ContralateralHemisphereHighFrequency,5.77943957964285
P0304,304,14,SUpDEqNN,SUpDEq + Natural Neighbor,HorizontalILDMAE,1.72868751555479
P0304,304,14,SUpDEqBary,SUpDEq + Barycentric,MeasuredDomainERB,1.61462030366169
P0304,304,14,SUpDEqBary,SUpDEq + Barycentric,Contralateral25ERB,2.48825150400078
P0304,304,14,SUpDEqBary,SUpDEq + Barycentric,ContralateralHemisphereHighFrequency,5.73215905064377
P0304,304,14,SUpDEqBary,SUpDEq + Barycentric,HorizontalILDMAE,1.64738854498458
P0304,304,14,MCA,MCA,MeasuredDomainERB,1.35152929752234
P0304,304,14,MCA,MCA,Contralateral25ERB,2.79700183220868
P0304,304,14,MCA,MCA,ContralateralHemisphereHighFrequency,5.35586871369448
P0304,304,14,MCA,MCA,HorizontalILDMAE,1.4881166519791
P0304,304,26,SHOnly,SH only,MeasuredDomainERB,2.75055869179015
P0304,304,26,SHOnly,SH only,Contralateral25ERB,3.82599758996425
P0304,304,26,SHOnly,SH only,ContralateralHemisphereHighFrequency,8.83158359215913
P0304,304,26,SHOnly,SH only,HorizontalILDMAE,3.50979803444133
P0304,304,26,SUpDEqSH,SUpDEq + SH,MeasuredDomainERB,1.42751327961726
P0304,304,26,SUpDEqSH,SUpDEq + SH,Contralateral25ERB,2.3191584547391
P0304,304,26,SUpDEqSH,SUpDEq + SH,ContralateralHemisphereHighFrequency,6.18949280574884
P0304,304,26,SUpDEqSH,SUpDEq + SH,HorizontalILDMAE,1.6320297565497
P0304,304,26,SUpDEqNN,SUpDEq + Natural Neighbor,MeasuredDomainERB,1.37875364193124
P0304,304,26,SUpDEqNN,SUpDEq + Natural Neighbor,Contralateral25ERB,2.33996266245036
P0304,304,26,SUpDEqNN,SUpDEq + Natural Neighbor,ContralateralHemisphereHighFrequency,5.52598696655729
P0304,304,26,SUpDEqNN,SUpDEq + Natural Neighbor,HorizontalILDMAE,1.35332654974912
P0304,304,26,SUpDEqBary,SUpDEq + Barycentric,MeasuredDomainERB,1.32299355160293
P0304,304,26,SUpDEqBary,SUpDEq + Barycentric,Contralateral25ERB,2.26713510328163
P0304,304,26,SUpDEqBary,SUpDEq + Barycentric,ContralateralHemisphereHighFrequency,5.39211803995815
P0304,304,26,SUpDEqBary,SUpDEq + Barycentric,HorizontalILDMAE,1.35535027342152
P0304,304,26,MCA,MCA,MeasuredDomainERB,1.01349004939562
P0304,304,26,MCA,MCA,Contralateral25ERB,1.88355259532192
P0304,304,26,MCA,MCA,ContralateralHemisphereHighFrequency,4.74604621909422
P0304,304,26,MCA,MCA,HorizontalILDMAE,1.08172415667828
P0309,309,6,SHOnly,SH only,MeasuredDomainERB,3.35007403157895
P0309,309,6,SHOnly,SH only,Contralateral25ERB,2.50617433711666
P0309,309,6,SHOnly,SH only,ContralateralHemisphereHighFrequency,6.54198536303051
P0309,309,6,SHOnly,SH only,HorizontalILDMAE,2.96964003353172
P0309,309,6,SUpDEqSH,SUpDEq + SH,MeasuredDomainERB,2.44846692996745
P0309,309,6,SUpDEqSH,SUpDEq + SH,Contralateral25ERB,2.37661221661034
P0309,309,6,SUpDEqSH,SUpDEq + SH,ContralateralHemisphereHighFrequency,6.39662729234552
P0309,309,6,SUpDEqSH,SUpDEq + SH,HorizontalILDMAE,2.82561132837613
P0309,309,6,SUpDEqNN,SUpDEq + Natural Neighbor,MeasuredDomainERB,2.03209026256652
P0309,309,6,SUpDEqNN,SUpDEq + Natural Neighbor,Contralateral25ERB,2.49557221853111
P0309,309,6,SUpDEqNN,SUpDEq + Natural Neighbor,ContralateralHemisphereHighFrequency,6.41872535797117
P0309,309,6,SUpDEqNN,SUpDEq + Natural Neighbor,HorizontalILDMAE,2.50515404094017
P0309,309,6,SUpDEqBary,SUpDEq + Barycentric,MeasuredDomainERB,2.04418170397375
P0309,309,6,SUpDEqBary,SUpDEq + Barycentric,Contralateral25ERB,2.51975467979055
P0309,309,6,SUpDEqBary,SUpDEq + Barycentric,ContralateralHemisphereHighFrequency,6.4212590233648
P0309,309,6,SUpDEqBary,SUpDEq + Barycentric,HorizontalILDMAE,2.1642803814836
P0309,309,6,MCA,MCA,MeasuredDomainERB,2.11194383860273
P0309,309,6,MCA,MCA,Contralateral25ERB,2.0301029673848
P0309,309,6,MCA,MCA,ContralateralHemisphereHighFrequency,6.63533545541166
P0309,309,6,MCA,MCA,HorizontalILDMAE,1.93942044701333
P0309,309,14,SHOnly,SH only,MeasuredDomainERB,2.64821748856155
P0309,309,14,SHOnly,SH only,Contralateral25ERB,5.44164708612788
P0309,309,14,SHOnly,SH only,ContralateralHemisphereHighFrequency,9.31154238633027
P0309,309,14,SHOnly,SH only,HorizontalILDMAE,3.83023673040092
P0309,309,14,SUpDEqSH,SUpDEq + SH,MeasuredDomainERB,1.63228312527879
P0309,309,14,SUpDEqSH,SUpDEq + SH,Contralateral25ERB,2.63630505749519
P0309,309,14,SUpDEqSH,SUpDEq + SH,ContralateralHemisphereHighFrequency,5.96396079030016
P0309,309,14,SUpDEqSH,SUpDEq + SH,HorizontalILDMAE,1.61734988541591
P0309,309,14,SUpDEqNN,SUpDEq + Natural Neighbor,MeasuredDomainERB,1.75419354490966
P0309,309,14,SUpDEqNN,SUpDEq + Natural Neighbor,Contralateral25ERB,2.38283913005042
P0309,309,14,SUpDEqNN,SUpDEq + Natural Neighbor,ContralateralHemisphereHighFrequency,5.83937132417316
P0309,309,14,SUpDEqNN,SUpDEq + Natural Neighbor,HorizontalILDMAE,1.4864357399634
P0309,309,14,SUpDEqBary,SUpDEq + Barycentric,MeasuredDomainERB,1.74722020681381
P0309,309,14,SUpDEqBary,SUpDEq + Barycentric,Contralateral25ERB,2.37600743353491
P0309,309,14,SUpDEqBary,SUpDEq + Barycentric,ContralateralHemisphereHighFrequency,5.82482728915556
P0309,309,14,SUpDEqBary,SUpDEq + Barycentric,HorizontalILDMAE,1.39710964267584
P0309,309,14,MCA,MCA,MeasuredDomainERB,1.3485229109103
P0309,309,14,MCA,MCA,Contralateral25ERB,2.62617213185794
P0309,309,14,MCA,MCA,ContralateralHemisphereHighFrequency,5.31758590371093
P0309,309,14,MCA,MCA,HorizontalILDMAE,1.5562634437648
P0309,309,26,SHOnly,SH only,MeasuredDomainERB,2.39269272031639
P0309,309,26,SHOnly,SH only,Contralateral25ERB,3.46311086384941
P0309,309,26,SHOnly,SH only,ContralateralHemisphereHighFrequency,8.10334811725183
P0309,309,26,SHOnly,SH only,HorizontalILDMAE,3.25688391192072
P0309,309,26,SUpDEqSH,SUpDEq + SH,MeasuredDomainERB,1.41930829838639
P0309,309,26,SUpDEqSH,SUpDEq + SH,Contralateral25ERB,1.93786325046286
P0309,309,26,SUpDEqSH,SUpDEq + SH,ContralateralHemisphereHighFrequency,5.48309161381841
P0309,309,26,SUpDEqSH,SUpDEq + SH,HorizontalILDMAE,1.36124261063304
P0309,309,26,SUpDEqNN,SUpDEq + Natural Neighbor,MeasuredDomainERB,1.45871046665512
P0309,309,26,SUpDEqNN,SUpDEq + Natural Neighbor,Contralateral25ERB,1.96880930322032
P0309,309,26,SUpDEqNN,SUpDEq + Natural Neighbor,ContralateralHemisphereHighFrequency,5.65297475576802
P0309,309,26,SUpDEqNN,SUpDEq + Natural Neighbor,HorizontalILDMAE,1.18786419955895
P0309,309,26,SUpDEqBary,SUpDEq + Barycentric,MeasuredDomainERB,1.39481138244723
P0309,309,26,SUpDEqBary,SUpDEq + Barycentric,Contralateral25ERB,1.95727484525832
P0309,309,26,SUpDEqBary,SUpDEq + Barycentric,ContralateralHemisphereHighFrequency,5.5208655396806
P0309,309,26,SUpDEqBary,SUpDEq + Barycentric,HorizontalILDMAE,1.2039096915749
P0309,309,26,MCA,MCA,MeasuredDomainERB,1.05470924984398
P0309,309,26,MCA,MCA,Contralateral25ERB,1.741423690255
P0309,309,26,MCA,MCA,ContralateralHemisphereHighFrequency,4.82783711900485
P0309,309,26,MCA,MCA,HorizontalILDMAE,1.01491375888451
P0324,324,6,SHOnly,SH only,MeasuredDomainERB,3.43582016625759
P0324,324,6,SHOnly,SH only,Contralateral25ERB,2.7063034682602
P0324,324,6,SHOnly,SH only,ContralateralHemisphereHighFrequency,6.78795662488226
P0324,324,6,SHOnly,SH only,HorizontalILDMAE,2.0864885161832
P0324,324,6,SUpDEqSH,SUpDEq + SH,MeasuredDomainERB,2.31740451914136
P0324,324,6,SUpDEqSH,SUpDEq + SH,Contralateral25ERB,2.44971669420778
P0324,324,6,SUpDEqSH,SUpDEq + SH,ContralateralHemisphereHighFrequency,5.84452878444206
P0324,324,6,SUpDEqSH,SUpDEq + SH,HorizontalILDMAE,2.41646438825094
P0324,324,6,SUpDEqNN,SUpDEq + Natural Neighbor,MeasuredDomainERB,2.07317950096477
P0324,324,6,SUpDEqNN,SUpDEq + Natural Neighbor,Contralateral25ERB,2.4613350101596
P0324,324,6,SUpDEqNN,SUpDEq + Natural Neighbor,ContralateralHemisphereHighFrequency,5.9843623104771
P0324,324,6,SUpDEqNN,SUpDEq + Natural Neighbor,HorizontalILDMAE,2.27097184426807
P0324,324,6,SUpDEqBary,SUpDEq + Barycentric,MeasuredDomainERB,2.10203425377303
P0324,324,6,SUpDEqBary,SUpDEq + Barycentric,Contralateral25ERB,2.49922710668741
P0324,324,6,SUpDEqBary,SUpDEq + Barycentric,ContralateralHemisphereHighFrequency,6.00714322868345
P0324,324,6,SUpDEqBary,SUpDEq + Barycentric,HorizontalILDMAE,2.00662408436305
P0324,324,6,MCA,MCA,MeasuredDomainERB,2.37409438746205
P0324,324,6,MCA,MCA,Contralateral25ERB,2.19034778013473
P0324,324,6,MCA,MCA,ContralateralHemisphereHighFrequency,6.69168141099822
P0324,324,6,MCA,MCA,HorizontalILDMAE,2.16190020055753
P0324,324,14,SHOnly,SH only,MeasuredDomainERB,2.92253065594793
P0324,324,14,SHOnly,SH only,Contralateral25ERB,5.42243116588353
P0324,324,14,SHOnly,SH only,ContralateralHemisphereHighFrequency,9.80503591189425
P0324,324,14,SHOnly,SH only,HorizontalILDMAE,4.65499380056347
P0324,324,14,SUpDEqSH,SUpDEq + SH,MeasuredDomainERB,1.74986284370363
P0324,324,14,SUpDEqSH,SUpDEq + SH,Contralateral25ERB,2.76834771474684
P0324,324,14,SUpDEqSH,SUpDEq + SH,ContralateralHemisphereHighFrequency,6.56581213516789
P0324,324,14,SUpDEqSH,SUpDEq + SH,HorizontalILDMAE,1.57909837345979
P0324,324,14,SUpDEqNN,SUpDEq + Natural Neighbor,MeasuredDomainERB,1.87358016553176
P0324,324,14,SUpDEqNN,SUpDEq + Natural Neighbor,Contralateral25ERB,2.52320310164618
P0324,324,14,SUpDEqNN,SUpDEq + Natural Neighbor,ContralateralHemisphereHighFrequency,6.14875091117442
P0324,324,14,SUpDEqNN,SUpDEq + Natural Neighbor,HorizontalILDMAE,1.44379733393508
P0324,324,14,SUpDEqBary,SUpDEq + Barycentric,MeasuredDomainERB,1.82370399195908
P0324,324,14,SUpDEqBary,SUpDEq + Barycentric,Contralateral25ERB,2.51632177102724
P0324,324,14,SUpDEqBary,SUpDEq + Barycentric,ContralateralHemisphereHighFrequency,5.80084592008194
P0324,324,14,SUpDEqBary,SUpDEq + Barycentric,HorizontalILDMAE,1.39211389848353
P0324,324,14,MCA,MCA,MeasuredDomainERB,1.48755706796927
P0324,324,14,MCA,MCA,Contralateral25ERB,2.49576711659351
P0324,324,14,MCA,MCA,ContralateralHemisphereHighFrequency,5.17025748324486
P0324,324,14,MCA,MCA,HorizontalILDMAE,0.773067701030168
P0324,324,26,SHOnly,SH only,MeasuredDomainERB,2.7455018346372
P0324,324,26,SHOnly,SH only,Contralateral25ERB,3.68398898391529
P0324,324,26,SHOnly,SH only,ContralateralHemisphereHighFrequency,8.61114893018821
P0324,324,26,SHOnly,SH only,HorizontalILDMAE,4.05203428213819
P0324,324,26,SUpDEqSH,SUpDEq + SH,MeasuredDomainERB,1.51220263951909
P0324,324,26,SUpDEqSH,SUpDEq + SH,Contralateral25ERB,2.16207679929315
P0324,324,26,SUpDEqSH,SUpDEq + SH,ContralateralHemisphereHighFrequency,5.94789993757138
P0324,324,26,SUpDEqSH,SUpDEq + SH,HorizontalILDMAE,1.52028936660109
P0324,324,26,SUpDEqNN,SUpDEq + Natural Neighbor,MeasuredDomainERB,1.49846621051299
P0324,324,26,SUpDEqNN,SUpDEq + Natural Neighbor,Contralateral25ERB,2.08127222782937
P0324,324,26,SUpDEqNN,SUpDEq + Natural Neighbor,ContralateralHemisphereHighFrequency,5.73528199276364
P0324,324,26,SUpDEqNN,SUpDEq + Natural Neighbor,HorizontalILDMAE,1.1455345488564
P0324,324,26,SUpDEqBary,SUpDEq + Barycentric,MeasuredDomainERB,1.46001162976034
P0324,324,26,SUpDEqBary,SUpDEq + Barycentric,Contralateral25ERB,2.02648952999176
P0324,324,26,SUpDEqBary,SUpDEq + Barycentric,ContralateralHemisphereHighFrequency,5.63742611652231
P0324,324,26,SUpDEqBary,SUpDEq + Barycentric,HorizontalILDMAE,1.12974971574507
P0324,324,26,MCA,MCA,MeasuredDomainERB,1.10224462428088
P0324,324,26,MCA,MCA,Contralateral25ERB,1.69636238865933
P0324,324,26,MCA,MCA,ContralateralHemisphereHighFrequency,4.44630392319139
P0324,324,26,MCA,MCA,HorizontalILDMAE,0.672642416335338
P0325,325,6,SHOnly,SH only,MeasuredDomainERB,3.28309198695224
P0325,325,6,SHOnly,SH only,Contralateral25ERB,2.46009031979466
P0325,325,6,SHOnly,SH only,ContralateralHemisphereHighFrequency,6.44843469557959
P0325,325,6,SHOnly,SH only,HorizontalILDMAE,2.42033674831896
P0325,325,6,SUpDEqSH,SUpDEq + SH,MeasuredDomainERB,2.41684688162113
P0325,325,6,SUpDEqSH,SUpDEq + SH,Contralateral25ERB,2.20311103160041
P0325,325,6,SUpDEqSH,SUpDEq + SH,ContralateralHemisphereHighFrequency,6.74621878528375
P0325,325,6,SUpDEqSH,SUpDEq + SH,HorizontalILDMAE,2.27535027566659
P0325,325,6,SUpDEqNN,SUpDEq + Natural Neighbor,MeasuredDomainERB,2.07145980479511
P0325,325,6,SUpDEqNN,SUpDEq + Natural Neighbor,Contralateral25ERB,2.34828984121759
P0325,325,6,SUpDEqNN,SUpDEq + Natural Neighbor,ContralateralHemisphereHighFrequency,6.42595609270616
P0325,325,6,SUpDEqNN,SUpDEq + Natural Neighbor,HorizontalILDMAE,2.07186692482049
P0325,325,6,SUpDEqBary,SUpDEq + Barycentric,MeasuredDomainERB,2.06121899462668
P0325,325,6,SUpDEqBary,SUpDEq + Barycentric,Contralateral25ERB,2.40097630952374
P0325,325,6,SUpDEqBary,SUpDEq + Barycentric,ContralateralHemisphereHighFrequency,6.21267798802293
P0325,325,6,SUpDEqBary,SUpDEq + Barycentric,HorizontalILDMAE,1.78923295581592
P0325,325,6,MCA,MCA,MeasuredDomainERB,2.10591682402695
P0325,325,6,MCA,MCA,Contralateral25ERB,1.90524536740135
P0325,325,6,MCA,MCA,ContralateralHemisphereHighFrequency,6.70061563033249
P0325,325,6,MCA,MCA,HorizontalILDMAE,1.66814457038218
P0325,325,14,SHOnly,SH only,MeasuredDomainERB,2.59197067266538
P0325,325,14,SHOnly,SH only,Contralateral25ERB,5.13701019172872
P0325,325,14,SHOnly,SH only,ContralateralHemisphereHighFrequency,9.43901983517137
P0325,325,14,SHOnly,SH only,HorizontalILDMAE,3.96763682881315
P0325,325,14,SUpDEqSH,SUpDEq + SH,MeasuredDomainERB,1.61805384978679
P0325,325,14,SUpDEqSH,SUpDEq + SH,Contralateral25ERB,2.32093416735462
P0325,325,14,SUpDEqSH,SUpDEq + SH,ContralateralHemisphereHighFrequency,5.82383791533862
P0325,325,14,SUpDEqSH,SUpDEq + SH,HorizontalILDMAE,1.11678832046538
P0325,325,14,SUpDEqNN,SUpDEq + Natural Neighbor,MeasuredDomainERB,1.84654616994714
P0325,325,14,SUpDEqNN,SUpDEq + Natural Neighbor,Contralateral25ERB,2.24070196369923
P0325,325,14,SUpDEqNN,SUpDEq + Natural Neighbor,ContralateralHemisphereHighFrequency,5.5105723202971
P0325,325,14,SUpDEqNN,SUpDEq + Natural Neighbor,HorizontalILDMAE,1.57355402465292
P0325,325,14,SUpDEqBary,SUpDEq + Barycentric,MeasuredDomainERB,1.78999935173063
P0325,325,14,SUpDEqBary,SUpDEq + Barycentric,Contralateral25ERB,2.24788080554514
P0325,325,14,SUpDEqBary,SUpDEq + Barycentric,ContralateralHemisphereHighFrequency,5.48721376845034
P0325,325,14,SUpDEqBary,SUpDEq + Barycentric,HorizontalILDMAE,1.4044997904699
P0325,325,14,MCA,MCA,MeasuredDomainERB,1.314397477437
P0325,325,14,MCA,MCA,Contralateral25ERB,2.26116021751742
P0325,325,14,MCA,MCA,ContralateralHemisphereHighFrequency,5.18159870318649
P0325,325,14,MCA,MCA,HorizontalILDMAE,1.05657466655497
P0325,325,26,SHOnly,SH only,MeasuredDomainERB,2.56711787474976
P0325,325,26,SHOnly,SH only,Contralateral25ERB,3.42741833484845
P0325,325,26,SHOnly,SH only,ContralateralHemisphereHighFrequency,8.05436495071961
P0325,325,26,SHOnly,SH only,HorizontalILDMAE,4.00382990761491
P0325,325,26,SUpDEqSH,SUpDEq + SH,MeasuredDomainERB,1.50340777688176
P0325,325,26,SUpDEqSH,SUpDEq + SH,Contralateral25ERB,1.98513857495453
P0325,325,26,SUpDEqSH,SUpDEq + SH,ContralateralHemisphereHighFrequency,5.64150147333919
P0325,325,26,SUpDEqSH,SUpDEq + SH,HorizontalILDMAE,1.21947645886413
P0325,325,26,SUpDEqNN,SUpDEq + Natural Neighbor,MeasuredDomainERB,1.49278457598232
P0325,325,26,SUpDEqNN,SUpDEq + Natural Neighbor,Contralateral25ERB,1.86977672926666
P0325,325,26,SUpDEqNN,SUpDEq + Natural Neighbor,ContralateralHemisphereHighFrequency,5.50095258335817
P0325,325,26,SUpDEqNN,SUpDEq + Natural Neighbor,HorizontalILDMAE,1.16091633586815
P0325,325,26,SUpDEqBary,SUpDEq + Barycentric,MeasuredDomainERB,1.4468284602526
P0325,325,26,SUpDEqBary,SUpDEq + Barycentric,Contralateral25ERB,1.85961479259674
P0325,325,26,SUpDEqBary,SUpDEq + Barycentric,ContralateralHemisphereHighFrequency,5.41633016701108
P0325,325,26,SUpDEqBary,SUpDEq + Barycentric,HorizontalILDMAE,1.11815797829712
P0325,325,26,MCA,MCA,MeasuredDomainERB,1.04548390441269
P0325,325,26,MCA,MCA,Contralateral25ERB,1.56665616429842
P0325,325,26,MCA,MCA,ContralateralHemisphereHighFrequency,4.60018471516829
P0325,325,26,MCA,MCA,HorizontalILDMAE,0.735466706393702
P0327,327,6,SHOnly,SH only,MeasuredDomainERB,3.29869503714666
P0327,327,6,SHOnly,SH only,Contralateral25ERB,2.72254686713079
P0327,327,6,SHOnly,SH only,ContralateralHemisphereHighFrequency,6.63641864422777
P0327,327,6,SHOnly,SH only,HorizontalILDMAE,2.00388289015273
P0327,327,6,SUpDEqSH,SUpDEq + SH,MeasuredDomainERB,2.30931711650874
P0327,327,6,SUpDEqSH,SUpDEq + SH,Contralateral25ERB,2.41272141550655
P0327,327,6,SUpDEqSH,SUpDEq + SH,ContralateralHemisphereHighFrequency,5.8410435122716
P0327,327,6,SUpDEqSH,SUpDEq + SH,HorizontalILDMAE,1.6406069033319
P0327,327,6,SUpDEqNN,SUpDEq + Natural Neighbor,MeasuredDomainERB,1.99982871275783
P0327,327,6,SUpDEqNN,SUpDEq + Natural Neighbor,Contralateral25ERB,2.477332525853
P0327,327,6,SUpDEqNN,SUpDEq + Natural Neighbor,ContralateralHemisphereHighFrequency,5.67192624448408
P0327,327,6,SUpDEqNN,SUpDEq + Natural Neighbor,HorizontalILDMAE,1.65188833658402
P0327,327,6,SUpDEqBary,SUpDEq + Barycentric,MeasuredDomainERB,2.05863635559021
P0327,327,6,SUpDEqBary,SUpDEq + Barycentric,Contralateral25ERB,2.51657426399752
P0327,327,6,SUpDEqBary,SUpDEq + Barycentric,ContralateralHemisphereHighFrequency,5.72221676423729
P0327,327,6,SUpDEqBary,SUpDEq + Barycentric,HorizontalILDMAE,1.42639797554937
P0327,327,6,MCA,MCA,MeasuredDomainERB,2.22251490391148
P0327,327,6,MCA,MCA,Contralateral25ERB,2.1586265671018
P0327,327,6,MCA,MCA,ContralateralHemisphereHighFrequency,6.33046067080733
P0327,327,6,MCA,MCA,HorizontalILDMAE,1.50800243880638
P0327,327,14,SHOnly,SH only,MeasuredDomainERB,2.78175528562419
P0327,327,14,SHOnly,SH only,Contralateral25ERB,5.36165723150012
P0327,327,14,SHOnly,SH only,ContralateralHemisphereHighFrequency,9.96098855603199
P0327,327,14,SHOnly,SH only,HorizontalILDMAE,3.64034330646833
P0327,327,14,SUpDEqSH,SUpDEq + SH,MeasuredDomainERB,1.67176876219532
P0327,327,14,SUpDEqSH,SUpDEq + SH,Contralateral25ERB,2.73283289463211
P0327,327,14,SUpDEqSH,SUpDEq + SH,ContralateralHemisphereHighFrequency,6.34059809360287
P0327,327,14,SUpDEqSH,SUpDEq + SH,HorizontalILDMAE,1.16307851347474
P0327,327,14,SUpDEqNN,SUpDEq + Natural Neighbor,MeasuredDomainERB,1.78328061356911
P0327,327,14,SUpDEqNN,SUpDEq + Natural Neighbor,Contralateral25ERB,2.56830988797529
P0327,327,14,SUpDEqNN,SUpDEq + Natural Neighbor,ContralateralHemisphereHighFrequency,5.55144720573854
P0327,327,14,SUpDEqNN,SUpDEq + Natural Neighbor,HorizontalILDMAE,1.07393497092709
P0327,327,14,SUpDEqBary,SUpDEq + Barycentric,MeasuredDomainERB,1.7731675482324
P0327,327,14,SUpDEqBary,SUpDEq + Barycentric,Contralateral25ERB,2.56370417583872
P0327,327,14,SUpDEqBary,SUpDEq + Barycentric,ContralateralHemisphereHighFrequency,5.66111351337162
P0327,327,14,SUpDEqBary,SUpDEq + Barycentric,HorizontalILDMAE,1.02118016477131
P0327,327,14,MCA,MCA,MeasuredDomainERB,1.34596103744041
P0327,327,14,MCA,MCA,Contralateral25ERB,2.45774848077694
P0327,327,14,MCA,MCA,ContralateralHemisphereHighFrequency,5.21856031853215
P0327,327,14,MCA,MCA,HorizontalILDMAE,0.872970342730632
P0327,327,26,SHOnly,SH only,MeasuredDomainERB,2.66417199738539
P0327,327,26,SHOnly,SH only,Contralateral25ERB,3.55085286384484
P0327,327,26,SHOnly,SH only,ContralateralHemisphereHighFrequency,8.83330410483028
P0327,327,26,SHOnly,SH only,HorizontalILDMAE,3.30886347024987
P0327,327,26,SUpDEqSH,SUpDEq + SH,MeasuredDomainERB,1.49612403130137
P0327,327,26,SUpDEqSH,SUpDEq + SH,Contralateral25ERB,2.11733998331674
P0327,327,26,SUpDEqSH,SUpDEq + SH,ContralateralHemisphereHighFrequency,5.79476431371832
P0327,327,26,SUpDEqSH,SUpDEq + SH,HorizontalILDMAE,0.97154869260645
P0327,327,26,SUpDEqNN,SUpDEq + Natural Neighbor,MeasuredDomainERB,1.42448759356868
P0327,327,26,SUpDEqNN,SUpDEq + Natural Neighbor,Contralateral25ERB,2.16323490896742
P0327,327,26,SUpDEqNN,SUpDEq + Natural Neighbor,ContralateralHemisphereHighFrequency,5.224965384864
P0327,327,26,SUpDEqNN,SUpDEq + Natural Neighbor,HorizontalILDMAE,0.977953882544504
P0327,327,26,SUpDEqBary,SUpDEq + Barycentric,MeasuredDomainERB,1.37883387754238
P0327,327,26,SUpDEqBary,SUpDEq + Barycentric,Contralateral25ERB,2.14857298710749
P0327,327,26,SUpDEqBary,SUpDEq + Barycentric,ContralateralHemisphereHighFrequency,5.14055683896181
P0327,327,26,SUpDEqBary,SUpDEq + Barycentric,HorizontalILDMAE,1.01583773379586
P0327,327,26,MCA,MCA,MeasuredDomainERB,1.06280260553155
P0327,327,26,MCA,MCA,Contralateral25ERB,1.74926634116548
P0327,327,26,MCA,MCA,ContralateralHemisphereHighFrequency,4.68699228788822
P0327,327,26,MCA,MCA,HorizontalILDMAE,0.684423053244255
P0331,331,6,SHOnly,SH only,MeasuredDomainERB,3.51329109515285
P0331,331,6,SHOnly,SH only,Contralateral25ERB,2.49507927436193
P0331,331,6,SHOnly,SH only,ContralateralHemisphereHighFrequency,7.22716557056106
P0331,331,6,SHOnly,SH only,HorizontalILDMAE,2.09360430171657
P0331,331,6,SUpDEqSH,SUpDEq + SH,MeasuredDomainERB,2.42415168098749
P0331,331,6,SUpDEqSH,SUpDEq + SH,Contralateral25ERB,2.3023168010893
P0331,331,6,SUpDEqSH,SUpDEq + SH,ContralateralHemisphereHighFrequency,6.29794403054489
P0331,331,6,SUpDEqSH,SUpDEq + SH,HorizontalILDMAE,2.00046893426295
P0331,331,6,SUpDEqNN,SUpDEq + Natural Neighbor,MeasuredDomainERB,2.20871327329164
P0331,331,6,SUpDEqNN,SUpDEq + Natural Neighbor,Contralateral25ERB,2.40382705034652
P0331,331,6,SUpDEqNN,SUpDEq + Natural Neighbor,ContralateralHemisphereHighFrequency,6.53229514227152
P0331,331,6,SUpDEqNN,SUpDEq + Natural Neighbor,HorizontalILDMAE,2.13007058745406
P0331,331,6,SUpDEqBary,SUpDEq + Barycentric,MeasuredDomainERB,2.22294608444393
P0331,331,6,SUpDEqBary,SUpDEq + Barycentric,Contralateral25ERB,2.45947276029282
P0331,331,6,SUpDEqBary,SUpDEq + Barycentric,ContralateralHemisphereHighFrequency,6.45461945457414
P0331,331,6,SUpDEqBary,SUpDEq + Barycentric,HorizontalILDMAE,2.07515949071219
P0331,331,6,MCA,MCA,MeasuredDomainERB,2.39815408004917
P0331,331,6,MCA,MCA,Contralateral25ERB,2.08132472952995
P0331,331,6,MCA,MCA,ContralateralHemisphereHighFrequency,7.44918519101955
P0331,331,6,MCA,MCA,HorizontalILDMAE,1.65645075250837
P0331,331,14,SHOnly,SH only,MeasuredDomainERB,3.05822958227097
P0331,331,14,SHOnly,SH only,Contralateral25ERB,5.60482025272677
P0331,331,14,SHOnly,SH only,ContralateralHemisphereHighFrequency,11.5408072839833
P0331,331,14,SHOnly,SH only,HorizontalILDMAE,4.88616756707103
P0331,331,14,SUpDEqSH,SUpDEq + SH,MeasuredDomainERB,1.71753789216666
P0331,331,14,SUpDEqSH,SUpDEq + SH,Contralateral25ERB,2.84268834059059
P0331,331,14,SUpDEqSH,SUpDEq + SH,ContralateralHemisphereHighFrequency,6.10474983320027
P0331,331,14,SUpDEqSH,SUpDEq + SH,HorizontalILDMAE,1.6644240382924
P0331,331,14,SUpDEqNN,SUpDEq + Natural Neighbor,MeasuredDomainERB,1.80969403594607
P0331,331,14,SUpDEqNN,SUpDEq + Natural Neighbor,Contralateral25ERB,2.4159694397736
P0331,331,14,SUpDEqNN,SUpDEq + Natural Neighbor,ContralateralHemisphereHighFrequency,5.28077519752832
P0331,331,14,SUpDEqNN,SUpDEq + Natural Neighbor,HorizontalILDMAE,1.59342363323462
P0331,331,14,SUpDEqBary,SUpDEq + Barycentric,MeasuredDomainERB,1.7498424652663
P0331,331,14,SUpDEqBary,SUpDEq + Barycentric,Contralateral25ERB,2.40320986667622
P0331,331,14,SUpDEqBary,SUpDEq + Barycentric,ContralateralHemisphereHighFrequency,5.22491165610066
P0331,331,14,SUpDEqBary,SUpDEq + Barycentric,HorizontalILDMAE,1.64464301376282
P0331,331,14,MCA,MCA,MeasuredDomainERB,1.31616545629506
P0331,331,14,MCA,MCA,Contralateral25ERB,2.62097885703139
P0331,331,14,MCA,MCA,ContralateralHemisphereHighFrequency,4.96228374874614
P0331,331,14,MCA,MCA,HorizontalILDMAE,0.914283292711315
P0331,331,26,SHOnly,SH only,MeasuredDomainERB,2.76554113025408
P0331,331,26,SHOnly,SH only,Contralateral25ERB,3.93585833404645
P0331,331,26,SHOnly,SH only,ContralateralHemisphereHighFrequency,9.98523777328563
P0331,331,26,SHOnly,SH only,HorizontalILDMAE,4.51716797256204
P0331,331,26,SUpDEqSH,SUpDEq + SH,MeasuredDomainERB,1.57383290892995
P0331,331,26,SUpDEqSH,SUpDEq + SH,Contralateral25ERB,2.36649636902849
P0331,331,26,SUpDEqSH,SUpDEq + SH,ContralateralHemisphereHighFrequency,6.01562334047492
P0331,331,26,SUpDEqSH,SUpDEq + SH,HorizontalILDMAE,1.92295009302472
P0331,331,26,SUpDEqNN,SUpDEq + Natural Neighbor,MeasuredDomainERB,1.48427001655392
P0331,331,26,SUpDEqNN,SUpDEq + Natural Neighbor,Contralateral25ERB,2.2109963959214
P0331,331,26,SUpDEqNN,SUpDEq + Natural Neighbor,ContralateralHemisphereHighFrequency,5.19681490550745
P0331,331,26,SUpDEqNN,SUpDEq + Natural Neighbor,HorizontalILDMAE,1.82116851578291
P0331,331,26,SUpDEqBary,SUpDEq + Barycentric,MeasuredDomainERB,1.42321110424736
P0331,331,26,SUpDEqBary,SUpDEq + Barycentric,Contralateral25ERB,2.17023222691272
P0331,331,26,SUpDEqBary,SUpDEq + Barycentric,ContralateralHemisphereHighFrequency,5.17309956589475
P0331,331,26,SUpDEqBary,SUpDEq + Barycentric,HorizontalILDMAE,1.91934993207532
P0331,331,26,MCA,MCA,MeasuredDomainERB,1.0237581330013
P0331,331,26,MCA,MCA,Contralateral25ERB,1.67921916065144
P0331,331,26,MCA,MCA,ContralateralHemisphereHighFrequency,4.55104437167394
P0331,331,26,MCA,MCA,HorizontalILDMAE,0.813398893994136
P0339,339,6,SHOnly,SH only,MeasuredDomainERB,3.40820002458045
P0339,339,6,SHOnly,SH only,Contralateral25ERB,2.42627804414955
P0339,339,6,SHOnly,SH only,ContralateralHemisphereHighFrequency,5.01966682086452
P0339,339,6,SHOnly,SH only,HorizontalILDMAE,2.93754775959936
P0339,339,6,SUpDEqSH,SUpDEq + SH,MeasuredDomainERB,4.03553641785754
P0339,339,6,SUpDEqSH,SUpDEq + SH,Contralateral25ERB,3.46424228514614
P0339,339,6,SUpDEqSH,SUpDEq + SH,ContralateralHemisphereHighFrequency,6.33876153332849
P0339,339,6,SUpDEqSH,SUpDEq + SH,HorizontalILDMAE,2.63321251095115
P0339,339,6,SUpDEqNN,SUpDEq + Natural Neighbor,MeasuredDomainERB,4.26894950432804
P0339,339,6,SUpDEqNN,SUpDEq + Natural Neighbor,Contralateral25ERB,4.08144861858704
P0339,339,6,SUpDEqNN,SUpDEq + Natural Neighbor,ContralateralHemisphereHighFrequency,6.87990188648747
P0339,339,6,SUpDEqNN,SUpDEq + Natural Neighbor,HorizontalILDMAE,3.4971750388082
P0339,339,6,SUpDEqBary,SUpDEq + Barycentric,MeasuredDomainERB,4.8859302989587
P0339,339,6,SUpDEqBary,SUpDEq + Barycentric,Contralateral25ERB,4.46481832140167
P0339,339,6,SUpDEqBary,SUpDEq + Barycentric,ContralateralHemisphereHighFrequency,7.00753643496955
P0339,339,6,SUpDEqBary,SUpDEq + Barycentric,HorizontalILDMAE,5.78734626550703
P0339,339,6,MCA,MCA,MeasuredDomainERB,2.95877277138173
P0339,339,6,MCA,MCA,Contralateral25ERB,1.65652158365014
P0339,339,6,MCA,MCA,ContralateralHemisphereHighFrequency,5.29374087803911
P0339,339,6,MCA,MCA,HorizontalILDMAE,1.67886499627813
P0339,339,14,SHOnly,SH only,MeasuredDomainERB,2.75652098117351
P0339,339,14,SHOnly,SH only,Contralateral25ERB,2.36672552903987
P0339,339,14,SHOnly,SH only,ContralateralHemisphereHighFrequency,5.35100021139605
P0339,339,14,SHOnly,SH only,HorizontalILDMAE,4.87353589379106
P0339,339,14,SUpDEqSH,SUpDEq + SH,MeasuredDomainERB,4.62026368116433
P0339,339,14,SUpDEqSH,SUpDEq + SH,Contralateral25ERB,3.69229782736474
P0339,339,14,SUpDEqSH,SUpDEq + SH,ContralateralHemisphereHighFrequency,5.91304545411726
P0339,339,14,SUpDEqSH,SUpDEq + SH,HorizontalILDMAE,10.3197685282289
P0339,339,14,SUpDEqNN,SUpDEq + Natural Neighbor,MeasuredDomainERB,3.17047432973402
P0339,339,14,SUpDEqNN,SUpDEq + Natural Neighbor,Contralateral25ERB,3.95474399032793
P0339,339,14,SUpDEqNN,SUpDEq + Natural Neighbor,ContralateralHemisphereHighFrequency,5.62122034744506
P0339,339,14,SUpDEqNN,SUpDEq + Natural Neighbor,HorizontalILDMAE,1.84553945681264
P0339,339,14,SUpDEqBary,SUpDEq + Barycentric,MeasuredDomainERB,2.98261072850018
P0339,339,14,SUpDEqBary,SUpDEq + Barycentric,Contralateral25ERB,3.93441184112819
P0339,339,14,SUpDEqBary,SUpDEq + Barycentric,ContralateralHemisphereHighFrequency,5.54497753386436
P0339,339,14,SUpDEqBary,SUpDEq + Barycentric,HorizontalILDMAE,2.04804635433367
P0339,339,14,MCA,MCA,MeasuredDomainERB,1.92313884484274
P0339,339,14,MCA,MCA,Contralateral25ERB,1.74988163871869
P0339,339,14,MCA,MCA,ContralateralHemisphereHighFrequency,4.46951572874578
P0339,339,14,MCA,MCA,HorizontalILDMAE,1.05249218144187
P0339,339,26,SHOnly,SH only,MeasuredDomainERB,2.62542907458947
P0339,339,26,SHOnly,SH only,Contralateral25ERB,1.93347707070345
P0339,339,26,SHOnly,SH only,ContralateralHemisphereHighFrequency,5.58271481684035
P0339,339,26,SHOnly,SH only,HorizontalILDMAE,4.71722231140601
P0339,339,26,SUpDEqSH,SUpDEq + SH,MeasuredDomainERB,4.89813283507508
P0339,339,26,SUpDEqSH,SUpDEq + SH,Contralateral25ERB,3.15862497430663
P0339,339,26,SUpDEqSH,SUpDEq + SH,ContralateralHemisphereHighFrequency,6.56280944676216
P0339,339,26,SUpDEqSH,SUpDEq + SH,HorizontalILDMAE,11.7719822670454
P0339,339,26,SUpDEqNN,SUpDEq + Natural Neighbor,MeasuredDomainERB,2.88057790295535
P0339,339,26,SUpDEqNN,SUpDEq + Natural Neighbor,Contralateral25ERB,2.93015401496564
P0339,339,26,SUpDEqNN,SUpDEq + Natural Neighbor,ContralateralHemisphereHighFrequency,5.44912811958998
P0339,339,26,SUpDEqNN,SUpDEq + Natural Neighbor,HorizontalILDMAE,2.37668349967767
P0339,339,26,SUpDEqBary,SUpDEq + Barycentric,MeasuredDomainERB,2.7090905654791
P0339,339,26,SUpDEqBary,SUpDEq + Barycentric,Contralateral25ERB,2.79535238126206
P0339,339,26,SUpDEqBary,SUpDEq + Barycentric,ContralateralHemisphereHighFrequency,5.28549355321749
P0339,339,26,SUpDEqBary,SUpDEq + Barycentric,HorizontalILDMAE,2.37952278768768
P0339,339,26,MCA,MCA,MeasuredDomainERB,1.61057530525276
P0339,339,26,MCA,MCA,Contralateral25ERB,1.23122004107632
P0339,339,26,MCA,MCA,ContralateralHemisphereHighFrequency,4.36440078794618
P0339,339,26,MCA,MCA,HorizontalILDMAE,0.710685233670796
P0349,349,6,SHOnly,SH only,MeasuredDomainERB,3.23024355276726
P0349,349,6,SHOnly,SH only,Contralateral25ERB,2.74293614269886
P0349,349,6,SHOnly,SH only,ContralateralHemisphereHighFrequency,7.14736898588199
P0349,349,6,SHOnly,SH only,HorizontalILDMAE,2.27499560024967
P0349,349,6,SUpDEqSH,SUpDEq + SH,MeasuredDomainERB,2.64769471293884
P0349,349,6,SUpDEqSH,SUpDEq + SH,Contralateral25ERB,2.37042313755489
P0349,349,6,SUpDEqSH,SUpDEq + SH,ContralateralHemisphereHighFrequency,5.09843495845441
P0349,349,6,SUpDEqSH,SUpDEq + SH,HorizontalILDMAE,2.28880298782395
P0349,349,6,SUpDEqNN,SUpDEq + Natural Neighbor,MeasuredDomainERB,2.48975326608768
P0349,349,6,SUpDEqNN,SUpDEq + Natural Neighbor,Contralateral25ERB,2.46161767056512
P0349,349,6,SUpDEqNN,SUpDEq + Natural Neighbor,ContralateralHemisphereHighFrequency,5.2293419847016
P0349,349,6,SUpDEqNN,SUpDEq + Natural Neighbor,HorizontalILDMAE,2.40531030250064
P0349,349,6,SUpDEqBary,SUpDEq + Barycentric,MeasuredDomainERB,2.60132885598133
P0349,349,6,SUpDEqBary,SUpDEq + Barycentric,Contralateral25ERB,2.61420414706928
P0349,349,6,SUpDEqBary,SUpDEq + Barycentric,ContralateralHemisphereHighFrequency,5.36110842580639
P0349,349,6,SUpDEqBary,SUpDEq + Barycentric,HorizontalILDMAE,2.29902577047516
P0349,349,6,MCA,MCA,MeasuredDomainERB,2.33489052734307
P0349,349,6,MCA,MCA,Contralateral25ERB,2.33627957738952
P0349,349,6,MCA,MCA,ContralateralHemisphereHighFrequency,7.76138095998217
P0349,349,6,MCA,MCA,HorizontalILDMAE,1.42202238533664
P0349,349,14,SHOnly,SH only,MeasuredDomainERB,2.77391365858078
P0349,349,14,SHOnly,SH only,Contralateral25ERB,5.56714722660234
P0349,349,14,SHOnly,SH only,ContralateralHemisphereHighFrequency,10.7263454012801
P0349,349,14,SHOnly,SH only,HorizontalILDMAE,4.03535403183655
P0349,349,14,SUpDEqSH,SUpDEq + SH,MeasuredDomainERB,1.94978252858545
P0349,349,14,SUpDEqSH,SUpDEq + SH,Contralateral25ERB,3.29714718935196
P0349,349,14,SUpDEqSH,SUpDEq + SH,ContralateralHemisphereHighFrequency,6.37368243652116
P0349,349,14,SUpDEqSH,SUpDEq + SH,HorizontalILDMAE,1.61340837653957
P0349,349,14,SUpDEqNN,SUpDEq + Natural Neighbor,MeasuredDomainERB,2.24034111620653
P0349,349,14,SUpDEqNN,SUpDEq + Natural Neighbor,Contralateral25ERB,2.45520599731214
P0349,349,14,SUpDEqNN,SUpDEq + Natural Neighbor,ContralateralHemisphereHighFrequency,5.50923119855978
P0349,349,14,SUpDEqNN,SUpDEq + Natural Neighbor,HorizontalILDMAE,1.2687009226351
P0349,349,14,SUpDEqBary,SUpDEq + Barycentric,MeasuredDomainERB,2.08750371227325
P0349,349,14,SUpDEqBary,SUpDEq + Barycentric,Contralateral25ERB,2.48699024456179
P0349,349,14,SUpDEqBary,SUpDEq + Barycentric,ContralateralHemisphereHighFrequency,5.58303951648943
P0349,349,14,SUpDEqBary,SUpDEq + Barycentric,HorizontalILDMAE,1.33674498811205
P0349,349,14,MCA,MCA,MeasuredDomainERB,1.24896808820137
P0349,349,14,MCA,MCA,Contralateral25ERB,2.34820436326349
P0349,349,14,MCA,MCA,ContralateralHemisphereHighFrequency,5.23727454795071
P0349,349,14,MCA,MCA,HorizontalILDMAE,1.01319182711412
P0349,349,26,SHOnly,SH only,MeasuredDomainERB,2.61033096933396
P0349,349,26,SHOnly,SH only,Contralateral25ERB,3.77137624713438
P0349,349,26,SHOnly,SH only,ContralateralHemisphereHighFrequency,9.43447034042095
P0349,349,26,SHOnly,SH only,HorizontalILDMAE,3.56766141128671
P0349,349,26,SUpDEqSH,SUpDEq + SH,MeasuredDomainERB,1.69765616286547
P0349,349,26,SUpDEqSH,SUpDEq + SH,Contralateral25ERB,2.29798358377208
P0349,349,26,SUpDEqSH,SUpDEq + SH,ContralateralHemisphereHighFrequency,5.9088530248131
P0349,349,26,SUpDEqSH,SUpDEq + SH,HorizontalILDMAE,1.56730602178138
P0349,349,26,SUpDEqNN,SUpDEq + Natural Neighbor,MeasuredDomainERB,1.77542473556121
P0349,349,26,SUpDEqNN,SUpDEq + Natural Neighbor,Contralateral25ERB,2.06715789091398
P0349,349,26,SUpDEqNN,SUpDEq + Natural Neighbor,ContralateralHemisphereHighFrequency,5.28540839869182
P0349,349,26,SUpDEqNN,SUpDEq + Natural Neighbor,HorizontalILDMAE,1.44979401072038
P0349,349,26,SUpDEqBary,SUpDEq + Barycentric,MeasuredDomainERB,1.72274224487544
P0349,349,26,SUpDEqBary,SUpDEq + Barycentric,Contralateral25ERB,2.02713387220017
P0349,349,26,SUpDEqBary,SUpDEq + Barycentric,ContralateralHemisphereHighFrequency,5.23300534418107
P0349,349,26,SUpDEqBary,SUpDEq + Barycentric,HorizontalILDMAE,1.5832587454237
P0349,349,26,MCA,MCA,MeasuredDomainERB,1.02946479846471
P0349,349,26,MCA,MCA,Contralateral25ERB,1.70573029244901
P0349,349,26,MCA,MCA,ContralateralHemisphereHighFrequency,4.74255870377539
P0349,349,26,MCA,MCA,HorizontalILDMAE,0.787332599595572
P0364,364,6,SHOnly,SH only,MeasuredDomainERB,3.01089087950924
P0364,364,6,SHOnly,SH only,Contralateral25ERB,2.43111645390087
P0364,364,6,SHOnly,SH only,ContralateralHemisphereHighFrequency,7.42233995173728
P0364,364,6,SHOnly,SH only,HorizontalILDMAE,1.18806331512038
P0364,364,6,SUpDEqSH,SUpDEq + SH,MeasuredDomainERB,2.24006274119201
P0364,364,6,SUpDEqSH,SUpDEq + SH,Contralateral25ERB,2.27677827079519
P0364,364,6,SUpDEqSH,SUpDEq + SH,ContralateralHemisphereHighFrequency,5.89806615462485
P0364,364,6,SUpDEqSH,SUpDEq + SH,HorizontalILDMAE,1.9052047718607
P0364,364,6,SUpDEqNN,SUpDEq + Natural Neighbor,MeasuredDomainERB,2.07385054329684
P0364,364,6,SUpDEqNN,SUpDEq + Natural Neighbor,Contralateral25ERB,2.42586052235723
P0364,364,6,SUpDEqNN,SUpDEq + Natural Neighbor,ContralateralHemisphereHighFrequency,6.20874691882831
P0364,364,6,SUpDEqNN,SUpDEq + Natural Neighbor,HorizontalILDMAE,1.60407904659334
P0364,364,6,SUpDEqBary,SUpDEq + Barycentric,MeasuredDomainERB,2.14555637994613
P0364,364,6,SUpDEqBary,SUpDEq + Barycentric,Contralateral25ERB,2.57890643433425
P0364,364,6,SUpDEqBary,SUpDEq + Barycentric,ContralateralHemisphereHighFrequency,6.42230694990713
P0364,364,6,SUpDEqBary,SUpDEq + Barycentric,HorizontalILDMAE,1.56411812239498
P0364,364,6,MCA,MCA,MeasuredDomainERB,2.07357576587793
P0364,364,6,MCA,MCA,Contralateral25ERB,1.99027039507861
P0364,364,6,MCA,MCA,ContralateralHemisphereHighFrequency,7.49163480990512
P0364,364,6,MCA,MCA,HorizontalILDMAE,1.59264712029572
P0364,364,14,SHOnly,SH only,MeasuredDomainERB,2.94609375874052
P0364,364,14,SHOnly,SH only,Contralateral25ERB,5.25612965135815
P0364,364,14,SHOnly,SH only,ContralateralHemisphereHighFrequency,12.073573710516
P0364,364,14,SHOnly,SH only,HorizontalILDMAE,4.25429205511466
P0364,364,14,SUpDEqSH,SUpDEq + SH,MeasuredDomainERB,1.74805644088657
P0364,364,14,SUpDEqSH,SUpDEq + SH,Contralateral25ERB,2.50380057932769
P0364,364,14,SUpDEqSH,SUpDEq + SH,ContralateralHemisphereHighFrequency,7.32509982128295
P0364,364,14,SUpDEqSH,SUpDEq + SH,HorizontalILDMAE,1.15353205502721
P0364,364,14,SUpDEqNN,SUpDEq + Natural Neighbor,MeasuredDomainERB,1.68831334092005
P0364,364,14,SUpDEqNN,SUpDEq + Natural Neighbor,Contralateral25ERB,2.4208407871217
P0364,364,14,SUpDEqNN,SUpDEq + Natural Neighbor,ContralateralHemisphereHighFrequency,6.21965709465887
P0364,364,14,SUpDEqNN,SUpDEq + Natural Neighbor,HorizontalILDMAE,1.13501071357808
P0364,364,14,SUpDEqBary,SUpDEq + Barycentric,MeasuredDomainERB,1.67645613176719
P0364,364,14,SUpDEqBary,SUpDEq + Barycentric,Contralateral25ERB,2.34468215358813
P0364,364,14,SUpDEqBary,SUpDEq + Barycentric,ContralateralHemisphereHighFrequency,6.26945542393993
P0364,364,14,SUpDEqBary,SUpDEq + Barycentric,HorizontalILDMAE,1.00847907982053
P0364,364,14,MCA,MCA,MeasuredDomainERB,1.37425707402035
P0364,364,14,MCA,MCA,Contralateral25ERB,2.41854173299605
P0364,364,14,MCA,MCA,ContralateralHemisphereHighFrequency,5.85230156588428
P0364,364,14,MCA,MCA,HorizontalILDMAE,0.86750419887511
P0364,364,26,SHOnly,SH only,MeasuredDomainERB,2.65609980763981
P0364,364,26,SHOnly,SH only,Contralateral25ERB,3.73695437419937
P0364,364,26,SHOnly,SH only,ContralateralHemisphereHighFrequency,9.73117932673764
P0364,364,26,SHOnly,SH only,HorizontalILDMAE,3.23226517629878
P0364,364,26,SUpDEqSH,SUpDEq + SH,MeasuredDomainERB,1.55015979133015
P0364,364,26,SUpDEqSH,SUpDEq + SH,Contralateral25ERB,2.37808043362418
P0364,364,26,SUpDEqSH,SUpDEq + SH,ContralateralHemisphereHighFrequency,6.52526525587336
P0364,364,26,SUpDEqSH,SUpDEq + SH,HorizontalILDMAE,1.59195571682165
P0364,364,26,SUpDEqNN,SUpDEq + Natural Neighbor,MeasuredDomainERB,1.42664441436258
P0364,364,26,SUpDEqNN,SUpDEq + Natural Neighbor,Contralateral25ERB,2.06669174145858
P0364,364,26,SUpDEqNN,SUpDEq + Natural Neighbor,ContralateralHemisphereHighFrequency,5.86728563422239
P0364,364,26,SUpDEqNN,SUpDEq + Natural Neighbor,HorizontalILDMAE,1.19235033844767
P0364,364,26,SUpDEqBary,SUpDEq + Barycentric,MeasuredDomainERB,1.38911569847702
P0364,364,26,SUpDEqBary,SUpDEq + Barycentric,Contralateral25ERB,1.97277144214406
P0364,364,26,SUpDEqBary,SUpDEq + Barycentric,ContralateralHemisphereHighFrequency,5.74750265366113
P0364,364,26,SUpDEqBary,SUpDEq + Barycentric,HorizontalILDMAE,1.17806792209165
P0364,364,26,MCA,MCA,MeasuredDomainERB,0.986978218680643
P0364,364,26,MCA,MCA,Contralateral25ERB,1.6452049801055
P0364,364,26,MCA,MCA,ContralateralHemisphereHighFrequency,5.083722929461
P0364,364,26,MCA,MCA,HorizontalILDMAE,0.720019247521788
P0371,371,6,SHOnly,SH only,MeasuredDomainERB,3.2282174329483
P0371,371,6,SHOnly,SH only,Contralateral25ERB,2.87900867080902
P0371,371,6,SHOnly,SH only,ContralateralHemisphereHighFrequency,7.11252151648284
P0371,371,6,SHOnly,SH only,HorizontalILDMAE,2.99883892415163
P0371,371,6,SUpDEqSH,SUpDEq + SH,MeasuredDomainERB,2.32807288538955
P0371,371,6,SUpDEqSH,SUpDEq + SH,Contralateral25ERB,2.29089400463241
P0371,371,6,SUpDEqSH,SUpDEq + SH,ContralateralHemisphereHighFrequency,5.73016093100751
P0371,371,6,SUpDEqSH,SUpDEq + SH,HorizontalILDMAE,2.99511556433349
P0371,371,6,SUpDEqNN,SUpDEq + Natural Neighbor,MeasuredDomainERB,2.00708998061968
P0371,371,6,SUpDEqNN,SUpDEq + Natural Neighbor,Contralateral25ERB,2.34164131515649
P0371,371,6,SUpDEqNN,SUpDEq + Natural Neighbor,ContralateralHemisphereHighFrequency,5.38079538689439
P0371,371,6,SUpDEqNN,SUpDEq + Natural Neighbor,HorizontalILDMAE,2.3927158403369
P0371,371,6,SUpDEqBary,SUpDEq + Barycentric,MeasuredDomainERB,2.0878477164562
P0371,371,6,SUpDEqBary,SUpDEq + Barycentric,Contralateral25ERB,2.44071881062579
P0371,371,6,SUpDEqBary,SUpDEq + Barycentric,ContralateralHemisphereHighFrequency,5.51563007358997
P0371,371,6,SUpDEqBary,SUpDEq + Barycentric,HorizontalILDMAE,1.96077749339211
P0371,371,6,MCA,MCA,MeasuredDomainERB,2.20627629150361
P0371,371,6,MCA,MCA,Contralateral25ERB,2.21268279297558
P0371,371,6,MCA,MCA,ContralateralHemisphereHighFrequency,6.3278850879141
P0371,371,6,MCA,MCA,HorizontalILDMAE,2.56985035224574
P0371,371,14,SHOnly,SH only,MeasuredDomainERB,3.02023696715706
P0371,371,14,SHOnly,SH only,Contralateral25ERB,6.08609544839453
P0371,371,14,SHOnly,SH only,ContralateralHemisphereHighFrequency,11.1722936093873
P0371,371,14,SHOnly,SH only,HorizontalILDMAE,4.89203479718538
P0371,371,14,SUpDEqSH,SUpDEq + SH,MeasuredDomainERB,1.78438133716927
P0371,371,14,SUpDEqSH,SUpDEq + SH,Contralateral25ERB,2.8543274019254
P0371,371,14,SUpDEqSH,SUpDEq + SH,ContralateralHemisphereHighFrequency,6.86001392999148
P0371,371,14,SUpDEqSH,SUpDEq + SH,HorizontalILDMAE,1.56312036203768
P0371,371,14,SUpDEqNN,SUpDEq + Natural Neighbor,MeasuredDomainERB,1.77189461208095
P0371,371,14,SUpDEqNN,SUpDEq + Natural Neighbor,Contralateral25ERB,2.28678764603303
P0371,371,14,SUpDEqNN,SUpDEq + Natural Neighbor,ContralateralHemisphereHighFrequency,5.86442223784043
P0371,371,14,SUpDEqNN,SUpDEq + Natural Neighbor,HorizontalILDMAE,1.54610420393413
P0371,371,14,SUpDEqBary,SUpDEq + Barycentric,MeasuredDomainERB,1.76876314352844
P0371,371,14,SUpDEqBary,SUpDEq + Barycentric,Contralateral25ERB,2.29612563749511
P0371,371,14,SUpDEqBary,SUpDEq + Barycentric,ContralateralHemisphereHighFrequency,5.92585995588571
P0371,371,14,SUpDEqBary,SUpDEq + Barycentric,HorizontalILDMAE,1.4330061871945
P0371,371,14,MCA,MCA,MeasuredDomainERB,1.40310672275297
P0371,371,14,MCA,MCA,Contralateral25ERB,2.42339359528171
P0371,371,14,MCA,MCA,ContralateralHemisphereHighFrequency,5.47976232735284
P0371,371,14,MCA,MCA,HorizontalILDMAE,1.17841513628747
P0371,371,26,SHOnly,SH only,MeasuredDomainERB,2.63910866412164
P0371,371,26,SHOnly,SH only,Contralateral25ERB,3.98672935582904
P0371,371,26,SHOnly,SH only,ContralateralHemisphereHighFrequency,9.00694226435899
P0371,371,26,SHOnly,SH only,HorizontalILDMAE,4.43251619398578
P0371,371,26,SUpDEqSH,SUpDEq + SH,MeasuredDomainERB,1.58692003824349
P0371,371,26,SUpDEqSH,SUpDEq + SH,Contralateral25ERB,2.23251762719298
P0371,371,26,SUpDEqSH,SUpDEq + SH,ContralateralHemisphereHighFrequency,5.94194938386728
P0371,371,26,SUpDEqSH,SUpDEq + SH,HorizontalILDMAE,1.33072575281631
P0371,371,26,SUpDEqNN,SUpDEq + Natural Neighbor,MeasuredDomainERB,1.61300645072731
P0371,371,26,SUpDEqNN,SUpDEq + Natural Neighbor,Contralateral25ERB,2.36963422616801
P0371,371,26,SUpDEqNN,SUpDEq + Natural Neighbor,ContralateralHemisphereHighFrequency,5.54236008873907
P0371,371,26,SUpDEqNN,SUpDEq + Natural Neighbor,HorizontalILDMAE,1.23852695715826
P0371,371,26,SUpDEqBary,SUpDEq + Barycentric,MeasuredDomainERB,1.53614024016889
P0371,371,26,SUpDEqBary,SUpDEq + Barycentric,Contralateral25ERB,2.34554863877691
P0371,371,26,SUpDEqBary,SUpDEq + Barycentric,ContralateralHemisphereHighFrequency,5.43222989947771
P0371,371,26,SUpDEqBary,SUpDEq + Barycentric,HorizontalILDMAE,1.2014399275537
P0371,371,26,MCA,MCA,MeasuredDomainERB,1.09601348491895
P0371,371,26,MCA,MCA,Contralateral25ERB,1.83003382638125
P0371,371,26,MCA,MCA,ContralateralHemisphereHighFrequency,4.73067010512413
P0371,371,26,MCA,MCA,HorizontalILDMAE,1.18109463669682
P0003,3,6,MCARv32,MCAR v3.2,MeasuredDomainERB,1.83171913157493
P0003,3,6,MCARv32,MCAR v3.2,Contralateral25ERB,1.58237561014478
P0003,3,6,MCARv32,MCAR v3.2,ContralateralHemisphereHighFrequency,5.42144839640224
P0003,3,6,MCARv32,MCAR v3.2,HorizontalILDMAE,1.49460211997948
P0003,3,6,FSPAE,FSP-AE,MeasuredDomainERB,3.50985995287918
P0003,3,6,FSPAE,FSP-AE,Contralateral25ERB,2.53318432760552
P0003,3,6,FSPAE,FSP-AE,ContralateralHemisphereHighFrequency,4.96169857579853
P0003,3,6,FSPAE,FSP-AE,HorizontalILDMAE,1.96673788717129
P0003,3,6,RANF,RANF,MeasuredDomainERB,1.05773495929601
P0003,3,6,RANF,RANF,Contralateral25ERB,1.32348688313702
P0003,3,6,RANF,RANF,ContralateralHemisphereHighFrequency,3.57414725618653
P0003,3,6,RANF,RANF,HorizontalILDMAE,0.686941581462152
P0003,3,14,MCARv32,MCAR v3.2,MeasuredDomainERB,1.07971246338671
P0003,3,14,MCARv32,MCAR v3.2,Contralateral25ERB,1.81747614927577
P0003,3,14,MCARv32,MCAR v3.2,ContralateralHemisphereHighFrequency,4.08735825564229
P0003,3,14,MCARv32,MCAR v3.2,HorizontalILDMAE,0.924094728416217
P0003,3,14,FSPAE,FSP-AE,MeasuredDomainERB,2.11677419570578
P0003,3,14,FSPAE,FSP-AE,Contralateral25ERB,2.11522020805003
P0003,3,14,FSPAE,FSP-AE,ContralateralHemisphereHighFrequency,3.51655487787888
P0003,3,14,FSPAE,FSP-AE,HorizontalILDMAE,2.51304403682606
P0003,3,14,RANF,RANF,MeasuredDomainERB,0.930873354163472
P0003,3,14,RANF,RANF,Contralateral25ERB,1.32353424485988
P0003,3,14,RANF,RANF,ContralateralHemisphereHighFrequency,3.0819901280328
P0003,3,14,RANF,RANF,HorizontalILDMAE,0.583727307118515
P0003,3,26,MCARv32,MCAR v3.2,MeasuredDomainERB,0.75004526855311
P0003,3,26,MCARv32,MCAR v3.2,Contralateral25ERB,1.22114590104235
P0003,3,26,MCARv32,MCAR v3.2,ContralateralHemisphereHighFrequency,3.25328572530263
P0003,3,26,MCARv32,MCAR v3.2,HorizontalILDMAE,0.551101600199487
P0003,3,26,FSPAE,FSP-AE,MeasuredDomainERB,1.01550410013527
P0003,3,26,FSPAE,FSP-AE,Contralateral25ERB,1.57144752872108
P0003,3,26,FSPAE,FSP-AE,ContralateralHemisphereHighFrequency,2.68966044537838
P0003,3,26,FSPAE,FSP-AE,HorizontalILDMAE,0.493774934676612
P0003,3,26,RANF,RANF,MeasuredDomainERB,0.919823013228838
P0003,3,26,RANF,RANF,Contralateral25ERB,1.40117731433333
P0003,3,26,RANF,RANF,ContralateralHemisphereHighFrequency,3.03624553538547
P0003,3,26,RANF,RANF,HorizontalILDMAE,0.750251466747726
P0007,7,6,MCARv32,MCAR v3.2,MeasuredDomainERB,2.05382630661966
P0007,7,6,MCARv32,MCAR v3.2,Contralateral25ERB,1.97534704085273
P0007,7,6,MCARv32,MCAR v3.2,ContralateralHemisphereHighFrequency,6.02222490846971
P0007,7,6,MCARv32,MCAR v3.2,HorizontalILDMAE,2.11278122205552
P0007,7,6,FSPAE,FSP-AE,MeasuredDomainERB,3.48924471128958
P0007,7,6,FSPAE,FSP-AE,Contralateral25ERB,2.72471415203515
P0007,7,6,FSPAE,FSP-AE,ContralateralHemisphereHighFrequency,5.54874276543824
P0007,7,6,FSPAE,FSP-AE,HorizontalILDMAE,2.23407458582151
P0007,7,6,RANF,RANF,MeasuredDomainERB,1.2793163707388
P0007,7,6,RANF,RANF,Contralateral25ERB,1.76185642199298
P0007,7,6,RANF,RANF,ContralateralHemisphereHighFrequency,4.26561836983792
P0007,7,6,RANF,RANF,HorizontalILDMAE,1.15871174544401
P0007,7,14,MCARv32,MCAR v3.2,MeasuredDomainERB,1.3428463742816
P0007,7,14,MCARv32,MCAR v3.2,Contralateral25ERB,2.31909209014534
P0007,7,14,MCARv32,MCAR v3.2,ContralateralHemisphereHighFrequency,4.53797753198377
P0007,7,14,MCARv32,MCAR v3.2,HorizontalILDMAE,0.956397750382165
P0007,7,14,FSPAE,FSP-AE,MeasuredDomainERB,2.2624024638892
P0007,7,14,FSPAE,FSP-AE,Contralateral25ERB,2.46990698015741
P0007,7,14,FSPAE,FSP-AE,ContralateralHemisphereHighFrequency,4.30181534297663
P0007,7,14,FSPAE,FSP-AE,HorizontalILDMAE,2.1346013301173
P0007,7,14,RANF,RANF,MeasuredDomainERB,1.17151532918431
P0007,7,14,RANF,RANF,Contralateral25ERB,1.72297379480137
P0007,7,14,RANF,RANF,ContralateralHemisphereHighFrequency,3.95889410054608
P0007,7,14,RANF,RANF,HorizontalILDMAE,0.877654060251548
P0007,7,26,MCARv32,MCAR v3.2,MeasuredDomainERB,0.861407285661583
P0007,7,26,MCARv32,MCAR v3.2,Contralateral25ERB,1.37613387915408
P0007,7,26,MCARv32,MCAR v3.2,ContralateralHemisphereHighFrequency,3.60959764443697
P0007,7,26,MCARv32,MCAR v3.2,HorizontalILDMAE,0.85165684345856
P0007,7,26,FSPAE,FSP-AE,MeasuredDomainERB,1.14523757094649
P0007,7,26,FSPAE,FSP-AE,Contralateral25ERB,1.82089559055224
P0007,7,26,FSPAE,FSP-AE,ContralateralHemisphereHighFrequency,3.33526373851408
P0007,7,26,FSPAE,FSP-AE,HorizontalILDMAE,0.606999758162238
P0007,7,26,RANF,RANF,MeasuredDomainERB,1.05137976205903
P0007,7,26,RANF,RANF,Contralateral25ERB,1.52538770585983
P0007,7,26,RANF,RANF,ContralateralHemisphereHighFrequency,3.50180549214368
P0007,7,26,RANF,RANF,HorizontalILDMAE,0.735478549583888
P0009,9,6,MCARv32,MCAR v3.2,MeasuredDomainERB,1.8526156944178
P0009,9,6,MCARv32,MCAR v3.2,Contralateral25ERB,1.75447573516856
P0009,9,6,MCARv32,MCAR v3.2,ContralateralHemisphereHighFrequency,5.62401778762792
P0009,9,6,MCARv32,MCAR v3.2,HorizontalILDMAE,1.71156126082478
P0009,9,6,FSPAE,FSP-AE,MeasuredDomainERB,3.50044197636239
P0009,9,6,FSPAE,FSP-AE,Contralateral25ERB,2.57108542487992
P0009,9,6,FSPAE,FSP-AE,ContralateralHemisphereHighFrequency,5.32114867996459
P0009,9,6,FSPAE,FSP-AE,HorizontalILDMAE,1.4779148314674
P0009,9,6,RANF,RANF,MeasuredDomainERB,1.12042564215351
P0009,9,6,RANF,RANF,Contralateral25ERB,1.79089482754088
P0009,9,6,RANF,RANF,ContralateralHemisphereHighFrequency,3.98559732552283
P0009,9,6,RANF,RANF,HorizontalILDMAE,0.939783200163316
P0009,9,14,MCARv32,MCAR v3.2,MeasuredDomainERB,1.0755916631344
P0009,9,14,MCARv32,MCAR v3.2,Contralateral25ERB,2.30361902558075
P0009,9,14,MCARv32,MCAR v3.2,ContralateralHemisphereHighFrequency,3.86927478780321
P0009,9,14,MCARv32,MCAR v3.2,HorizontalILDMAE,1.1944119432398
P0009,9,14,FSPAE,FSP-AE,MeasuredDomainERB,2.1193680526383
P0009,9,14,FSPAE,FSP-AE,Contralateral25ERB,2.37376288905708
P0009,9,14,FSPAE,FSP-AE,ContralateralHemisphereHighFrequency,3.8266763740643
P0009,9,14,FSPAE,FSP-AE,HorizontalILDMAE,1.65138479166505
P0009,9,14,RANF,RANF,MeasuredDomainERB,1.07667763335675
P0009,9,14,RANF,RANF,Contralateral25ERB,1.75167420729986
P0009,9,14,RANF,RANF,ContralateralHemisphereHighFrequency,3.87718116269259
P0009,9,14,RANF,RANF,HorizontalILDMAE,0.871971128883044
P0009,9,26,MCARv32,MCAR v3.2,MeasuredDomainERB,0.75271800248344
P0009,9,26,MCARv32,MCAR v3.2,Contralateral25ERB,1.30892038447749
P0009,9,26,MCARv32,MCAR v3.2,ContralateralHemisphereHighFrequency,3.54213488346998
P0009,9,26,MCARv32,MCAR v3.2,HorizontalILDMAE,0.696005148596623
P0009,9,26,FSPAE,FSP-AE,MeasuredDomainERB,0.974141351493236
P0009,9,26,FSPAE,FSP-AE,Contralateral25ERB,1.67086585511672
P0009,9,26,FSPAE,FSP-AE,ContralateralHemisphereHighFrequency,2.94267076586365
P0009,9,26,FSPAE,FSP-AE,HorizontalILDMAE,0.61003386513593
P0009,9,26,RANF,RANF,MeasuredDomainERB,0.976005243743752
P0009,9,26,RANF,RANF,Contralateral25ERB,1.53582511162231
P0009,9,26,RANF,RANF,ContralateralHemisphereHighFrequency,3.53096879197229
P0009,9,26,RANF,RANF,HorizontalILDMAE,0.903141545738726
P0017,17,6,MCARv32,MCAR v3.2,MeasuredDomainERB,1.76205308460513
P0017,17,6,MCARv32,MCAR v3.2,Contralateral25ERB,1.73626232265855
P0017,17,6,MCARv32,MCAR v3.2,ContralateralHemisphereHighFrequency,4.99060756169432
P0017,17,6,MCARv32,MCAR v3.2,HorizontalILDMAE,1.57357715863367
P0017,17,6,FSPAE,FSP-AE,MeasuredDomainERB,3.94634282398787
P0017,17,6,FSPAE,FSP-AE,Contralateral25ERB,2.70581386213746
P0017,17,6,FSPAE,FSP-AE,ContralateralHemisphereHighFrequency,5.28539081698037
P0017,17,6,FSPAE,FSP-AE,HorizontalILDMAE,4.22986851969905
P0017,17,6,RANF,RANF,MeasuredDomainERB,1.34402887763364
P0017,17,6,RANF,RANF,Contralateral25ERB,1.9640574699582
P0017,17,6,RANF,RANF,ContralateralHemisphereHighFrequency,4.12666200683726
P0017,17,6,RANF,RANF,HorizontalILDMAE,1.03292495932378
P0017,17,14,MCARv32,MCAR v3.2,MeasuredDomainERB,1.23822774256574
P0017,17,14,MCARv32,MCAR v3.2,Contralateral25ERB,2.12671856772153
P0017,17,14,MCARv32,MCAR v3.2,ContralateralHemisphereHighFrequency,4.34687082020609
P0017,17,14,MCARv32,MCAR v3.2,HorizontalILDMAE,0.876752362938729
P0017,17,14,FSPAE,FSP-AE,MeasuredDomainERB,2.44500282382026
P0017,17,14,FSPAE,FSP-AE,Contralateral25ERB,2.36505866069145
P0017,17,14,FSPAE,FSP-AE,ContralateralHemisphereHighFrequency,3.75031193173083
P0017,17,14,FSPAE,FSP-AE,HorizontalILDMAE,3.74702490810384
P0017,17,14,RANF,RANF,MeasuredDomainERB,1.21865094420505
P0017,17,14,RANF,RANF,Contralateral25ERB,1.64244426764461
P0017,17,14,RANF,RANF,ContralateralHemisphereHighFrequency,3.64167672174374
P0017,17,14,RANF,RANF,HorizontalILDMAE,0.992988825394715
P0017,17,26,MCARv32,MCAR v3.2,MeasuredDomainERB,0.870339562143109
P0017,17,26,MCARv32,MCAR v3.2,Contralateral25ERB,1.46939105682716
P0017,17,26,MCARv32,MCAR v3.2,ContralateralHemisphereHighFrequency,3.57432192086452
P0017,17,26,MCARv32,MCAR v3.2,HorizontalILDMAE,0.768963981686056
P0017,17,26,FSPAE,FSP-AE,MeasuredDomainERB,1.09051257221083
P0017,17,26,FSPAE,FSP-AE,Contralateral25ERB,1.72821705427763
P0017,17,26,FSPAE,FSP-AE,ContralateralHemisphereHighFrequency,2.99595455145388
P0017,17,26,FSPAE,FSP-AE,HorizontalILDMAE,0.80402882568276
P0017,17,26,RANF,RANF,MeasuredDomainERB,1.25030484100836
P0017,17,26,RANF,RANF,Contralateral25ERB,2.10599536613599
P0017,17,26,RANF,RANF,ContralateralHemisphereHighFrequency,3.53478580945041
P0017,17,26,RANF,RANF,HorizontalILDMAE,0.921433682961933
P0029,29,6,MCARv32,MCAR v3.2,MeasuredDomainERB,1.74162467262921
P0029,29,6,MCARv32,MCAR v3.2,Contralateral25ERB,1.56506117104833
P0029,29,6,MCARv32,MCAR v3.2,ContralateralHemisphereHighFrequency,5.28032267377739
P0029,29,6,MCARv32,MCAR v3.2,HorizontalILDMAE,1.47668022381299
P0029,29,6,FSPAE,FSP-AE,MeasuredDomainERB,3.51700574866021
P0029,29,6,FSPAE,FSP-AE,Contralateral25ERB,2.55993052245623
P0029,29,6,FSPAE,FSP-AE,ContralateralHemisphereHighFrequency,5.53760282803053
P0029,29,6,FSPAE,FSP-AE,HorizontalILDMAE,1.70204648248161
P0029,29,6,RANF,RANF,MeasuredDomainERB,1.2588548339614
P0029,29,6,RANF,RANF,Contralateral25ERB,1.37089909959509
P0029,29,6,RANF,RANF,ContralateralHemisphereHighFrequency,4.27927902435652
P0029,29,6,RANF,RANF,HorizontalILDMAE,0.707497543369535
P0029,29,14,MCARv32,MCAR v3.2,MeasuredDomainERB,1.08749161174271
P0029,29,14,MCARv32,MCAR v3.2,Contralateral25ERB,1.83389868404644
P0029,29,14,MCARv32,MCAR v3.2,ContralateralHemisphereHighFrequency,4.26401799888208
P0029,29,14,MCARv32,MCAR v3.2,HorizontalILDMAE,0.66798778482136
P0029,29,14,FSPAE,FSP-AE,MeasuredDomainERB,2.12302584870205
P0029,29,14,FSPAE,FSP-AE,Contralateral25ERB,2.1731134707817
P0029,29,14,FSPAE,FSP-AE,ContralateralHemisphereHighFrequency,3.81785811140188
P0029,29,14,FSPAE,FSP-AE,HorizontalILDMAE,2.30117319909682
P0029,29,14,RANF,RANF,MeasuredDomainERB,1.09271507385915
P0029,29,14,RANF,RANF,Contralateral25ERB,1.44579569296682
P0029,29,14,RANF,RANF,ContralateralHemisphereHighFrequency,3.60841979119446
P0029,29,14,RANF,RANF,HorizontalILDMAE,0.771839008333363
P0029,29,26,MCARv32,MCAR v3.2,MeasuredDomainERB,0.796036345520924
P0029,29,26,MCARv32,MCAR v3.2,Contralateral25ERB,1.26359432327245
P0029,29,26,MCARv32,MCAR v3.2,ContralateralHemisphereHighFrequency,3.64833717827138
P0029,29,26,MCARv32,MCAR v3.2,HorizontalILDMAE,0.354906657520761
P0029,29,26,FSPAE,FSP-AE,MeasuredDomainERB,1.01523268671618
P0029,29,26,FSPAE,FSP-AE,Contralateral25ERB,1.60551818938633
P0029,29,26,FSPAE,FSP-AE,ContralateralHemisphereHighFrequency,3.24573671453962
P0029,29,26,FSPAE,FSP-AE,HorizontalILDMAE,0.421830119357204
P0029,29,26,RANF,RANF,MeasuredDomainERB,0.947751184042172
P0029,29,26,RANF,RANF,Contralateral25ERB,1.37713352439882
P0029,29,26,RANF,RANF,ContralateralHemisphereHighFrequency,3.44162267540707
P0029,29,26,RANF,RANF,HorizontalILDMAE,0.528674915323795
P0030,30,6,MCARv32,MCAR v3.2,MeasuredDomainERB,1.71814728120308
P0030,30,6,MCARv32,MCAR v3.2,Contralateral25ERB,1.45276333441303
P0030,30,6,MCARv32,MCAR v3.2,ContralateralHemisphereHighFrequency,5.0910313680164
P0030,30,6,MCARv32,MCAR v3.2,HorizontalILDMAE,1.35433459499881
P0030,30,6,FSPAE,FSP-AE,MeasuredDomainERB,3.35388826529719
P0030,30,6,FSPAE,FSP-AE,Contralateral25ERB,2.50558591106888
P0030,30,6,FSPAE,FSP-AE,ContralateralHemisphereHighFrequency,4.48146715784898
P0030,30,6,FSPAE,FSP-AE,HorizontalILDMAE,2.41295409890073
P0030,30,6,RANF,RANF,MeasuredDomainERB,1.07038707426113
P0030,30,6,RANF,RANF,Contralateral25ERB,1.46176482962233
P0030,30,6,RANF,RANF,ContralateralHemisphereHighFrequency,3.1170063186919
P0030,30,6,RANF,RANF,HorizontalILDMAE,0.73905519630566
P0030,30,14,MCARv32,MCAR v3.2,MeasuredDomainERB,1.08356481889459
P0030,30,14,MCARv32,MCAR v3.2,Contralateral25ERB,1.71358730458833
P0030,30,14,MCARv32,MCAR v3.2,ContralateralHemisphereHighFrequency,3.76573460492366
P0030,30,14,MCARv32,MCAR v3.2,HorizontalILDMAE,0.522361941255789
P0030,30,14,FSPAE,FSP-AE,MeasuredDomainERB,2.08367213457426
P0030,30,14,FSPAE,FSP-AE,Contralateral25ERB,2.31709738173668
P0030,30,14,FSPAE,FSP-AE,ContralateralHemisphereHighFrequency,3.2772723994235
P0030,30,14,FSPAE,FSP-AE,HorizontalILDMAE,1.96994045658481
P0030,30,14,RANF,RANF,MeasuredDomainERB,1.04160652123818
P0030,30,14,RANF,RANF,Contralateral25ERB,1.85961508448807
P0030,30,14,RANF,RANF,ContralateralHemisphereHighFrequency,3.02117609159445
P0030,30,14,RANF,RANF,HorizontalILDMAE,0.964967269287262
P0030,30,26,MCARv32,MCAR v3.2,MeasuredDomainERB,0.785497601856415
P0030,30,26,MCARv32,MCAR v3.2,Contralateral25ERB,1.23104841942093
P0030,30,26,MCARv32,MCAR v3.2,ContralateralHemisphereHighFrequency,3.17955531849587
P0030,30,26,MCARv32,MCAR v3.2,HorizontalILDMAE,0.44424718529585
P0030,30,26,FSPAE,FSP-AE,MeasuredDomainERB,1.04451511837407
P0030,30,26,FSPAE,FSP-AE,Contralateral25ERB,1.72577034753089
P0030,30,26,FSPAE,FSP-AE,ContralateralHemisphereHighFrequency,2.72232533246076
P0030,30,26,FSPAE,FSP-AE,HorizontalILDMAE,0.400301355870187
P0030,30,26,RANF,RANF,MeasuredDomainERB,0.966572236201693
P0030,30,26,RANF,RANF,Contralateral25ERB,1.73987079893082
P0030,30,26,RANF,RANF,ContralateralHemisphereHighFrequency,3.29126164407904
P0030,30,26,RANF,RANF,HorizontalILDMAE,0.701394925393096
P0036,36,6,MCARv32,MCAR v3.2,MeasuredDomainERB,1.90478871456767
P0036,36,6,MCARv32,MCAR v3.2,Contralateral25ERB,1.57102349437363
P0036,36,6,MCARv32,MCAR v3.2,ContralateralHemisphereHighFrequency,5.44701457712538
P0036,36,6,MCARv32,MCAR v3.2,HorizontalILDMAE,1.16545165243021
P0036,36,6,FSPAE,FSP-AE,MeasuredDomainERB,3.39148653096077
P0036,36,6,FSPAE,FSP-AE,Contralateral25ERB,2.66398135586455
P0036,36,6,FSPAE,FSP-AE,ContralateralHemisphereHighFrequency,5.09109172118482
P0036,36,6,FSPAE,FSP-AE,HorizontalILDMAE,1.71479227849203
P0036,36,6,RANF,RANF,MeasuredDomainERB,1.01543870242665
P0036,36,6,RANF,RANF,Contralateral25ERB,1.3578954917465
P0036,36,6,RANF,RANF,ContralateralHemisphereHighFrequency,3.67447671054042
P0036,36,6,RANF,RANF,HorizontalILDMAE,0.56252877119965
P0036,36,14,MCARv32,MCAR v3.2,MeasuredDomainERB,1.24926337090398
P0036,36,14,MCARv32,MCAR v3.2,Contralateral25ERB,2.02491946089568
P0036,36,14,MCARv32,MCAR v3.2,ContralateralHemisphereHighFrequency,4.49317902261038
P0036,36,14,MCARv32,MCAR v3.2,HorizontalILDMAE,0.916468198765298
P0036,36,14,FSPAE,FSP-AE,MeasuredDomainERB,2.06146749101626
P0036,36,14,FSPAE,FSP-AE,Contralateral25ERB,2.33037581128268
P0036,36,14,FSPAE,FSP-AE,ContralateralHemisphereHighFrequency,3.72076218698265
P0036,36,14,FSPAE,FSP-AE,HorizontalILDMAE,1.52907611343256
P0036,36,14,RANF,RANF,MeasuredDomainERB,0.972550150149169
P0036,36,14,RANF,RANF,Contralateral25ERB,1.44618592409075
P0036,36,14,RANF,RANF,ContralateralHemisphereHighFrequency,3.40473822555931
P0036,36,14,RANF,RANF,HorizontalILDMAE,0.53201183120952
P0036,36,26,MCARv32,MCAR v3.2,MeasuredDomainERB,0.812257121693327
P0036,36,26,MCARv32,MCAR v3.2,Contralateral25ERB,1.24235532501519
P0036,36,26,MCARv32,MCAR v3.2,ContralateralHemisphereHighFrequency,3.49383920493958
P0036,36,26,MCARv32,MCAR v3.2,HorizontalILDMAE,0.336719586545479
P0036,36,26,FSPAE,FSP-AE,MeasuredDomainERB,1.10569459097606
P0036,36,26,FSPAE,FSP-AE,Contralateral25ERB,1.74849699752666
P0036,36,26,FSPAE,FSP-AE,ContralateralHemisphereHighFrequency,3.09540483861934
P0036,36,26,FSPAE,FSP-AE,HorizontalILDMAE,0.539320469693667
P0036,36,26,RANF,RANF,MeasuredDomainERB,0.924532789653388
P0036,36,26,RANF,RANF,Contralateral25ERB,1.41161470971009
P0036,36,26,RANF,RANF,ContralateralHemisphereHighFrequency,3.32863599055299
P0036,36,26,RANF,RANF,HorizontalILDMAE,0.555427567680465
P0056,56,6,MCARv32,MCAR v3.2,MeasuredDomainERB,1.85144918760402
P0056,56,6,MCARv32,MCAR v3.2,Contralateral25ERB,1.57226972697581
P0056,56,6,MCARv32,MCAR v3.2,ContralateralHemisphereHighFrequency,5.86231294977836
P0056,56,6,MCARv32,MCAR v3.2,HorizontalILDMAE,1.51923928259367
P0056,56,6,FSPAE,FSP-AE,MeasuredDomainERB,3.38711694587228
P0056,56,6,FSPAE,FSP-AE,Contralateral25ERB,2.52014000035914
P0056,56,6,FSPAE,FSP-AE,ContralateralHemisphereHighFrequency,5.16188469819692
P0056,56,6,FSPAE,FSP-AE,HorizontalILDMAE,1.86407966747793
P0056,56,6,RANF,RANF,MeasuredDomainERB,1.06006809547116
P0056,56,6,RANF,RANF,Contralateral25ERB,1.50805848208628
P0056,56,6,RANF,RANF,ContralateralHemisphereHighFrequency,3.75913161102926
P0056,56,6,RANF,RANF,HorizontalILDMAE,0.605498823432247
P0056,56,14,MCARv32,MCAR v3.2,MeasuredDomainERB,1.08778487399642
P0056,56,14,MCARv32,MCAR v3.2,Contralateral25ERB,2.05591334617298
P0056,56,14,MCARv32,MCAR v3.2,ContralateralHemisphereHighFrequency,3.83872787501364
P0056,56,14,MCARv32,MCAR v3.2,HorizontalILDMAE,0.759245816715325
P0056,56,14,FSPAE,FSP-AE,MeasuredDomainERB,2.0632766225275
P0056,56,14,FSPAE,FSP-AE,Contralateral25ERB,2.41999285870919
P0056,56,14,FSPAE,FSP-AE,ContralateralHemisphereHighFrequency,3.71635127828222
P0056,56,14,FSPAE,FSP-AE,HorizontalILDMAE,1.76367474060767
P0056,56,14,RANF,RANF,MeasuredDomainERB,0.990808746243119
P0056,56,14,RANF,RANF,Contralateral25ERB,1.53057636870813
P0056,56,14,RANF,RANF,ContralateralHemisphereHighFrequency,3.58072375063844
P0056,56,14,RANF,RANF,HorizontalILDMAE,0.818373313637674
P0056,56,26,MCARv32,MCAR v3.2,MeasuredDomainERB,0.756777855940268
P0056,56,26,MCARv32,MCAR v3.2,Contralateral25ERB,1.30955919889635
P0056,56,26,MCARv32,MCAR v3.2,ContralateralHemisphereHighFrequency,3.48176143056727
P0056,56,26,MCARv32,MCAR v3.2,HorizontalILDMAE,0.523757801061191
P0056,56,26,FSPAE,FSP-AE,MeasuredDomainERB,1.01707855664992
P0056,56,26,FSPAE,FSP-AE,Contralateral25ERB,1.78725356516503
P0056,56,26,FSPAE,FSP-AE,ContralateralHemisphereHighFrequency,2.96232091137602
P0056,56,26,FSPAE,FSP-AE,HorizontalILDMAE,0.43518553356667
P0056,56,26,RANF,RANF,MeasuredDomainERB,0.93214263958251
P0056,56,26,RANF,RANF,Contralateral25ERB,1.57440158710531
P0056,56,26,RANF,RANF,ContralateralHemisphereHighFrequency,3.28595491082612
P0056,56,26,RANF,RANF,HorizontalILDMAE,0.663816940365942
P0059,59,6,MCARv32,MCAR v3.2,MeasuredDomainERB,1.88117461103437
P0059,59,6,MCARv32,MCAR v3.2,Contralateral25ERB,1.80203600131823
P0059,59,6,MCARv32,MCAR v3.2,ContralateralHemisphereHighFrequency,5.50367441019893
P0059,59,6,MCARv32,MCAR v3.2,HorizontalILDMAE,1.65514755127573
P0059,59,6,FSPAE,FSP-AE,MeasuredDomainERB,3.281613983187
P0059,59,6,FSPAE,FSP-AE,Contralateral25ERB,2.7537588148901
P0059,59,6,FSPAE,FSP-AE,ContralateralHemisphereHighFrequency,5.57705811460268
P0059,59,6,FSPAE,FSP-AE,HorizontalILDMAE,2.50074902662399
P0059,59,6,RANF,RANF,MeasuredDomainERB,1.14386386680636
P0059,59,6,RANF,RANF,Contralateral25ERB,1.69405140196291
P0059,59,6,RANF,RANF,ContralateralHemisphereHighFrequency,3.77449619695914
P0059,59,6,RANF,RANF,HorizontalILDMAE,0.992763569373461
P0059,59,14,MCARv32,MCAR v3.2,MeasuredDomainERB,1.1685329452826
P0059,59,14,MCARv32,MCAR v3.2,Contralateral25ERB,2.09874606049813
P0059,59,14,MCARv32,MCAR v3.2,ContralateralHemisphereHighFrequency,3.97437355997641
P0059,59,14,MCARv32,MCAR v3.2,HorizontalILDMAE,0.630108925793007
P0059,59,14,FSPAE,FSP-AE,MeasuredDomainERB,2.15888626235011
P0059,59,14,FSPAE,FSP-AE,Contralateral25ERB,2.72871023817278
P0059,59,14,FSPAE,FSP-AE,ContralateralHemisphereHighFrequency,4.13183001510084
P0059,59,14,FSPAE,FSP-AE,HorizontalILDMAE,1.56661924648318
P0059,59,14,RANF,RANF,MeasuredDomainERB,1.03583883890079
P0059,59,14,RANF,RANF,Contralateral25ERB,1.61393747928169
P0059,59,14,RANF,RANF,ContralateralHemisphereHighFrequency,3.41971843587867
P0059,59,14,RANF,RANF,HorizontalILDMAE,0.725053710009293
P0059,59,26,MCARv32,MCAR v3.2,MeasuredDomainERB,0.779867348859904
P0059,59,26,MCARv32,MCAR v3.2,Contralateral25ERB,1.34448466262618
P0059,59,26,MCARv32,MCAR v3.2,ContralateralHemisphereHighFrequency,3.45422567769596
P0059,59,26,MCARv32,MCAR v3.2,HorizontalILDMAE,0.599286454112332
P0059,59,26,FSPAE,FSP-AE,MeasuredDomainERB,1.09637932341102
P0059,59,26,FSPAE,FSP-AE,Contralateral25ERB,1.90329099066954
P0059,59,26,FSPAE,FSP-AE,ContralateralHemisphereHighFrequency,2.96718844098167
P0059,59,26,FSPAE,FSP-AE,HorizontalILDMAE,0.836960185403768
P0059,59,26,RANF,RANF,MeasuredDomainERB,1.01026820461028
P0059,59,26,RANF,RANF,Contralateral25ERB,1.67342669069558
P0059,59,26,RANF,RANF,ContralateralHemisphereHighFrequency,3.24676322183825
P0059,59,26,RANF,RANF,HorizontalILDMAE,1.21386463807886
P0060,60,6,MCARv32,MCAR v3.2,MeasuredDomainERB,1.89945168716558
P0060,60,6,MCARv32,MCAR v3.2,Contralateral25ERB,1.49639393381963
P0060,60,6,MCARv32,MCAR v3.2,ContralateralHemisphereHighFrequency,5.44147882084632
P0060,60,6,MCARv32,MCAR v3.2,HorizontalILDMAE,1.40972461704951
P0060,60,6,FSPAE,FSP-AE,MeasuredDomainERB,3.29075471690214
P0060,60,6,FSPAE,FSP-AE,Contralateral25ERB,2.6143757137893
P0060,60,6,FSPAE,FSP-AE,ContralateralHemisphereHighFrequency,5.14321412839857
P0060,60,6,FSPAE,FSP-AE,HorizontalILDMAE,1.87882527559146
P0060,60,6,RANF,RANF,MeasuredDomainERB,1.15515030223003
P0060,60,6,RANF,RANF,Contralateral25ERB,1.3129284201392
P0060,60,6,RANF,RANF,ContralateralHemisphereHighFrequency,3.87667387719533
P0060,60,6,RANF,RANF,HorizontalILDMAE,0.808252932356516
P0060,60,14,MCARv32,MCAR v3.2,MeasuredDomainERB,1.15750625876747
P0060,60,14,MCARv32,MCAR v3.2,Contralateral25ERB,1.95269483453457
P0060,60,14,MCARv32,MCAR v3.2,ContralateralHemisphereHighFrequency,4.33369785204341
P0060,60,14,MCARv32,MCAR v3.2,HorizontalILDMAE,0.629973382668863
P0060,60,14,FSPAE,FSP-AE,MeasuredDomainERB,2.05801265266969
P0060,60,14,FSPAE,FSP-AE,Contralateral25ERB,2.25932602014979
P0060,60,14,FSPAE,FSP-AE,ContralateralHemisphereHighFrequency,3.708860419723
P0060,60,14,FSPAE,FSP-AE,HorizontalILDMAE,1.94443310440284
P0060,60,14,RANF,RANF,MeasuredDomainERB,0.987597198880718
P0060,60,14,RANF,RANF,Contralateral25ERB,1.22770305919129
P0060,60,14,RANF,RANF,ContralateralHemisphereHighFrequency,3.65822940055568
P0060,60,14,RANF,RANF,HorizontalILDMAE,0.467443283097909
P0060,60,26,MCARv32,MCAR v3.2,MeasuredDomainERB,0.743883963483706
P0060,60,26,MCARv32,MCAR v3.2,Contralateral25ERB,1.16854638901856
P0060,60,26,MCARv32,MCAR v3.2,ContralateralHemisphereHighFrequency,3.45914262567756
P0060,60,26,MCARv32,MCAR v3.2,HorizontalILDMAE,0.511402899958848
P0060,60,26,FSPAE,FSP-AE,MeasuredDomainERB,1.02393889097065
P0060,60,26,FSPAE,FSP-AE,Contralateral25ERB,1.70300465591227
P0060,60,26,FSPAE,FSP-AE,ContralateralHemisphereHighFrequency,3.07815972769507
P0060,60,26,FSPAE,FSP-AE,HorizontalILDMAE,0.467677348049714
P0060,60,26,RANF,RANF,MeasuredDomainERB,0.946776072163596
P0060,60,26,RANF,RANF,Contralateral25ERB,1.50608423859702
P0060,60,26,RANF,RANF,ContralateralHemisphereHighFrequency,3.36858205007973
P0060,60,26,RANF,RANF,HorizontalILDMAE,0.742685035208051
P0074,74,6,MCARv32,MCAR v3.2,MeasuredDomainERB,1.81363047547896
P0074,74,6,MCARv32,MCAR v3.2,Contralateral25ERB,1.50797141154072
P0074,74,6,MCARv32,MCAR v3.2,ContralateralHemisphereHighFrequency,6.27805120105502
P0074,74,6,MCARv32,MCAR v3.2,HorizontalILDMAE,1.23865296106582
P0074,74,6,FSPAE,FSP-AE,MeasuredDomainERB,3.50253373252546
P0074,74,6,FSPAE,FSP-AE,Contralateral25ERB,2.4183260145941
P0074,74,6,FSPAE,FSP-AE,ContralateralHemisphereHighFrequency,6.00934120439433
P0074,74,6,FSPAE,FSP-AE,HorizontalILDMAE,2.32789804089767
P0074,74,6,RANF,RANF,MeasuredDomainERB,1.21216974351007
P0074,74,6,RANF,RANF,Contralateral25ERB,1.60656397444537
P0074,74,6,RANF,RANF,ContralateralHemisphereHighFrequency,4.23426641563263
P0074,74,6,RANF,RANF,HorizontalILDMAE,1.03548690970574
P0074,74,14,MCARv32,MCAR v3.2,MeasuredDomainERB,1.20697048840402
P0074,74,14,MCARv32,MCAR v3.2,Contralateral25ERB,2.04864740652517
P0074,74,14,MCARv32,MCAR v3.2,ContralateralHemisphereHighFrequency,5.11123517545323
P0074,74,14,MCARv32,MCAR v3.2,HorizontalILDMAE,0.831787877588969
P0074,74,14,FSPAE,FSP-AE,MeasuredDomainERB,2.12345762817923
P0074,74,14,FSPAE,FSP-AE,Contralateral25ERB,2.21983124172501
P0074,74,14,FSPAE,FSP-AE,ContralateralHemisphereHighFrequency,4.43382554726466
P0074,74,14,FSPAE,FSP-AE,HorizontalILDMAE,2.57238763132571
P0074,74,14,RANF,RANF,MeasuredDomainERB,1.08608281737246
P0074,74,14,RANF,RANF,Contralateral25ERB,1.45012664750881
P0074,74,14,RANF,RANF,ContralateralHemisphereHighFrequency,4.0840614454001
P0074,74,14,RANF,RANF,HorizontalILDMAE,1.08401871364903
P0074,74,26,MCARv32,MCAR v3.2,MeasuredDomainERB,0.778855769335031
P0074,74,26,MCARv32,MCAR v3.2,Contralateral25ERB,1.25624368966935
P0074,74,26,MCARv32,MCAR v3.2,ContralateralHemisphereHighFrequency,4.0459025243946
P0074,74,26,MCARv32,MCAR v3.2,HorizontalILDMAE,0.690970668431151
P0074,74,26,FSPAE,FSP-AE,MeasuredDomainERB,1.0471047607817
P0074,74,26,FSPAE,FSP-AE,Contralateral25ERB,1.57500089773981
P0074,74,26,FSPAE,FSP-AE,ContralateralHemisphereHighFrequency,3.20740277690324
P0074,74,26,FSPAE,FSP-AE,HorizontalILDMAE,0.781543959499818
P0074,74,26,RANF,RANF,MeasuredDomainERB,1.03085594284413
P0074,74,26,RANF,RANF,Contralateral25ERB,1.43963121021488
P0074,74,26,RANF,RANF,ContralateralHemisphereHighFrequency,3.73665697517443
P0074,74,26,RANF,RANF,HorizontalILDMAE,0.808151682621964
P0080,80,6,MCARv32,MCAR v3.2,MeasuredDomainERB,1.78327936996722
P0080,80,6,MCARv32,MCAR v3.2,Contralateral25ERB,1.65614443100018
P0080,80,6,MCARv32,MCAR v3.2,ContralateralHemisphereHighFrequency,5.25457782629568
P0080,80,6,MCARv32,MCAR v3.2,HorizontalILDMAE,0.935119874399357
P0080,80,6,FSPAE,FSP-AE,MeasuredDomainERB,3.56129435804708
P0080,80,6,FSPAE,FSP-AE,Contralateral25ERB,2.45725346119093
P0080,80,6,FSPAE,FSP-AE,ContralateralHemisphereHighFrequency,4.9731661202022
P0080,80,6,FSPAE,FSP-AE,HorizontalILDMAE,2.91510824557389
P0080,80,6,RANF,RANF,MeasuredDomainERB,1.08755655225268
P0080,80,6,RANF,RANF,Contralateral25ERB,1.46513053012412
P0080,80,6,RANF,RANF,ContralateralHemisphereHighFrequency,3.75900006976364
P0080,80,6,RANF,RANF,HorizontalILDMAE,0.995820381705928
P0080,80,14,MCARv32,MCAR v3.2,MeasuredDomainERB,1.07552848335318
P0080,80,14,MCARv32,MCAR v3.2,Contralateral25ERB,1.8892590599385
P0080,80,14,MCARv32,MCAR v3.2,ContralateralHemisphereHighFrequency,3.83639286415602
P0080,80,14,MCARv32,MCAR v3.2,HorizontalILDMAE,0.914480514077778
P0080,80,14,FSPAE,FSP-AE,MeasuredDomainERB,2.1999554773429
P0080,80,14,FSPAE,FSP-AE,Contralateral25ERB,2.16006257290027
P0080,80,14,FSPAE,FSP-AE,ContralateralHemisphereHighFrequency,3.95629976792641
P0080,80,14,FSPAE,FSP-AE,HorizontalILDMAE,2.74220898411283
P0080,80,14,RANF,RANF,MeasuredDomainERB,1.03824671291873
P0080,80,14,RANF,RANF,Contralateral25ERB,1.47397755183378
P0080,80,14,RANF,RANF,ContralateralHemisphereHighFrequency,3.7147108564279
P0080,80,14,RANF,RANF,HorizontalILDMAE,0.673359908217042
P0080,80,26,MCARv32,MCAR v3.2,MeasuredDomainERB,0.792868575769771
P0080,80,26,MCARv32,MCAR v3.2,Contralateral25ERB,1.2495791558338
P0080,80,26,MCARv32,MCAR v3.2,ContralateralHemisphereHighFrequency,3.50324336091723
P0080,80,26,MCARv32,MCAR v3.2,HorizontalILDMAE,0.612639355962301
P0080,80,26,FSPAE,FSP-AE,MeasuredDomainERB,1.04125253839047
P0080,80,26,FSPAE,FSP-AE,Contralateral25ERB,1.59891204023655
P0080,80,26,FSPAE,FSP-AE,ContralateralHemisphereHighFrequency,3.05298839295214
P0080,80,26,FSPAE,FSP-AE,HorizontalILDMAE,0.717363021473
P0080,80,26,RANF,RANF,MeasuredDomainERB,0.968814895184388
P0080,80,26,RANF,RANF,Contralateral25ERB,1.47138278600057
P0080,80,26,RANF,RANF,ContralateralHemisphereHighFrequency,3.52827510126614
P0080,80,26,RANF,RANF,HorizontalILDMAE,0.696053363592608
P0081,81,6,MCARv32,MCAR v3.2,MeasuredDomainERB,1.82717558966409
P0081,81,6,MCARv32,MCAR v3.2,Contralateral25ERB,1.69418886160215
P0081,81,6,MCARv32,MCAR v3.2,ContralateralHemisphereHighFrequency,5.31163248653243
P0081,81,6,MCARv32,MCAR v3.2,HorizontalILDMAE,1.47227356805538
P0081,81,6,FSPAE,FSP-AE,MeasuredDomainERB,3.44502850749946
P0081,81,6,FSPAE,FSP-AE,Contralateral25ERB,2.8174388059308
P0081,81,6,FSPAE,FSP-AE,ContralateralHemisphereHighFrequency,4.97688335588977
P0081,81,6,FSPAE,FSP-AE,HorizontalILDMAE,1.91225097453388
P0081,81,6,RANF,RANF,MeasuredDomainERB,1.05120833122578
P0081,81,6,RANF,RANF,Contralateral25ERB,1.75495422136529
P0081,81,6,RANF,RANF,ContralateralHemisphereHighFrequency,3.5715209330475
P0081,81,6,RANF,RANF,HorizontalILDMAE,0.701523027342314
P0081,81,14,MCARv32,MCAR v3.2,MeasuredDomainERB,1.08799535828519
P0081,81,14,MCARv32,MCAR v3.2,Contralateral25ERB,2.2210785322722
P0081,81,14,MCARv32,MCAR v3.2,ContralateralHemisphereHighFrequency,3.76219506865899
P0081,81,14,MCARv32,MCAR v3.2,HorizontalILDMAE,0.630487141928766
P0081,81,14,FSPAE,FSP-AE,MeasuredDomainERB,2.08252297976831
P0081,81,14,FSPAE,FSP-AE,Contralateral25ERB,2.48438199813346
P0081,81,14,FSPAE,FSP-AE,ContralateralHemisphereHighFrequency,3.49291118976304
P0081,81,14,FSPAE,FSP-AE,HorizontalILDMAE,2.18496242239158
P0081,81,14,RANF,RANF,MeasuredDomainERB,0.93060045230859
P0081,81,14,RANF,RANF,Contralateral25ERB,1.65164539931566
P0081,81,14,RANF,RANF,ContralateralHemisphereHighFrequency,3.19349556121498
P0081,81,14,RANF,RANF,HorizontalILDMAE,0.642363439892313
P0081,81,26,MCARv32,MCAR v3.2,MeasuredDomainERB,0.715304862149409
P0081,81,26,MCARv32,MCAR v3.2,Contralateral25ERB,1.32588455392642
P0081,81,26,MCARv32,MCAR v3.2,ContralateralHemisphereHighFrequency,3.08519111733773
P0081,81,26,MCARv32,MCAR v3.2,HorizontalILDMAE,0.499324488022778
P0081,81,26,FSPAE,FSP-AE,MeasuredDomainERB,0.997810353970487
P0081,81,26,FSPAE,FSP-AE,Contralateral25ERB,1.79766591003523
P0081,81,26,FSPAE,FSP-AE,ContralateralHemisphereHighFrequency,2.6047198531326
P0081,81,26,FSPAE,FSP-AE,HorizontalILDMAE,0.483151242915546
P0081,81,26,RANF,RANF,MeasuredDomainERB,0.904623022314882
P0081,81,26,RANF,RANF,Contralateral25ERB,1.53716787156139
P0081,81,26,RANF,RANF,ContralateralHemisphereHighFrequency,3.18660796774007
P0081,81,26,RANF,RANF,HorizontalILDMAE,0.677549382004571
P0090,90,6,MCARv32,MCAR v3.2,MeasuredDomainERB,1.86205014427046
P0090,90,6,MCARv32,MCAR v3.2,Contralateral25ERB,1.62026983484215
P0090,90,6,MCARv32,MCAR v3.2,ContralateralHemisphereHighFrequency,5.18952162511847
P0090,90,6,MCARv32,MCAR v3.2,HorizontalILDMAE,1.25154869806163
P0090,90,6,FSPAE,FSP-AE,MeasuredDomainERB,3.47957220659926
P0090,90,6,FSPAE,FSP-AE,Contralateral25ERB,2.67698363910826
P0090,90,6,FSPAE,FSP-AE,ContralateralHemisphereHighFrequency,4.83579353008594
P0090,90,6,FSPAE,FSP-AE,HorizontalILDMAE,2.01158467336359
P0090,90,6,RANF,RANF,MeasuredDomainERB,1.12809234196883
P0090,90,6,RANF,RANF,Contralateral25ERB,1.50065209052085
P0090,90,6,RANF,RANF,ContralateralHemisphereHighFrequency,3.77190938506587
P0090,90,6,RANF,RANF,HorizontalILDMAE,0.632427955153076
P0090,90,14,MCARv32,MCAR v3.2,MeasuredDomainERB,1.2798554793801
P0090,90,14,MCARv32,MCAR v3.2,Contralateral25ERB,1.89889454602958
P0090,90,14,MCARv32,MCAR v3.2,ContralateralHemisphereHighFrequency,4.22277545283378
P0090,90,14,MCARv32,MCAR v3.2,HorizontalILDMAE,0.89105432953763
P0090,90,14,FSPAE,FSP-AE,MeasuredDomainERB,2.13206659831459
P0090,90,14,FSPAE,FSP-AE,Contralateral25ERB,2.24060517899244
P0090,90,14,FSPAE,FSP-AE,ContralateralHemisphereHighFrequency,3.74413705890609
P0090,90,14,FSPAE,FSP-AE,HorizontalILDMAE,1.84407881295001
P0090,90,14,RANF,RANF,MeasuredDomainERB,1.04287049416964
P0090,90,14,RANF,RANF,Contralateral25ERB,1.40134105075761
P0090,90,14,RANF,RANF,ContralateralHemisphereHighFrequency,3.53348820093215
P0090,90,14,RANF,RANF,HorizontalILDMAE,0.588764704600579
P0090,90,26,MCARv32,MCAR v3.2,MeasuredDomainERB,0.827445106005511
P0090,90,26,MCARv32,MCAR v3.2,Contralateral25ERB,1.28297094434131
P0090,90,26,MCARv32,MCAR v3.2,ContralateralHemisphereHighFrequency,3.30286290799494
P0090,90,26,MCARv32,MCAR v3.2,HorizontalILDMAE,0.576153846043847
P0090,90,26,FSPAE,FSP-AE,MeasuredDomainERB,1.0916805068199
P0090,90,26,FSPAE,FSP-AE,Contralateral25ERB,1.72821347558296
P0090,90,26,FSPAE,FSP-AE,ContralateralHemisphereHighFrequency,2.81069128283972
P0090,90,26,FSPAE,FSP-AE,HorizontalILDMAE,0.611561657598034
P0090,90,26,RANF,RANF,MeasuredDomainERB,1.0550450488619
P0090,90,26,RANF,RANF,Contralateral25ERB,1.58438269424136
P0090,90,26,RANF,RANF,ContralateralHemisphereHighFrequency,3.38468328827881
P0090,90,26,RANF,RANF,HorizontalILDMAE,1.03612934083221
P0091,91,6,MCARv32,MCAR v3.2,MeasuredDomainERB,1.77692583158198
P0091,91,6,MCARv32,MCAR v3.2,Contralateral25ERB,1.80049159305329
P0091,91,6,MCARv32,MCAR v3.2,ContralateralHemisphereHighFrequency,4.84536564397578
P0091,91,6,MCARv32,MCAR v3.2,HorizontalILDMAE,1.44655982732736
P0091,91,6,FSPAE,FSP-AE,MeasuredDomainERB,3.46728550003132
P0091,91,6,FSPAE,FSP-AE,Contralateral25ERB,2.88214081736044
P0091,91,6,FSPAE,FSP-AE,ContralateralHemisphereHighFrequency,5.28601047031216
P0091,91,6,FSPAE,FSP-AE,HorizontalILDMAE,2.44947310397175
P0091,91,6,RANF,RANF,MeasuredDomainERB,1.0973842767726
P0091,91,6,RANF,RANF,Contralateral25ERB,1.72594440300071
P0091,91,6,RANF,RANF,ContralateralHemisphereHighFrequency,3.92939774973599
P0091,91,6,RANF,RANF,HorizontalILDMAE,0.784550675242277
P0091,91,14,MCARv32,MCAR v3.2,MeasuredDomainERB,1.19804754500067
P0091,91,14,MCARv32,MCAR v3.2,Contralateral25ERB,2.32674157630292
P0091,91,14,MCARv32,MCAR v3.2,ContralateralHemisphereHighFrequency,4.25255884480231
P0091,91,14,MCARv32,MCAR v3.2,HorizontalILDMAE,0.974480013367959
P0091,91,14,FSPAE,FSP-AE,MeasuredDomainERB,2.16531302791821
P0091,91,14,FSPAE,FSP-AE,Contralateral25ERB,2.43015662400179
P0091,91,14,FSPAE,FSP-AE,ContralateralHemisphereHighFrequency,3.71419014704864
P0091,91,14,FSPAE,FSP-AE,HorizontalILDMAE,2.55897465740015
P0091,91,14,RANF,RANF,MeasuredDomainERB,1.00311528260341
P0091,91,14,RANF,RANF,Contralateral25ERB,1.68037006367544
P0091,91,14,RANF,RANF,ContralateralHemisphereHighFrequency,3.3469871891619
P0091,91,14,RANF,RANF,HorizontalILDMAE,0.704181238812181
P0091,91,26,MCARv32,MCAR v3.2,MeasuredDomainERB,0.818519175307573
P0091,91,26,MCARv32,MCAR v3.2,Contralateral25ERB,1.46921529745921
P0091,91,26,MCARv32,MCAR v3.2,ContralateralHemisphereHighFrequency,3.55639785061675
P0091,91,26,MCARv32,MCAR v3.2,HorizontalILDMAE,0.497182476330642
P0091,91,26,FSPAE,FSP-AE,MeasuredDomainERB,1.07459285295584
P0091,91,26,FSPAE,FSP-AE,Contralateral25ERB,1.86422111837779
P0091,91,26,FSPAE,FSP-AE,ContralateralHemisphereHighFrequency,3.07258081832574
P0091,91,26,FSPAE,FSP-AE,HorizontalILDMAE,0.470753465609137
P0091,91,26,RANF,RANF,MeasuredDomainERB,1.01139276790644
P0091,91,26,RANF,RANF,Contralateral25ERB,1.5152342268238
P0091,91,26,RANF,RANF,ContralateralHemisphereHighFrequency,3.36674152887236
P0091,91,26,RANF,RANF,HorizontalILDMAE,0.826053138215159
P0094,94,6,MCARv32,MCAR v3.2,MeasuredDomainERB,1.80858637498699
P0094,94,6,MCARv32,MCAR v3.2,Contralateral25ERB,1.70190886397846
P0094,94,6,MCARv32,MCAR v3.2,ContralateralHemisphereHighFrequency,6.03056215290263
P0094,94,6,MCARv32,MCAR v3.2,HorizontalILDMAE,1.93292132920826
P0094,94,6,FSPAE,FSP-AE,MeasuredDomainERB,3.55335962373413
P0094,94,6,FSPAE,FSP-AE,Contralateral25ERB,2.87333594747491
P0094,94,6,FSPAE,FSP-AE,ContralateralHemisphereHighFrequency,6.07606195185009
P0094,94,6,FSPAE,FSP-AE,HorizontalILDMAE,3.17660607903056
P0094,94,6,RANF,RANF,MeasuredDomainERB,1.39290360772843
P0094,94,6,RANF,RANF,Contralateral25ERB,1.81868986471916
P0094,94,6,RANF,RANF,ContralateralHemisphereHighFrequency,5.12850269341622
P0094,94,6,RANF,RANF,HorizontalILDMAE,0.667093781511771
P0094,94,14,MCARv32,MCAR v3.2,MeasuredDomainERB,1.32436191113847
P0094,94,14,MCARv32,MCAR v3.2,Contralateral25ERB,2.17069554982462
P0094,94,14,MCARv32,MCAR v3.2,ContralateralHemisphereHighFrequency,5.53633623702401
P0094,94,14,MCARv32,MCAR v3.2,HorizontalILDMAE,0.665751169581031
P0094,94,14,FSPAE,FSP-AE,MeasuredDomainERB,2.18463460847684
P0094,94,14,FSPAE,FSP-AE,Contralateral25ERB,2.39062383713344
P0094,94,14,FSPAE,FSP-AE,ContralateralHemisphereHighFrequency,4.40719770295887
P0094,94,14,FSPAE,FSP-AE,HorizontalILDMAE,2.4494171698362
P0094,94,14,RANF,RANF,MeasuredDomainERB,1.19938460422298
P0094,94,14,RANF,RANF,Contralateral25ERB,1.86338070504637
P0094,94,14,RANF,RANF,ContralateralHemisphereHighFrequency,4.26945070634584
P0094,94,14,RANF,RANF,HorizontalILDMAE,0.609648587121973
P0094,94,26,MCARv32,MCAR v3.2,MeasuredDomainERB,0.886485838297535
P0094,94,26,MCARv32,MCAR v3.2,Contralateral25ERB,1.36276629278599
P0094,94,26,MCARv32,MCAR v3.2,ContralateralHemisphereHighFrequency,4.23341126029917
P0094,94,26,MCARv32,MCAR v3.2,HorizontalILDMAE,0.62026815430396
P0094,94,26,FSPAE,FSP-AE,MeasuredDomainERB,1.07863917142843
P0094,94,26,FSPAE,FSP-AE,Contralateral25ERB,1.85376811456352
P0094,94,26,FSPAE,FSP-AE,ContralateralHemisphereHighFrequency,3.42552271340163
P0094,94,26,FSPAE,FSP-AE,HorizontalILDMAE,0.454986442986819
P0094,94,26,RANF,RANF,MeasuredDomainERB,1.0920880202871
P0094,94,26,RANF,RANF,Contralateral25ERB,1.60333748083339
P0094,94,26,RANF,RANF,ContralateralHemisphereHighFrequency,3.81315455836073
P0094,94,26,RANF,RANF,HorizontalILDMAE,0.84740017554574
P0104,104,6,MCARv32,MCAR v3.2,MeasuredDomainERB,1.78790101927737
P0104,104,6,MCARv32,MCAR v3.2,Contralateral25ERB,1.63217738594194
P0104,104,6,MCARv32,MCAR v3.2,ContralateralHemisphereHighFrequency,5.45384779553239
P0104,104,6,MCARv32,MCAR v3.2,HorizontalILDMAE,1.74850958333676
P0104,104,6,FSPAE,FSP-AE,MeasuredDomainERB,3.24123052930297
P0104,104,6,FSPAE,FSP-AE,Contralateral25ERB,2.65581112769677
P0104,104,6,FSPAE,FSP-AE,ContralateralHemisphereHighFrequency,5.22394225501142
P0104,104,6,FSPAE,FSP-AE,HorizontalILDMAE,1.83702876392428
P0104,104,6,RANF,RANF,MeasuredDomainERB,0.901111173020687
P0104,104,6,RANF,RANF,Contralateral25ERB,1.47228753709817
P0104,104,6,RANF,RANF,ContralateralHemisphereHighFrequency,3.38966430049111
P0104,104,6,RANF,RANF,HorizontalILDMAE,0.903104384616992
P0104,104,14,MCARv32,MCAR v3.2,MeasuredDomainERB,1.15489566553638
P0104,104,14,MCARv32,MCAR v3.2,Contralateral25ERB,1.91143995816138
P0104,104,14,MCARv32,MCAR v3.2,ContralateralHemisphereHighFrequency,4.45126903320157
P0104,104,14,MCARv32,MCAR v3.2,HorizontalILDMAE,0.53132191342157
P0104,104,14,FSPAE,FSP-AE,MeasuredDomainERB,1.96612106978133
P0104,104,14,FSPAE,FSP-AE,Contralateral25ERB,2.36221482519508
P0104,104,14,FSPAE,FSP-AE,ContralateralHemisphereHighFrequency,3.74192544671319
P0104,104,14,FSPAE,FSP-AE,HorizontalILDMAE,1.82415418642984
P0104,104,14,RANF,RANF,MeasuredDomainERB,0.912858206853487
P0104,104,14,RANF,RANF,Contralateral25ERB,1.41945118426149
P0104,104,14,RANF,RANF,ContralateralHemisphereHighFrequency,3.53237686426534
P0104,104,14,RANF,RANF,HorizontalILDMAE,0.626682463238581
P0104,104,26,MCARv32,MCAR v3.2,MeasuredDomainERB,0.719923595424321
P0104,104,26,MCARv32,MCAR v3.2,Contralateral25ERB,1.32071902985557
P0104,104,26,MCARv32,MCAR v3.2,ContralateralHemisphereHighFrequency,3.31074603850151
P0104,104,26,MCARv32,MCAR v3.2,HorizontalILDMAE,0.501595837135648
P0104,104,26,FSPAE,FSP-AE,MeasuredDomainERB,0.981930942774247
P0104,104,26,FSPAE,FSP-AE,Contralateral25ERB,1.79786123698669
P0104,104,26,FSPAE,FSP-AE,ContralateralHemisphereHighFrequency,2.81850393186254
P0104,104,26,FSPAE,FSP-AE,HorizontalILDMAE,0.46682345406756
P0104,104,26,RANF,RANF,MeasuredDomainERB,0.846943915842462
P0104,104,26,RANF,RANF,Contralateral25ERB,1.35732847414868
P0104,104,26,RANF,RANF,ContralateralHemisphereHighFrequency,3.25251689995609
P0104,104,26,RANF,RANF,HorizontalILDMAE,0.610885352588592
P0114,114,6,MCARv32,MCAR v3.2,MeasuredDomainERB,2.18514230278266
P0114,114,6,MCARv32,MCAR v3.2,Contralateral25ERB,1.87184945422972
P0114,114,6,MCARv32,MCAR v3.2,ContralateralHemisphereHighFrequency,6.72336555672141
P0114,114,6,MCARv32,MCAR v3.2,HorizontalILDMAE,1.46160116900866
P0114,114,6,FSPAE,FSP-AE,MeasuredDomainERB,3.65989273215665
P0114,114,6,FSPAE,FSP-AE,Contralateral25ERB,2.78724571520786
P0114,114,6,FSPAE,FSP-AE,ContralateralHemisphereHighFrequency,6.11135722920988
P0114,114,6,FSPAE,FSP-AE,HorizontalILDMAE,3.17862820218993
P0114,114,6,RANF,RANF,MeasuredDomainERB,1.59109104003805
P0114,114,6,RANF,RANF,Contralateral25ERB,1.92945401001526
P0114,114,6,RANF,RANF,ContralateralHemisphereHighFrequency,5.01780926200561
P0114,114,6,RANF,RANF,HorizontalILDMAE,1.16704892769495
P0114,114,14,MCARv32,MCAR v3.2,MeasuredDomainERB,1.35077562614417
P0114,114,14,MCARv32,MCAR v3.2,Contralateral25ERB,1.91587340446068
P0114,114,14,MCARv32,MCAR v3.2,ContralateralHemisphereHighFrequency,4.83686866233046
P0114,114,14,MCARv32,MCAR v3.2,HorizontalILDMAE,0.765116303338703
P0114,114,14,FSPAE,FSP-AE,MeasuredDomainERB,2.20478533722342
P0114,114,14,FSPAE,FSP-AE,Contralateral25ERB,2.15832064885485
P0114,114,14,FSPAE,FSP-AE,ContralateralHemisphereHighFrequency,4.57971048732643
P0114,114,14,FSPAE,FSP-AE,HorizontalILDMAE,2.26506778648352
P0114,114,14,RANF,RANF,MeasuredDomainERB,1.47409674262177
P0114,114,14,RANF,RANF,Contralateral25ERB,1.90783705383969
P0114,114,14,RANF,RANF,ContralateralHemisphereHighFrequency,4.41314265619199
P0114,114,14,RANF,RANF,HorizontalILDMAE,0.828875143534178
P0114,114,26,MCARv32,MCAR v3.2,MeasuredDomainERB,1.05651748985154
P0114,114,26,MCARv32,MCAR v3.2,Contralateral25ERB,1.33865877729665
P0114,114,26,MCARv32,MCAR v3.2,ContralateralHemisphereHighFrequency,4.09468594786733
P0114,114,26,MCARv32,MCAR v3.2,HorizontalILDMAE,0.843238514076651
P0114,114,26,FSPAE,FSP-AE,MeasuredDomainERB,1.33260716344514
P0114,114,26,FSPAE,FSP-AE,Contralateral25ERB,2.02098001497363
P0114,114,26,FSPAE,FSP-AE,ContralateralHemisphereHighFrequency,3.97950923495095
P0114,114,26,FSPAE,FSP-AE,HorizontalILDMAE,0.784505929049639
P0114,114,26,RANF,RANF,MeasuredDomainERB,1.35116847862906
P0114,114,26,RANF,RANF,Contralateral25ERB,1.7361052864487
P0114,114,26,RANF,RANF,ContralateralHemisphereHighFrequency,4.13192118974755
P0114,114,26,RANF,RANF,HorizontalILDMAE,0.875405847193218
P0117,117,6,MCARv32,MCAR v3.2,MeasuredDomainERB,1.74247147746152
P0117,117,6,MCARv32,MCAR v3.2,Contralateral25ERB,1.45105581936763
P0117,117,6,MCARv32,MCAR v3.2,ContralateralHemisphereHighFrequency,4.76290708706261
P0117,117,6,MCARv32,MCAR v3.2,HorizontalILDMAE,1.45761824054167
P0117,117,6,FSPAE,FSP-AE,MeasuredDomainERB,3.35374630556547
P0117,117,6,FSPAE,FSP-AE,Contralateral25ERB,2.55577080282459
P0117,117,6,FSPAE,FSP-AE,ContralateralHemisphereHighFrequency,4.57467540085367
P0117,117,6,FSPAE,FSP-AE,HorizontalILDMAE,1.59571062534996
P0117,117,6,RANF,RANF,MeasuredDomainERB,1.13740750786639
P0117,117,6,RANF,RANF,Contralateral25ERB,1.39721300332065
P0117,117,6,RANF,RANF,ContralateralHemisphereHighFrequency,3.65955238498615
P0117,117,6,RANF,RANF,HorizontalILDMAE,0.865436119279765
P0117,117,14,MCARv32,MCAR v3.2,MeasuredDomainERB,1.05470739020214
P0117,117,14,MCARv32,MCAR v3.2,Contralateral25ERB,1.77779426460711
P0117,117,14,MCARv32,MCAR v3.2,ContralateralHemisphereHighFrequency,3.93820668646218
P0117,117,14,MCARv32,MCAR v3.2,HorizontalILDMAE,0.943865218480088
P0117,117,14,FSPAE,FSP-AE,MeasuredDomainERB,2.01728825642707
P0117,117,14,FSPAE,FSP-AE,Contralateral25ERB,2.23228628517965
P0117,117,14,FSPAE,FSP-AE,ContralateralHemisphereHighFrequency,3.80983147945328
P0117,117,14,FSPAE,FSP-AE,HorizontalILDMAE,1.69825389290448
P0117,117,14,RANF,RANF,MeasuredDomainERB,1.00669936330558
P0117,117,14,RANF,RANF,Contralateral25ERB,1.37981500125836
P0117,117,14,RANF,RANF,ContralateralHemisphereHighFrequency,3.5611763746452
P0117,117,14,RANF,RANF,HorizontalILDMAE,0.774903531283334
P0117,117,26,MCARv32,MCAR v3.2,MeasuredDomainERB,0.78910970137928
P0117,117,26,MCARv32,MCAR v3.2,Contralateral25ERB,1.27399382401981
P0117,117,26,MCARv32,MCAR v3.2,ContralateralHemisphereHighFrequency,3.46149984842348
P0117,117,26,MCARv32,MCAR v3.2,HorizontalILDMAE,0.59599305586575
P0117,117,26,FSPAE,FSP-AE,MeasuredDomainERB,1.09656663521358
P0117,117,26,FSPAE,FSP-AE,Contralateral25ERB,1.76084095448853
P0117,117,26,FSPAE,FSP-AE,ContralateralHemisphereHighFrequency,3.22294264711177
P0117,117,26,FSPAE,FSP-AE,HorizontalILDMAE,0.496842360018843
P0117,117,26,RANF,RANF,MeasuredDomainERB,0.997596077123519
P0117,117,26,RANF,RANF,Contralateral25ERB,1.46552043578729
P0117,117,26,RANF,RANF,ContralateralHemisphereHighFrequency,3.48372116140508
P0117,117,26,RANF,RANF,HorizontalILDMAE,0.737484895068944
P0118,118,6,MCARv32,MCAR v3.2,MeasuredDomainERB,1.6620956283572
P0118,118,6,MCARv32,MCAR v3.2,Contralateral25ERB,1.52579729869754
P0118,118,6,MCARv32,MCAR v3.2,ContralateralHemisphereHighFrequency,4.90285359345245
P0118,118,6,MCARv32,MCAR v3.2,HorizontalILDMAE,1.14779887538105
P0118,118,6,FSPAE,FSP-AE,MeasuredDomainERB,3.39994925876157
P0118,118,6,FSPAE,FSP-AE,Contralateral25ERB,2.48669056289121
P0118,118,6,FSPAE,FSP-AE,ContralateralHemisphereHighFrequency,4.51224545714116
P0118,118,6,FSPAE,FSP-AE,HorizontalILDMAE,2.06725737600264
P0118,118,6,RANF,RANF,MeasuredDomainERB,1.13135678067032
P0118,118,6,RANF,RANF,Contralateral25ERB,1.41946716524291
P0118,118,6,RANF,RANF,ContralateralHemisphereHighFrequency,3.8034645246258
P0118,118,6,RANF,RANF,HorizontalILDMAE,0.756955888250384
P0118,118,14,MCARv32,MCAR v3.2,MeasuredDomainERB,1.02704928155799
P0118,118,14,MCARv32,MCAR v3.2,Contralateral25ERB,1.88151573222169
P0118,118,14,MCARv32,MCAR v3.2,ContralateralHemisphereHighFrequency,3.86682033667109
P0118,118,14,MCARv32,MCAR v3.2,HorizontalILDMAE,0.843763710471533
P0118,118,14,FSPAE,FSP-AE,MeasuredDomainERB,2.07108591652309
P0118,118,14,FSPAE,FSP-AE,Contralateral25ERB,2.20712007801847
P0118,118,14,FSPAE,FSP-AE,ContralateralHemisphereHighFrequency,3.69327267234192
P0118,118,14,FSPAE,FSP-AE,HorizontalILDMAE,2.11971920781758
P0118,118,14,RANF,RANF,MeasuredDomainERB,1.00162476068671
P0118,118,14,RANF,RANF,Contralateral25ERB,1.49806693491857
P0118,118,14,RANF,RANF,ContralateralHemisphereHighFrequency,3.30855319780315
P0118,118,14,RANF,RANF,HorizontalILDMAE,0.628103862266023
P0118,118,26,MCARv32,MCAR v3.2,MeasuredDomainERB,0.76375885168985
P0118,118,26,MCARv32,MCAR v3.2,Contralateral25ERB,1.29869017739807
P0118,118,26,MCARv32,MCAR v3.2,ContralateralHemisphereHighFrequency,3.31402106550061
P0118,118,26,MCARv32,MCAR v3.2,HorizontalILDMAE,0.56557220224372
P0118,118,26,FSPAE,FSP-AE,MeasuredDomainERB,1.05706522848264
P0118,118,26,FSPAE,FSP-AE,Contralateral25ERB,1.74673141166778
P0118,118,26,FSPAE,FSP-AE,ContralateralHemisphereHighFrequency,2.96993738101136
P0118,118,26,FSPAE,FSP-AE,HorizontalILDMAE,0.524677568495638
P0118,118,26,RANF,RANF,MeasuredDomainERB,0.941702405534307
P0118,118,26,RANF,RANF,Contralateral25ERB,1.46562505644342
P0118,118,26,RANF,RANF,ContralateralHemisphereHighFrequency,3.1409298738379
P0118,118,26,RANF,RANF,HorizontalILDMAE,0.631403439633882
P0122,122,6,MCARv32,MCAR v3.2,MeasuredDomainERB,1.74814917517802
P0122,122,6,MCARv32,MCAR v3.2,Contralateral25ERB,1.51520122622522
P0122,122,6,MCARv32,MCAR v3.2,ContralateralHemisphereHighFrequency,5.14645853541016
P0122,122,6,MCARv32,MCAR v3.2,HorizontalILDMAE,0.813355013774481
P0122,122,6,FSPAE,FSP-AE,MeasuredDomainERB,3.41091981551538
P0122,122,6,FSPAE,FSP-AE,Contralateral25ERB,2.57215566057533
P0122,122,6,FSPAE,FSP-AE,ContralateralHemisphereHighFrequency,5.17240003171345
P0122,122,6,FSPAE,FSP-AE,HorizontalILDMAE,1.88729176636308
P0122,122,6,RANF,RANF,MeasuredDomainERB,1.11668125119384
P0122,122,6,RANF,RANF,Contralateral25ERB,1.43887667540077
P0122,122,6,RANF,RANF,ContralateralHemisphereHighFrequency,3.58879919679407
P0122,122,6,RANF,RANF,HorizontalILDMAE,1.03468641596143
P0122,122,14,MCARv32,MCAR v3.2,MeasuredDomainERB,1.0449954499347
P0122,122,14,MCARv32,MCAR v3.2,Contralateral25ERB,1.76702862999061
P0122,122,14,MCARv32,MCAR v3.2,ContralateralHemisphereHighFrequency,3.88927631739529
P0122,122,14,MCARv32,MCAR v3.2,HorizontalILDMAE,0.816548682051302
P0122,122,14,FSPAE,FSP-AE,MeasuredDomainERB,2.03895671039319
P0122,122,14,FSPAE,FSP-AE,Contralateral25ERB,2.11795848253812
P0122,122,14,FSPAE,FSP-AE,ContralateralHemisphereHighFrequency,3.62474257847255
P0122,122,14,FSPAE,FSP-AE,HorizontalILDMAE,2.07858355383026
P0122,122,14,RANF,RANF,MeasuredDomainERB,1.03945825193435
P0122,122,14,RANF,RANF,Contralateral25ERB,1.54557401177064
P0122,122,14,RANF,RANF,ContralateralHemisphereHighFrequency,3.56444201143892
P0122,122,14,RANF,RANF,HorizontalILDMAE,0.663943252350678
P0122,122,26,MCARv32,MCAR v3.2,MeasuredDomainERB,0.775548449693397
P0122,122,26,MCARv32,MCAR v3.2,Contralateral25ERB,1.23491096046349
P0122,122,26,MCARv32,MCAR v3.2,ContralateralHemisphereHighFrequency,3.32111249162297
P0122,122,26,MCARv32,MCAR v3.2,HorizontalILDMAE,0.644896510418833
P0122,122,26,FSPAE,FSP-AE,MeasuredDomainERB,1.05438321261662
P0122,122,26,FSPAE,FSP-AE,Contralateral25ERB,1.66969653431447
P0122,122,26,FSPAE,FSP-AE,ContralateralHemisphereHighFrequency,2.95777137494488
P0122,122,26,FSPAE,FSP-AE,HorizontalILDMAE,0.713597320356202
P0122,122,26,RANF,RANF,MeasuredDomainERB,1.00616228521444
P0122,122,26,RANF,RANF,Contralateral25ERB,1.44760379652894
P0122,122,26,RANF,RANF,ContralateralHemisphereHighFrequency,3.35147610098576
P0122,122,26,RANF,RANF,HorizontalILDMAE,0.624675305819773
P0129,129,6,MCARv32,MCAR v3.2,MeasuredDomainERB,1.76795308096636
P0129,129,6,MCARv32,MCAR v3.2,Contralateral25ERB,1.76890715552622
P0129,129,6,MCARv32,MCAR v3.2,ContralateralHemisphereHighFrequency,4.94670078056491
P0129,129,6,MCARv32,MCAR v3.2,HorizontalILDMAE,1.14466621102411
P0129,129,6,FSPAE,FSP-AE,MeasuredDomainERB,3.53921174188292
P0129,129,6,FSPAE,FSP-AE,Contralateral25ERB,2.57760099701307
P0129,129,6,FSPAE,FSP-AE,ContralateralHemisphereHighFrequency,4.75737353604143
P0129,129,6,FSPAE,FSP-AE,HorizontalILDMAE,2.54533139585142
P0129,129,6,RANF,RANF,MeasuredDomainERB,1.27942317626045
P0129,129,6,RANF,RANF,Contralateral25ERB,1.55178510360773
P0129,129,6,RANF,RANF,ContralateralHemisphereHighFrequency,4.60530143532566
P0129,129,6,RANF,RANF,HorizontalILDMAE,1.25287163572853
P0129,129,14,MCARv32,MCAR v3.2,MeasuredDomainERB,1.24437297222608
P0129,129,14,MCARv32,MCAR v3.2,Contralateral25ERB,2.26813511725761
P0129,129,14,MCARv32,MCAR v3.2,ContralateralHemisphereHighFrequency,4.43878550631568
P0129,129,14,MCARv32,MCAR v3.2,HorizontalILDMAE,0.794801672070332
P0129,129,14,FSPAE,FSP-AE,MeasuredDomainERB,2.18777123673604
P0129,129,14,FSPAE,FSP-AE,Contralateral25ERB,2.47558487431468
P0129,129,14,FSPAE,FSP-AE,ContralateralHemisphereHighFrequency,3.84843955584183
P0129,129,14,FSPAE,FSP-AE,HorizontalILDMAE,2.14497312464828
P0129,129,14,RANF,RANF,MeasuredDomainERB,1.1705078691104
P0129,129,14,RANF,RANF,Contralateral25ERB,1.56146630945459
P0129,129,14,RANF,RANF,ContralateralHemisphereHighFrequency,4.04859119286287
P0129,129,14,RANF,RANF,HorizontalILDMAE,0.980691220061867
P0129,129,26,MCARv32,MCAR v3.2,MeasuredDomainERB,0.883282282862051
P0129,129,26,MCARv32,MCAR v3.2,Contralateral25ERB,1.38452698766358
P0129,129,26,MCARv32,MCAR v3.2,ContralateralHemisphereHighFrequency,3.92860433401681
P0129,129,26,MCARv32,MCAR v3.2,HorizontalILDMAE,0.522592539404784
P0129,129,26,FSPAE,FSP-AE,MeasuredDomainERB,1.08631259545145
P0129,129,26,FSPAE,FSP-AE,Contralateral25ERB,1.75176707858366
P0129,129,26,FSPAE,FSP-AE,ContralateralHemisphereHighFrequency,3.27061757955373
P0129,129,26,FSPAE,FSP-AE,HorizontalILDMAE,0.512707417343385
P0129,129,26,RANF,RANF,MeasuredDomainERB,1.11156618309858
P0129,129,26,RANF,RANF,Contralateral25ERB,1.70304807556596
P0129,129,26,RANF,RANF,ContralateralHemisphereHighFrequency,4.00548043013324
P0129,129,26,RANF,RANF,HorizontalILDMAE,0.80910173149494
P0134,134,6,MCARv32,MCAR v3.2,MeasuredDomainERB,1.80555735655913
P0134,134,6,MCARv32,MCAR v3.2,Contralateral25ERB,1.6058798852339
P0134,134,6,MCARv32,MCAR v3.2,ContralateralHemisphereHighFrequency,5.22729231980353
P0134,134,6,MCARv32,MCAR v3.2,HorizontalILDMAE,1.47456235043405
P0134,134,6,FSPAE,FSP-AE,MeasuredDomainERB,3.31518915273593
P0134,134,6,FSPAE,FSP-AE,Contralateral25ERB,2.5863303367259
P0134,134,6,FSPAE,FSP-AE,ContralateralHemisphereHighFrequency,5.37852194118463
P0134,134,6,FSPAE,FSP-AE,HorizontalILDMAE,1.7341188036612
P0134,134,6,RANF,RANF,MeasuredDomainERB,1.21113764769035
P0134,134,6,RANF,RANF,Contralateral25ERB,1.53046233249526
P0134,134,6,RANF,RANF,ContralateralHemisphereHighFrequency,4.39153575338672
P0134,134,6,RANF,RANF,HorizontalILDMAE,0.923979430732973
P0134,134,14,MCARv32,MCAR v3.2,MeasuredDomainERB,1.17485362002316
P0134,134,14,MCARv32,MCAR v3.2,Contralateral25ERB,1.66549599283997
P0134,134,14,MCARv32,MCAR v3.2,ContralateralHemisphereHighFrequency,4.22279090617723
P0134,134,14,MCARv32,MCAR v3.2,HorizontalILDMAE,0.500896571032206
P0134,134,14,FSPAE,FSP-AE,MeasuredDomainERB,2.12402351196793
P0134,134,14,FSPAE,FSP-AE,Contralateral25ERB,2.51423087285385
P0134,134,14,FSPAE,FSP-AE,ContralateralHemisphereHighFrequency,4.20324114506815
P0134,134,14,FSPAE,FSP-AE,HorizontalILDMAE,1.50620438856776
P0134,134,14,RANF,RANF,MeasuredDomainERB,1.16378611420664
P0134,134,14,RANF,RANF,Contralateral25ERB,1.65052350453372
P0134,134,14,RANF,RANF,ContralateralHemisphereHighFrequency,4.13927154989632
P0134,134,14,RANF,RANF,HorizontalILDMAE,0.897219499709027
P0134,134,26,MCARv32,MCAR v3.2,MeasuredDomainERB,0.891400922079345
P0134,134,26,MCARv32,MCAR v3.2,Contralateral25ERB,1.33412377299449
P0134,134,26,MCARv32,MCAR v3.2,ContralateralHemisphereHighFrequency,3.77822189574534
P0134,134,26,MCARv32,MCAR v3.2,HorizontalILDMAE,0.572088222079474
P0134,134,26,FSPAE,FSP-AE,MeasuredDomainERB,1.15951081389413
P0134,134,26,FSPAE,FSP-AE,Contralateral25ERB,1.98240954045551
P0134,134,26,FSPAE,FSP-AE,ContralateralHemisphereHighFrequency,3.57335417197974
P0134,134,26,FSPAE,FSP-AE,HorizontalILDMAE,0.546122872236015
P0134,134,26,RANF,RANF,MeasuredDomainERB,1.11330776597648
P0134,134,26,RANF,RANF,Contralateral25ERB,1.76633171913425
P0134,134,26,RANF,RANF,ContralateralHemisphereHighFrequency,4.07169041564732
P0134,134,26,RANF,RANF,HorizontalILDMAE,0.950294536410363
P0147,147,6,MCARv32,MCAR v3.2,MeasuredDomainERB,1.77922795598636
P0147,147,6,MCARv32,MCAR v3.2,Contralateral25ERB,1.53991507019451
P0147,147,6,MCARv32,MCAR v3.2,ContralateralHemisphereHighFrequency,4.90973366727296
P0147,147,6,MCARv32,MCAR v3.2,HorizontalILDMAE,1.33507511494159
P0147,147,6,FSPAE,FSP-AE,MeasuredDomainERB,3.42525118967623
P0147,147,6,FSPAE,FSP-AE,Contralateral25ERB,2.51707611520553
P0147,147,6,FSPAE,FSP-AE,ContralateralHemisphereHighFrequency,4.45825981716342
P0147,147,6,FSPAE,FSP-AE,HorizontalILDMAE,2.22091492560804
P0147,147,6,RANF,RANF,MeasuredDomainERB,1.12682612886171
P0147,147,6,RANF,RANF,Contralateral25ERB,1.41369823108423
P0147,147,6,RANF,RANF,ContralateralHemisphereHighFrequency,3.70453398990441
P0147,147,6,RANF,RANF,HorizontalILDMAE,1.10012132421714
P0147,147,14,MCARv32,MCAR v3.2,MeasuredDomainERB,1.16747993923885
P0147,147,14,MCARv32,MCAR v3.2,Contralateral25ERB,1.64100351212368
P0147,147,14,MCARv32,MCAR v3.2,ContralateralHemisphereHighFrequency,4.02236845835123
P0147,147,14,MCARv32,MCAR v3.2,HorizontalILDMAE,0.906350998984125
P0147,147,14,FSPAE,FSP-AE,MeasuredDomainERB,2.17904537680373
P0147,147,14,FSPAE,FSP-AE,Contralateral25ERB,2.16104729950079
P0147,147,14,FSPAE,FSP-AE,ContralateralHemisphereHighFrequency,3.6996587124259
P0147,147,14,FSPAE,FSP-AE,HorizontalILDMAE,2.30896624010692
P0147,147,14,RANF,RANF,MeasuredDomainERB,1.11660140904425
P0147,147,14,RANF,RANF,Contralateral25ERB,1.51352741031008
P0147,147,14,RANF,RANF,ContralateralHemisphereHighFrequency,3.25943716862232
P0147,147,14,RANF,RANF,HorizontalILDMAE,1.00792632933956
P0147,147,26,MCARv32,MCAR v3.2,MeasuredDomainERB,0.816429124379356
P0147,147,26,MCARv32,MCAR v3.2,Contralateral25ERB,1.18296802403555
P0147,147,26,MCARv32,MCAR v3.2,ContralateralHemisphereHighFrequency,3.37883808725607
P0147,147,26,MCARv32,MCAR v3.2,HorizontalILDMAE,0.576470634930293
P0147,147,26,FSPAE,FSP-AE,MeasuredDomainERB,1.06783101359119
P0147,147,26,FSPAE,FSP-AE,Contralateral25ERB,1.62789707435937
P0147,147,26,FSPAE,FSP-AE,ContralateralHemisphereHighFrequency,2.79703830676199
P0147,147,26,FSPAE,FSP-AE,HorizontalILDMAE,0.515345215440555
P0147,147,26,RANF,RANF,MeasuredDomainERB,1.09071897517419
P0147,147,26,RANF,RANF,Contralateral25ERB,1.42499205300246
P0147,147,26,RANF,RANF,ContralateralHemisphereHighFrequency,3.2255252802302
P0147,147,26,RANF,RANF,HorizontalILDMAE,0.59851489548404
P0163,163,6,MCARv32,MCAR v3.2,MeasuredDomainERB,1.66648043186635
P0163,163,6,MCARv32,MCAR v3.2,Contralateral25ERB,1.56145819066252
P0163,163,6,MCARv32,MCAR v3.2,ContralateralHemisphereHighFrequency,5.00732927779578
P0163,163,6,MCARv32,MCAR v3.2,HorizontalILDMAE,1.1281696595562
P0163,163,6,FSPAE,FSP-AE,MeasuredDomainERB,3.35506533877577
P0163,163,6,FSPAE,FSP-AE,Contralateral25ERB,2.61730326716141
P0163,163,6,FSPAE,FSP-AE,ContralateralHemisphereHighFrequency,5.25858507929236
P0163,163,6,FSPAE,FSP-AE,HorizontalILDMAE,1.93762128314375
P0163,163,6,RANF,RANF,MeasuredDomainERB,1.16627974046065
P0163,163,6,RANF,RANF,Contralateral25ERB,1.60011350902468
P0163,163,6,RANF,RANF,ContralateralHemisphereHighFrequency,3.84054121332906
P0163,163,6,RANF,RANF,HorizontalILDMAE,0.666309824217875
P0163,163,14,MCARv32,MCAR v3.2,MeasuredDomainERB,1.07452651124625
P0163,163,14,MCARv32,MCAR v3.2,Contralateral25ERB,1.85446150860396
P0163,163,14,MCARv32,MCAR v3.2,ContralateralHemisphereHighFrequency,3.64745398810407
P0163,163,14,MCARv32,MCAR v3.2,HorizontalILDMAE,0.755859666822882
P0163,163,14,FSPAE,FSP-AE,MeasuredDomainERB,2.04640321691099
P0163,163,14,FSPAE,FSP-AE,Contralateral25ERB,2.19484473328444
P0163,163,14,FSPAE,FSP-AE,ContralateralHemisphereHighFrequency,3.68801870019204
P0163,163,14,FSPAE,FSP-AE,HorizontalILDMAE,1.89591801519793
P0163,163,14,RANF,RANF,MeasuredDomainERB,1.02556340416102
P0163,163,14,RANF,RANF,Contralateral25ERB,1.5968954135649
P0163,163,14,RANF,RANF,ContralateralHemisphereHighFrequency,3.24163617487251
P0163,163,14,RANF,RANF,HorizontalILDMAE,0.776078021671507
P0163,163,26,MCARv32,MCAR v3.2,MeasuredDomainERB,0.800397013179274
P0163,163,26,MCARv32,MCAR v3.2,Contralateral25ERB,1.25688017320716
P0163,163,26,MCARv32,MCAR v3.2,ContralateralHemisphereHighFrequency,3.22321188192631
P0163,163,26,MCARv32,MCAR v3.2,HorizontalILDMAE,0.561401812395388
P0163,163,26,FSPAE,FSP-AE,MeasuredDomainERB,1.04886215350369
P0163,163,26,FSPAE,FSP-AE,Contralateral25ERB,1.69466388609852
P0163,163,26,FSPAE,FSP-AE,ContralateralHemisphereHighFrequency,2.75498032611281
P0163,163,26,FSPAE,FSP-AE,HorizontalILDMAE,0.441434128829946
P0163,163,26,RANF,RANF,MeasuredDomainERB,0.950320502724262
P0163,163,26,RANF,RANF,Contralateral25ERB,1.59585897971944
P0163,163,26,RANF,RANF,ContralateralHemisphereHighFrequency,3.28472302384277
P0163,163,26,RANF,RANF,HorizontalILDMAE,0.492169181901585
P0177,177,6,MCARv32,MCAR v3.2,MeasuredDomainERB,1.95158742853351
P0177,177,6,MCARv32,MCAR v3.2,Contralateral25ERB,1.95582449938072
P0177,177,6,MCARv32,MCAR v3.2,ContralateralHemisphereHighFrequency,5.69784967477324
P0177,177,6,MCARv32,MCAR v3.2,HorizontalILDMAE,1.68780996013801
P0177,177,6,FSPAE,FSP-AE,MeasuredDomainERB,3.56456290166682
P0177,177,6,FSPAE,FSP-AE,Contralateral25ERB,2.61235071196636
P0177,177,6,FSPAE,FSP-AE,ContralateralHemisphereHighFrequency,5.27526946629435
P0177,177,6,FSPAE,FSP-AE,HorizontalILDMAE,3.01813556646691
P0177,177,6,RANF,RANF,MeasuredDomainERB,1.27445305534783
P0177,177,6,RANF,RANF,Contralateral25ERB,1.75825085782007
P0177,177,6,RANF,RANF,ContralateralHemisphereHighFrequency,3.83970976565619
P0177,177,6,RANF,RANF,HorizontalILDMAE,1.11031245361409
P0177,177,14,MCARv32,MCAR v3.2,MeasuredDomainERB,1.32534878814716
P0177,177,14,MCARv32,MCAR v3.2,Contralateral25ERB,2.26857651240898
P0177,177,14,MCARv32,MCAR v3.2,ContralateralHemisphereHighFrequency,4.27349114506132
P0177,177,14,MCARv32,MCAR v3.2,HorizontalILDMAE,0.562690367686128
P0177,177,14,FSPAE,FSP-AE,MeasuredDomainERB,2.25067530233787
P0177,177,14,FSPAE,FSP-AE,Contralateral25ERB,2.36792306826128
P0177,177,14,FSPAE,FSP-AE,ContralateralHemisphereHighFrequency,3.85436223288765
P0177,177,14,FSPAE,FSP-AE,HorizontalILDMAE,3.47246001771489
P0177,177,14,RANF,RANF,MeasuredDomainERB,1.14102494066052
P0177,177,14,RANF,RANF,Contralateral25ERB,1.74993865847905
P0177,177,14,RANF,RANF,ContralateralHemisphereHighFrequency,3.53957805437144
P0177,177,14,RANF,RANF,HorizontalILDMAE,0.614746445946525
P0177,177,26,MCARv32,MCAR v3.2,MeasuredDomainERB,0.898901011821792
P0177,177,26,MCARv32,MCAR v3.2,Contralateral25ERB,1.5276178349977
P0177,177,26,MCARv32,MCAR v3.2,ContralateralHemisphereHighFrequency,3.55135272642093
P0177,177,26,MCARv32,MCAR v3.2,HorizontalILDMAE,0.797499917952534
P0177,177,26,FSPAE,FSP-AE,MeasuredDomainERB,1.11208783949154
P0177,177,26,FSPAE,FSP-AE,Contralateral25ERB,1.83818170417311
P0177,177,26,FSPAE,FSP-AE,ContralateralHemisphereHighFrequency,3.04992822253585
P0177,177,26,FSPAE,FSP-AE,HorizontalILDMAE,0.706631598959101
P0177,177,26,RANF,RANF,MeasuredDomainERB,1.13662462427011
P0177,177,26,RANF,RANF,Contralateral25ERB,1.70369150621843
P0177,177,26,RANF,RANF,ContralateralHemisphereHighFrequency,3.45018086957592
P0177,177,26,RANF,RANF,HorizontalILDMAE,0.401629455604852
P0231,231,6,MCARv32,MCAR v3.2,MeasuredDomainERB,1.86944240319028
P0231,231,6,MCARv32,MCAR v3.2,Contralateral25ERB,1.60012995842462
P0231,231,6,MCARv32,MCAR v3.2,ContralateralHemisphereHighFrequency,5.53595068377054
P0231,231,6,MCARv32,MCAR v3.2,HorizontalILDMAE,1.39303600527245
P0231,231,6,FSPAE,FSP-AE,MeasuredDomainERB,3.4834325327947
P0231,231,6,FSPAE,FSP-AE,Contralateral25ERB,2.69912412548474
P0231,231,6,FSPAE,FSP-AE,ContralateralHemisphereHighFrequency,5.23245004629001
P0231,231,6,FSPAE,FSP-AE,HorizontalILDMAE,1.57028038792969
P0231,231,6,RANF,RANF,MeasuredDomainERB,1.24273521335177
P0231,231,6,RANF,RANF,Contralateral25ERB,1.37324829619208
P0231,231,6,RANF,RANF,ContralateralHemisphereHighFrequency,4.22648671442685
P0231,231,6,RANF,RANF,HorizontalILDMAE,1.06383426744342
P0231,231,14,MCARv32,MCAR v3.2,MeasuredDomainERB,1.23828135278015
P0231,231,14,MCARv32,MCAR v3.2,Contralateral25ERB,1.96714115130607
P0231,231,14,MCARv32,MCAR v3.2,ContralateralHemisphereHighFrequency,4.78175412027324
P0231,231,14,MCARv32,MCAR v3.2,HorizontalILDMAE,0.693433697877523
P0231,231,14,FSPAE,FSP-AE,MeasuredDomainERB,2.13523587689404
P0231,231,14,FSPAE,FSP-AE,Contralateral25ERB,2.29119917251432
P0231,231,14,FSPAE,FSP-AE,ContralateralHemisphereHighFrequency,4.20050037143181
P0231,231,14,FSPAE,FSP-AE,HorizontalILDMAE,2.01658273010837
P0231,231,14,RANF,RANF,MeasuredDomainERB,1.16687783312978
P0231,231,14,RANF,RANF,Contralateral25ERB,1.40125092534617
P0231,231,14,RANF,RANF,ContralateralHemisphereHighFrequency,3.97519018596658
P0231,231,14,RANF,RANF,HorizontalILDMAE,0.535230222287088
P0231,231,26,MCARv32,MCAR v3.2,MeasuredDomainERB,0.87964913975685
P0231,231,26,MCARv32,MCAR v3.2,Contralateral25ERB,1.29133869343428
P0231,231,26,MCARv32,MCAR v3.2,ContralateralHemisphereHighFrequency,3.93145581442535
P0231,231,26,MCARv32,MCAR v3.2,HorizontalILDMAE,0.523765159977417
P0231,231,26,FSPAE,FSP-AE,MeasuredDomainERB,1.0870280909488
P0231,231,26,FSPAE,FSP-AE,Contralateral25ERB,1.74660836377034
P0231,231,26,FSPAE,FSP-AE,ContralateralHemisphereHighFrequency,3.41327833919515
P0231,231,26,FSPAE,FSP-AE,HorizontalILDMAE,0.53768511956914
P0231,231,26,RANF,RANF,MeasuredDomainERB,1.12874647961713
P0231,231,26,RANF,RANF,Contralateral25ERB,1.40040655352813
P0231,231,26,RANF,RANF,ContralateralHemisphereHighFrequency,3.70696617632156
P0231,231,26,RANF,RANF,HorizontalILDMAE,0.816211708764611
P0234,234,6,MCARv32,MCAR v3.2,MeasuredDomainERB,1.96025762728918
P0234,234,6,MCARv32,MCAR v3.2,Contralateral25ERB,1.7655883081692
P0234,234,6,MCARv32,MCAR v3.2,ContralateralHemisphereHighFrequency,5.43803667111464
P0234,234,6,MCARv32,MCAR v3.2,HorizontalILDMAE,2.09109618796213
P0234,234,6,FSPAE,FSP-AE,MeasuredDomainERB,3.49734641959688
P0234,234,6,FSPAE,FSP-AE,Contralateral25ERB,2.98384949088124
P0234,234,6,FSPAE,FSP-AE,ContralateralHemisphereHighFrequency,5.08350003985255
P0234,234,6,FSPAE,FSP-AE,HorizontalILDMAE,2.3665062490523
P0234,234,6,RANF,RANF,MeasuredDomainERB,1.30548490896297
P0234,234,6,RANF,RANF,Contralateral25ERB,1.62854201605405
P0234,234,6,RANF,RANF,ContralateralHemisphereHighFrequency,3.82722986608338
P0234,234,6,RANF,RANF,HorizontalILDMAE,1.63992302503423
P0234,234,14,MCARv32,MCAR v3.2,MeasuredDomainERB,1.47575505645331
P0234,234,14,MCARv32,MCAR v3.2,Contralateral25ERB,2.11833563537166
P0234,234,14,MCARv32,MCAR v3.2,ContralateralHemisphereHighFrequency,4.65193527340657
P0234,234,14,MCARv32,MCAR v3.2,HorizontalILDMAE,1.52515524706282
P0234,234,14,FSPAE,FSP-AE,MeasuredDomainERB,2.12776157031045
P0234,234,14,FSPAE,FSP-AE,Contralateral25ERB,2.75135058589522
P0234,234,14,FSPAE,FSP-AE,ContralateralHemisphereHighFrequency,3.94756942875819
P0234,234,14,FSPAE,FSP-AE,HorizontalILDMAE,1.35436622332561
P0234,234,14,RANF,RANF,MeasuredDomainERB,1.35403811638657
P0234,234,14,RANF,RANF,Contralateral25ERB,1.70532893380951
P0234,234,14,RANF,RANF,ContralateralHemisphereHighFrequency,3.90983816402453
P0234,234,14,RANF,RANF,HorizontalILDMAE,1.08330350060235
P0234,234,26,MCARv32,MCAR v3.2,MeasuredDomainERB,0.970246500677123
P0234,234,26,MCARv32,MCAR v3.2,Contralateral25ERB,1.45849621865406
P0234,234,26,MCARv32,MCAR v3.2,ContralateralHemisphereHighFrequency,3.60178418255946
P0234,234,26,MCARv32,MCAR v3.2,HorizontalILDMAE,1.08804957654709
P0234,234,26,FSPAE,FSP-AE,MeasuredDomainERB,1.33589353323594
P0234,234,26,FSPAE,FSP-AE,Contralateral25ERB,1.92440710279606
P0234,234,26,FSPAE,FSP-AE,ContralateralHemisphereHighFrequency,2.93734849188727
P0234,234,26,FSPAE,FSP-AE,HorizontalILDMAE,0.613035231738366
P0234,234,26,RANF,RANF,MeasuredDomainERB,1.23082961648184
P0234,234,26,RANF,RANF,Contralateral25ERB,1.52397518702983
P0234,234,26,RANF,RANF,ContralateralHemisphereHighFrequency,3.40985681047113
P0234,234,26,RANF,RANF,HorizontalILDMAE,0.806522339322611
P0237,237,6,MCARv32,MCAR v3.2,MeasuredDomainERB,1.66529072178104
P0237,237,6,MCARv32,MCAR v3.2,Contralateral25ERB,1.68352403749343
P0237,237,6,MCARv32,MCAR v3.2,ContralateralHemisphereHighFrequency,4.97361082014843
P0237,237,6,MCARv32,MCAR v3.2,HorizontalILDMAE,1.61389509432624
P0237,237,6,FSPAE,FSP-AE,MeasuredDomainERB,3.46898546629614
P0237,237,6,FSPAE,FSP-AE,Contralateral25ERB,2.68529564806177
P0237,237,6,FSPAE,FSP-AE,ContralateralHemisphereHighFrequency,5.06389311851109
P0237,237,6,FSPAE,FSP-AE,HorizontalILDMAE,1.60705661217912
P0237,237,6,RANF,RANF,MeasuredDomainERB,1.22536413432294
P0237,237,6,RANF,RANF,Contralateral25ERB,1.60955637967624
P0237,237,6,RANF,RANF,ContralateralHemisphereHighFrequency,4.12167396450016
P0237,237,6,RANF,RANF,HorizontalILDMAE,1.16817871501244
P0237,237,14,MCARv32,MCAR v3.2,MeasuredDomainERB,0.998095811722518
P0237,237,14,MCARv32,MCAR v3.2,Contralateral25ERB,1.80855129118406
P0237,237,14,MCARv32,MCAR v3.2,ContralateralHemisphereHighFrequency,4.04825090654862
P0237,237,14,MCARv32,MCAR v3.2,HorizontalILDMAE,1.16885766790471
P0237,237,14,FSPAE,FSP-AE,MeasuredDomainERB,2.18142410442688
P0237,237,14,FSPAE,FSP-AE,Contralateral25ERB,2.24651520099277
P0237,237,14,FSPAE,FSP-AE,ContralateralHemisphereHighFrequency,3.82661984350739
P0237,237,14,FSPAE,FSP-AE,HorizontalILDMAE,2.21612740138289
P0237,237,14,RANF,RANF,MeasuredDomainERB,1.13477040486593
P0237,237,14,RANF,RANF,Contralateral25ERB,1.54297780688944
P0237,237,14,RANF,RANF,ContralateralHemisphereHighFrequency,3.8145246409999
P0237,237,14,RANF,RANF,HorizontalILDMAE,0.948073193371931
P0237,237,26,MCARv32,MCAR v3.2,MeasuredDomainERB,0.817540271187442
P0237,237,26,MCARv32,MCAR v3.2,Contralateral25ERB,1.40874068729748
P0237,237,26,MCARv32,MCAR v3.2,ContralateralHemisphereHighFrequency,3.70845273156075
P0237,237,26,MCARv32,MCAR v3.2,HorizontalILDMAE,0.846508526642626
P0237,237,26,FSPAE,FSP-AE,MeasuredDomainERB,1.01126013310536
P0237,237,26,FSPAE,FSP-AE,Contralateral25ERB,1.7965573580763
P0237,237,26,FSPAE,FSP-AE,ContralateralHemisphereHighFrequency,3.07726893376607
P0237,237,26,FSPAE,FSP-AE,HorizontalILDMAE,0.669644293743696
P0237,237,26,RANF,RANF,MeasuredDomainERB,1.06354832083673
P0237,237,26,RANF,RANF,Contralateral25ERB,1.70522284977745
P0237,237,26,RANF,RANF,ContralateralHemisphereHighFrequency,3.6758534994796
P0237,237,26,RANF,RANF,HorizontalILDMAE,0.832458760792253
P0240,240,6,MCARv32,MCAR v3.2,MeasuredDomainERB,2.03573269509057
P0240,240,6,MCARv32,MCAR v3.2,Contralateral25ERB,1.96591484031575
P0240,240,6,MCARv32,MCAR v3.2,ContralateralHemisphereHighFrequency,6.04149784666985
P0240,240,6,MCARv32,MCAR v3.2,HorizontalILDMAE,1.61334776235552
P0240,240,6,FSPAE,FSP-AE,MeasuredDomainERB,3.30519951782772
P0240,240,6,FSPAE,FSP-AE,Contralateral25ERB,3.10837539722529
P0240,240,6,FSPAE,FSP-AE,ContralateralHemisphereHighFrequency,5.96495524817057
P0240,240,6,FSPAE,FSP-AE,HorizontalILDMAE,2.6515922318719
P0240,240,6,RANF,RANF,MeasuredDomainERB,1.27198663216128
P0240,240,6,RANF,RANF,Contralateral25ERB,1.69914726984627
P0240,240,6,RANF,RANF,ContralateralHemisphereHighFrequency,4.59281409913864
P0240,240,6,RANF,RANF,HorizontalILDMAE,1.06097289190068
P0240,240,14,MCARv32,MCAR v3.2,MeasuredDomainERB,1.2581728015615
P0240,240,14,MCARv32,MCAR v3.2,Contralateral25ERB,1.85208464819326
P0240,240,14,MCARv32,MCAR v3.2,ContralateralHemisphereHighFrequency,4.54404561104094
P0240,240,14,MCARv32,MCAR v3.2,HorizontalILDMAE,0.840692307941605
P0240,240,14,FSPAE,FSP-AE,MeasuredDomainERB,2.02979997301382
P0240,240,14,FSPAE,FSP-AE,Contralateral25ERB,2.75747407274462
P0240,240,14,FSPAE,FSP-AE,ContralateralHemisphereHighFrequency,4.63186994005344
P0240,240,14,FSPAE,FSP-AE,HorizontalILDMAE,1.48023795306177
P0240,240,14,RANF,RANF,MeasuredDomainERB,1.13857933791744
P0240,240,14,RANF,RANF,Contralateral25ERB,1.48490916893903
P0240,240,14,RANF,RANF,ContralateralHemisphereHighFrequency,3.91761138590083
P0240,240,14,RANF,RANF,HorizontalILDMAE,0.717680913537768
P0240,240,26,MCARv32,MCAR v3.2,MeasuredDomainERB,0.935249612811917
P0240,240,26,MCARv32,MCAR v3.2,Contralateral25ERB,1.49177442351155
P0240,240,26,MCARv32,MCAR v3.2,ContralateralHemisphereHighFrequency,4.05028574765494
P0240,240,26,MCARv32,MCAR v3.2,HorizontalILDMAE,0.765280453593775
P0240,240,26,FSPAE,FSP-AE,MeasuredDomainERB,1.24468649200639
P0240,240,26,FSPAE,FSP-AE,Contralateral25ERB,1.99103216996991
P0240,240,26,FSPAE,FSP-AE,ContralateralHemisphereHighFrequency,3.45930556593427
P0240,240,26,FSPAE,FSP-AE,HorizontalILDMAE,0.701073511469716
P0240,240,26,RANF,RANF,MeasuredDomainERB,1.10004472324499
P0240,240,26,RANF,RANF,Contralateral25ERB,1.48564261787442
P0240,240,26,RANF,RANF,ContralateralHemisphereHighFrequency,3.7525227955736
P0240,240,26,RANF,RANF,HorizontalILDMAE,0.822013461984203
P0260,260,6,MCARv32,MCAR v3.2,MeasuredDomainERB,2.02615084994092
P0260,260,6,MCARv32,MCAR v3.2,Contralateral25ERB,1.7983486335244
P0260,260,6,MCARv32,MCAR v3.2,ContralateralHemisphereHighFrequency,5.75366611807651
P0260,260,6,MCARv32,MCAR v3.2,HorizontalILDMAE,2.01018498975705
P0260,260,6,FSPAE,FSP-AE,MeasuredDomainERB,3.42774690971849
P0260,260,6,FSPAE,FSP-AE,Contralateral25ERB,3.14890124331796
P0260,260,6,FSPAE,FSP-AE,ContralateralHemisphereHighFrequency,5.36662119558484
P0260,260,6,FSPAE,FSP-AE,HorizontalILDMAE,2.36686657685545
P0260,260,6,RANF,RANF,MeasuredDomainERB,1.30124964859181
P0260,260,6,RANF,RANF,Contralateral25ERB,1.60779635076325
P0260,260,6,RANF,RANF,ContralateralHemisphereHighFrequency,4.20322808870686
P0260,260,6,RANF,RANF,HorizontalILDMAE,1.20849071299398
P0260,260,14,MCARv32,MCAR v3.2,MeasuredDomainERB,1.24686337189217
P0260,260,14,MCARv32,MCAR v3.2,Contralateral25ERB,1.89982450018421
P0260,260,14,MCARv32,MCAR v3.2,ContralateralHemisphereHighFrequency,4.72249237193777
P0260,260,14,MCARv32,MCAR v3.2,HorizontalILDMAE,0.785870965421052
P0260,260,14,FSPAE,FSP-AE,MeasuredDomainERB,1.98202723514129
P0260,260,14,FSPAE,FSP-AE,Contralateral25ERB,2.71754420936387
P0260,260,14,FSPAE,FSP-AE,ContralateralHemisphereHighFrequency,4.13447182198699
P0260,260,14,FSPAE,FSP-AE,HorizontalILDMAE,1.56271204998704
P0260,260,14,RANF,RANF,MeasuredDomainERB,1.26162502890556
P0260,260,14,RANF,RANF,Contralateral25ERB,1.53670396819266
P0260,260,14,RANF,RANF,ContralateralHemisphereHighFrequency,4.02447931554953
P0260,260,14,RANF,RANF,HorizontalILDMAE,1.04318968055461
P0260,260,26,MCARv32,MCAR v3.2,MeasuredDomainERB,0.891840370538735
P0260,260,26,MCARv32,MCAR v3.2,Contralateral25ERB,1.36041281641192
P0260,260,26,MCARv32,MCAR v3.2,ContralateralHemisphereHighFrequency,3.71668256940802
P0260,260,26,MCARv32,MCAR v3.2,HorizontalILDMAE,0.692736461768626
P0260,260,26,FSPAE,FSP-AE,MeasuredDomainERB,1.24490592016494
P0260,260,26,FSPAE,FSP-AE,Contralateral25ERB,1.86190609973848
P0260,260,26,FSPAE,FSP-AE,ContralateralHemisphereHighFrequency,3.1627874534417
P0260,260,26,FSPAE,FSP-AE,HorizontalILDMAE,0.581476854341214
P0260,260,26,RANF,RANF,MeasuredDomainERB,1.2839234229467
P0260,260,26,RANF,RANF,Contralateral25ERB,1.94970964133084
P0260,260,26,RANF,RANF,ContralateralHemisphereHighFrequency,3.83292822711717
P0260,260,26,RANF,RANF,HorizontalILDMAE,0.66990474461847
P0261,261,6,MCARv32,MCAR v3.2,MeasuredDomainERB,2.02101028963496
P0261,261,6,MCARv32,MCAR v3.2,Contralateral25ERB,1.73074284290269
P0261,261,6,MCARv32,MCAR v3.2,ContralateralHemisphereHighFrequency,5.8070087241161
P0261,261,6,MCARv32,MCAR v3.2,HorizontalILDMAE,1.6379166949728
P0261,261,6,FSPAE,FSP-AE,MeasuredDomainERB,3.3752870418718
P0261,261,6,FSPAE,FSP-AE,Contralateral25ERB,3.04779684149706
P0261,261,6,FSPAE,FSP-AE,ContralateralHemisphereHighFrequency,5.51982033107963
P0261,261,6,FSPAE,FSP-AE,HorizontalILDMAE,2.07344700438612
P0261,261,6,RANF,RANF,MeasuredDomainERB,1.3626613471657
P0261,261,6,RANF,RANF,Contralateral25ERB,1.81371607911029
P0261,261,6,RANF,RANF,ContralateralHemisphereHighFrequency,4.04595793597556
P0261,261,6,RANF,RANF,HorizontalILDMAE,1.58807554110367
P0261,261,14,MCARv32,MCAR v3.2,MeasuredDomainERB,1.30470836466778
P0261,261,14,MCARv32,MCAR v3.2,Contralateral25ERB,1.89815912287891
P0261,261,14,MCARv32,MCAR v3.2,ContralateralHemisphereHighFrequency,4.53310606659923
P0261,261,14,MCARv32,MCAR v3.2,HorizontalILDMAE,1.2235865746688
P0261,261,14,FSPAE,FSP-AE,MeasuredDomainERB,2.06619473534138
P0261,261,14,FSPAE,FSP-AE,Contralateral25ERB,2.65435513356474
P0261,261,14,FSPAE,FSP-AE,ContralateralHemisphereHighFrequency,4.12389537114094
P0261,261,14,FSPAE,FSP-AE,HorizontalILDMAE,1.7737872858876
P0261,261,14,RANF,RANF,MeasuredDomainERB,1.18860236583564
P0261,261,14,RANF,RANF,Contralateral25ERB,1.63174199797669
P0261,261,14,RANF,RANF,ContralateralHemisphereHighFrequency,3.69449027149733
P0261,261,14,RANF,RANF,HorizontalILDMAE,0.966775953464182
P0261,261,26,MCARv32,MCAR v3.2,MeasuredDomainERB,0.935831880224122
P0261,261,26,MCARv32,MCAR v3.2,Contralateral25ERB,1.38699244059394
P0261,261,26,MCARv32,MCAR v3.2,ContralateralHemisphereHighFrequency,3.61195888394851
P0261,261,26,MCARv32,MCAR v3.2,HorizontalILDMAE,0.809819705825737
P0261,261,26,FSPAE,FSP-AE,MeasuredDomainERB,1.26604544309165
P0261,261,26,FSPAE,FSP-AE,Contralateral25ERB,1.83431789584003
P0261,261,26,FSPAE,FSP-AE,ContralateralHemisphereHighFrequency,2.96705480451528
P0261,261,26,FSPAE,FSP-AE,HorizontalILDMAE,0.889318519729539
P0261,261,26,RANF,RANF,MeasuredDomainERB,1.15860113415341
P0261,261,26,RANF,RANF,Contralateral25ERB,1.81516170768196
P0261,261,26,RANF,RANF,ContralateralHemisphereHighFrequency,3.39057375381665
P0261,261,26,RANF,RANF,HorizontalILDMAE,1.3462780201607
P0291,291,6,MCARv32,MCAR v3.2,MeasuredDomainERB,2.0106701220241
P0291,291,6,MCARv32,MCAR v3.2,Contralateral25ERB,1.75132924268052
P0291,291,6,MCARv32,MCAR v3.2,ContralateralHemisphereHighFrequency,5.84359300177996
P0291,291,6,MCARv32,MCAR v3.2,HorizontalILDMAE,1.52496507787664
P0291,291,6,FSPAE,FSP-AE,MeasuredDomainERB,3.28323436528316
P0291,291,6,FSPAE,FSP-AE,Contralateral25ERB,3.04432795017463
P0291,291,6,FSPAE,FSP-AE,ContralateralHemisphereHighFrequency,4.85291880976908
P0291,291,6,FSPAE,FSP-AE,HorizontalILDMAE,2.3076729643398
P0291,291,6,RANF,RANF,MeasuredDomainERB,1.14741199608077
P0291,291,6,RANF,RANF,Contralateral25ERB,1.692761848379
P0291,291,6,RANF,RANF,ContralateralHemisphereHighFrequency,3.90918570943304
P0291,291,6,RANF,RANF,HorizontalILDMAE,1.17516769815324
P0291,291,14,MCARv32,MCAR v3.2,MeasuredDomainERB,1.22646766998837
P0291,291,14,MCARv32,MCAR v3.2,Contralateral25ERB,2.0343727081273
P0291,291,14,MCARv32,MCAR v3.2,ContralateralHemisphereHighFrequency,4.37352007633795
P0291,291,14,MCARv32,MCAR v3.2,HorizontalILDMAE,1.11294697729378
P0291,291,14,FSPAE,FSP-AE,MeasuredDomainERB,1.94047370079195
P0291,291,14,FSPAE,FSP-AE,Contralateral25ERB,2.71736639450726
P0291,291,14,FSPAE,FSP-AE,ContralateralHemisphereHighFrequency,3.83594886777941
P0291,291,14,FSPAE,FSP-AE,HorizontalILDMAE,1.08673283283788
P0291,291,14,RANF,RANF,MeasuredDomainERB,1.07355082795228
P0291,291,14,RANF,RANF,Contralateral25ERB,1.68687088542536
P0291,291,14,RANF,RANF,ContralateralHemisphereHighFrequency,3.49500971650753
P0291,291,14,RANF,RANF,HorizontalILDMAE,0.760257380317273
P0291,291,26,MCARv32,MCAR v3.2,MeasuredDomainERB,0.837354714519455
P0291,291,26,MCARv32,MCAR v3.2,Contralateral25ERB,1.37862303742677
P0291,291,26,MCARv32,MCAR v3.2,ContralateralHemisphereHighFrequency,3.61632494825128
P0291,291,26,MCARv32,MCAR v3.2,HorizontalILDMAE,0.487903128131512
P0291,291,26,FSPAE,FSP-AE,MeasuredDomainERB,1.22683858376056
P0291,291,26,FSPAE,FSP-AE,Contralateral25ERB,1.98420014811066
P0291,291,26,FSPAE,FSP-AE,ContralateralHemisphereHighFrequency,2.84953042103083
P0291,291,26,FSPAE,FSP-AE,HorizontalILDMAE,0.544071329733168
P0291,291,26,RANF,RANF,MeasuredDomainERB,0.990204498623457
P0291,291,26,RANF,RANF,Contralateral25ERB,1.52029949374662
P0291,291,26,RANF,RANF,ContralateralHemisphereHighFrequency,3.31483413458755
P0291,291,26,RANF,RANF,HorizontalILDMAE,0.669627197745781
P0293,293,6,MCARv32,MCAR v3.2,MeasuredDomainERB,1.92080778281635
P0293,293,6,MCARv32,MCAR v3.2,Contralateral25ERB,1.63359913269884
P0293,293,6,MCARv32,MCAR v3.2,ContralateralHemisphereHighFrequency,5.42896375635975
P0293,293,6,MCARv32,MCAR v3.2,HorizontalILDMAE,1.54362022956836
P0293,293,6,FSPAE,FSP-AE,MeasuredDomainERB,3.33243533234721
P0293,293,6,FSPAE,FSP-AE,Contralateral25ERB,2.91474290408016
P0293,293,6,FSPAE,FSP-AE,ContralateralHemisphereHighFrequency,5.33651111291586
P0293,293,6,FSPAE,FSP-AE,HorizontalILDMAE,2.42815173423463
P0293,293,6,RANF,RANF,MeasuredDomainERB,1.2328960850073
P0293,293,6,RANF,RANF,Contralateral25ERB,1.75962221010444
P0293,293,6,RANF,RANF,ContralateralHemisphereHighFrequency,3.71737048572147
P0293,293,6,RANF,RANF,HorizontalILDMAE,0.908168397541754
P0293,293,14,MCARv32,MCAR v3.2,MeasuredDomainERB,1.25684975887492
P0293,293,14,MCARv32,MCAR v3.2,Contralateral25ERB,1.97009814433026
P0293,293,14,MCARv32,MCAR v3.2,ContralateralHemisphereHighFrequency,4.26338277443562
P0293,293,14,MCARv32,MCAR v3.2,HorizontalILDMAE,0.614582592537928
P0293,293,14,FSPAE,FSP-AE,MeasuredDomainERB,1.95077353383279
P0293,293,14,FSPAE,FSP-AE,Contralateral25ERB,2.64221545346029
P0293,293,14,FSPAE,FSP-AE,ContralateralHemisphereHighFrequency,3.78030508472552
P0293,293,14,FSPAE,FSP-AE,HorizontalILDMAE,1.32559502865787
P0293,293,14,RANF,RANF,MeasuredDomainERB,1.21576675903929
P0293,293,14,RANF,RANF,Contralateral25ERB,1.58746038023805
P0293,293,14,RANF,RANF,ContralateralHemisphereHighFrequency,3.5672811873697
P0293,293,14,RANF,RANF,HorizontalILDMAE,0.511181591581382
P0293,293,26,MCARv32,MCAR v3.2,MeasuredDomainERB,0.876338689437887
P0293,293,26,MCARv32,MCAR v3.2,Contralateral25ERB,1.27894162932854
P0293,293,26,MCARv32,MCAR v3.2,ContralateralHemisphereHighFrequency,3.46002737938926
P0293,293,26,MCARv32,MCAR v3.2,HorizontalILDMAE,0.59416684108813
P0293,293,26,FSPAE,FSP-AE,MeasuredDomainERB,1.28634192903056
P0293,293,26,FSPAE,FSP-AE,Contralateral25ERB,1.84749318951853
P0293,293,26,FSPAE,FSP-AE,ContralateralHemisphereHighFrequency,3.0420310176841
P0293,293,26,FSPAE,FSP-AE,HorizontalILDMAE,0.712410521665292
P0293,293,26,RANF,RANF,MeasuredDomainERB,1.07643055823959
P0293,293,26,RANF,RANF,Contralateral25ERB,1.41719290487478
P0293,293,26,RANF,RANF,ContralateralHemisphereHighFrequency,3.24354166312071
P0293,293,26,RANF,RANF,HorizontalILDMAE,0.612949414117597
P0304,304,6,MCARv32,MCAR v3.2,MeasuredDomainERB,1.93813839576272
P0304,304,6,MCARv32,MCAR v3.2,Contralateral25ERB,1.67476677835937
P0304,304,6,MCARv32,MCAR v3.2,ContralateralHemisphereHighFrequency,5.45924786034221
P0304,304,6,MCARv32,MCAR v3.2,HorizontalILDMAE,1.69316361159557
P0304,304,6,FSPAE,FSP-AE,MeasuredDomainERB,3.43478535766752
P0304,304,6,FSPAE,FSP-AE,Contralateral25ERB,3.16912562366337
P0304,304,6,FSPAE,FSP-AE,ContralateralHemisphereHighFrequency,5.23170279034253
P0304,304,6,FSPAE,FSP-AE,HorizontalILDMAE,2.18488032066805
P0304,304,6,RANF,RANF,MeasuredDomainERB,1.24683471570111
P0304,304,6,RANF,RANF,Contralateral25ERB,1.61777718722172
P0304,304,6,RANF,RANF,ContralateralHemisphereHighFrequency,4.32273996140542
P0304,304,6,RANF,RANF,HorizontalILDMAE,0.857525825587989
P0304,304,14,MCARv32,MCAR v3.2,MeasuredDomainERB,1.13346364137314
P0304,304,14,MCARv32,MCAR v3.2,Contralateral25ERB,1.82865713551308
P0304,304,14,MCARv32,MCAR v3.2,ContralateralHemisphereHighFrequency,4.17182341948472
P0304,304,14,MCARv32,MCAR v3.2,HorizontalILDMAE,1.10285902148555
P0304,304,14,FSPAE,FSP-AE,MeasuredDomainERB,2.0383836215863
P0304,304,14,FSPAE,FSP-AE,Contralateral25ERB,2.7137561860226
P0304,304,14,FSPAE,FSP-AE,ContralateralHemisphereHighFrequency,3.93465582456074
P0304,304,14,FSPAE,FSP-AE,HorizontalILDMAE,1.49919920267019
P0304,304,14,RANF,RANF,MeasuredDomainERB,1.04239507369936
P0304,304,14,RANF,RANF,Contralateral25ERB,1.37789897771936
P0304,304,14,RANF,RANF,ContralateralHemisphereHighFrequency,3.72572870155958
P0304,304,14,RANF,RANF,HorizontalILDMAE,0.808831905212253
P0304,304,26,MCARv32,MCAR v3.2,MeasuredDomainERB,0.786329947440627
P0304,304,26,MCARv32,MCAR v3.2,Contralateral25ERB,1.29874552373031
P0304,304,26,MCARv32,MCAR v3.2,ContralateralHemisphereHighFrequency,3.57723844565314
P0304,304,26,MCARv32,MCAR v3.2,HorizontalILDMAE,0.767632037246022
P0304,304,26,FSPAE,FSP-AE,MeasuredDomainERB,1.22999880098657
P0304,304,26,FSPAE,FSP-AE,Contralateral25ERB,1.84709818811504
P0304,304,26,FSPAE,FSP-AE,ContralateralHemisphereHighFrequency,2.91348565117235
P0304,304,26,FSPAE,FSP-AE,HorizontalILDMAE,0.607586098560383
P0304,304,26,RANF,RANF,MeasuredDomainERB,1.0408420421076
P0304,304,26,RANF,RANF,Contralateral25ERB,1.64986115501436
P0304,304,26,RANF,RANF,ContralateralHemisphereHighFrequency,3.41442374065423
P0304,304,26,RANF,RANF,HorizontalILDMAE,0.813034539980043
P0309,309,6,MCARv32,MCAR v3.2,MeasuredDomainERB,1.79490931105537
P0309,309,6,MCARv32,MCAR v3.2,Contralateral25ERB,1.55511780709143
P0309,309,6,MCARv32,MCAR v3.2,ContralateralHemisphereHighFrequency,5.31446545958325
P0309,309,6,MCARv32,MCAR v3.2,HorizontalILDMAE,1.72689338881099
P0309,309,6,FSPAE,FSP-AE,MeasuredDomainERB,3.17089725043089
P0309,309,6,FSPAE,FSP-AE,Contralateral25ERB,3.19704054368137
P0309,309,6,FSPAE,FSP-AE,ContralateralHemisphereHighFrequency,5.2165327976259
P0309,309,6,FSPAE,FSP-AE,HorizontalILDMAE,1.55972758216037
P0309,309,6,RANF,RANF,MeasuredDomainERB,1.19739683003659
P0309,309,6,RANF,RANF,Contralateral25ERB,1.66326361066024
P0309,309,6,RANF,RANF,ContralateralHemisphereHighFrequency,4.1460820569274
P0309,309,6,RANF,RANF,HorizontalILDMAE,1.69637969424001
P0309,309,14,MCARv32,MCAR v3.2,MeasuredDomainERB,1.12729430262874
P0309,309,14,MCARv32,MCAR v3.2,Contralateral25ERB,1.89100311641519
P0309,309,14,MCARv32,MCAR v3.2,ContralateralHemisphereHighFrequency,4.37303777164249
P0309,309,14,MCARv32,MCAR v3.2,HorizontalILDMAE,1.1063944936692
P0309,309,14,FSPAE,FSP-AE,MeasuredDomainERB,1.9021211603005
P0309,309,14,FSPAE,FSP-AE,Contralateral25ERB,2.67325676879854
P0309,309,14,FSPAE,FSP-AE,ContralateralHemisphereHighFrequency,4.04469544169878
P0309,309,14,FSPAE,FSP-AE,HorizontalILDMAE,1.15045914443443
P0309,309,14,RANF,RANF,MeasuredDomainERB,1.14410793591915
P0309,309,14,RANF,RANF,Contralateral25ERB,1.64744046975199
P0309,309,14,RANF,RANF,ContralateralHemisphereHighFrequency,3.74378768322114
P0309,309,14,RANF,RANF,HorizontalILDMAE,1.08413764414948
P0309,309,26,MCARv32,MCAR v3.2,MeasuredDomainERB,0.791441289173169
P0309,309,26,MCARv32,MCAR v3.2,Contralateral25ERB,1.27560505384373
P0309,309,26,MCARv32,MCAR v3.2,ContralateralHemisphereHighFrequency,3.65741284051518
P0309,309,26,MCARv32,MCAR v3.2,HorizontalILDMAE,0.804374870709195
P0309,309,26,FSPAE,FSP-AE,MeasuredDomainERB,1.20060984313757
P0309,309,26,FSPAE,FSP-AE,Contralateral25ERB,1.89450165167686
P0309,309,26,FSPAE,FSP-AE,ContralateralHemisphereHighFrequency,3.18291474891079
P0309,309,26,FSPAE,FSP-AE,HorizontalILDMAE,0.444129470228076
P0309,309,26,RANF,RANF,MeasuredDomainERB,1.01662873655015
P0309,309,26,RANF,RANF,Contralateral25ERB,1.60864291722298
P0309,309,26,RANF,RANF,ContralateralHemisphereHighFrequency,3.32341044273452
P0309,309,26,RANF,RANF,HorizontalILDMAE,0.763323424352148
P0324,324,6,MCARv32,MCAR v3.2,MeasuredDomainERB,2.05759000345802
P0324,324,6,MCARv32,MCAR v3.2,Contralateral25ERB,1.72571484676207
P0324,324,6,MCARv32,MCAR v3.2,ContralateralHemisphereHighFrequency,5.52191838755015
P0324,324,6,MCARv32,MCAR v3.2,HorizontalILDMAE,1.81152485315665
P0324,324,6,FSPAE,FSP-AE,MeasuredDomainERB,3.28193432674317
P0324,324,6,FSPAE,FSP-AE,Contralateral25ERB,2.97682002388473
P0324,324,6,FSPAE,FSP-AE,ContralateralHemisphereHighFrequency,5.11133548841942
P0324,324,6,FSPAE,FSP-AE,HorizontalILDMAE,1.52466929782286
P0324,324,6,RANF,RANF,MeasuredDomainERB,1.16140634457809
P0324,324,6,RANF,RANF,Contralateral25ERB,1.39309111998245
P0324,324,6,RANF,RANF,ContralateralHemisphereHighFrequency,3.91996161074775
P0324,324,6,RANF,RANF,HorizontalILDMAE,0.773291674814804
P0324,324,14,MCARv32,MCAR v3.2,MeasuredDomainERB,1.30962796045862
P0324,324,14,MCARv32,MCAR v3.2,Contralateral25ERB,1.91989424565683
P0324,324,14,MCARv32,MCAR v3.2,ContralateralHemisphereHighFrequency,4.26349966353821
P0324,324,14,MCARv32,MCAR v3.2,HorizontalILDMAE,0.71039035676043
P0324,324,14,FSPAE,FSP-AE,MeasuredDomainERB,1.98285192983695
P0324,324,14,FSPAE,FSP-AE,Contralateral25ERB,2.67734014165168
P0324,324,14,FSPAE,FSP-AE,ContralateralHemisphereHighFrequency,3.6412918185351
P0324,324,14,FSPAE,FSP-AE,HorizontalILDMAE,1.4343887793618
P0324,324,14,RANF,RANF,MeasuredDomainERB,1.12562004050608
P0324,324,14,RANF,RANF,Contralateral25ERB,1.52640737270865
P0324,324,14,RANF,RANF,ContralateralHemisphereHighFrequency,3.69946268916782
P0324,324,14,RANF,RANF,HorizontalILDMAE,0.928294019983122
P0324,324,26,MCARv32,MCAR v3.2,MeasuredDomainERB,0.872717378484454
P0324,324,26,MCARv32,MCAR v3.2,Contralateral25ERB,1.3090554364729
P0324,324,26,MCARv32,MCAR v3.2,ContralateralHemisphereHighFrequency,3.3327761333239
P0324,324,26,MCARv32,MCAR v3.2,HorizontalILDMAE,0.498384745594312
P0324,324,26,FSPAE,FSP-AE,MeasuredDomainERB,1.29288963133017
P0324,324,26,FSPAE,FSP-AE,Contralateral25ERB,1.9258328531978
P0324,324,26,FSPAE,FSP-AE,ContralateralHemisphereHighFrequency,2.98698920070646
P0324,324,26,FSPAE,FSP-AE,HorizontalILDMAE,0.493897803299927
P0324,324,26,RANF,RANF,MeasuredDomainERB,1.0775116383709
P0324,324,26,RANF,RANF,Contralateral25ERB,1.39345163369512
P0324,324,26,RANF,RANF,ContralateralHemisphereHighFrequency,3.41585559461065
P0324,324,26,RANF,RANF,HorizontalILDMAE,0.694625455605543
P0325,325,6,MCARv32,MCAR v3.2,MeasuredDomainERB,1.77326010123311
P0325,325,6,MCARv32,MCAR v3.2,Contralateral25ERB,1.51282515719832
P0325,325,6,MCARv32,MCAR v3.2,ContralateralHemisphereHighFrequency,5.01355117474104
P0325,325,6,MCARv32,MCAR v3.2,HorizontalILDMAE,1.52467895721714
P0325,325,6,FSPAE,FSP-AE,MeasuredDomainERB,3.15992821182245
P0325,325,6,FSPAE,FSP-AE,Contralateral25ERB,3.11646051186238
P0325,325,6,FSPAE,FSP-AE,ContralateralHemisphereHighFrequency,4.6907285627559
P0325,325,6,FSPAE,FSP-AE,HorizontalILDMAE,1.72920406449937
P0325,325,6,RANF,RANF,MeasuredDomainERB,1.07586669992537
P0325,325,6,RANF,RANF,Contralateral25ERB,1.36980813305925
P0325,325,6,RANF,RANF,ContralateralHemisphereHighFrequency,3.70455242838317
P0325,325,6,RANF,RANF,HorizontalILDMAE,1.00828772637976
P0325,325,14,MCARv32,MCAR v3.2,MeasuredDomainERB,1.12528018177206
P0325,325,14,MCARv32,MCAR v3.2,Contralateral25ERB,1.66571331987539
P0325,325,14,MCARv32,MCAR v3.2,ContralateralHemisphereHighFrequency,4.1256565283008
P0325,325,14,MCARv32,MCAR v3.2,HorizontalILDMAE,0.782614514227591
P0325,325,14,FSPAE,FSP-AE,MeasuredDomainERB,1.92796664360958
P0325,325,14,FSPAE,FSP-AE,Contralateral25ERB,2.53847677241223
P0325,325,14,FSPAE,FSP-AE,ContralateralHemisphereHighFrequency,3.89880944184885
P0325,325,14,FSPAE,FSP-AE,HorizontalILDMAE,1.43045747106701
P0325,325,14,RANF,RANF,MeasuredDomainERB,1.03124815974512
P0325,325,14,RANF,RANF,Contralateral25ERB,1.34924012086853
P0325,325,14,RANF,RANF,ContralateralHemisphereHighFrequency,3.36445604171788
P0325,325,14,RANF,RANF,HorizontalILDMAE,0.605537750470327
P0325,325,26,MCARv32,MCAR v3.2,MeasuredDomainERB,0.823674673159589
P0325,325,26,MCARv32,MCAR v3.2,Contralateral25ERB,1.28238527821988
P0325,325,26,MCARv32,MCAR v3.2,ContralateralHemisphereHighFrequency,3.36569306789041
P0325,325,26,MCARv32,MCAR v3.2,HorizontalILDMAE,0.408986494235526
P0325,325,26,FSPAE,FSP-AE,MeasuredDomainERB,1.27113279128939
P0325,325,26,FSPAE,FSP-AE,Contralateral25ERB,1.82977319224188
P0325,325,26,FSPAE,FSP-AE,ContralateralHemisphereHighFrequency,3.04236338810124
P0325,325,26,FSPAE,FSP-AE,HorizontalILDMAE,0.523815246938173
P0325,325,26,RANF,RANF,MeasuredDomainERB,1.031311393152
P0325,325,26,RANF,RANF,Contralateral25ERB,1.40011383045863
P0325,325,26,RANF,RANF,ContralateralHemisphereHighFrequency,3.14048149372413
P0325,325,26,RANF,RANF,HorizontalILDMAE,0.51739993883716
P0327,327,6,MCARv32,MCAR v3.2,MeasuredDomainERB,1.96737827425759
P0327,327,6,MCARv32,MCAR v3.2,Contralateral25ERB,1.78698192936045
P0327,327,6,MCARv32,MCAR v3.2,ContralateralHemisphereHighFrequency,5.28746494983826
P0327,327,6,MCARv32,MCAR v3.2,HorizontalILDMAE,1.18238900772195
P0327,327,6,FSPAE,FSP-AE,MeasuredDomainERB,3.22171232139371
P0327,327,6,FSPAE,FSP-AE,Contralateral25ERB,3.00490979301446
P0327,327,6,FSPAE,FSP-AE,ContralateralHemisphereHighFrequency,5.63215208140304
P0327,327,6,FSPAE,FSP-AE,HorizontalILDMAE,2.43850674429401
P0327,327,6,RANF,RANF,MeasuredDomainERB,1.30907852240476
P0327,327,6,RANF,RANF,Contralateral25ERB,1.64246795620775
P0327,327,6,RANF,RANF,ContralateralHemisphereHighFrequency,4.1555601912411
P0327,327,6,RANF,RANF,HorizontalILDMAE,1.04270009617749
P0327,327,14,MCARv32,MCAR v3.2,MeasuredDomainERB,1.19511929972415
P0327,327,14,MCARv32,MCAR v3.2,Contralateral25ERB,1.94651522929477
P0327,327,14,MCARv32,MCAR v3.2,ContralateralHemisphereHighFrequency,4.3432519202903
P0327,327,14,MCARv32,MCAR v3.2,HorizontalILDMAE,0.984616024169751
P0327,327,14,FSPAE,FSP-AE,MeasuredDomainERB,1.92183648658217
P0327,327,14,FSPAE,FSP-AE,Contralateral25ERB,2.52973311187315
P0327,327,14,FSPAE,FSP-AE,ContralateralHemisphereHighFrequency,4.0085550443873
P0327,327,14,FSPAE,FSP-AE,HorizontalILDMAE,1.01564023031006
P0327,327,14,RANF,RANF,MeasuredDomainERB,1.20317688621417
P0327,327,14,RANF,RANF,Contralateral25ERB,1.47900536867494
P0327,327,14,RANF,RANF,ContralateralHemisphereHighFrequency,3.56639732078984
P0327,327,14,RANF,RANF,HorizontalILDMAE,0.637160274966508
P0327,327,26,MCARv32,MCAR v3.2,MeasuredDomainERB,0.890486767491701
P0327,327,26,MCARv32,MCAR v3.2,Contralateral25ERB,1.33557571460047
P0327,327,26,MCARv32,MCAR v3.2,ContralateralHemisphereHighFrequency,3.66254748610356
P0327,327,26,MCARv32,MCAR v3.2,HorizontalILDMAE,0.519584601089874
P0327,327,26,FSPAE,FSP-AE,MeasuredDomainERB,1.24369381990185
P0327,327,26,FSPAE,FSP-AE,Contralateral25ERB,1.96344676246881
P0327,327,26,FSPAE,FSP-AE,ContralateralHemisphereHighFrequency,3.10424692464556
P0327,327,26,FSPAE,FSP-AE,HorizontalILDMAE,0.508970291582543
P0327,327,26,RANF,RANF,MeasuredDomainERB,1.17803863460102
P0327,327,26,RANF,RANF,Contralateral25ERB,1.69214857528652
P0327,327,26,RANF,RANF,ContralateralHemisphereHighFrequency,3.51994974301822
P0327,327,26,RANF,RANF,HorizontalILDMAE,0.894958321988525
P0331,331,6,MCARv32,MCAR v3.2,MeasuredDomainERB,2.11973830819789
P0331,331,6,MCARv32,MCAR v3.2,Contralateral25ERB,1.70162852545236
P0331,331,6,MCARv32,MCAR v3.2,ContralateralHemisphereHighFrequency,6.46813740196228
P0331,331,6,MCARv32,MCAR v3.2,HorizontalILDMAE,1.43151535619152
P0331,331,6,FSPAE,FSP-AE,MeasuredDomainERB,3.40272381633749
P0331,331,6,FSPAE,FSP-AE,Contralateral25ERB,3.23399015814811
P0331,331,6,FSPAE,FSP-AE,ContralateralHemisphereHighFrequency,5.86255051847973
P0331,331,6,FSPAE,FSP-AE,HorizontalILDMAE,2.02832066366359
P0331,331,6,RANF,RANF,MeasuredDomainERB,1.23773857591334
P0331,331,6,RANF,RANF,Contralateral25ERB,1.46097570371236
P0331,331,6,RANF,RANF,ContralateralHemisphereHighFrequency,3.94471093916813
P0331,331,6,RANF,RANF,HorizontalILDMAE,1.04978460154677
P0331,331,14,MCARv32,MCAR v3.2,MeasuredDomainERB,1.17550352952629
P0331,331,14,MCARv32,MCAR v3.2,Contralateral25ERB,1.95025675998987
P0331,331,14,MCARv32,MCAR v3.2,ContralateralHemisphereHighFrequency,4.17067173862976
P0331,331,14,MCARv32,MCAR v3.2,HorizontalILDMAE,0.7858823818848
P0331,331,14,FSPAE,FSP-AE,MeasuredDomainERB,1.97249830103083
P0331,331,14,FSPAE,FSP-AE,Contralateral25ERB,2.81283448844083
P0331,331,14,FSPAE,FSP-AE,ContralateralHemisphereHighFrequency,4.02032433727107
P0331,331,14,FSPAE,FSP-AE,HorizontalILDMAE,1.22100184858125
P0331,331,14,RANF,RANF,MeasuredDomainERB,1.10948663985838
P0331,331,14,RANF,RANF,Contralateral25ERB,1.54632307118372
P0331,331,14,RANF,RANF,ContralateralHemisphereHighFrequency,3.59533435631991
P0331,331,14,RANF,RANF,HorizontalILDMAE,0.854558233503911
P0331,331,26,MCARv32,MCAR v3.2,MeasuredDomainERB,0.829245073862451
P0331,331,26,MCARv32,MCAR v3.2,Contralateral25ERB,1.33191088322492
P0331,331,26,MCARv32,MCAR v3.2,ContralateralHemisphereHighFrequency,3.48144540243421
P0331,331,26,MCARv32,MCAR v3.2,HorizontalILDMAE,0.737649187700555
P0331,331,26,FSPAE,FSP-AE,MeasuredDomainERB,1.26730606544197
P0331,331,26,FSPAE,FSP-AE,Contralateral25ERB,1.93292009154554
P0331,331,26,FSPAE,FSP-AE,ContralateralHemisphereHighFrequency,2.78450406490102
P0331,331,26,FSPAE,FSP-AE,HorizontalILDMAE,0.622986117027064
P0331,331,26,RANF,RANF,MeasuredDomainERB,1.05330710654984
P0331,331,26,RANF,RANF,Contralateral25ERB,1.58814633048749
P0331,331,26,RANF,RANF,ContralateralHemisphereHighFrequency,3.34656415393682
P0331,331,26,RANF,RANF,HorizontalILDMAE,0.86576878635294
P0339,339,6,MCARv32,MCAR v3.2,MeasuredDomainERB,2.94928621528243
P0339,339,6,MCARv32,MCAR v3.2,Contralateral25ERB,2.5842592506972
P0339,339,6,MCARv32,MCAR v3.2,ContralateralHemisphereHighFrequency,4.81543775371274
P0339,339,6,MCARv32,MCAR v3.2,HorizontalILDMAE,3.25503384515206
P0339,339,6,FSPAE,FSP-AE,MeasuredDomainERB,6.19914596721777
P0339,339,6,FSPAE,FSP-AE,Contralateral25ERB,7.36039913756563
P0339,339,6,FSPAE,FSP-AE,ContralateralHemisphereHighFrequency,10.4021435762648
P0339,339,6,FSPAE,FSP-AE,HorizontalILDMAE,10.6577366515762
P0339,339,6,RANF,RANF,MeasuredDomainERB,1.7521915041345
P0339,339,6,RANF,RANF,Contralateral25ERB,1.55480360814088
P0339,339,6,RANF,RANF,ContralateralHemisphereHighFrequency,4.06062659923644
P0339,339,6,RANF,RANF,HorizontalILDMAE,1.59192712142819
P0339,339,14,MCARv32,MCAR v3.2,MeasuredDomainERB,1.99335455729325
P0339,339,14,MCARv32,MCAR v3.2,Contralateral25ERB,2.67057290533463
P0339,339,14,MCARv32,MCAR v3.2,ContralateralHemisphereHighFrequency,4.19200981437354
P0339,339,14,MCARv32,MCAR v3.2,HorizontalILDMAE,1.74795283388638
P0339,339,14,FSPAE,FSP-AE,MeasuredDomainERB,4.50334677737944
P0339,339,14,FSPAE,FSP-AE,Contralateral25ERB,8.3729318703731
P0339,339,14,FSPAE,FSP-AE,ContralateralHemisphereHighFrequency,8.55227475520518
P0339,339,14,FSPAE,FSP-AE,HorizontalILDMAE,9.58044973318915
P0339,339,14,RANF,RANF,MeasuredDomainERB,1.42714408765481
P0339,339,14,RANF,RANF,Contralateral25ERB,1.32865459449792
P0339,339,14,RANF,RANF,ContralateralHemisphereHighFrequency,3.228955402446
P0339,339,14,RANF,RANF,HorizontalILDMAE,1.01510821920912
P0339,339,26,MCARv32,MCAR v3.2,MeasuredDomainERB,1.78858378397803
P0339,339,26,MCARv32,MCAR v3.2,Contralateral25ERB,2.39343716082426
P0339,339,26,MCARv32,MCAR v3.2,ContralateralHemisphereHighFrequency,4.30376198096426
P0339,339,26,MCARv32,MCAR v3.2,HorizontalILDMAE,1.95114069601216
P0339,339,26,FSPAE,FSP-AE,MeasuredDomainERB,3.3427361752336
P0339,339,26,FSPAE,FSP-AE,Contralateral25ERB,6.38866763782372
P0339,339,26,FSPAE,FSP-AE,ContralateralHemisphereHighFrequency,7.27066354116661
P0339,339,26,FSPAE,FSP-AE,HorizontalILDMAE,7.43355599623976
P0339,339,26,RANF,RANF,MeasuredDomainERB,1.49932461918471
P0339,339,26,RANF,RANF,Contralateral25ERB,1.25668133734225
P0339,339,26,RANF,RANF,ContralateralHemisphereHighFrequency,3.36978126987516
P0339,339,26,RANF,RANF,HorizontalILDMAE,1.24710591053058
P0349,349,6,MCARv32,MCAR v3.2,MeasuredDomainERB,1.96659238496007
P0349,349,6,MCARv32,MCAR v3.2,Contralateral25ERB,1.80697212574249
P0349,349,6,MCARv32,MCAR v3.2,ContralateralHemisphereHighFrequency,6.67085528828669
P0349,349,6,MCARv32,MCAR v3.2,HorizontalILDMAE,1.10109913608048
P0349,349,6,FSPAE,FSP-AE,MeasuredDomainERB,3.26236639572783
P0349,349,6,FSPAE,FSP-AE,Contralateral25ERB,3.11965219258207
P0349,349,6,FSPAE,FSP-AE,ContralateralHemisphereHighFrequency,5.75017953646297
P0349,349,6,FSPAE,FSP-AE,HorizontalILDMAE,1.77903130481008
P0349,349,6,RANF,RANF,MeasuredDomainERB,1.10687712053725
P0349,349,6,RANF,RANF,Contralateral25ERB,1.30554684391349
P0349,349,6,RANF,RANF,ContralateralHemisphereHighFrequency,3.99859584062473
P0349,349,6,RANF,RANF,HorizontalILDMAE,1.1485298034896
P0349,349,14,MCARv32,MCAR v3.2,MeasuredDomainERB,1.05206242297315
P0349,349,14,MCARv32,MCAR v3.2,Contralateral25ERB,1.76271270308449
P0349,349,14,MCARv32,MCAR v3.2,ContralateralHemisphereHighFrequency,4.13673769953136
P0349,349,14,MCARv32,MCAR v3.2,HorizontalILDMAE,0.984477226475813
P0349,349,14,FSPAE,FSP-AE,MeasuredDomainERB,1.93557958410059
P0349,349,14,FSPAE,FSP-AE,Contralateral25ERB,2.57056136075135
P0349,349,14,FSPAE,FSP-AE,ContralateralHemisphereHighFrequency,4.19668657266994
P0349,349,14,FSPAE,FSP-AE,HorizontalILDMAE,1.42182572622396
P0349,349,14,RANF,RANF,MeasuredDomainERB,1.08044076745471
P0349,349,14,RANF,RANF,Contralateral25ERB,1.55970619141451
P0349,349,14,RANF,RANF,ContralateralHemisphereHighFrequency,3.78160760071114
P0349,349,14,RANF,RANF,HorizontalILDMAE,0.95130949953862
P0349,349,26,MCARv32,MCAR v3.2,MeasuredDomainERB,0.82195820335958
P0349,349,26,MCARv32,MCAR v3.2,Contralateral25ERB,1.33380414256319
P0349,349,26,MCARv32,MCAR v3.2,ContralateralHemisphereHighFrequency,3.67628212008072
P0349,349,26,MCARv32,MCAR v3.2,HorizontalILDMAE,0.710222080068929
P0349,349,26,FSPAE,FSP-AE,MeasuredDomainERB,1.24499485212944
P0349,349,26,FSPAE,FSP-AE,Contralateral25ERB,1.8392537137672
P0349,349,26,FSPAE,FSP-AE,ContralateralHemisphereHighFrequency,3.01506179164936
P0349,349,26,FSPAE,FSP-AE,HorizontalILDMAE,0.8085188451814
P0349,349,26,RANF,RANF,MeasuredDomainERB,0.985993827360839
P0349,349,26,RANF,RANF,Contralateral25ERB,1.43577430148514
P0349,349,26,RANF,RANF,ContralateralHemisphereHighFrequency,3.38588554085475
P0349,349,26,RANF,RANF,HorizontalILDMAE,0.74613461635653
P0364,364,6,MCARv32,MCAR v3.2,MeasuredDomainERB,1.85504375153587
P0364,364,6,MCARv32,MCAR v3.2,Contralateral25ERB,1.55265558475221
P0364,364,6,MCARv32,MCAR v3.2,ContralateralHemisphereHighFrequency,6.47992052684914
P0364,364,6,MCARv32,MCAR v3.2,HorizontalILDMAE,1.25816284549761
P0364,364,6,FSPAE,FSP-AE,MeasuredDomainERB,3.34533239070455
P0364,364,6,FSPAE,FSP-AE,Contralateral25ERB,2.60319133875944
P0364,364,6,FSPAE,FSP-AE,ContralateralHemisphereHighFrequency,6.3470468276597
P0364,364,6,FSPAE,FSP-AE,HorizontalILDMAE,2.47716734016199
P0364,364,6,RANF,RANF,MeasuredDomainERB,1.43203857832475
P0364,364,6,RANF,RANF,Contralateral25ERB,1.59916800923547
P0364,364,6,RANF,RANF,ContralateralHemisphereHighFrequency,4.32735211939915
P0364,364,6,RANF,RANF,HorizontalILDMAE,1.05662502533894
P0364,364,14,MCARv32,MCAR v3.2,MeasuredDomainERB,1.2658667196484
P0364,364,14,MCARv32,MCAR v3.2,Contralateral25ERB,1.74278280213487
P0364,364,14,MCARv32,MCAR v3.2,ContralateralHemisphereHighFrequency,4.80790309903306
P0364,364,14,MCARv32,MCAR v3.2,HorizontalILDMAE,0.87341962991915
P0364,364,14,FSPAE,FSP-AE,MeasuredDomainERB,1.97450009757884
P0364,364,14,FSPAE,FSP-AE,Contralateral25ERB,2.44660940874278
P0364,364,14,FSPAE,FSP-AE,ContralateralHemisphereHighFrequency,4.51312503433392
P0364,364,14,FSPAE,FSP-AE,HorizontalILDMAE,1.28220643880308
P0364,364,14,RANF,RANF,MeasuredDomainERB,1.38547049238731
P0364,364,14,RANF,RANF,Contralateral25ERB,1.92434627871957
P0364,364,14,RANF,RANF,ContralateralHemisphereHighFrequency,4.35254987541907
P0364,364,14,RANF,RANF,HorizontalILDMAE,0.879771962755437
P0364,364,26,MCARv32,MCAR v3.2,MeasuredDomainERB,0.904717705987308
P0364,364,26,MCARv32,MCAR v3.2,Contralateral25ERB,1.39646146759412
P0364,364,26,MCARv32,MCAR v3.2,ContralateralHemisphereHighFrequency,3.86641068332596
P0364,364,26,MCARv32,MCAR v3.2,HorizontalILDMAE,0.767726787385847
P0364,364,26,FSPAE,FSP-AE,MeasuredDomainERB,1.24712940552543
P0364,364,26,FSPAE,FSP-AE,Contralateral25ERB,1.88003011090709
P0364,364,26,FSPAE,FSP-AE,ContralateralHemisphereHighFrequency,3.50781943591055
P0364,364,26,FSPAE,FSP-AE,HorizontalILDMAE,0.989357282183705
P0364,364,26,RANF,RANF,MeasuredDomainERB,1.19891225059466
P0364,364,26,RANF,RANF,Contralateral25ERB,1.53312539712815
P0364,364,26,RANF,RANF,ContralateralHemisphereHighFrequency,3.93464585548735
P0364,364,26,RANF,RANF,HorizontalILDMAE,0.881984756105974
P0371,371,6,MCARv32,MCAR v3.2,MeasuredDomainERB,1.9020948368163
P0371,371,6,MCARv32,MCAR v3.2,Contralateral25ERB,1.72762728350272
P0371,371,6,MCARv32,MCAR v3.2,ContralateralHemisphereHighFrequency,5.28315313164306
P0371,371,6,MCARv32,MCAR v3.2,HorizontalILDMAE,1.88878946780789
P0371,371,6,FSPAE,FSP-AE,MeasuredDomainERB,3.30052514208055
P0371,371,6,FSPAE,FSP-AE,Contralateral25ERB,2.86704094231792
P0371,371,6,FSPAE,FSP-AE,ContralateralHemisphereHighFrequency,5.1599906211926
P0371,371,6,FSPAE,FSP-AE,HorizontalILDMAE,2.40021855970195
P0371,371,6,RANF,RANF,MeasuredDomainERB,1.24098536033112
P0371,371,6,RANF,RANF,Contralateral25ERB,1.57068259274889
P0371,371,6,RANF,RANF,ContralateralHemisphereHighFrequency,3.96921898028605
P0371,371,6,RANF,RANF,HorizontalILDMAE,1.03017383001678
P0371,371,14,MCARv32,MCAR v3.2,MeasuredDomainERB,1.27045512734715
P0371,371,14,MCARv32,MCAR v3.2,Contralateral25ERB,1.85431041945556
P0371,371,14,MCARv32,MCAR v3.2,ContralateralHemisphereHighFrequency,4.55887178093047
P0371,371,14,MCARv32,MCAR v3.2,HorizontalILDMAE,0.744426465406141
P0371,371,14,FSPAE,FSP-AE,MeasuredDomainERB,1.97990022962158
P0371,371,14,FSPAE,FSP-AE,Contralateral25ERB,2.53951748096934
P0371,371,14,FSPAE,FSP-AE,ContralateralHemisphereHighFrequency,4.09886253931319
P0371,371,14,FSPAE,FSP-AE,HorizontalILDMAE,1.5483342096006
P0371,371,14,RANF,RANF,MeasuredDomainERB,1.26127670637025
P0371,371,14,RANF,RANF,Contralateral25ERB,1.66858604058844
P0371,371,14,RANF,RANF,ContralateralHemisphereHighFrequency,4.01941066867416
P0371,371,14,RANF,RANF,HorizontalILDMAE,0.754861842715346
P0371,371,26,MCARv32,MCAR v3.2,MeasuredDomainERB,0.872952770219841
P0371,371,26,MCARv32,MCAR v3.2,Contralateral25ERB,1.35167986967789
P0371,371,26,MCARv32,MCAR v3.2,ContralateralHemisphereHighFrequency,3.57391449155359
P0371,371,26,MCARv32,MCAR v3.2,HorizontalILDMAE,0.763221960806555
P0371,371,26,FSPAE,FSP-AE,MeasuredDomainERB,1.21772038446956
P0371,371,26,FSPAE,FSP-AE,Contralateral25ERB,1.92876220780095
P0371,371,26,FSPAE,FSP-AE,ContralateralHemisphereHighFrequency,2.91177794854103
P0371,371,26,FSPAE,FSP-AE,HorizontalILDMAE,0.855694437931925
P0371,371,26,RANF,RANF,MeasuredDomainERB,1.13367878910923
P0371,371,26,RANF,RANF,Contralateral25ERB,1.47847632280605
P0371,371,26,RANF,RANF,ContralateralHemisphereHighFrequency,3.50705605249607
P0371,371,26,RANF,RANF,HorizontalILDMAE,0.780989724285101
