SubjectLabel,SubjectID,DirectionCount,Method,MethodLabel,Metric,MetricLabel,Value_dB
P0001,1,14,SHOnly,SH only,FullSphereERB,Full-sphere ERB,2.73728811426486
P0001,1,14,SHOnly,SH only,Contralateral25ERB,Contralateral 25-deg ERB,5.08238340377119
P0001,1,14,SHOnly,SH only,ContralateralHighFrequency,Contralateral HF,9.06587647206974
P0001,1,14,SHOnly,SH only,HorizontalILDMAE,Horizontal ILD MAE,5.10814829290242
P0001,1,14,SUpDEqSH,SUpDEq + SH,FullSphereERB,Full-sphere ERB,1.8019653555422
P0001,1,14,SUpDEqSH,SUpDEq + SH,Contralateral25ERB,Contralateral 25-deg ERB,2.76144767037285
P0001,1,14,SUpDEqSH,SUpDEq + SH,ContralateralHighFrequency,Contralateral HF,5.7769889267986
P0001,1,14,SUpDEqSH,SUpDEq + SH,HorizontalILDMAE,Horizontal ILD MAE,1.957759604278
P0001,1,14,SUpDEqNN,SUpDEq + Natural Neighbor,FullSphereERB,Full-sphere ERB,2.22767562102897
P0001,1,14,SUpDEqNN,SUpDEq + Natural Neighbor,Contralateral25ERB,Contralateral 25-deg ERB,2.67153205185961
P0001,1,14,SUpDEqNN,SUpDEq + Natural Neighbor,ContralateralHighFrequency,Contralateral HF,5.65120296527068
P0001,1,14,SUpDEqNN,SUpDEq + Natural Neighbor,HorizontalILDMAE,Horizontal ILD MAE,1.93511620619475
P0001,1,14,SUpDEqBary,SUpDEq + Barycentric,FullSphereERB,Full-sphere ERB,2.17608242148792
P0001,1,14,SUpDEqBary,SUpDEq + Barycentric,Contralateral25ERB,Contralateral 25-deg ERB,2.626235170202
P0001,1,14,SUpDEqBary,SUpDEq + Barycentric,ContralateralHighFrequency,Contralateral HF,5.57121229514987
P0001,1,14,SUpDEqBary,SUpDEq + Barycentric,HorizontalILDMAE,Horizontal ILD MAE,1.89157712641048
P0001,1,14,MCA,MCA,FullSphereERB,Full-sphere ERB,1.34187845932821
P0001,1,14,MCA,MCA,Contralateral25ERB,Contralateral 25-deg ERB,2.4914948472701
P0001,1,14,MCA,MCA,ContralateralHighFrequency,Contralateral HF,5.07285960321751
P0001,1,14,MCA,MCA,HorizontalILDMAE,Horizontal ILD MAE,0.83027137322328
P0001,1,14,MCARv351,MCAR v3.5.1,FullSphereERB,Full-sphere ERB,1.11337539408413
P0001,1,14,MCARv351,MCAR v3.5.1,Contralateral25ERB,Contralateral 25-deg ERB,1.95405296981665
P0001,1,14,MCARv351,MCAR v3.5.1,ContralateralHighFrequency,Contralateral HF,4.07185807759586
P0001,1,14,MCARv351,MCAR v3.5.1,HorizontalILDMAE,Horizontal ILD MAE,0.427650768337222
P0001,1,14,FSPAE,FSP-AE,FullSphereERB,Full-sphere ERB,2.34480730645033
P0001,1,14,FSPAE,FSP-AE,Contralateral25ERB,Contralateral 25-deg ERB,2.36166893425645
P0001,1,14,FSPAE,FSP-AE,ContralateralHighFrequency,Contralateral HF,3.97171056853828
P0001,1,14,FSPAE,FSP-AE,HorizontalILDMAE,Horizontal ILD MAE,3.22889642887951
P0001,1,14,RANF,RANF,FullSphereERB,Full-sphere ERB,1.25389631444944
P0001,1,14,RANF,RANF,Contralateral25ERB,Contralateral 25-deg ERB,1.7257720024379
P0001,1,14,RANF,RANF,ContralateralHighFrequency,Contralateral HF,3.63717570379492
P0001,1,14,RANF,RANF,HorizontalILDMAE,Horizontal ILD MAE,1.11650741111757
P0001,1,14,HYBRID,Hybrid E190,FullSphereERB,Full-sphere ERB,1.11362854555933
P0001,1,14,HYBRID,Hybrid E190,Contralateral25ERB,Contralateral 25-deg ERB,1.87721710530829
P0001,1,14,HYBRID,Hybrid E190,ContralateralHighFrequency,Contralateral HF,4.36016561046284
P0001,1,14,HYBRID,Hybrid E190,HorizontalILDMAE,Horizontal ILD MAE,0.836855443297836
P0001,1,14,BOUNDED,Bounded E25,FullSphereERB,Full-sphere ERB,1.0790175324775
P0001,1,14,BOUNDED,Bounded E25,Contralateral25ERB,Contralateral 25-deg ERB,1.88025799694772
P0001,1,14,BOUNDED,Bounded E25,ContralateralHighFrequency,Contralateral HF,4.05319817134223
P0001,1,14,BOUNDED,Bounded E25,HorizontalILDMAE,Horizontal ILD MAE,0.605888599515314
P0001,1,26,SHOnly,SH only,FullSphereERB,Full-sphere ERB,2.66395262744242
P0001,1,26,SHOnly,SH only,Contralateral25ERB,Contralateral 25-deg ERB,4.17201837639768
P0001,1,26,SHOnly,SH only,ContralateralHighFrequency,Contralateral HF,8.83919301338436
P0001,1,26,SHOnly,SH only,HorizontalILDMAE,Horizontal ILD MAE,4.66177047019137
P0001,1,26,SUpDEqSH,SUpDEq + SH,FullSphereERB,Full-sphere ERB,1.81777890262022
P0001,1,26,SUpDEqSH,SUpDEq + SH,Contralateral25ERB,Contralateral 25-deg ERB,2.14561629830715
P0001,1,26,SUpDEqSH,SUpDEq + SH,ContralateralHighFrequency,Contralateral HF,5.53919979729111
P0001,1,26,SUpDEqSH,SUpDEq + SH,HorizontalILDMAE,Horizontal ILD MAE,1.67325348761055
P0001,1,26,SUpDEqNN,SUpDEq + Natural Neighbor,FullSphereERB,Full-sphere ERB,1.93142908417167
P0001,1,26,SUpDEqNN,SUpDEq + Natural Neighbor,Contralateral25ERB,Contralateral 25-deg ERB,2.1644767453744
P0001,1,26,SUpDEqNN,SUpDEq + Natural Neighbor,ContralateralHighFrequency,Contralateral HF,5.24499278704338
P0001,1,26,SUpDEqNN,SUpDEq + Natural Neighbor,HorizontalILDMAE,Horizontal ILD MAE,1.33588579622144
P0001,1,26,SUpDEqBary,SUpDEq + Barycentric,FullSphereERB,Full-sphere ERB,1.82329870207092
P0001,1,26,SUpDEqBary,SUpDEq + Barycentric,Contralateral25ERB,Contralateral 25-deg ERB,2.0731376652476
P0001,1,26,SUpDEqBary,SUpDEq + Barycentric,ContralateralHighFrequency,Contralateral HF,5.13556830056256
P0001,1,26,SUpDEqBary,SUpDEq + Barycentric,HorizontalILDMAE,Horizontal ILD MAE,1.37813598149016
P0001,1,26,MCA,MCA,FullSphereERB,Full-sphere ERB,1.05444070880505
P0001,1,26,MCA,MCA,Contralateral25ERB,Contralateral 25-deg ERB,1.57225155483177
P0001,1,26,MCA,MCA,ContralateralHighFrequency,Contralateral HF,4.62634764970203
P0001,1,26,MCA,MCA,HorizontalILDMAE,Horizontal ILD MAE,0.735330760271553
P0001,1,26,MCARv351,MCAR v3.5.1,FullSphereERB,Full-sphere ERB,0.819492855907668
P0001,1,26,MCARv351,MCAR v3.5.1,Contralateral25ERB,Contralateral 25-deg ERB,1.29717197217355
P0001,1,26,MCARv351,MCAR v3.5.1,ContralateralHighFrequency,Contralateral HF,3.55035509634248
P0001,1,26,MCARv351,MCAR v3.5.1,HorizontalILDMAE,Horizontal ILD MAE,0.70388783229227
P0001,1,26,FSPAE,FSP-AE,FullSphereERB,Full-sphere ERB,1.11041798927913
P0001,1,26,FSPAE,FSP-AE,Contralateral25ERB,Contralateral 25-deg ERB,1.95231958406432
P0001,1,26,FSPAE,FSP-AE,ContralateralHighFrequency,Contralateral HF,3.15736109327072
P0001,1,26,FSPAE,FSP-AE,HorizontalILDMAE,Horizontal ILD MAE,0.753610259333899
P0001,1,26,RANF,RANF,FullSphereERB,Full-sphere ERB,1.14069375827118
P0001,1,26,RANF,RANF,Contralateral25ERB,Contralateral 25-deg ERB,1.77462803538597
P0001,1,26,RANF,RANF,ContralateralHighFrequency,Contralateral HF,3.43775953279425
P0001,1,26,RANF,RANF,HorizontalILDMAE,Horizontal ILD MAE,0.969643298417143
P0001,1,26,HYBRID,Hybrid E190,FullSphereERB,Full-sphere ERB,0.855242088370657
P0001,1,26,HYBRID,Hybrid E190,Contralateral25ERB,Contralateral 25-deg ERB,1.32351191907874
P0001,1,26,HYBRID,Hybrid E190,ContralateralHighFrequency,Contralateral HF,3.69619620466741
P0001,1,26,HYBRID,Hybrid E190,HorizontalILDMAE,Horizontal ILD MAE,0.999454951706696
P0001,1,26,BOUNDED,Bounded E25,FullSphereERB,Full-sphere ERB,0.818517713372098
P0001,1,26,BOUNDED,Bounded E25,Contralateral25ERB,Contralateral 25-deg ERB,1.27515720309578
P0001,1,26,BOUNDED,Bounded E25,ContralateralHighFrequency,Contralateral HF,3.58638634013028
P0001,1,26,BOUNDED,Bounded E25,HorizontalILDMAE,Horizontal ILD MAE,0.830727584942268
P0001,1,50,SHOnly,SH only,FullSphereERB,Full-sphere ERB,2.88261515972532
P0001,1,50,SHOnly,SH only,Contralateral25ERB,Contralateral 25-deg ERB,3.5611162196508
P0001,1,50,SHOnly,SH only,ContralateralHighFrequency,Contralateral HF,7.38125863136477
P0001,1,50,SHOnly,SH only,HorizontalILDMAE,Horizontal ILD MAE,4.59965183396111
P0001,1,50,SUpDEqSH,SUpDEq + SH,FullSphereERB,Full-sphere ERB,2.01181935160882
P0001,1,50,SUpDEqSH,SUpDEq + SH,Contralateral25ERB,Contralateral 25-deg ERB,2.42367062379278
P0001,1,50,SUpDEqSH,SUpDEq + SH,ContralateralHighFrequency,Contralateral HF,6.17989036204588
P0001,1,50,SUpDEqSH,SUpDEq + SH,HorizontalILDMAE,Horizontal ILD MAE,1.65910725825238
P0001,1,50,SUpDEqNN,SUpDEq + Natural Neighbor,FullSphereERB,Full-sphere ERB,1.7790008098982
P0001,1,50,SUpDEqNN,SUpDEq + Natural Neighbor,Contralateral25ERB,Contralateral 25-deg ERB,2.04289124683224
P0001,1,50,SUpDEqNN,SUpDEq + Natural Neighbor,ContralateralHighFrequency,Contralateral HF,5.77646171842728
P0001,1,50,SUpDEqNN,SUpDEq + Natural Neighbor,HorizontalILDMAE,Horizontal ILD MAE,1.2806392524802
P0001,1,50,SUpDEqBary,SUpDEq + Barycentric,FullSphereERB,Full-sphere ERB,1.59689581529871
P0001,1,50,SUpDEqBary,SUpDEq + Barycentric,Contralateral25ERB,Contralateral 25-deg ERB,1.95487580414392
P0001,1,50,SUpDEqBary,SUpDEq + Barycentric,ContralateralHighFrequency,Contralateral HF,5.31494009480136
P0001,1,50,SUpDEqBary,SUpDEq + Barycentric,HorizontalILDMAE,Horizontal ILD MAE,1.26910019238419
P0001,1,50,MCA,MCA,FullSphereERB,Full-sphere ERB,0.982996521220159
P0001,1,50,MCA,MCA,Contralateral25ERB,Contralateral 25-deg ERB,1.55003710004342
P0001,1,50,MCA,MCA,ContralateralHighFrequency,Contralateral HF,4.5432636982386
P0001,1,50,MCA,MCA,HorizontalILDMAE,Horizontal ILD MAE,0.763289921014934
P0001,1,50,MCARv351,MCAR v3.5.1,FullSphereERB,Full-sphere ERB,0.832512539179049
P0001,1,50,MCARv351,MCAR v3.5.1,Contralateral25ERB,Contralateral 25-deg ERB,1.42071947825306
P0001,1,50,MCARv351,MCAR v3.5.1,ContralateralHighFrequency,Contralateral HF,3.55150871636499
P0001,1,50,MCARv351,MCAR v3.5.1,HorizontalILDMAE,Horizontal ILD MAE,0.74367971433029
P0001,1,50,FSPAE,FSP-AE,FullSphereERB,Full-sphere ERB,2.03638365818849
P0001,1,50,FSPAE,FSP-AE,Contralateral25ERB,Contralateral 25-deg ERB,2.16465831642697
P0001,1,50,FSPAE,FSP-AE,ContralateralHighFrequency,Contralateral HF,3.45394500241845
P0001,1,50,FSPAE,FSP-AE,HorizontalILDMAE,Horizontal ILD MAE,1.32829103480819
P0001,1,50,RANF,RANF,FullSphereERB,Full-sphere ERB,1.06129527705789
P0001,1,50,RANF,RANF,Contralateral25ERB,Contralateral 25-deg ERB,1.58635977170542
P0001,1,50,RANF,RANF,ContralateralHighFrequency,Contralateral HF,3.30128387464284
P0001,1,50,RANF,RANF,HorizontalILDMAE,Horizontal ILD MAE,0.934797812465804
P0001,1,50,HYBRID,Hybrid E190,FullSphereERB,Full-sphere ERB,0.8655225571518
P0001,1,50,HYBRID,Hybrid E190,Contralateral25ERB,Contralateral 25-deg ERB,1.44389948171696
P0001,1,50,HYBRID,Hybrid E190,ContralateralHighFrequency,Contralateral HF,3.73624165608933
P0001,1,50,HYBRID,Hybrid E190,HorizontalILDMAE,Horizontal ILD MAE,0.934782803524518
P0001,1,50,BOUNDED,Bounded E25,FullSphereERB,Full-sphere ERB,0.837462644724034
P0001,1,50,BOUNDED,Bounded E25,Contralateral25ERB,Contralateral 25-deg ERB,1.40997388025485
P0001,1,50,BOUNDED,Bounded E25,ContralateralHighFrequency,Contralateral HF,3.63757802744269
P0001,1,50,BOUNDED,Bounded E25,HorizontalILDMAE,Horizontal ILD MAE,0.796517200395062
P0012,12,14,SHOnly,SH only,FullSphereERB,Full-sphere ERB,2.79652588618363
P0012,12,14,SHOnly,SH only,Contralateral25ERB,Contralateral 25-deg ERB,4.88029805673116
P0012,12,14,SHOnly,SH only,ContralateralHighFrequency,Contralateral HF,9.28896805178056
P0012,12,14,SHOnly,SH only,HorizontalILDMAE,Horizontal ILD MAE,3.67937905308784
P0012,12,14,SUpDEqSH,SUpDEq + SH,FullSphereERB,Full-sphere ERB,1.9568557470575
P0012,12,14,SUpDEqSH,SUpDEq + SH,Contralateral25ERB,Contralateral 25-deg ERB,2.66741394550216
P0012,12,14,SUpDEqSH,SUpDEq + SH,ContralateralHighFrequency,Contralateral HF,6.80387547918377
P0012,12,14,SUpDEqSH,SUpDEq + SH,HorizontalILDMAE,Horizontal ILD MAE,1.44920211117215
P0012,12,14,SUpDEqNN,SUpDEq + Natural Neighbor,FullSphereERB,Full-sphere ERB,2.25240155735289
P0012,12,14,SUpDEqNN,SUpDEq + Natural Neighbor,Contralateral25ERB,Contralateral 25-deg ERB,2.77800145919041
P0012,12,14,SUpDEqNN,SUpDEq + Natural Neighbor,ContralateralHighFrequency,Contralateral HF,6.10782448936305
P0012,12,14,SUpDEqNN,SUpDEq + Natural Neighbor,HorizontalILDMAE,Horizontal ILD MAE,1.13852060356126
P0012,12,14,SUpDEqBary,SUpDEq + Barycentric,FullSphereERB,Full-sphere ERB,2.20845675328113
P0012,12,14,SUpDEqBary,SUpDEq + Barycentric,Contralateral25ERB,Contralateral 25-deg ERB,2.70299665124842
P0012,12,14,SUpDEqBary,SUpDEq + Barycentric,ContralateralHighFrequency,Contralateral HF,5.85608538977185
P0012,12,14,SUpDEqBary,SUpDEq + Barycentric,HorizontalILDMAE,Horizontal ILD MAE,1.11027440711014
P0012,12,14,MCA,MCA,FullSphereERB,Full-sphere ERB,1.41397957284378
P0012,12,14,MCA,MCA,Contralateral25ERB,Contralateral 25-deg ERB,2.77732823906082
P0012,12,14,MCA,MCA,ContralateralHighFrequency,Contralateral HF,5.43395835141108
P0012,12,14,MCA,MCA,HorizontalILDMAE,Horizontal ILD MAE,0.878357083939422
P0012,12,14,MCARv351,MCAR v3.5.1,FullSphereERB,Full-sphere ERB,1.17061111322889
P0012,12,14,MCARv351,MCAR v3.5.1,Contralateral25ERB,Contralateral 25-deg ERB,2.07364714744253
P0012,12,14,MCARv351,MCAR v3.5.1,ContralateralHighFrequency,Contralateral HF,4.31522869617596
P0012,12,14,MCARv351,MCAR v3.5.1,HorizontalILDMAE,Horizontal ILD MAE,0.863171226996931
P0012,12,14,FSPAE,FSP-AE,FullSphereERB,Full-sphere ERB,2.26952558978866
P0012,12,14,FSPAE,FSP-AE,Contralateral25ERB,Contralateral 25-deg ERB,2.55272829273524
P0012,12,14,FSPAE,FSP-AE,ContralateralHighFrequency,Contralateral HF,4.08310312997182
P0012,12,14,FSPAE,FSP-AE,HorizontalILDMAE,Horizontal ILD MAE,1.74571847146316
P0012,12,14,RANF,RANF,FullSphereERB,Full-sphere ERB,1.13249455377229
P0012,12,14,RANF,RANF,Contralateral25ERB,Contralateral 25-deg ERB,1.69716487787071
P0012,12,14,RANF,RANF,ContralateralHighFrequency,Contralateral HF,3.77446337913834
P0012,12,14,RANF,RANF,HorizontalILDMAE,Horizontal ILD MAE,0.75360742662591
P0012,12,14,HYBRID,Hybrid E190,FullSphereERB,Full-sphere ERB,1.05819294842587
P0012,12,14,HYBRID,Hybrid E190,Contralateral25ERB,Contralateral 25-deg ERB,1.59149481142371
P0012,12,14,HYBRID,Hybrid E190,ContralateralHighFrequency,Contralateral HF,3.90304462418901
P0012,12,14,HYBRID,Hybrid E190,HorizontalILDMAE,Horizontal ILD MAE,0.563678866994909
P0012,12,14,BOUNDED,Bounded E25,FullSphereERB,Full-sphere ERB,1.08327808973835
P0012,12,14,BOUNDED,Bounded E25,Contralateral25ERB,Contralateral 25-deg ERB,1.79402082083555
P0012,12,14,BOUNDED,Bounded E25,ContralateralHighFrequency,Contralateral HF,4.00997372162173
P0012,12,14,BOUNDED,Bounded E25,HorizontalILDMAE,Horizontal ILD MAE,0.710154187747315
P0012,12,26,SHOnly,SH only,FullSphereERB,Full-sphere ERB,2.72309804616354
P0012,12,26,SHOnly,SH only,Contralateral25ERB,Contralateral 25-deg ERB,3.62398974749285
P0012,12,26,SHOnly,SH only,ContralateralHighFrequency,Contralateral HF,8.672697804354
P0012,12,26,SHOnly,SH only,HorizontalILDMAE,Horizontal ILD MAE,3.20809749719839
P0012,12,26,SUpDEqSH,SUpDEq + SH,FullSphereERB,Full-sphere ERB,1.92145471303543
P0012,12,26,SUpDEqSH,SUpDEq + SH,Contralateral25ERB,Contralateral 25-deg ERB,2.08476500071141
P0012,12,26,SUpDEqSH,SUpDEq + SH,ContralateralHighFrequency,Contralateral HF,6.22002688894692
P0012,12,26,SUpDEqSH,SUpDEq + SH,HorizontalILDMAE,Horizontal ILD MAE,1.65027228965572
P0012,12,26,SUpDEqNN,SUpDEq + Natural Neighbor,FullSphereERB,Full-sphere ERB,2.01597607280434
P0012,12,26,SUpDEqNN,SUpDEq + Natural Neighbor,Contralateral25ERB,Contralateral 25-deg ERB,2.07837311362065
P0012,12,26,SUpDEqNN,SUpDEq + Natural Neighbor,ContralateralHighFrequency,Contralateral HF,5.58849038938058
P0012,12,26,SUpDEqNN,SUpDEq + Natural Neighbor,HorizontalILDMAE,Horizontal ILD MAE,1.61155696485266
P0012,12,26,SUpDEqBary,SUpDEq + Barycentric,FullSphereERB,Full-sphere ERB,1.9212000088042
P0012,12,26,SUpDEqBary,SUpDEq + Barycentric,Contralateral25ERB,Contralateral 25-deg ERB,2.01416400573225
P0012,12,26,SUpDEqBary,SUpDEq + Barycentric,ContralateralHighFrequency,Contralateral HF,5.4902896736598
P0012,12,26,SUpDEqBary,SUpDEq + Barycentric,HorizontalILDMAE,Horizontal ILD MAE,1.47533076741175
P0012,12,26,MCA,MCA,FullSphereERB,Full-sphere ERB,1.0938262039347
P0012,12,26,MCA,MCA,Contralateral25ERB,Contralateral 25-deg ERB,1.62997260999999
P0012,12,26,MCA,MCA,ContralateralHighFrequency,Contralateral HF,4.87704664278765
P0012,12,26,MCA,MCA,HorizontalILDMAE,Horizontal ILD MAE,0.743288724873556
P0012,12,26,MCARv351,MCAR v3.5.1,FullSphereERB,Full-sphere ERB,0.792805939773579
P0012,12,26,MCARv351,MCAR v3.5.1,Contralateral25ERB,Contralateral 25-deg ERB,1.14868806277916
P0012,12,26,MCARv351,MCAR v3.5.1,ContralateralHighFrequency,Contralateral HF,3.67036094301806
P0012,12,26,MCARv351,MCAR v3.5.1,HorizontalILDMAE,Horizontal ILD MAE,0.643055740379885
P0012,12,26,FSPAE,FSP-AE,FullSphereERB,Full-sphere ERB,1.04688129001607
P0012,12,26,FSPAE,FSP-AE,Contralateral25ERB,Contralateral 25-deg ERB,1.70485367363183
P0012,12,26,FSPAE,FSP-AE,ContralateralHighFrequency,Contralateral HF,3.22256564433137
P0012,12,26,FSPAE,FSP-AE,HorizontalILDMAE,Horizontal ILD MAE,0.531056159281854
P0012,12,26,RANF,RANF,FullSphereERB,Full-sphere ERB,1.09044865667803
P0012,12,26,RANF,RANF,Contralateral25ERB,Contralateral 25-deg ERB,1.64072275547007
P0012,12,26,RANF,RANF,ContralateralHighFrequency,Contralateral HF,3.69404209175467
P0012,12,26,RANF,RANF,HorizontalILDMAE,Horizontal ILD MAE,0.95697156192038
P0012,12,26,HYBRID,Hybrid E190,FullSphereERB,Full-sphere ERB,0.772295701520978
P0012,12,26,HYBRID,Hybrid E190,Contralateral25ERB,Contralateral 25-deg ERB,1.03616472693517
P0012,12,26,HYBRID,Hybrid E190,ContralateralHighFrequency,Contralateral HF,3.53339910221642
P0012,12,26,HYBRID,Hybrid E190,HorizontalILDMAE,Horizontal ILD MAE,0.713128122670455
P0012,12,26,BOUNDED,Bounded E25,FullSphereERB,Full-sphere ERB,0.757023922915482
P0012,12,26,BOUNDED,Bounded E25,Contralateral25ERB,Contralateral 25-deg ERB,1.05670699847842
P0012,12,26,BOUNDED,Bounded E25,ContralateralHighFrequency,Contralateral HF,3.59559290383775
P0012,12,26,BOUNDED,Bounded E25,HorizontalILDMAE,Horizontal ILD MAE,0.661263041391643
P0012,12,50,SHOnly,SH only,FullSphereERB,Full-sphere ERB,2.82885800296393
P0012,12,50,SHOnly,SH only,Contralateral25ERB,Contralateral 25-deg ERB,2.82525920099083
P0012,12,50,SHOnly,SH only,ContralateralHighFrequency,Contralateral HF,7.11564547163681
P0012,12,50,SHOnly,SH only,HorizontalILDMAE,Horizontal ILD MAE,2.74038047817895
P0012,12,50,SUpDEqSH,SUpDEq + SH,FullSphereERB,Full-sphere ERB,2.15969620341758
P0012,12,50,SUpDEqSH,SUpDEq + SH,Contralateral25ERB,Contralateral 25-deg ERB,2.27254679925877
P0012,12,50,SUpDEqSH,SUpDEq + SH,ContralateralHighFrequency,Contralateral HF,6.59375629024017
P0012,12,50,SUpDEqSH,SUpDEq + SH,HorizontalILDMAE,Horizontal ILD MAE,1.78798169809696
P0012,12,50,SUpDEqNN,SUpDEq + Natural Neighbor,FullSphereERB,Full-sphere ERB,1.83918310943362
P0012,12,50,SUpDEqNN,SUpDEq + Natural Neighbor,Contralateral25ERB,Contralateral 25-deg ERB,2.0495981085799
P0012,12,50,SUpDEqNN,SUpDEq + Natural Neighbor,ContralateralHighFrequency,Contralateral HF,6.05597060978619
P0012,12,50,SUpDEqNN,SUpDEq + Natural Neighbor,HorizontalILDMAE,Horizontal ILD MAE,1.37991290507417
P0012,12,50,SUpDEqBary,SUpDEq + Barycentric,FullSphereERB,Full-sphere ERB,1.6489140415321
P0012,12,50,SUpDEqBary,SUpDEq + Barycentric,Contralateral25ERB,Contralateral 25-deg ERB,2.01063853252044
P0012,12,50,SUpDEqBary,SUpDEq + Barycentric,ContralateralHighFrequency,Contralateral HF,5.53992883851832
P0012,12,50,SUpDEqBary,SUpDEq + Barycentric,HorizontalILDMAE,Horizontal ILD MAE,1.48111985864916
P0012,12,50,MCA,MCA,FullSphereERB,Full-sphere ERB,0.995490466244618
P0012,12,50,MCA,MCA,Contralateral25ERB,Contralateral 25-deg ERB,1.62430028110559
P0012,12,50,MCA,MCA,ContralateralHighFrequency,Contralateral HF,4.72891973568175
P0012,12,50,MCA,MCA,HorizontalILDMAE,Horizontal ILD MAE,0.622972414763686
P0012,12,50,MCARv351,MCAR v3.5.1,FullSphereERB,Full-sphere ERB,0.786805533304729
P0012,12,50,MCARv351,MCAR v3.5.1,Contralateral25ERB,Contralateral 25-deg ERB,1.22381787841123
P0012,12,50,MCARv351,MCAR v3.5.1,ContralateralHighFrequency,Contralateral HF,3.61812280118934
P0012,12,50,MCARv351,MCAR v3.5.1,HorizontalILDMAE,Horizontal ILD MAE,0.592021254889555
P0012,12,50,FSPAE,FSP-AE,FullSphereERB,Full-sphere ERB,1.98437924958041
P0012,12,50,FSPAE,FSP-AE,Contralateral25ERB,Contralateral 25-deg ERB,2.17030019693709
P0012,12,50,FSPAE,FSP-AE,ContralateralHighFrequency,Contralateral HF,3.89044369692707
P0012,12,50,FSPAE,FSP-AE,HorizontalILDMAE,Horizontal ILD MAE,0.856472135261563
P0012,12,50,RANF,RANF,FullSphereERB,Full-sphere ERB,1.03985672099497
P0012,12,50,RANF,RANF,Contralateral25ERB,Contralateral 25-deg ERB,1.80078610873215
P0012,12,50,RANF,RANF,ContralateralHighFrequency,Contralateral HF,3.3408448008683
P0012,12,50,RANF,RANF,HorizontalILDMAE,Horizontal ILD MAE,1.07924717496835
P0012,12,50,HYBRID,Hybrid E190,FullSphereERB,Full-sphere ERB,0.755133125081396
P0012,12,50,HYBRID,Hybrid E190,Contralateral25ERB,Contralateral 25-deg ERB,1.06668835780743
P0012,12,50,HYBRID,Hybrid E190,ContralateralHighFrequency,Contralateral HF,3.48163834539965
P0012,12,50,HYBRID,Hybrid E190,HorizontalILDMAE,Horizontal ILD MAE,0.48666613987415
P0012,12,50,BOUNDED,Bounded E25,FullSphereERB,Full-sphere ERB,0.753081881635705
P0012,12,50,BOUNDED,Bounded E25,Contralateral25ERB,Contralateral 25-deg ERB,1.10969876141249
P0012,12,50,BOUNDED,Bounded E25,ContralateralHighFrequency,Contralateral HF,3.56853749209801
P0012,12,50,BOUNDED,Bounded E25,HorizontalILDMAE,Horizontal ILD MAE,0.514235552455812
P0013,13,14,SHOnly,SH only,FullSphereERB,Full-sphere ERB,2.73436987843319
P0013,13,14,SHOnly,SH only,Contralateral25ERB,Contralateral 25-deg ERB,5.78786569330074
P0013,13,14,SHOnly,SH only,ContralateralHighFrequency,Contralateral HF,9.69836073361898
P0013,13,14,SHOnly,SH only,HorizontalILDMAE,Horizontal ILD MAE,3.13669403553803
P0013,13,14,SUpDEqSH,SUpDEq + SH,FullSphereERB,Full-sphere ERB,1.79302514967237
P0013,13,14,SUpDEqSH,SUpDEq + SH,Contralateral25ERB,Contralateral 25-deg ERB,2.69232870724934
P0013,13,14,SUpDEqSH,SUpDEq + SH,ContralateralHighFrequency,Contralateral HF,5.66183533232062
P0013,13,14,SUpDEqSH,SUpDEq + SH,HorizontalILDMAE,Horizontal ILD MAE,1.75639587194006
P0013,13,14,SUpDEqNN,SUpDEq + Natural Neighbor,FullSphereERB,Full-sphere ERB,1.96112878039191
P0013,13,14,SUpDEqNN,SUpDEq + Natural Neighbor,Contralateral25ERB,Contralateral 25-deg ERB,2.0781015433889
P0013,13,14,SUpDEqNN,SUpDEq + Natural Neighbor,ContralateralHighFrequency,Contralateral HF,5.31942172753012
P0013,13,14,SUpDEqNN,SUpDEq + Natural Neighbor,HorizontalILDMAE,Horizontal ILD MAE,1.41470069845906
P0013,13,14,SUpDEqBary,SUpDEq + Barycentric,FullSphereERB,Full-sphere ERB,1.92549837435689
P0013,13,14,SUpDEqBary,SUpDEq + Barycentric,Contralateral25ERB,Contralateral 25-deg ERB,2.09959831815398
P0013,13,14,SUpDEqBary,SUpDEq + Barycentric,ContralateralHighFrequency,Contralateral HF,5.35379281659989
P0013,13,14,SUpDEqBary,SUpDEq + Barycentric,HorizontalILDMAE,Horizontal ILD MAE,1.39453327046949
P0013,13,14,MCA,MCA,FullSphereERB,Full-sphere ERB,1.39814825896272
P0013,13,14,MCA,MCA,Contralateral25ERB,Contralateral 25-deg ERB,2.47221343121671
P0013,13,14,MCA,MCA,ContralateralHighFrequency,Contralateral HF,5.35809828271596
P0013,13,14,MCA,MCA,HorizontalILDMAE,Horizontal ILD MAE,1.21810302211463
P0013,13,14,MCARv351,MCAR v3.5.1,FullSphereERB,Full-sphere ERB,1.16313989786681
P0013,13,14,MCARv351,MCAR v3.5.1,Contralateral25ERB,Contralateral 25-deg ERB,1.83799458065491
P0013,13,14,MCARv351,MCAR v3.5.1,ContralateralHighFrequency,Contralateral HF,4.33201112503588
P0013,13,14,MCARv351,MCAR v3.5.1,HorizontalILDMAE,Horizontal ILD MAE,0.739342594411361
P0013,13,14,FSPAE,FSP-AE,FullSphereERB,Full-sphere ERB,2.07846434988379
P0013,13,14,FSPAE,FSP-AE,Contralateral25ERB,Contralateral 25-deg ERB,2.29953855932037
P0013,13,14,FSPAE,FSP-AE,ContralateralHighFrequency,Contralateral HF,3.73728734467399
P0013,13,14,FSPAE,FSP-AE,HorizontalILDMAE,Horizontal ILD MAE,1.49223193695457
P0013,13,14,RANF,RANF,FullSphereERB,Full-sphere ERB,1.03745472417752
P0013,13,14,RANF,RANF,Contralateral25ERB,Contralateral 25-deg ERB,1.43698172504078
P0013,13,14,RANF,RANF,ContralateralHighFrequency,Contralateral HF,3.27038129537956
P0013,13,14,RANF,RANF,HorizontalILDMAE,Horizontal ILD MAE,0.664730797533481
P0013,13,14,HYBRID,Hybrid E190,FullSphereERB,Full-sphere ERB,1.06376215707852
P0013,13,14,HYBRID,Hybrid E190,Contralateral25ERB,Contralateral 25-deg ERB,1.75272308651941
P0013,13,14,HYBRID,Hybrid E190,ContralateralHighFrequency,Contralateral HF,3.8914817350567
P0013,13,14,HYBRID,Hybrid E190,HorizontalILDMAE,Horizontal ILD MAE,0.912133466409946
P0013,13,14,BOUNDED,Bounded E25,FullSphereERB,Full-sphere ERB,1.08363372980604
P0013,13,14,BOUNDED,Bounded E25,Contralateral25ERB,Contralateral 25-deg ERB,1.73618602946572
P0013,13,14,BOUNDED,Bounded E25,ContralateralHighFrequency,Contralateral HF,4.01066827721718
P0013,13,14,BOUNDED,Bounded E25,HorizontalILDMAE,Horizontal ILD MAE,0.795094446786299
P0013,13,26,SHOnly,SH only,FullSphereERB,Full-sphere ERB,2.63567804695144
P0013,13,26,SHOnly,SH only,Contralateral25ERB,Contralateral 25-deg ERB,4.03527707224682
P0013,13,26,SHOnly,SH only,ContralateralHighFrequency,Contralateral HF,8.04717895080748
P0013,13,26,SHOnly,SH only,HorizontalILDMAE,Horizontal ILD MAE,2.85709972445579
P0013,13,26,SUpDEqSH,SUpDEq + SH,FullSphereERB,Full-sphere ERB,1.86249530100852
P0013,13,26,SUpDEqSH,SUpDEq + SH,Contralateral25ERB,Contralateral 25-deg ERB,2.03820026103587
P0013,13,26,SUpDEqSH,SUpDEq + SH,ContralateralHighFrequency,Contralateral HF,5.87669536431479
P0013,13,26,SUpDEqSH,SUpDEq + SH,HorizontalILDMAE,Horizontal ILD MAE,1.2992973067416
P0013,13,26,SUpDEqNN,SUpDEq + Natural Neighbor,FullSphereERB,Full-sphere ERB,1.93001701632148
P0013,13,26,SUpDEqNN,SUpDEq + Natural Neighbor,Contralateral25ERB,Contralateral 25-deg ERB,2.04232899981268
P0013,13,26,SUpDEqNN,SUpDEq + Natural Neighbor,ContralateralHighFrequency,Contralateral HF,5.7351857543136
P0013,13,26,SUpDEqNN,SUpDEq + Natural Neighbor,HorizontalILDMAE,Horizontal ILD MAE,1.27138429046111
P0013,13,26,SUpDEqBary,SUpDEq + Barycentric,FullSphereERB,Full-sphere ERB,1.80567406146158
P0013,13,26,SUpDEqBary,SUpDEq + Barycentric,Contralateral25ERB,Contralateral 25-deg ERB,2.00650567196106
P0013,13,26,SUpDEqBary,SUpDEq + Barycentric,ContralateralHighFrequency,Contralateral HF,5.51157892632974
P0013,13,26,SUpDEqBary,SUpDEq + Barycentric,HorizontalILDMAE,Horizontal ILD MAE,1.33751150309607
P0013,13,26,MCA,MCA,FullSphereERB,Full-sphere ERB,1.07200637673526
P0013,13,26,MCA,MCA,Contralateral25ERB,Contralateral 25-deg ERB,1.6752281808562
P0013,13,26,MCA,MCA,ContralateralHighFrequency,Contralateral HF,4.56128522974896
P0013,13,26,MCA,MCA,HorizontalILDMAE,Horizontal ILD MAE,1.0735676738413
P0013,13,26,MCARv351,MCAR v3.5.1,FullSphereERB,Full-sphere ERB,0.790943895798148
P0013,13,26,MCARv351,MCAR v3.5.1,Contralateral25ERB,Contralateral 25-deg ERB,1.17342156903817
P0013,13,26,MCARv351,MCAR v3.5.1,ContralateralHighFrequency,Contralateral HF,3.4291134709287
P0013,13,26,MCARv351,MCAR v3.5.1,HorizontalILDMAE,Horizontal ILD MAE,0.498607959240474
P0013,13,26,FSPAE,FSP-AE,FullSphereERB,Full-sphere ERB,1.04397506858251
P0013,13,26,FSPAE,FSP-AE,Contralateral25ERB,Contralateral 25-deg ERB,1.75324669988787
P0013,13,26,FSPAE,FSP-AE,ContralateralHighFrequency,Contralateral HF,3.04157437086581
P0013,13,26,FSPAE,FSP-AE,HorizontalILDMAE,Horizontal ILD MAE,0.519345106822808
P0013,13,26,RANF,RANF,FullSphereERB,Full-sphere ERB,0.986488286705613
P0013,13,26,RANF,RANF,Contralateral25ERB,Contralateral 25-deg ERB,1.32799825355193
P0013,13,26,RANF,RANF,ContralateralHighFrequency,Contralateral HF,3.27929476497096
P0013,13,26,RANF,RANF,HorizontalILDMAE,Horizontal ILD MAE,0.847475161365666
P0013,13,26,HYBRID,Hybrid E190,FullSphereERB,Full-sphere ERB,0.742510147365138
P0013,13,26,HYBRID,Hybrid E190,Contralateral25ERB,Contralateral 25-deg ERB,1.10297220512037
P0013,13,26,HYBRID,Hybrid E190,ContralateralHighFrequency,Contralateral HF,3.30519080472871
P0013,13,26,HYBRID,Hybrid E190,HorizontalILDMAE,Horizontal ILD MAE,0.684253706884915
P0013,13,26,BOUNDED,Bounded E25,FullSphereERB,Full-sphere ERB,0.750375495341328
P0013,13,26,BOUNDED,Bounded E25,Contralateral25ERB,Contralateral 25-deg ERB,1.09846228093102
P0013,13,26,BOUNDED,Bounded E25,ContralateralHighFrequency,Contralateral HF,3.40252355609442
P0013,13,26,BOUNDED,Bounded E25,HorizontalILDMAE,Horizontal ILD MAE,0.558496777492853
P0013,13,50,SHOnly,SH only,FullSphereERB,Full-sphere ERB,2.99540654100857
P0013,13,50,SHOnly,SH only,Contralateral25ERB,Contralateral 25-deg ERB,3.2832842126448
P0013,13,50,SHOnly,SH only,ContralateralHighFrequency,Contralateral HF,6.6324055717442
P0013,13,50,SHOnly,SH only,HorizontalILDMAE,Horizontal ILD MAE,3.6939151469226
P0013,13,50,SUpDEqSH,SUpDEq + SH,FullSphereERB,Full-sphere ERB,2.03652547719513
P0013,13,50,SUpDEqSH,SUpDEq + SH,Contralateral25ERB,Contralateral 25-deg ERB,2.34064052926647
P0013,13,50,SUpDEqSH,SUpDEq + SH,ContralateralHighFrequency,Contralateral HF,6.71924914761122
P0013,13,50,SUpDEqSH,SUpDEq + SH,HorizontalILDMAE,Horizontal ILD MAE,1.73863293977397
P0013,13,50,SUpDEqNN,SUpDEq + Natural Neighbor,FullSphereERB,Full-sphere ERB,1.73746124409488
P0013,13,50,SUpDEqNN,SUpDEq + Natural Neighbor,Contralateral25ERB,Contralateral 25-deg ERB,1.82161926744045
P0013,13,50,SUpDEqNN,SUpDEq + Natural Neighbor,ContralateralHighFrequency,Contralateral HF,6.22528102130101
P0013,13,50,SUpDEqNN,SUpDEq + Natural Neighbor,HorizontalILDMAE,Horizontal ILD MAE,1.24685587457259
P0013,13,50,SUpDEqBary,SUpDEq + Barycentric,FullSphereERB,Full-sphere ERB,1.58705717599676
P0013,13,50,SUpDEqBary,SUpDEq + Barycentric,Contralateral25ERB,Contralateral 25-deg ERB,1.76076897495027
P0013,13,50,SUpDEqBary,SUpDEq + Barycentric,ContralateralHighFrequency,Contralateral HF,5.71608186923234
P0013,13,50,SUpDEqBary,SUpDEq + Barycentric,HorizontalILDMAE,Horizontal ILD MAE,1.20128200186291
P0013,13,50,MCA,MCA,FullSphereERB,Full-sphere ERB,0.993238350750644
P0013,13,50,MCA,MCA,Contralateral25ERB,Contralateral 25-deg ERB,1.57483010508612
P0013,13,50,MCA,MCA,ContralateralHighFrequency,Contralateral HF,4.49423269229458
P0013,13,50,MCA,MCA,HorizontalILDMAE,Horizontal ILD MAE,1.05950755297788
P0013,13,50,MCARv351,MCAR v3.5.1,FullSphereERB,Full-sphere ERB,0.814113386297022
P0013,13,50,MCARv351,MCAR v3.5.1,Contralateral25ERB,Contralateral 25-deg ERB,1.27320992434339
P0013,13,50,MCARv351,MCAR v3.5.1,ContralateralHighFrequency,Contralateral HF,3.55462780158275
P0013,13,50,MCARv351,MCAR v3.5.1,HorizontalILDMAE,Horizontal ILD MAE,0.671415680139293
P0013,13,50,FSPAE,FSP-AE,FullSphereERB,Full-sphere ERB,1.96973325358253
P0013,13,50,FSPAE,FSP-AE,Contralateral25ERB,Contralateral 25-deg ERB,2.0442370831184
P0013,13,50,FSPAE,FSP-AE,ContralateralHighFrequency,Contralateral HF,3.36995094134494
P0013,13,50,FSPAE,FSP-AE,HorizontalILDMAE,Horizontal ILD MAE,0.711271626655499
P0013,13,50,RANF,RANF,FullSphereERB,Full-sphere ERB,0.967698880860248
P0013,13,50,RANF,RANF,Contralateral25ERB,Contralateral 25-deg ERB,1.3865483282052
P0013,13,50,RANF,RANF,ContralateralHighFrequency,Contralateral HF,3.09964457879386
P0013,13,50,RANF,RANF,HorizontalILDMAE,Horizontal ILD MAE,0.891184693035917
P0013,13,50,HYBRID,Hybrid E190,FullSphereERB,Full-sphere ERB,0.787415635064015
P0013,13,50,HYBRID,Hybrid E190,Contralateral25ERB,Contralateral 25-deg ERB,1.17651589350947
P0013,13,50,HYBRID,Hybrid E190,ContralateralHighFrequency,Contralateral HF,3.40801798202488
P0013,13,50,HYBRID,Hybrid E190,HorizontalILDMAE,Horizontal ILD MAE,0.583195708532601
P0013,13,50,BOUNDED,Bounded E25,FullSphereERB,Full-sphere ERB,0.780925162739725
P0013,13,50,BOUNDED,Bounded E25,Contralateral25ERB,Contralateral 25-deg ERB,1.16730074385603
P0013,13,50,BOUNDED,Bounded E25,ContralateralHighFrequency,Contralateral HF,3.47795878549717
P0013,13,50,BOUNDED,Bounded E25,HorizontalILDMAE,Horizontal ILD MAE,0.587972933437158
P0022,22,14,SHOnly,SH only,FullSphereERB,Full-sphere ERB,2.87608059159184
P0022,22,14,SHOnly,SH only,Contralateral25ERB,Contralateral 25-deg ERB,5.29279993738139
P0022,22,14,SHOnly,SH only,ContralateralHighFrequency,Contralateral HF,10.7539980826148
P0022,22,14,SHOnly,SH only,HorizontalILDMAE,Horizontal ILD MAE,3.4929199729483
P0022,22,14,SUpDEqSH,SUpDEq + SH,FullSphereERB,Full-sphere ERB,1.67306164748095
P0022,22,14,SUpDEqSH,SUpDEq + SH,Contralateral25ERB,Contralateral 25-deg ERB,2.4201700315153
P0022,22,14,SUpDEqSH,SUpDEq + SH,ContralateralHighFrequency,Contralateral HF,5.32917527893452
P0022,22,14,SUpDEqSH,SUpDEq + SH,HorizontalILDMAE,Horizontal ILD MAE,1.14186839340897
P0022,22,14,SUpDEqNN,SUpDEq + Natural Neighbor,FullSphereERB,Full-sphere ERB,1.86171576935004
P0022,22,14,SUpDEqNN,SUpDEq + Natural Neighbor,Contralateral25ERB,Contralateral 25-deg ERB,2.47959973677746
P0022,22,14,SUpDEqNN,SUpDEq + Natural Neighbor,ContralateralHighFrequency,Contralateral HF,4.32664556460757
P0022,22,14,SUpDEqNN,SUpDEq + Natural Neighbor,HorizontalILDMAE,Horizontal ILD MAE,1.14613707136805
P0022,22,14,SUpDEqBary,SUpDEq + Barycentric,FullSphereERB,Full-sphere ERB,1.89532515220402
P0022,22,14,SUpDEqBary,SUpDEq + Barycentric,Contralateral25ERB,Contralateral 25-deg ERB,2.4171715594719
P0022,22,14,SUpDEqBary,SUpDEq + Barycentric,ContralateralHighFrequency,Contralateral HF,4.51789278732871
P0022,22,14,SUpDEqBary,SUpDEq + Barycentric,HorizontalILDMAE,Horizontal ILD MAE,1.24569516949115
P0022,22,14,MCA,MCA,FullSphereERB,Full-sphere ERB,1.383892908297
P0022,22,14,MCA,MCA,Contralateral25ERB,Contralateral 25-deg ERB,2.35390538720008
P0022,22,14,MCA,MCA,ContralateralHighFrequency,Contralateral HF,4.79585392761532
P0022,22,14,MCA,MCA,HorizontalILDMAE,Horizontal ILD MAE,1.11069414227978
P0022,22,14,MCARv351,MCAR v3.5.1,FullSphereERB,Full-sphere ERB,1.13366480998504
P0022,22,14,MCARv351,MCAR v3.5.1,Contralateral25ERB,Contralateral 25-deg ERB,1.63824442738626
P0022,22,14,MCARv351,MCAR v3.5.1,ContralateralHighFrequency,Contralateral HF,3.81963562170726
P0022,22,14,MCARv351,MCAR v3.5.1,HorizontalILDMAE,Horizontal ILD MAE,0.760422397548089
P0022,22,14,FSPAE,FSP-AE,FullSphereERB,Full-sphere ERB,2.2083477880986
P0022,22,14,FSPAE,FSP-AE,Contralateral25ERB,Contralateral 25-deg ERB,2.41882478802187
P0022,22,14,FSPAE,FSP-AE,ContralateralHighFrequency,Contralateral HF,3.8704042119107
P0022,22,14,FSPAE,FSP-AE,HorizontalILDMAE,Horizontal ILD MAE,2.03663624600303
P0022,22,14,RANF,RANF,FullSphereERB,Full-sphere ERB,0.964180865111703
P0022,22,14,RANF,RANF,Contralateral25ERB,Contralateral 25-deg ERB,1.22238416101739
P0022,22,14,RANF,RANF,ContralateralHighFrequency,Contralateral HF,3.4226258567221
P0022,22,14,RANF,RANF,HorizontalILDMAE,Horizontal ILD MAE,0.61309545537477
P0022,22,14,HYBRID,Hybrid E190,FullSphereERB,Full-sphere ERB,1.02227063193417
P0022,22,14,HYBRID,Hybrid E190,Contralateral25ERB,Contralateral 25-deg ERB,1.56729968892318
P0022,22,14,HYBRID,Hybrid E190,ContralateralHighFrequency,Contralateral HF,3.73810292116253
P0022,22,14,HYBRID,Hybrid E190,HorizontalILDMAE,Horizontal ILD MAE,0.671045930411739
P0022,22,14,BOUNDED,Bounded E25,FullSphereERB,Full-sphere ERB,1.04574638651631
P0022,22,14,BOUNDED,Bounded E25,Contralateral25ERB,Contralateral 25-deg ERB,1.56284697022908
P0022,22,14,BOUNDED,Bounded E25,ContralateralHighFrequency,Contralateral HF,3.63724646658801
P0022,22,14,BOUNDED,Bounded E25,HorizontalILDMAE,Horizontal ILD MAE,0.678033886701435
P0022,22,26,SHOnly,SH only,FullSphereERB,Full-sphere ERB,2.86929291620038
P0022,22,26,SHOnly,SH only,Contralateral25ERB,Contralateral 25-deg ERB,4.25641019462984
P0022,22,26,SHOnly,SH only,ContralateralHighFrequency,Contralateral HF,9.45348357970864
P0022,22,26,SHOnly,SH only,HorizontalILDMAE,Horizontal ILD MAE,3.10290026494486
P0022,22,26,SUpDEqSH,SUpDEq + SH,FullSphereERB,Full-sphere ERB,1.81352699790713
P0022,22,26,SUpDEqSH,SUpDEq + SH,Contralateral25ERB,Contralateral 25-deg ERB,2.20565012053896
P0022,22,26,SUpDEqSH,SUpDEq + SH,ContralateralHighFrequency,Contralateral HF,5.56616895891824
P0022,22,26,SUpDEqSH,SUpDEq + SH,HorizontalILDMAE,Horizontal ILD MAE,0.995135473288641
P0022,22,26,SUpDEqNN,SUpDEq + Natural Neighbor,FullSphereERB,Full-sphere ERB,1.80218790133169
P0022,22,26,SUpDEqNN,SUpDEq + Natural Neighbor,Contralateral25ERB,Contralateral 25-deg ERB,2.12310046386406
P0022,22,26,SUpDEqNN,SUpDEq + Natural Neighbor,ContralateralHighFrequency,Contralateral HF,4.69150273768724
P0022,22,26,SUpDEqNN,SUpDEq + Natural Neighbor,HorizontalILDMAE,Horizontal ILD MAE,1.0420611657176
P0022,22,26,SUpDEqBary,SUpDEq + Barycentric,FullSphereERB,Full-sphere ERB,1.71804698256533
P0022,22,26,SUpDEqBary,SUpDEq + Barycentric,Contralateral25ERB,Contralateral 25-deg ERB,2.04372281471197
P0022,22,26,SUpDEqBary,SUpDEq + Barycentric,ContralateralHighFrequency,Contralateral HF,4.6087274089711
P0022,22,26,SUpDEqBary,SUpDEq + Barycentric,HorizontalILDMAE,Horizontal ILD MAE,1.19082137315674
P0022,22,26,MCA,MCA,FullSphereERB,Full-sphere ERB,1.04359442541717
P0022,22,26,MCA,MCA,Contralateral25ERB,Contralateral 25-deg ERB,1.66775984330444
P0022,22,26,MCA,MCA,ContralateralHighFrequency,Contralateral HF,4.36028703601295
P0022,22,26,MCA,MCA,HorizontalILDMAE,Horizontal ILD MAE,0.799666444014505
P0022,22,26,MCARv351,MCAR v3.5.1,FullSphereERB,Full-sphere ERB,0.730895597956012
P0022,22,26,MCARv351,MCAR v3.5.1,Contralateral25ERB,Contralateral 25-deg ERB,1.12740036267959
P0022,22,26,MCARv351,MCAR v3.5.1,ContralateralHighFrequency,Contralateral HF,3.21146482190375
P0022,22,26,MCARv351,MCAR v3.5.1,HorizontalILDMAE,Horizontal ILD MAE,0.423808118428161
P0022,22,26,FSPAE,FSP-AE,FullSphereERB,Full-sphere ERB,1.00234001603104
P0022,22,26,FSPAE,FSP-AE,Contralateral25ERB,Contralateral 25-deg ERB,1.7073607096067
P0022,22,26,FSPAE,FSP-AE,ContralateralHighFrequency,Contralateral HF,2.94674616808868
P0022,22,26,FSPAE,FSP-AE,HorizontalILDMAE,Horizontal ILD MAE,0.566491796249233
P0022,22,26,RANF,RANF,FullSphereERB,Full-sphere ERB,0.947722338015993
P0022,22,26,RANF,RANF,Contralateral25ERB,Contralateral 25-deg ERB,1.29966037196292
P0022,22,26,RANF,RANF,ContralateralHighFrequency,Contralateral HF,3.38669725677708
P0022,22,26,RANF,RANF,HorizontalILDMAE,Horizontal ILD MAE,0.591323131293473
P0022,22,26,HYBRID,Hybrid E190,FullSphereERB,Full-sphere ERB,0.688639611165457
P0022,22,26,HYBRID,Hybrid E190,Contralateral25ERB,Contralateral 25-deg ERB,1.06442529625836
P0022,22,26,HYBRID,Hybrid E190,ContralateralHighFrequency,Contralateral HF,3.2979202490526
P0022,22,26,HYBRID,Hybrid E190,HorizontalILDMAE,Horizontal ILD MAE,0.340098809772725
P0022,22,26,BOUNDED,Bounded E25,FullSphereERB,Full-sphere ERB,0.689322869420879
P0022,22,26,BOUNDED,Bounded E25,Contralateral25ERB,Contralateral 25-deg ERB,1.07106570099967
P0022,22,26,BOUNDED,Bounded E25,ContralateralHighFrequency,Contralateral HF,3.20557521679106
P0022,22,26,BOUNDED,Bounded E25,HorizontalILDMAE,Horizontal ILD MAE,0.329768403298408
P0022,22,50,SHOnly,SH only,FullSphereERB,Full-sphere ERB,3.10660621882133
P0022,22,50,SHOnly,SH only,Contralateral25ERB,Contralateral 25-deg ERB,3.62056915319064
P0022,22,50,SHOnly,SH only,ContralateralHighFrequency,Contralateral HF,8.0151439497022
P0022,22,50,SHOnly,SH only,HorizontalILDMAE,Horizontal ILD MAE,3.89752112379287
P0022,22,50,SUpDEqSH,SUpDEq + SH,FullSphereERB,Full-sphere ERB,1.99473486734436
P0022,22,50,SUpDEqSH,SUpDEq + SH,Contralateral25ERB,Contralateral 25-deg ERB,2.41623906247172
P0022,22,50,SUpDEqSH,SUpDEq + SH,ContralateralHighFrequency,Contralateral HF,5.94425518983529
P0022,22,50,SUpDEqSH,SUpDEq + SH,HorizontalILDMAE,Horizontal ILD MAE,1.42887910723725
P0022,22,50,SUpDEqNN,SUpDEq + Natural Neighbor,FullSphereERB,Full-sphere ERB,1.66940330136185
P0022,22,50,SUpDEqNN,SUpDEq + Natural Neighbor,Contralateral25ERB,Contralateral 25-deg ERB,1.97990202010131
P0022,22,50,SUpDEqNN,SUpDEq + Natural Neighbor,ContralateralHighFrequency,Contralateral HF,5.35201885994791
P0022,22,50,SUpDEqNN,SUpDEq + Natural Neighbor,HorizontalILDMAE,Horizontal ILD MAE,1.01726756722109
P0022,22,50,SUpDEqBary,SUpDEq + Barycentric,FullSphereERB,Full-sphere ERB,1.52095001139131
P0022,22,50,SUpDEqBary,SUpDEq + Barycentric,Contralateral25ERB,Contralateral 25-deg ERB,1.89716976649792
P0022,22,50,SUpDEqBary,SUpDEq + Barycentric,ContralateralHighFrequency,Contralateral HF,5.00317096397534
P0022,22,50,SUpDEqBary,SUpDEq + Barycentric,HorizontalILDMAE,Horizontal ILD MAE,0.843096692112251
P0022,22,50,MCA,MCA,FullSphereERB,Full-sphere ERB,0.968070153171571
P0022,22,50,MCA,MCA,Contralateral25ERB,Contralateral 25-deg ERB,1.57378111780716
P0022,22,50,MCA,MCA,ContralateralHighFrequency,Contralateral HF,4.13427469467487
P0022,22,50,MCA,MCA,HorizontalILDMAE,Horizontal ILD MAE,0.813291280101405
P0022,22,50,MCARv351,MCAR v3.5.1,FullSphereERB,Full-sphere ERB,0.762246626327196
P0022,22,50,MCARv351,MCAR v3.5.1,Contralateral25ERB,Contralateral 25-deg ERB,1.21862787335154
P0022,22,50,MCARv351,MCAR v3.5.1,ContralateralHighFrequency,Contralateral HF,3.16108220688942
P0022,22,50,MCARv351,MCAR v3.5.1,HorizontalILDMAE,Horizontal ILD MAE,0.596794555683686
P0022,22,50,FSPAE,FSP-AE,FullSphereERB,Full-sphere ERB,2.01531182614115
P0022,22,50,FSPAE,FSP-AE,Contralateral25ERB,Contralateral 25-deg ERB,1.97376916414746
P0022,22,50,FSPAE,FSP-AE,ContralateralHighFrequency,Contralateral HF,3.6039691351915
P0022,22,50,FSPAE,FSP-AE,HorizontalILDMAE,Horizontal ILD MAE,1.29237533706152
P0022,22,50,RANF,RANF,FullSphereERB,Full-sphere ERB,0.920262707579994
P0022,22,50,RANF,RANF,Contralateral25ERB,Contralateral 25-deg ERB,1.3584516225655
P0022,22,50,RANF,RANF,ContralateralHighFrequency,Contralateral HF,3.08609556042033
P0022,22,50,RANF,RANF,HorizontalILDMAE,Horizontal ILD MAE,0.652732475954286
P0022,22,50,HYBRID,Hybrid E190,FullSphereERB,Full-sphere ERB,0.723319920081827
P0022,22,50,HYBRID,Hybrid E190,Contralateral25ERB,Contralateral 25-deg ERB,1.13969500178701
P0022,22,50,HYBRID,Hybrid E190,ContralateralHighFrequency,Contralateral HF,3.17267855392583
P0022,22,50,HYBRID,Hybrid E190,HorizontalILDMAE,Horizontal ILD MAE,0.427171536831533
P0022,22,50,BOUNDED,Bounded E25,FullSphereERB,Full-sphere ERB,0.72500292039447
P0022,22,50,BOUNDED,Bounded E25,Contralateral25ERB,Contralateral 25-deg ERB,1.13793340588558
P0022,22,50,BOUNDED,Bounded E25,ContralateralHighFrequency,Contralateral HF,3.14188773900275
P0022,22,50,BOUNDED,Bounded E25,HorizontalILDMAE,Horizontal ILD MAE,0.484348470543775
P0026,26,14,SHOnly,SH only,FullSphereERB,Full-sphere ERB,2.55815154528668
P0026,26,14,SHOnly,SH only,Contralateral25ERB,Contralateral 25-deg ERB,5.52342595094614
P0026,26,14,SHOnly,SH only,ContralateralHighFrequency,Contralateral HF,9.31368935223559
P0026,26,14,SHOnly,SH only,HorizontalILDMAE,Horizontal ILD MAE,4.16538641927972
P0026,26,14,SUpDEqSH,SUpDEq + SH,FullSphereERB,Full-sphere ERB,1.82216720531522
P0026,26,14,SUpDEqSH,SUpDEq + SH,Contralateral25ERB,Contralateral 25-deg ERB,2.52062123190278
P0026,26,14,SUpDEqSH,SUpDEq + SH,ContralateralHighFrequency,Contralateral HF,6.24821899024444
P0026,26,14,SUpDEqSH,SUpDEq + SH,HorizontalILDMAE,Horizontal ILD MAE,2.06526905457245
P0026,26,14,SUpDEqNN,SUpDEq + Natural Neighbor,FullSphereERB,Full-sphere ERB,2.01534050220802
P0026,26,14,SUpDEqNN,SUpDEq + Natural Neighbor,Contralateral25ERB,Contralateral 25-deg ERB,2.83624085261574
P0026,26,14,SUpDEqNN,SUpDEq + Natural Neighbor,ContralateralHighFrequency,Contralateral HF,6.63267480733619
P0026,26,14,SUpDEqNN,SUpDEq + Natural Neighbor,HorizontalILDMAE,Horizontal ILD MAE,2.03435064300276
P0026,26,14,SUpDEqBary,SUpDEq + Barycentric,FullSphereERB,Full-sphere ERB,2.01496588102367
P0026,26,14,SUpDEqBary,SUpDEq + Barycentric,Contralateral25ERB,Contralateral 25-deg ERB,2.78815192261027
P0026,26,14,SUpDEqBary,SUpDEq + Barycentric,ContralateralHighFrequency,Contralateral HF,6.75487772124637
P0026,26,14,SUpDEqBary,SUpDEq + Barycentric,HorizontalILDMAE,Horizontal ILD MAE,2.12099389331213
P0026,26,14,MCA,MCA,FullSphereERB,Full-sphere ERB,1.40321788552182
P0026,26,14,MCA,MCA,Contralateral25ERB,Contralateral 25-deg ERB,2.57139998627059
P0026,26,14,MCA,MCA,ContralateralHighFrequency,Contralateral HF,5.91316227698451
P0026,26,14,MCA,MCA,HorizontalILDMAE,Horizontal ILD MAE,1.03404862409222
P0026,26,14,MCARv351,MCAR v3.5.1,FullSphereERB,Full-sphere ERB,1.2149646587067
P0026,26,14,MCARv351,MCAR v3.5.1,Contralateral25ERB,Contralateral 25-deg ERB,2.12535573932725
P0026,26,14,MCARv351,MCAR v3.5.1,ContralateralHighFrequency,Contralateral HF,5.17061428671632
P0026,26,14,MCARv351,MCAR v3.5.1,HorizontalILDMAE,Horizontal ILD MAE,0.829969456011256
P0026,26,14,FSPAE,FSP-AE,FullSphereERB,Full-sphere ERB,2.16275238949484
P0026,26,14,FSPAE,FSP-AE,Contralateral25ERB,Contralateral 25-deg ERB,2.43832117385354
P0026,26,14,FSPAE,FSP-AE,ContralateralHighFrequency,Contralateral HF,4.1180237924195
P0026,26,14,FSPAE,FSP-AE,HorizontalILDMAE,Horizontal ILD MAE,2.25083442089115
P0026,26,14,RANF,RANF,FullSphereERB,Full-sphere ERB,1.08880561241348
P0026,26,14,RANF,RANF,Contralateral25ERB,Contralateral 25-deg ERB,1.91844008183184
P0026,26,14,RANF,RANF,ContralateralHighFrequency,Contralateral HF,4.02479470453061
P0026,26,14,RANF,RANF,HorizontalILDMAE,Horizontal ILD MAE,1.01110800425009
P0026,26,14,HYBRID,Hybrid E190,FullSphereERB,Full-sphere ERB,1.07286954267785
P0026,26,14,HYBRID,Hybrid E190,Contralateral25ERB,Contralateral 25-deg ERB,1.54179220549743
P0026,26,14,HYBRID,Hybrid E190,ContralateralHighFrequency,Contralateral HF,4.65789654766931
P0026,26,14,HYBRID,Hybrid E190,HorizontalILDMAE,Horizontal ILD MAE,0.768142280814762
P0026,26,14,BOUNDED,Bounded E25,FullSphereERB,Full-sphere ERB,1.12182521178239
P0026,26,14,BOUNDED,Bounded E25,Contralateral25ERB,Contralateral 25-deg ERB,1.79883741509891
P0026,26,14,BOUNDED,Bounded E25,ContralateralHighFrequency,Contralateral HF,4.84220452882426
P0026,26,14,BOUNDED,Bounded E25,HorizontalILDMAE,Horizontal ILD MAE,0.795262600294833
P0026,26,26,SHOnly,SH only,FullSphereERB,Full-sphere ERB,2.55931726952375
P0026,26,26,SHOnly,SH only,Contralateral25ERB,Contralateral 25-deg ERB,3.60546215023813
P0026,26,26,SHOnly,SH only,ContralateralHighFrequency,Contralateral HF,9.06095138348179
P0026,26,26,SHOnly,SH only,HorizontalILDMAE,Horizontal ILD MAE,3.42828098789381
P0026,26,26,SUpDEqSH,SUpDEq + SH,FullSphereERB,Full-sphere ERB,1.83997859296633
P0026,26,26,SUpDEqSH,SUpDEq + SH,Contralateral25ERB,Contralateral 25-deg ERB,2.16591101722672
P0026,26,26,SUpDEqSH,SUpDEq + SH,ContralateralHighFrequency,Contralateral HF,5.74945679602134
P0026,26,26,SUpDEqSH,SUpDEq + SH,HorizontalILDMAE,Horizontal ILD MAE,3.00050431383279
P0026,26,26,SUpDEqNN,SUpDEq + Natural Neighbor,FullSphereERB,Full-sphere ERB,1.84227597715537
P0026,26,26,SUpDEqNN,SUpDEq + Natural Neighbor,Contralateral25ERB,Contralateral 25-deg ERB,2.28954790418581
P0026,26,26,SUpDEqNN,SUpDEq + Natural Neighbor,ContralateralHighFrequency,Contralateral HF,5.59369904568225
P0026,26,26,SUpDEqNN,SUpDEq + Natural Neighbor,HorizontalILDMAE,Horizontal ILD MAE,2.92454943139606
P0026,26,26,SUpDEqBary,SUpDEq + Barycentric,FullSphereERB,Full-sphere ERB,1.74646248647236
P0026,26,26,SUpDEqBary,SUpDEq + Barycentric,Contralateral25ERB,Contralateral 25-deg ERB,2.24573817575208
P0026,26,26,SUpDEqBary,SUpDEq + Barycentric,ContralateralHighFrequency,Contralateral HF,5.58613113199315
P0026,26,26,SUpDEqBary,SUpDEq + Barycentric,HorizontalILDMAE,Horizontal ILD MAE,2.99758209737746
P0026,26,26,MCA,MCA,FullSphereERB,Full-sphere ERB,1.03403195578114
P0026,26,26,MCA,MCA,Contralateral25ERB,Contralateral 25-deg ERB,1.77017534635975
P0026,26,26,MCA,MCA,ContralateralHighFrequency,Contralateral HF,5.00872195041736
P0026,26,26,MCA,MCA,HorizontalILDMAE,Horizontal ILD MAE,1.15964108900249
P0026,26,26,MCARv351,MCAR v3.5.1,FullSphereERB,Full-sphere ERB,0.771125338532448
P0026,26,26,MCARv351,MCAR v3.5.1,Contralateral25ERB,Contralateral 25-deg ERB,1.38192221410639
P0026,26,26,MCARv351,MCAR v3.5.1,ContralateralHighFrequency,Contralateral HF,3.88775236405555
P0026,26,26,MCARv351,MCAR v3.5.1,HorizontalILDMAE,Horizontal ILD MAE,0.659356868631906
P0026,26,26,FSPAE,FSP-AE,FullSphereERB,Full-sphere ERB,1.05920400350904
P0026,26,26,FSPAE,FSP-AE,Contralateral25ERB,Contralateral 25-deg ERB,1.99979803644732
P0026,26,26,FSPAE,FSP-AE,ContralateralHighFrequency,Contralateral HF,3.49055377992651
P0026,26,26,FSPAE,FSP-AE,HorizontalILDMAE,Horizontal ILD MAE,0.503163821703323
P0026,26,26,RANF,RANF,FullSphereERB,Full-sphere ERB,1.00710375666541
P0026,26,26,RANF,RANF,Contralateral25ERB,Contralateral 25-deg ERB,1.81168297676504
P0026,26,26,RANF,RANF,ContralateralHighFrequency,Contralateral HF,3.73541392090806
P0026,26,26,RANF,RANF,HorizontalILDMAE,Horizontal ILD MAE,0.712638242647167
P0026,26,26,HYBRID,Hybrid E190,FullSphereERB,Full-sphere ERB,0.763436862894391
P0026,26,26,HYBRID,Hybrid E190,Contralateral25ERB,Contralateral 25-deg ERB,1.33588938761751
P0026,26,26,HYBRID,Hybrid E190,ContralateralHighFrequency,Contralateral HF,3.85526618709937
P0026,26,26,HYBRID,Hybrid E190,HorizontalILDMAE,Horizontal ILD MAE,0.863036804041339
P0026,26,26,BOUNDED,Bounded E25,FullSphereERB,Full-sphere ERB,0.753068946086627
P0026,26,26,BOUNDED,Bounded E25,Contralateral25ERB,Contralateral 25-deg ERB,1.3409049182593
P0026,26,26,BOUNDED,Bounded E25,ContralateralHighFrequency,Contralateral HF,3.87780937660743
P0026,26,26,BOUNDED,Bounded E25,HorizontalILDMAE,Horizontal ILD MAE,0.727263412803811
P0026,26,50,SHOnly,SH only,FullSphereERB,Full-sphere ERB,3.04080577642012
P0026,26,50,SHOnly,SH only,Contralateral25ERB,Contralateral 25-deg ERB,3.24430819495616
P0026,26,50,SHOnly,SH only,ContralateralHighFrequency,Contralateral HF,7.9150581512514
P0026,26,50,SHOnly,SH only,HorizontalILDMAE,Horizontal ILD MAE,3.81183947389954
P0026,26,50,SUpDEqSH,SUpDEq + SH,FullSphereERB,Full-sphere ERB,2.02836233714177
P0026,26,50,SUpDEqSH,SUpDEq + SH,Contralateral25ERB,Contralateral 25-deg ERB,2.1641938258077
P0026,26,50,SUpDEqSH,SUpDEq + SH,ContralateralHighFrequency,Contralateral HF,6.57635274903001
P0026,26,50,SUpDEqSH,SUpDEq + SH,HorizontalILDMAE,Horizontal ILD MAE,2.66835179993637
P0026,26,50,SUpDEqNN,SUpDEq + Natural Neighbor,FullSphereERB,Full-sphere ERB,1.62236256336224
P0026,26,50,SUpDEqNN,SUpDEq + Natural Neighbor,Contralateral25ERB,Contralateral 25-deg ERB,1.9095323636918
P0026,26,50,SUpDEqNN,SUpDEq + Natural Neighbor,ContralateralHighFrequency,Contralateral HF,5.72757147485643
P0026,26,50,SUpDEqNN,SUpDEq + Natural Neighbor,HorizontalILDMAE,Horizontal ILD MAE,2.37853968298693
P0026,26,50,SUpDEqBary,SUpDEq + Barycentric,FullSphereERB,Full-sphere ERB,1.47742516905759
P0026,26,50,SUpDEqBary,SUpDEq + Barycentric,Contralateral25ERB,Contralateral 25-deg ERB,1.89091689677336
P0026,26,50,SUpDEqBary,SUpDEq + Barycentric,ContralateralHighFrequency,Contralateral HF,5.38098568981841
P0026,26,50,SUpDEqBary,SUpDEq + Barycentric,HorizontalILDMAE,Horizontal ILD MAE,2.56249447563154
P0026,26,50,MCA,MCA,FullSphereERB,Full-sphere ERB,0.937612229991671
P0026,26,50,MCA,MCA,Contralateral25ERB,Contralateral 25-deg ERB,1.64314784590934
P0026,26,50,MCA,MCA,ContralateralHighFrequency,Contralateral HF,5.07486516519264
P0026,26,50,MCA,MCA,HorizontalILDMAE,Horizontal ILD MAE,1.49967941156199
P0026,26,50,MCARv351,MCAR v3.5.1,FullSphereERB,Full-sphere ERB,0.785815595734445
P0026,26,50,MCARv351,MCAR v3.5.1,Contralateral25ERB,Contralateral 25-deg ERB,1.46280990343839
P0026,26,50,MCARv351,MCAR v3.5.1,ContralateralHighFrequency,Contralateral HF,3.87513738031767
P0026,26,50,MCARv351,MCAR v3.5.1,HorizontalILDMAE,Horizontal ILD MAE,1.05841559721864
P0026,26,50,FSPAE,FSP-AE,FullSphereERB,Full-sphere ERB,2.04513791358258
P0026,26,50,FSPAE,FSP-AE,Contralateral25ERB,Contralateral 25-deg ERB,2.21071812092268
P0026,26,50,FSPAE,FSP-AE,ContralateralHighFrequency,Contralateral HF,3.99242608461848
P0026,26,50,FSPAE,FSP-AE,HorizontalILDMAE,Horizontal ILD MAE,1.03610969031993
P0026,26,50,RANF,RANF,FullSphereERB,Full-sphere ERB,0.922031243960826
P0026,26,50,RANF,RANF,Contralateral25ERB,Contralateral 25-deg ERB,1.7266045538832
P0026,26,50,RANF,RANF,ContralateralHighFrequency,Contralateral HF,3.32568371780747
P0026,26,50,RANF,RANF,HorizontalILDMAE,Horizontal ILD MAE,0.487661163205105
P0026,26,50,HYBRID,Hybrid E190,FullSphereERB,Full-sphere ERB,0.777703600748223
P0026,26,50,HYBRID,Hybrid E190,Contralateral25ERB,Contralateral 25-deg ERB,1.43278980983231
P0026,26,50,HYBRID,Hybrid E190,ContralateralHighFrequency,Contralateral HF,3.89997648212212
P0026,26,50,HYBRID,Hybrid E190,HorizontalILDMAE,Horizontal ILD MAE,1.12591074981417
P0026,26,50,BOUNDED,Bounded E25,FullSphereERB,Full-sphere ERB,0.770273285178271
P0026,26,50,BOUNDED,Bounded E25,Contralateral25ERB,Contralateral 25-deg ERB,1.43516729942809
P0026,26,50,BOUNDED,Bounded E25,ContralateralHighFrequency,Contralateral HF,3.92772018268886
P0026,26,50,BOUNDED,Bounded E25,HorizontalILDMAE,Horizontal ILD MAE,1.06158474475264
P0046,46,14,SHOnly,SH only,FullSphereERB,Full-sphere ERB,2.99809204837811
P0046,46,14,SHOnly,SH only,Contralateral25ERB,Contralateral 25-deg ERB,5.70637681906896
P0046,46,14,SHOnly,SH only,ContralateralHighFrequency,Contralateral HF,11.4336968119703
P0046,46,14,SHOnly,SH only,HorizontalILDMAE,Horizontal ILD MAE,4.1136515209633
P0046,46,14,SUpDEqSH,SUpDEq + SH,FullSphereERB,Full-sphere ERB,1.81670379918615
P0046,46,14,SUpDEqSH,SUpDEq + SH,Contralateral25ERB,Contralateral 25-deg ERB,2.56595807967529
P0046,46,14,SUpDEqSH,SUpDEq + SH,ContralateralHighFrequency,Contralateral HF,6.31220761001887
P0046,46,14,SUpDEqSH,SUpDEq + SH,HorizontalILDMAE,Horizontal ILD MAE,1.32716705961915
P0046,46,14,SUpDEqNN,SUpDEq + Natural Neighbor,FullSphereERB,Full-sphere ERB,2.15739302440696
P0046,46,14,SUpDEqNN,SUpDEq + Natural Neighbor,Contralateral25ERB,Contralateral 25-deg ERB,2.6436230318028
P0046,46,14,SUpDEqNN,SUpDEq + Natural Neighbor,ContralateralHighFrequency,Contralateral HF,5.61696948061818
P0046,46,14,SUpDEqNN,SUpDEq + Natural Neighbor,HorizontalILDMAE,Horizontal ILD MAE,1.45629829376342
P0046,46,14,SUpDEqBary,SUpDEq + Barycentric,FullSphereERB,Full-sphere ERB,2.09583208263015
P0046,46,14,SUpDEqBary,SUpDEq + Barycentric,Contralateral25ERB,Contralateral 25-deg ERB,2.59438037787704
P0046,46,14,SUpDEqBary,SUpDEq + Barycentric,ContralateralHighFrequency,Contralateral HF,5.46556842479756
P0046,46,14,SUpDEqBary,SUpDEq + Barycentric,HorizontalILDMAE,Horizontal ILD MAE,1.47489163861906
P0046,46,14,MCA,MCA,FullSphereERB,Full-sphere ERB,1.37272231256481
P0046,46,14,MCA,MCA,Contralateral25ERB,Contralateral 25-deg ERB,2.39292935953354
P0046,46,14,MCA,MCA,ContralateralHighFrequency,Contralateral HF,5.45642903796049
P0046,46,14,MCA,MCA,HorizontalILDMAE,Horizontal ILD MAE,1.14643581900421
P0046,46,14,MCARv351,MCAR v3.5.1,FullSphereERB,Full-sphere ERB,1.13720434937874
P0046,46,14,MCARv351,MCAR v3.5.1,Contralateral25ERB,Contralateral 25-deg ERB,1.78915676374638
P0046,46,14,MCARv351,MCAR v3.5.1,ContralateralHighFrequency,Contralateral HF,4.13813645255871
P0046,46,14,MCARv351,MCAR v3.5.1,HorizontalILDMAE,Horizontal ILD MAE,1.00884850276911
P0046,46,14,FSPAE,FSP-AE,FullSphereERB,Full-sphere ERB,2.15231059363066
P0046,46,14,FSPAE,FSP-AE,Contralateral25ERB,Contralateral 25-deg ERB,2.28955918969668
P0046,46,14,FSPAE,FSP-AE,ContralateralHighFrequency,Contralateral HF,3.49202943877578
P0046,46,14,FSPAE,FSP-AE,HorizontalILDMAE,Horizontal ILD MAE,2.35210384802618
P0046,46,14,RANF,RANF,FullSphereERB,Full-sphere ERB,0.934253255407641
P0046,46,14,RANF,RANF,Contralateral25ERB,Contralateral 25-deg ERB,1.34714927179057
P0046,46,14,RANF,RANF,ContralateralHighFrequency,Contralateral HF,3.1765460853983
P0046,46,14,RANF,RANF,HorizontalILDMAE,Horizontal ILD MAE,0.89193672665921
P0046,46,14,HYBRID,Hybrid E190,FullSphereERB,Full-sphere ERB,0.987127062471743
P0046,46,14,HYBRID,Hybrid E190,Contralateral25ERB,Contralateral 25-deg ERB,1.55754317716199
P0046,46,14,HYBRID,Hybrid E190,ContralateralHighFrequency,Contralateral HF,3.936699098783
P0046,46,14,HYBRID,Hybrid E190,HorizontalILDMAE,Horizontal ILD MAE,0.739729816029657
P0046,46,14,BOUNDED,Bounded E25,FullSphereERB,Full-sphere ERB,1.01742820771473
P0046,46,14,BOUNDED,Bounded E25,Contralateral25ERB,Contralateral 25-deg ERB,1.61827665631449
P0046,46,14,BOUNDED,Bounded E25,ContralateralHighFrequency,Contralateral HF,3.91080290437721
P0046,46,14,BOUNDED,Bounded E25,HorizontalILDMAE,Horizontal ILD MAE,0.869455587649597
P0046,46,26,SHOnly,SH only,FullSphereERB,Full-sphere ERB,2.81585902678003
P0046,46,26,SHOnly,SH only,Contralateral25ERB,Contralateral 25-deg ERB,4.32181857249143
P0046,46,26,SHOnly,SH only,ContralateralHighFrequency,Contralateral HF,9.63178583711836
P0046,46,26,SHOnly,SH only,HorizontalILDMAE,Horizontal ILD MAE,2.94024570197425
P0046,46,26,SUpDEqSH,SUpDEq + SH,FullSphereERB,Full-sphere ERB,1.93943432993917
P0046,46,26,SUpDEqSH,SUpDEq + SH,Contralateral25ERB,Contralateral 25-deg ERB,2.3265673967787
P0046,46,26,SUpDEqSH,SUpDEq + SH,ContralateralHighFrequency,Contralateral HF,6.0687174102165
P0046,46,26,SUpDEqSH,SUpDEq + SH,HorizontalILDMAE,Horizontal ILD MAE,1.08516427057515
P0046,46,26,SUpDEqNN,SUpDEq + Natural Neighbor,FullSphereERB,Full-sphere ERB,2.04798538772525
P0046,46,26,SUpDEqNN,SUpDEq + Natural Neighbor,Contralateral25ERB,Contralateral 25-deg ERB,2.53264163675642
P0046,46,26,SUpDEqNN,SUpDEq + Natural Neighbor,ContralateralHighFrequency,Contralateral HF,5.18595293573167
P0046,46,26,SUpDEqNN,SUpDEq + Natural Neighbor,HorizontalILDMAE,Horizontal ILD MAE,1.14939180430944
P0046,46,26,SUpDEqBary,SUpDEq + Barycentric,FullSphereERB,Full-sphere ERB,1.90864611654056
P0046,46,26,SUpDEqBary,SUpDEq + Barycentric,Contralateral25ERB,Contralateral 25-deg ERB,2.45076758293972
P0046,46,26,SUpDEqBary,SUpDEq + Barycentric,ContralateralHighFrequency,Contralateral HF,5.16272640957614
P0046,46,26,SUpDEqBary,SUpDEq + Barycentric,HorizontalILDMAE,Horizontal ILD MAE,1.27335633140395
P0046,46,26,MCA,MCA,FullSphereERB,Full-sphere ERB,1.11068263011423
P0046,46,26,MCA,MCA,Contralateral25ERB,Contralateral 25-deg ERB,1.96169535267955
P0046,46,26,MCA,MCA,ContralateralHighFrequency,Contralateral HF,4.6280929517681
P0046,46,26,MCA,MCA,HorizontalILDMAE,Horizontal ILD MAE,1.00833515813952
P0046,46,26,MCARv351,MCAR v3.5.1,FullSphereERB,Full-sphere ERB,0.757490270143014
P0046,46,26,MCARv351,MCAR v3.5.1,Contralateral25ERB,Contralateral 25-deg ERB,1.3182032155372
P0046,46,26,MCARv351,MCAR v3.5.1,ContralateralHighFrequency,Contralateral HF,3.18917468908732
P0046,46,26,MCARv351,MCAR v3.5.1,HorizontalILDMAE,Horizontal ILD MAE,0.588523748165659
P0046,46,26,FSPAE,FSP-AE,FullSphereERB,Full-sphere ERB,1.02478000616741
P0046,46,26,FSPAE,FSP-AE,Contralateral25ERB,Contralateral 25-deg ERB,1.72397914234382
P0046,46,26,FSPAE,FSP-AE,ContralateralHighFrequency,Contralateral HF,2.7408709944081
P0046,46,26,FSPAE,FSP-AE,HorizontalILDMAE,Horizontal ILD MAE,0.480932554036971
P0046,46,26,RANF,RANF,FullSphereERB,Full-sphere ERB,0.922920805954004
P0046,46,26,RANF,RANF,Contralateral25ERB,Contralateral 25-deg ERB,1.4680677768574
P0046,46,26,RANF,RANF,ContralateralHighFrequency,Contralateral HF,2.99674939506332
P0046,46,26,RANF,RANF,HorizontalILDMAE,Horizontal ILD MAE,0.807431323103792
P0046,46,26,HYBRID,Hybrid E190,FullSphereERB,Full-sphere ERB,0.670389691100475
P0046,46,26,HYBRID,Hybrid E190,Contralateral25ERB,Contralateral 25-deg ERB,1.10592662215752
P0046,46,26,HYBRID,Hybrid E190,ContralateralHighFrequency,Contralateral HF,3.19997742108463
P0046,46,26,HYBRID,Hybrid E190,HorizontalILDMAE,Horizontal ILD MAE,0.439882064503811
P0046,46,26,BOUNDED,Bounded E25,FullSphereERB,Full-sphere ERB,0.68402549032642
P0046,46,26,BOUNDED,Bounded E25,Contralateral25ERB,Contralateral 25-deg ERB,1.17270835640016
P0046,46,26,BOUNDED,Bounded E25,ContralateralHighFrequency,Contralateral HF,3.14830065792676
P0046,46,26,BOUNDED,Bounded E25,HorizontalILDMAE,Horizontal ILD MAE,0.488542555458482
P0046,46,50,SHOnly,SH only,FullSphereERB,Full-sphere ERB,3.03283707245305
P0046,46,50,SHOnly,SH only,Contralateral25ERB,Contralateral 25-deg ERB,3.38943669693264
P0046,46,50,SHOnly,SH only,ContralateralHighFrequency,Contralateral HF,7.72732477613356
P0046,46,50,SHOnly,SH only,HorizontalILDMAE,Horizontal ILD MAE,3.51859588118317
P0046,46,50,SUpDEqSH,SUpDEq + SH,FullSphereERB,Full-sphere ERB,2.12963042911985
P0046,46,50,SUpDEqSH,SUpDEq + SH,Contralateral25ERB,Contralateral 25-deg ERB,2.42133346651148
P0046,46,50,SUpDEqSH,SUpDEq + SH,ContralateralHighFrequency,Contralateral HF,6.56917799563668
P0046,46,50,SUpDEqSH,SUpDEq + SH,HorizontalILDMAE,Horizontal ILD MAE,1.88569734473268
P0046,46,50,SUpDEqNN,SUpDEq + Natural Neighbor,FullSphereERB,Full-sphere ERB,1.81051053189055
P0046,46,50,SUpDEqNN,SUpDEq + Natural Neighbor,Contralateral25ERB,Contralateral 25-deg ERB,2.09985744095077
P0046,46,50,SUpDEqNN,SUpDEq + Natural Neighbor,ContralateralHighFrequency,Contralateral HF,5.44797176908136
P0046,46,50,SUpDEqNN,SUpDEq + Natural Neighbor,HorizontalILDMAE,Horizontal ILD MAE,1.27326501575062
P0046,46,50,SUpDEqBary,SUpDEq + Barycentric,FullSphereERB,Full-sphere ERB,1.61679528986692
P0046,46,50,SUpDEqBary,SUpDEq + Barycentric,Contralateral25ERB,Contralateral 25-deg ERB,2.03725646898809
P0046,46,50,SUpDEqBary,SUpDEq + Barycentric,ContralateralHighFrequency,Contralateral HF,4.97941425216217
P0046,46,50,SUpDEqBary,SUpDEq + Barycentric,HorizontalILDMAE,Horizontal ILD MAE,1.18335795806671
P0046,46,50,MCA,MCA,FullSphereERB,Full-sphere ERB,1.00678337471611
P0046,46,50,MCA,MCA,Contralateral25ERB,Contralateral 25-deg ERB,1.87969825735953
P0046,46,50,MCA,MCA,ContralateralHighFrequency,Contralateral HF,4.57892880609852
P0046,46,50,MCA,MCA,HorizontalILDMAE,Horizontal ILD MAE,0.748765301888065
P0046,46,50,MCARv351,MCAR v3.5.1,FullSphereERB,Full-sphere ERB,0.788121095176922
P0046,46,50,MCARv351,MCAR v3.5.1,Contralateral25ERB,Contralateral 25-deg ERB,1.44414483768646
P0046,46,50,MCARv351,MCAR v3.5.1,ContralateralHighFrequency,Contralateral HF,3.20091498043996
P0046,46,50,MCARv351,MCAR v3.5.1,HorizontalILDMAE,Horizontal ILD MAE,0.552731068581325
P0046,46,50,FSPAE,FSP-AE,FullSphereERB,Full-sphere ERB,1.98494166714831
P0046,46,50,FSPAE,FSP-AE,Contralateral25ERB,Contralateral 25-deg ERB,1.96501604023936
P0046,46,50,FSPAE,FSP-AE,ContralateralHighFrequency,Contralateral HF,3.38592387471668
P0046,46,50,FSPAE,FSP-AE,HorizontalILDMAE,Horizontal ILD MAE,0.912863829437058
P0046,46,50,RANF,RANF,FullSphereERB,Full-sphere ERB,0.890856525757928
P0046,46,50,RANF,RANF,Contralateral25ERB,Contralateral 25-deg ERB,1.4600701973632
P0046,46,50,RANF,RANF,ContralateralHighFrequency,Contralateral HF,2.84312008685639
P0046,46,50,RANF,RANF,HorizontalILDMAE,Horizontal ILD MAE,0.782397068146179
P0046,46,50,HYBRID,Hybrid E190,FullSphereERB,Full-sphere ERB,0.715054075540769
P0046,46,50,HYBRID,Hybrid E190,Contralateral25ERB,Contralateral 25-deg ERB,1.21671629150248
P0046,46,50,HYBRID,Hybrid E190,ContralateralHighFrequency,Contralateral HF,3.07974485004608
P0046,46,50,HYBRID,Hybrid E190,HorizontalILDMAE,Horizontal ILD MAE,0.545376153758574
P0046,46,50,BOUNDED,Bounded E25,FullSphereERB,Full-sphere ERB,0.729796816233821
P0046,46,50,BOUNDED,Bounded E25,Contralateral25ERB,Contralateral 25-deg ERB,1.30231576505905
P0046,46,50,BOUNDED,Bounded E25,ContralateralHighFrequency,Contralateral HF,3.11239519518531
P0046,46,50,BOUNDED,Bounded E25,HorizontalILDMAE,Horizontal ILD MAE,0.505035157964412
P0066,66,14,SHOnly,SH only,FullSphereERB,Full-sphere ERB,2.75995075917722
P0066,66,14,SHOnly,SH only,Contralateral25ERB,Contralateral 25-deg ERB,4.03237775222492
P0066,66,14,SHOnly,SH only,ContralateralHighFrequency,Contralateral HF,9.86647436995111
P0066,66,14,SHOnly,SH only,HorizontalILDMAE,Horizontal ILD MAE,3.76698930789414
P0066,66,14,SUpDEqSH,SUpDEq + SH,FullSphereERB,Full-sphere ERB,1.75665346544552
P0066,66,14,SUpDEqSH,SUpDEq + SH,Contralateral25ERB,Contralateral 25-deg ERB,2.47241460695747
P0066,66,14,SUpDEqSH,SUpDEq + SH,ContralateralHighFrequency,Contralateral HF,6.89159998281343
P0066,66,14,SUpDEqSH,SUpDEq + SH,HorizontalILDMAE,Horizontal ILD MAE,1.45678098269123
P0066,66,14,SUpDEqNN,SUpDEq + Natural Neighbor,FullSphereERB,Full-sphere ERB,1.85116866791715
P0066,66,14,SUpDEqNN,SUpDEq + Natural Neighbor,Contralateral25ERB,Contralateral 25-deg ERB,2.29925766887402
P0066,66,14,SUpDEqNN,SUpDEq + Natural Neighbor,ContralateralHighFrequency,Contralateral HF,5.57606163146152
P0066,66,14,SUpDEqNN,SUpDEq + Natural Neighbor,HorizontalILDMAE,Horizontal ILD MAE,1.20964373452225
P0066,66,14,SUpDEqBary,SUpDEq + Barycentric,FullSphereERB,Full-sphere ERB,1.82783830174578
P0066,66,14,SUpDEqBary,SUpDEq + Barycentric,Contralateral25ERB,Contralateral 25-deg ERB,2.26931794694623
P0066,66,14,SUpDEqBary,SUpDEq + Barycentric,ContralateralHighFrequency,Contralateral HF,5.60248159290897
P0066,66,14,SUpDEqBary,SUpDEq + Barycentric,HorizontalILDMAE,Horizontal ILD MAE,1.20621524175018
P0066,66,14,MCA,MCA,FullSphereERB,Full-sphere ERB,1.32614585886149
P0066,66,14,MCA,MCA,Contralateral25ERB,Contralateral 25-deg ERB,2.72832924456919
P0066,66,14,MCA,MCA,ContralateralHighFrequency,Contralateral HF,4.93089777919083
P0066,66,14,MCA,MCA,HorizontalILDMAE,Horizontal ILD MAE,1.25973647398161
P0066,66,14,MCARv351,MCAR v3.5.1,FullSphereERB,Full-sphere ERB,1.18898656001113
P0066,66,14,MCARv351,MCAR v3.5.1,Contralateral25ERB,Contralateral 25-deg ERB,2.39498779298206
P0066,66,14,MCARv351,MCAR v3.5.1,ContralateralHighFrequency,Contralateral HF,4.2886847073724
P0066,66,14,MCARv351,MCAR v3.5.1,HorizontalILDMAE,Horizontal ILD MAE,0.948126854375735
P0066,66,14,FSPAE,FSP-AE,FullSphereERB,Full-sphere ERB,2.12065844404735
P0066,66,14,FSPAE,FSP-AE,Contralateral25ERB,Contralateral 25-deg ERB,2.55184927513864
P0066,66,14,FSPAE,FSP-AE,ContralateralHighFrequency,Contralateral HF,3.89328469706936
P0066,66,14,FSPAE,FSP-AE,HorizontalILDMAE,Horizontal ILD MAE,0.881366181699284
P0066,66,14,RANF,RANF,FullSphereERB,Full-sphere ERB,1.18253380589282
P0066,66,14,RANF,RANF,Contralateral25ERB,Contralateral 25-deg ERB,1.67662255230704
P0066,66,14,RANF,RANF,ContralateralHighFrequency,Contralateral HF,3.74406481287761
P0066,66,14,RANF,RANF,HorizontalILDMAE,Horizontal ILD MAE,0.793449624641954
P0066,66,14,HYBRID,Hybrid E190,FullSphereERB,Full-sphere ERB,1.16591977637555
P0066,66,14,HYBRID,Hybrid E190,Contralateral25ERB,Contralateral 25-deg ERB,2.04428413747853
P0066,66,14,HYBRID,Hybrid E190,ContralateralHighFrequency,Contralateral HF,4.07073939818348
P0066,66,14,HYBRID,Hybrid E190,HorizontalILDMAE,Horizontal ILD MAE,1.1641851735499
P0066,66,14,BOUNDED,Bounded E25,FullSphereERB,Full-sphere ERB,1.14108096029514
P0066,66,14,BOUNDED,Bounded E25,Contralateral25ERB,Contralateral 25-deg ERB,2.21806229543039
P0066,66,14,BOUNDED,Bounded E25,ContralateralHighFrequency,Contralateral HF,4.07765833906846
P0066,66,14,BOUNDED,Bounded E25,HorizontalILDMAE,Horizontal ILD MAE,0.999793121258664
P0066,66,26,SHOnly,SH only,FullSphereERB,Full-sphere ERB,2.60968299666995
P0066,66,26,SHOnly,SH only,Contralateral25ERB,Contralateral 25-deg ERB,3.15664438505676
P0066,66,26,SHOnly,SH only,ContralateralHighFrequency,Contralateral HF,8.82104600597633
P0066,66,26,SHOnly,SH only,HorizontalILDMAE,Horizontal ILD MAE,2.87179160180858
P0066,66,26,SUpDEqSH,SUpDEq + SH,FullSphereERB,Full-sphere ERB,1.91367127225391
P0066,66,26,SUpDEqSH,SUpDEq + SH,Contralateral25ERB,Contralateral 25-deg ERB,2.24210523448066
P0066,66,26,SUpDEqSH,SUpDEq + SH,ContralateralHighFrequency,Contralateral HF,6.57330309068542
P0066,66,26,SUpDEqSH,SUpDEq + SH,HorizontalILDMAE,Horizontal ILD MAE,1.51429013594988
P0066,66,26,SUpDEqNN,SUpDEq + Natural Neighbor,FullSphereERB,Full-sphere ERB,1.89815113606343
P0066,66,26,SUpDEqNN,SUpDEq + Natural Neighbor,Contralateral25ERB,Contralateral 25-deg ERB,2.1313398431003
P0066,66,26,SUpDEqNN,SUpDEq + Natural Neighbor,ContralateralHighFrequency,Contralateral HF,5.55019393939858
P0066,66,26,SUpDEqNN,SUpDEq + Natural Neighbor,HorizontalILDMAE,Horizontal ILD MAE,1.08316892565094
P0066,66,26,SUpDEqBary,SUpDEq + Barycentric,FullSphereERB,Full-sphere ERB,1.80448383332203
P0066,66,26,SUpDEqBary,SUpDEq + Barycentric,Contralateral25ERB,Contralateral 25-deg ERB,2.07430561662953
P0066,66,26,SUpDEqBary,SUpDEq + Barycentric,ContralateralHighFrequency,Contralateral HF,5.36719700007355
P0066,66,26,SUpDEqBary,SUpDEq + Barycentric,HorizontalILDMAE,Horizontal ILD MAE,1.1711639838475
P0066,66,26,MCA,MCA,FullSphereERB,Full-sphere ERB,1.01422515199331
P0066,66,26,MCA,MCA,Contralateral25ERB,Contralateral 25-deg ERB,1.56402974848896
P0066,66,26,MCA,MCA,ContralateralHighFrequency,Contralateral HF,4.60166264349126
P0066,66,26,MCA,MCA,HorizontalILDMAE,Horizontal ILD MAE,0.702680231056553
P0066,66,26,MCARv351,MCAR v3.5.1,FullSphereERB,Full-sphere ERB,0.813202789205552
P0066,66,26,MCARv351,MCAR v3.5.1,Contralateral25ERB,Contralateral 25-deg ERB,1.39589655970168
P0066,66,26,MCARv351,MCAR v3.5.1,ContralateralHighFrequency,Contralateral HF,3.44030280899489
P0066,66,26,MCARv351,MCAR v3.5.1,HorizontalILDMAE,Horizontal ILD MAE,0.664723126581818
P0066,66,26,FSPAE,FSP-AE,FullSphereERB,Full-sphere ERB,1.11764368361822
P0066,66,26,FSPAE,FSP-AE,Contralateral25ERB,Contralateral 25-deg ERB,1.9166606596092
P0066,66,26,FSPAE,FSP-AE,ContralateralHighFrequency,Contralateral HF,3.04376229403182
P0066,66,26,FSPAE,FSP-AE,HorizontalILDMAE,Horizontal ILD MAE,0.595640473459948
P0066,66,26,RANF,RANF,FullSphereERB,Full-sphere ERB,1.09905882659124
P0066,66,26,RANF,RANF,Contralateral25ERB,Contralateral 25-deg ERB,1.61080689220889
P0066,66,26,RANF,RANF,ContralateralHighFrequency,Contralateral HF,3.42051719100305
P0066,66,26,RANF,RANF,HorizontalILDMAE,Horizontal ILD MAE,0.68444172213606
P0066,66,26,HYBRID,Hybrid E190,FullSphereERB,Full-sphere ERB,0.877113675478024
P0066,66,26,HYBRID,Hybrid E190,Contralateral25ERB,Contralateral 25-deg ERB,1.44665841212592
P0066,66,26,HYBRID,Hybrid E190,ContralateralHighFrequency,Contralateral HF,3.48362402218965
P0066,66,26,HYBRID,Hybrid E190,HorizontalILDMAE,Horizontal ILD MAE,0.824608814337747
P0066,66,26,BOUNDED,Bounded E25,FullSphereERB,Full-sphere ERB,0.822271258694145
P0066,66,26,BOUNDED,Bounded E25,Contralateral25ERB,Contralateral 25-deg ERB,1.42595221674884
P0066,66,26,BOUNDED,Bounded E25,ContralateralHighFrequency,Contralateral HF,3.47587303983195
P0066,66,26,BOUNDED,Bounded E25,HorizontalILDMAE,Horizontal ILD MAE,0.716875838257469
P0066,66,50,SHOnly,SH only,FullSphereERB,Full-sphere ERB,2.83662648655843
P0066,66,50,SHOnly,SH only,Contralateral25ERB,Contralateral 25-deg ERB,2.64342630316023
P0066,66,50,SHOnly,SH only,ContralateralHighFrequency,Contralateral HF,7.38972715806513
P0066,66,50,SHOnly,SH only,HorizontalILDMAE,Horizontal ILD MAE,1.99837565905457
P0066,66,50,SUpDEqSH,SUpDEq + SH,FullSphereERB,Full-sphere ERB,2.07623117069279
P0066,66,50,SUpDEqSH,SUpDEq + SH,Contralateral25ERB,Contralateral 25-deg ERB,2.33985898933667
P0066,66,50,SUpDEqSH,SUpDEq + SH,ContralateralHighFrequency,Contralateral HF,7.41494566014524
P0066,66,50,SUpDEqSH,SUpDEq + SH,HorizontalILDMAE,Horizontal ILD MAE,1.84196290358885
P0066,66,50,SUpDEqNN,SUpDEq + Natural Neighbor,FullSphereERB,Full-sphere ERB,1.69346886643271
P0066,66,50,SUpDEqNN,SUpDEq + Natural Neighbor,Contralateral25ERB,Contralateral 25-deg ERB,2.0380642512294
P0066,66,50,SUpDEqNN,SUpDEq + Natural Neighbor,ContralateralHighFrequency,Contralateral HF,5.95170481266342
P0066,66,50,SUpDEqNN,SUpDEq + Natural Neighbor,HorizontalILDMAE,Horizontal ILD MAE,1.21838876900691
P0066,66,50,SUpDEqBary,SUpDEq + Barycentric,FullSphereERB,Full-sphere ERB,1.51553320236276
P0066,66,50,SUpDEqBary,SUpDEq + Barycentric,Contralateral25ERB,Contralateral 25-deg ERB,1.93499416617043
P0066,66,50,SUpDEqBary,SUpDEq + Barycentric,ContralateralHighFrequency,Contralateral HF,5.27616757425268
P0066,66,50,SUpDEqBary,SUpDEq + Barycentric,HorizontalILDMAE,Horizontal ILD MAE,1.19131232569631
P0066,66,50,MCA,MCA,FullSphereERB,Full-sphere ERB,0.942876859626486
P0066,66,50,MCA,MCA,Contralateral25ERB,Contralateral 25-deg ERB,1.6213323757948
P0066,66,50,MCA,MCA,ContralateralHighFrequency,Contralateral HF,4.64893787634984
P0066,66,50,MCA,MCA,HorizontalILDMAE,Horizontal ILD MAE,0.690918308390447
P0066,66,50,MCARv351,MCAR v3.5.1,FullSphereERB,Full-sphere ERB,0.832327859533397
P0066,66,50,MCARv351,MCAR v3.5.1,Contralateral25ERB,Contralateral 25-deg ERB,1.55227941158346
P0066,66,50,MCARv351,MCAR v3.5.1,ContralateralHighFrequency,Contralateral HF,3.5057467837371
P0066,66,50,MCARv351,MCAR v3.5.1,HorizontalILDMAE,Horizontal ILD MAE,0.553581097441844
P0066,66,50,FSPAE,FSP-AE,FullSphereERB,Full-sphere ERB,2.12066852510966
P0066,66,50,FSPAE,FSP-AE,Contralateral25ERB,Contralateral 25-deg ERB,2.59959591940962
P0066,66,50,FSPAE,FSP-AE,ContralateralHighFrequency,Contralateral HF,4.06302013797387
P0066,66,50,FSPAE,FSP-AE,HorizontalILDMAE,Horizontal ILD MAE,0.903163907741934
P0066,66,50,RANF,RANF,FullSphereERB,Full-sphere ERB,1.04428170361158
P0066,66,50,RANF,RANF,Contralateral25ERB,Contralateral 25-deg ERB,1.56008681853365
P0066,66,50,RANF,RANF,ContralateralHighFrequency,Contralateral HF,3.26243355049725
P0066,66,50,RANF,RANF,HorizontalILDMAE,Horizontal ILD MAE,0.737143764860556
P0066,66,50,HYBRID,Hybrid E190,FullSphereERB,Full-sphere ERB,0.88992867387015
P0066,66,50,HYBRID,Hybrid E190,Contralateral25ERB,Contralateral 25-deg ERB,1.5523855887686
P0066,66,50,HYBRID,Hybrid E190,ContralateralHighFrequency,Contralateral HF,3.49675272435546
P0066,66,50,HYBRID,Hybrid E190,HorizontalILDMAE,Horizontal ILD MAE,0.806478482174433
P0066,66,50,BOUNDED,Bounded E25,FullSphereERB,Full-sphere ERB,0.843183861937893
P0066,66,50,BOUNDED,Bounded E25,Contralateral25ERB,Contralateral 25-deg ERB,1.54989593461467
P0066,66,50,BOUNDED,Bounded E25,ContralateralHighFrequency,Contralateral HF,3.55380246389577
P0066,66,50,BOUNDED,Bounded E25,HorizontalILDMAE,Horizontal ILD MAE,0.591662466139267
P0073,73,14,SHOnly,SH only,FullSphereERB,Full-sphere ERB,2.59301144679433
P0073,73,14,SHOnly,SH only,Contralateral25ERB,Contralateral 25-deg ERB,4.68430398134669
P0073,73,14,SHOnly,SH only,ContralateralHighFrequency,Contralateral HF,10.4941464251245
P0073,73,14,SHOnly,SH only,HorizontalILDMAE,Horizontal ILD MAE,3.20798560310631
P0073,73,14,SUpDEqSH,SUpDEq + SH,FullSphereERB,Full-sphere ERB,1.81284648788939
P0073,73,14,SUpDEqSH,SUpDEq + SH,Contralateral25ERB,Contralateral 25-deg ERB,2.4514761840044
P0073,73,14,SUpDEqSH,SUpDEq + SH,ContralateralHighFrequency,Contralateral HF,6.8913253637041
P0073,73,14,SUpDEqSH,SUpDEq + SH,HorizontalILDMAE,Horizontal ILD MAE,1.10558382686703
P0073,73,14,SUpDEqNN,SUpDEq + Natural Neighbor,FullSphereERB,Full-sphere ERB,1.92865535096898
P0073,73,14,SUpDEqNN,SUpDEq + Natural Neighbor,Contralateral25ERB,Contralateral 25-deg ERB,2.27781814223595
P0073,73,14,SUpDEqNN,SUpDEq + Natural Neighbor,ContralateralHighFrequency,Contralateral HF,6.0082330797148
P0073,73,14,SUpDEqNN,SUpDEq + Natural Neighbor,HorizontalILDMAE,Horizontal ILD MAE,1.26081292193205
P0073,73,14,SUpDEqBary,SUpDEq + Barycentric,FullSphereERB,Full-sphere ERB,1.87692912228592
P0073,73,14,SUpDEqBary,SUpDEq + Barycentric,Contralateral25ERB,Contralateral 25-deg ERB,2.23481163473895
P0073,73,14,SUpDEqBary,SUpDEq + Barycentric,ContralateralHighFrequency,Contralateral HF,5.76404839603528
P0073,73,14,SUpDEqBary,SUpDEq + Barycentric,HorizontalILDMAE,Horizontal ILD MAE,1.05459015545393
P0073,73,14,MCA,MCA,FullSphereERB,Full-sphere ERB,1.31906766759091
P0073,73,14,MCA,MCA,Contralateral25ERB,Contralateral 25-deg ERB,2.34365161579876
P0073,73,14,MCA,MCA,ContralateralHighFrequency,Contralateral HF,5.15497642958475
P0073,73,14,MCA,MCA,HorizontalILDMAE,Horizontal ILD MAE,0.944485376935302
P0073,73,14,MCARv351,MCAR v3.5.1,FullSphereERB,Full-sphere ERB,1.11992557374347
P0073,73,14,MCARv351,MCAR v3.5.1,Contralateral25ERB,Contralateral 25-deg ERB,1.79671515021982
P0073,73,14,MCARv351,MCAR v3.5.1,ContralateralHighFrequency,Contralateral HF,4.19017558046493
P0073,73,14,MCARv351,MCAR v3.5.1,HorizontalILDMAE,Horizontal ILD MAE,0.769469510549873
P0073,73,14,FSPAE,FSP-AE,FullSphereERB,Full-sphere ERB,2.04694569041557
P0073,73,14,FSPAE,FSP-AE,Contralateral25ERB,Contralateral 25-deg ERB,2.29238122752782
P0073,73,14,FSPAE,FSP-AE,ContralateralHighFrequency,Contralateral HF,3.72119272991386
P0073,73,14,FSPAE,FSP-AE,HorizontalILDMAE,Horizontal ILD MAE,1.59597348504612
P0073,73,14,RANF,RANF,FullSphereERB,Full-sphere ERB,0.920788896111219
P0073,73,14,RANF,RANF,Contralateral25ERB,Contralateral 25-deg ERB,1.36144087069908
P0073,73,14,RANF,RANF,ContralateralHighFrequency,Contralateral HF,3.264149247333
P0073,73,14,RANF,RANF,HorizontalILDMAE,Horizontal ILD MAE,0.504452907081547
P0073,73,14,HYBRID,Hybrid E190,FullSphereERB,Full-sphere ERB,1.01668363636469
P0073,73,14,HYBRID,Hybrid E190,Contralateral25ERB,Contralateral 25-deg ERB,1.44166582406405
P0073,73,14,HYBRID,Hybrid E190,ContralateralHighFrequency,Contralateral HF,3.70102672628785
P0073,73,14,HYBRID,Hybrid E190,HorizontalILDMAE,Horizontal ILD MAE,0.669580600649394
P0073,73,14,BOUNDED,Bounded E25,FullSphereERB,Full-sphere ERB,1.03697253650527
P0073,73,14,BOUNDED,Bounded E25,Contralateral25ERB,Contralateral 25-deg ERB,1.58179865639008
P0073,73,14,BOUNDED,Bounded E25,ContralateralHighFrequency,Contralateral HF,3.84846270491699
P0073,73,14,BOUNDED,Bounded E25,HorizontalILDMAE,Horizontal ILD MAE,0.709350448737377
P0073,73,26,SHOnly,SH only,FullSphereERB,Full-sphere ERB,2.73482157247817
P0073,73,26,SHOnly,SH only,Contralateral25ERB,Contralateral 25-deg ERB,3.46747888896448
P0073,73,26,SHOnly,SH only,ContralateralHighFrequency,Contralateral HF,9.2230332378965
P0073,73,26,SHOnly,SH only,HorizontalILDMAE,Horizontal ILD MAE,2.42855504926763
P0073,73,26,SUpDEqSH,SUpDEq + SH,FullSphereERB,Full-sphere ERB,1.84762104714611
P0073,73,26,SUpDEqSH,SUpDEq + SH,Contralateral25ERB,Contralateral 25-deg ERB,2.0242182620035
P0073,73,26,SUpDEqSH,SUpDEq + SH,ContralateralHighFrequency,Contralateral HF,6.2559825420729
P0073,73,26,SUpDEqSH,SUpDEq + SH,HorizontalILDMAE,Horizontal ILD MAE,1.35271339013139
P0073,73,26,SUpDEqNN,SUpDEq + Natural Neighbor,FullSphereERB,Full-sphere ERB,1.76051909400929
P0073,73,26,SUpDEqNN,SUpDEq + Natural Neighbor,Contralateral25ERB,Contralateral 25-deg ERB,1.8956521668202
P0073,73,26,SUpDEqNN,SUpDEq + Natural Neighbor,ContralateralHighFrequency,Contralateral HF,5.44671185888736
P0073,73,26,SUpDEqNN,SUpDEq + Natural Neighbor,HorizontalILDMAE,Horizontal ILD MAE,1.25322824542459
P0073,73,26,SUpDEqBary,SUpDEq + Barycentric,FullSphereERB,Full-sphere ERB,1.65669739244206
P0073,73,26,SUpDEqBary,SUpDEq + Barycentric,Contralateral25ERB,Contralateral 25-deg ERB,1.84442311077821
P0073,73,26,SUpDEqBary,SUpDEq + Barycentric,ContralateralHighFrequency,Contralateral HF,5.31036961070077
P0073,73,26,SUpDEqBary,SUpDEq + Barycentric,HorizontalILDMAE,Horizontal ILD MAE,1.19940618723253
P0073,73,26,MCA,MCA,FullSphereERB,Full-sphere ERB,1.00686141742328
P0073,73,26,MCA,MCA,Contralateral25ERB,Contralateral 25-deg ERB,1.52001892900088
P0073,73,26,MCA,MCA,ContralateralHighFrequency,Contralateral HF,4.481615102505
P0073,73,26,MCA,MCA,HorizontalILDMAE,Horizontal ILD MAE,0.575991777662121
P0073,73,26,MCARv351,MCAR v3.5.1,FullSphereERB,Full-sphere ERB,0.72614209856665
P0073,73,26,MCARv351,MCAR v3.5.1,Contralateral25ERB,Contralateral 25-deg ERB,1.05837706511488
P0073,73,26,MCARv351,MCAR v3.5.1,ContralateralHighFrequency,Contralateral HF,3.17751086028894
P0073,73,26,MCARv351,MCAR v3.5.1,HorizontalILDMAE,Horizontal ILD MAE,0.383230333218798
P0073,73,26,FSPAE,FSP-AE,FullSphereERB,Full-sphere ERB,1.00348234707148
P0073,73,26,FSPAE,FSP-AE,Contralateral25ERB,Contralateral 25-deg ERB,1.65100183030251
P0073,73,26,FSPAE,FSP-AE,ContralateralHighFrequency,Contralateral HF,2.9540689825351
P0073,73,26,FSPAE,FSP-AE,HorizontalILDMAE,Horizontal ILD MAE,0.346503604528256
P0073,73,26,RANF,RANF,FullSphereERB,Full-sphere ERB,0.863462909680663
P0073,73,26,RANF,RANF,Contralateral25ERB,Contralateral 25-deg ERB,1.26351889971622
P0073,73,26,RANF,RANF,ContralateralHighFrequency,Contralateral HF,3.01819297270214
P0073,73,26,RANF,RANF,HorizontalILDMAE,Horizontal ILD MAE,0.524686203248203
P0073,73,26,HYBRID,Hybrid E190,FullSphereERB,Full-sphere ERB,0.693955926355291
P0073,73,26,HYBRID,Hybrid E190,Contralateral25ERB,Contralateral 25-deg ERB,0.991892441420614
P0073,73,26,HYBRID,Hybrid E190,ContralateralHighFrequency,Contralateral HF,3.13127770617699
P0073,73,26,HYBRID,Hybrid E190,HorizontalILDMAE,Horizontal ILD MAE,0.392195242208503
P0073,73,26,BOUNDED,Bounded E25,FullSphereERB,Full-sphere ERB,0.691268731921799
P0073,73,26,BOUNDED,Bounded E25,Contralateral25ERB,Contralateral 25-deg ERB,0.998796900850308
P0073,73,26,BOUNDED,Bounded E25,ContralateralHighFrequency,Contralateral HF,3.11743822183456
P0073,73,26,BOUNDED,Bounded E25,HorizontalILDMAE,Horizontal ILD MAE,0.361483155662385
P0073,73,50,SHOnly,SH only,FullSphereERB,Full-sphere ERB,3.06543333818225
P0073,73,50,SHOnly,SH only,Contralateral25ERB,Contralateral 25-deg ERB,3.12213743671075
P0073,73,50,SHOnly,SH only,ContralateralHighFrequency,Contralateral HF,7.49581217917918
P0073,73,50,SHOnly,SH only,HorizontalILDMAE,Horizontal ILD MAE,3.42442708610329
P0073,73,50,SUpDEqSH,SUpDEq + SH,FullSphereERB,Full-sphere ERB,1.92756908396276
P0073,73,50,SUpDEqSH,SUpDEq + SH,Contralateral25ERB,Contralateral 25-deg ERB,2.13614834440522
P0073,73,50,SUpDEqSH,SUpDEq + SH,ContralateralHighFrequency,Contralateral HF,6.63998936143526
P0073,73,50,SUpDEqSH,SUpDEq + SH,HorizontalILDMAE,Horizontal ILD MAE,1.49489116184587
P0073,73,50,SUpDEqNN,SUpDEq + Natural Neighbor,FullSphereERB,Full-sphere ERB,1.58983527596937
P0073,73,50,SUpDEqNN,SUpDEq + Natural Neighbor,Contralateral25ERB,Contralateral 25-deg ERB,1.88292161350195
P0073,73,50,SUpDEqNN,SUpDEq + Natural Neighbor,ContralateralHighFrequency,Contralateral HF,5.5309008891258
P0073,73,50,SUpDEqNN,SUpDEq + Natural Neighbor,HorizontalILDMAE,Horizontal ILD MAE,1.19329482207196
P0073,73,50,SUpDEqBary,SUpDEq + Barycentric,FullSphereERB,Full-sphere ERB,1.44293157238993
P0073,73,50,SUpDEqBary,SUpDEq + Barycentric,Contralateral25ERB,Contralateral 25-deg ERB,1.80231747387351
P0073,73,50,SUpDEqBary,SUpDEq + Barycentric,ContralateralHighFrequency,Contralateral HF,5.05915077956337
P0073,73,50,SUpDEqBary,SUpDEq + Barycentric,HorizontalILDMAE,Horizontal ILD MAE,1.26167152722711
P0073,73,50,MCA,MCA,FullSphereERB,Full-sphere ERB,0.958648039128284
P0073,73,50,MCA,MCA,Contralateral25ERB,Contralateral 25-deg ERB,1.4773201421281
P0073,73,50,MCA,MCA,ContralateralHighFrequency,Contralateral HF,4.51628223782079
P0073,73,50,MCA,MCA,HorizontalILDMAE,Horizontal ILD MAE,0.683263909957907
P0073,73,50,MCARv351,MCAR v3.5.1,FullSphereERB,Full-sphere ERB,0.756836726168972
P0073,73,50,MCARv351,MCAR v3.5.1,Contralateral25ERB,Contralateral 25-deg ERB,1.20233551484956
P0073,73,50,MCARv351,MCAR v3.5.1,ContralateralHighFrequency,Contralateral HF,3.22379446376977
P0073,73,50,MCARv351,MCAR v3.5.1,HorizontalILDMAE,Horizontal ILD MAE,0.534959949575676
P0073,73,50,FSPAE,FSP-AE,FullSphereERB,Full-sphere ERB,1.96685662544208
P0073,73,50,FSPAE,FSP-AE,Contralateral25ERB,Contralateral 25-deg ERB,2.06624884896845
P0073,73,50,FSPAE,FSP-AE,ContralateralHighFrequency,Contralateral HF,3.65674094620829
P0073,73,50,FSPAE,FSP-AE,HorizontalILDMAE,Horizontal ILD MAE,0.865332636016294
P0073,73,50,RANF,RANF,FullSphereERB,Full-sphere ERB,0.833336314971109
P0073,73,50,RANF,RANF,Contralateral25ERB,Contralateral 25-deg ERB,1.23279535342791
P0073,73,50,RANF,RANF,ContralateralHighFrequency,Contralateral HF,2.91507047867986
P0073,73,50,RANF,RANF,HorizontalILDMAE,Horizontal ILD MAE,0.54949177171278
P0073,73,50,HYBRID,Hybrid E190,FullSphereERB,Full-sphere ERB,0.720259624554006
P0073,73,50,HYBRID,Hybrid E190,Contralateral25ERB,Contralateral 25-deg ERB,1.06676459681754
P0073,73,50,HYBRID,Hybrid E190,ContralateralHighFrequency,Contralateral HF,3.18100264997519
P0073,73,50,HYBRID,Hybrid E190,HorizontalILDMAE,Horizontal ILD MAE,0.494981451447899
P0073,73,50,BOUNDED,Bounded E25,FullSphereERB,Full-sphere ERB,0.722837281141735
P0073,73,50,BOUNDED,Bounded E25,Contralateral25ERB,Contralateral 25-deg ERB,1.10669785643144
P0073,73,50,BOUNDED,Bounded E25,ContralateralHighFrequency,Contralateral HF,3.2060548500338
P0073,73,50,BOUNDED,Bounded E25,HorizontalILDMAE,Horizontal ILD MAE,0.4867904745756
P0113,113,14,SHOnly,SH only,FullSphereERB,Full-sphere ERB,2.70625281725075
P0113,113,14,SHOnly,SH only,Contralateral25ERB,Contralateral 25-deg ERB,5.49856932705015
P0113,113,14,SHOnly,SH only,ContralateralHighFrequency,Contralateral HF,8.84621240822285
P0113,113,14,SHOnly,SH only,HorizontalILDMAE,Horizontal ILD MAE,3.37786407381595
P0113,113,14,SUpDEqSH,SUpDEq + SH,FullSphereERB,Full-sphere ERB,1.87973632760287
P0113,113,14,SUpDEqSH,SUpDEq + SH,Contralateral25ERB,Contralateral 25-deg ERB,2.66488253459526
P0113,113,14,SUpDEqSH,SUpDEq + SH,ContralateralHighFrequency,Contralateral HF,6.01384405867987
P0113,113,14,SUpDEqSH,SUpDEq + SH,HorizontalILDMAE,Horizontal ILD MAE,1.49854572647626
P0113,113,14,SUpDEqNN,SUpDEq + Natural Neighbor,FullSphereERB,Full-sphere ERB,2.07841904242424
P0113,113,14,SUpDEqNN,SUpDEq + Natural Neighbor,Contralateral25ERB,Contralateral 25-deg ERB,2.30942930683831
P0113,113,14,SUpDEqNN,SUpDEq + Natural Neighbor,ContralateralHighFrequency,Contralateral HF,6.07272925804619
P0113,113,14,SUpDEqNN,SUpDEq + Natural Neighbor,HorizontalILDMAE,Horizontal ILD MAE,1.43316101117821
P0113,113,14,SUpDEqBary,SUpDEq + Barycentric,FullSphereERB,Full-sphere ERB,2.0571992305036
P0113,113,14,SUpDEqBary,SUpDEq + Barycentric,Contralateral25ERB,Contralateral 25-deg ERB,2.32973005830722
P0113,113,14,SUpDEqBary,SUpDEq + Barycentric,ContralateralHighFrequency,Contralateral HF,5.86314866809428
P0113,113,14,SUpDEqBary,SUpDEq + Barycentric,HorizontalILDMAE,Horizontal ILD MAE,1.48356018832684
P0113,113,14,MCA,MCA,FullSphereERB,Full-sphere ERB,1.3970210370757
P0113,113,14,MCA,MCA,Contralateral25ERB,Contralateral 25-deg ERB,2.41495754482617
P0113,113,14,MCA,MCA,ContralateralHighFrequency,Contralateral HF,5.01483956644635
P0113,113,14,MCA,MCA,HorizontalILDMAE,Horizontal ILD MAE,1.52949933635439
P0113,113,14,MCARv351,MCAR v3.5.1,FullSphereERB,Full-sphere ERB,1.16643403024633
P0113,113,14,MCARv351,MCAR v3.5.1,Contralateral25ERB,Contralateral 25-deg ERB,1.71171732092486
P0113,113,14,MCARv351,MCAR v3.5.1,ContralateralHighFrequency,Contralateral HF,3.99870619132828
P0113,113,14,MCARv351,MCAR v3.5.1,HorizontalILDMAE,Horizontal ILD MAE,1.29192637389218
P0113,113,14,FSPAE,FSP-AE,FullSphereERB,Full-sphere ERB,2.20512920133574
P0113,113,14,FSPAE,FSP-AE,Contralateral25ERB,Contralateral 25-deg ERB,2.26027498495937
P0113,113,14,FSPAE,FSP-AE,ContralateralHighFrequency,Contralateral HF,4.10220315856991
P0113,113,14,FSPAE,FSP-AE,HorizontalILDMAE,Horizontal ILD MAE,1.97091851533499
P0113,113,14,RANF,RANF,FullSphereERB,Full-sphere ERB,1.04958942025125
P0113,113,14,RANF,RANF,Contralateral25ERB,Contralateral 25-deg ERB,1.40432634182021
P0113,113,14,RANF,RANF,ContralateralHighFrequency,Contralateral HF,3.6444129165253
P0113,113,14,RANF,RANF,HorizontalILDMAE,Horizontal ILD MAE,0.753915792074726
P0113,113,14,HYBRID,Hybrid E190,FullSphereERB,Full-sphere ERB,1.0959571500579
P0113,113,14,HYBRID,Hybrid E190,Contralateral25ERB,Contralateral 25-deg ERB,1.62847005004098
P0113,113,14,HYBRID,Hybrid E190,ContralateralHighFrequency,Contralateral HF,3.76899412165647
P0113,113,14,HYBRID,Hybrid E190,HorizontalILDMAE,Horizontal ILD MAE,1.08417154995586
P0113,113,14,BOUNDED,Bounded E25,FullSphereERB,Full-sphere ERB,1.0994510245991
P0113,113,14,BOUNDED,Bounded E25,Contralateral25ERB,Contralateral 25-deg ERB,1.63359683999325
P0113,113,14,BOUNDED,Bounded E25,ContralateralHighFrequency,Contralateral HF,3.83075615151806
P0113,113,14,BOUNDED,Bounded E25,HorizontalILDMAE,Horizontal ILD MAE,1.16495314196553
P0113,113,26,SHOnly,SH only,FullSphereERB,Full-sphere ERB,2.63792722272667
P0113,113,26,SHOnly,SH only,Contralateral25ERB,Contralateral 25-deg ERB,3.7506363562337
P0113,113,26,SHOnly,SH only,ContralateralHighFrequency,Contralateral HF,8.05170834499329
P0113,113,26,SHOnly,SH only,HorizontalILDMAE,Horizontal ILD MAE,2.64239244315605
P0113,113,26,SUpDEqSH,SUpDEq + SH,FullSphereERB,Full-sphere ERB,1.91293321187482
P0113,113,26,SUpDEqSH,SUpDEq + SH,Contralateral25ERB,Contralateral 25-deg ERB,2.26273086969764
P0113,113,26,SUpDEqSH,SUpDEq + SH,ContralateralHighFrequency,Contralateral HF,5.73396114186532
P0113,113,26,SUpDEqSH,SUpDEq + SH,HorizontalILDMAE,Horizontal ILD MAE,1.27727628913093
P0113,113,26,SUpDEqNN,SUpDEq + Natural Neighbor,FullSphereERB,Full-sphere ERB,1.94531245409829
P0113,113,26,SUpDEqNN,SUpDEq + Natural Neighbor,Contralateral25ERB,Contralateral 25-deg ERB,2.49629527517962
P0113,113,26,SUpDEqNN,SUpDEq + Natural Neighbor,ContralateralHighFrequency,Contralateral HF,6.01589460637759
P0113,113,26,SUpDEqNN,SUpDEq + Natural Neighbor,HorizontalILDMAE,Horizontal ILD MAE,1.11250092789067
P0113,113,26,SUpDEqBary,SUpDEq + Barycentric,FullSphereERB,Full-sphere ERB,1.83794253023162
P0113,113,26,SUpDEqBary,SUpDEq + Barycentric,Contralateral25ERB,Contralateral 25-deg ERB,2.440494506954
P0113,113,26,SUpDEqBary,SUpDEq + Barycentric,ContralateralHighFrequency,Contralateral HF,5.88540142654509
P0113,113,26,SUpDEqBary,SUpDEq + Barycentric,HorizontalILDMAE,Horizontal ILD MAE,1.25145331892176
P0113,113,26,MCA,MCA,FullSphereERB,Full-sphere ERB,1.13063198200626
P0113,113,26,MCA,MCA,Contralateral25ERB,Contralateral 25-deg ERB,1.90089534873679
P0113,113,26,MCA,MCA,ContralateralHighFrequency,Contralateral HF,4.72996266181815
P0113,113,26,MCA,MCA,HorizontalILDMAE,Horizontal ILD MAE,1.03230348038266
P0113,113,26,MCARv351,MCAR v3.5.1,FullSphereERB,Full-sphere ERB,0.842859818817879
P0113,113,26,MCARv351,MCAR v3.5.1,Contralateral25ERB,Contralateral 25-deg ERB,1.20239959771309
P0113,113,26,MCARv351,MCAR v3.5.1,ContralateralHighFrequency,Contralateral HF,3.69995537682422
P0113,113,26,MCARv351,MCAR v3.5.1,HorizontalILDMAE,Horizontal ILD MAE,0.463318783729181
P0113,113,26,FSPAE,FSP-AE,FullSphereERB,Full-sphere ERB,1.12762573785751
P0113,113,26,FSPAE,FSP-AE,Contralateral25ERB,Contralateral 25-deg ERB,1.77622634936994
P0113,113,26,FSPAE,FSP-AE,ContralateralHighFrequency,Contralateral HF,3.4242692525328
P0113,113,26,FSPAE,FSP-AE,HorizontalILDMAE,Horizontal ILD MAE,0.451423196322712
P0113,113,26,RANF,RANF,FullSphereERB,Full-sphere ERB,1.03102765285926
P0113,113,26,RANF,RANF,Contralateral25ERB,Contralateral 25-deg ERB,1.56899947156854
P0113,113,26,RANF,RANF,ContralateralHighFrequency,Contralateral HF,3.44411552855939
P0113,113,26,RANF,RANF,HorizontalILDMAE,Horizontal ILD MAE,0.636123613529269
P0113,113,26,HYBRID,Hybrid E190,FullSphereERB,Full-sphere ERB,0.804150804273796
P0113,113,26,HYBRID,Hybrid E190,Contralateral25ERB,Contralateral 25-deg ERB,1.08180433795479
P0113,113,26,HYBRID,Hybrid E190,ContralateralHighFrequency,Contralateral HF,3.51697727132782
P0113,113,26,HYBRID,Hybrid E190,HorizontalILDMAE,Horizontal ILD MAE,0.475630388962636
P0113,113,26,BOUNDED,Bounded E25,FullSphereERB,Full-sphere ERB,0.803300436116035
P0113,113,26,BOUNDED,Bounded E25,Contralateral25ERB,Contralateral 25-deg ERB,1.11399426270771
P0113,113,26,BOUNDED,Bounded E25,ContralateralHighFrequency,Contralateral HF,3.60538675681107
P0113,113,26,BOUNDED,Bounded E25,HorizontalILDMAE,Horizontal ILD MAE,0.425354803553284
P0113,113,50,SHOnly,SH only,FullSphereERB,Full-sphere ERB,3.02620987077201
P0113,113,50,SHOnly,SH only,Contralateral25ERB,Contralateral 25-deg ERB,3.11693421030383
P0113,113,50,SHOnly,SH only,ContralateralHighFrequency,Contralateral HF,6.69339267642922
P0113,113,50,SHOnly,SH only,HorizontalILDMAE,Horizontal ILD MAE,3.59757332845027
P0113,113,50,SUpDEqSH,SUpDEq + SH,FullSphereERB,Full-sphere ERB,2.0525043385109
P0113,113,50,SUpDEqSH,SUpDEq + SH,Contralateral25ERB,Contralateral 25-deg ERB,2.6663979129701
P0113,113,50,SUpDEqSH,SUpDEq + SH,ContralateralHighFrequency,Contralateral HF,6.33126017079136
P0113,113,50,SUpDEqSH,SUpDEq + SH,HorizontalILDMAE,Horizontal ILD MAE,1.47363566282102
P0113,113,50,SUpDEqNN,SUpDEq + Natural Neighbor,FullSphereERB,Full-sphere ERB,1.75749247158228
P0113,113,50,SUpDEqNN,SUpDEq + Natural Neighbor,Contralateral25ERB,Contralateral 25-deg ERB,2.32629942227815
P0113,113,50,SUpDEqNN,SUpDEq + Natural Neighbor,ContralateralHighFrequency,Contralateral HF,5.93785816149144
P0113,113,50,SUpDEqNN,SUpDEq + Natural Neighbor,HorizontalILDMAE,Horizontal ILD MAE,1.11097099154468
P0113,113,50,SUpDEqBary,SUpDEq + Barycentric,FullSphereERB,Full-sphere ERB,1.61213874009796
P0113,113,50,SUpDEqBary,SUpDEq + Barycentric,Contralateral25ERB,Contralateral 25-deg ERB,2.24053376169227
P0113,113,50,SUpDEqBary,SUpDEq + Barycentric,ContralateralHighFrequency,Contralateral HF,5.52603483250779
P0113,113,50,SUpDEqBary,SUpDEq + Barycentric,HorizontalILDMAE,Horizontal ILD MAE,1.1514989356301
P0113,113,50,MCA,MCA,FullSphereERB,Full-sphere ERB,1.03890819614902
P0113,113,50,MCA,MCA,Contralateral25ERB,Contralateral 25-deg ERB,1.87487602336299
P0113,113,50,MCA,MCA,ContralateralHighFrequency,Contralateral HF,4.51534202572918
P0113,113,50,MCA,MCA,HorizontalILDMAE,Horizontal ILD MAE,1.02206740996406
P0113,113,50,MCARv351,MCAR v3.5.1,FullSphereERB,Full-sphere ERB,0.849866714351029
P0113,113,50,MCARv351,MCAR v3.5.1,Contralateral25ERB,Contralateral 25-deg ERB,1.32941860540468
P0113,113,50,MCARv351,MCAR v3.5.1,ContralateralHighFrequency,Contralateral HF,3.6521149082491
P0113,113,50,MCARv351,MCAR v3.5.1,HorizontalILDMAE,Horizontal ILD MAE,0.694725505809916
P0113,113,50,FSPAE,FSP-AE,FullSphereERB,Full-sphere ERB,1.99829361495456
P0113,113,50,FSPAE,FSP-AE,Contralateral25ERB,Contralateral 25-deg ERB,2.102927456571
P0113,113,50,FSPAE,FSP-AE,ContralateralHighFrequency,Contralateral HF,3.56070756275827
P0113,113,50,FSPAE,FSP-AE,HorizontalILDMAE,Horizontal ILD MAE,0.939375023501803
P0113,113,50,RANF,RANF,FullSphereERB,Full-sphere ERB,0.952279912851478
P0113,113,50,RANF,RANF,Contralateral25ERB,Contralateral 25-deg ERB,1.54287551319181
P0113,113,50,RANF,RANF,ContralateralHighFrequency,Contralateral HF,3.35204020690455
P0113,113,50,RANF,RANF,HorizontalILDMAE,Horizontal ILD MAE,0.671178941348378
P0113,113,50,HYBRID,Hybrid E190,FullSphereERB,Full-sphere ERB,0.817415540031182
P0113,113,50,HYBRID,Hybrid E190,Contralateral25ERB,Contralateral 25-deg ERB,1.18076151958573
P0113,113,50,HYBRID,Hybrid E190,ContralateralHighFrequency,Contralateral HF,3.47894013324242
P0113,113,50,HYBRID,Hybrid E190,HorizontalILDMAE,Horizontal ILD MAE,0.501919376990439
P0113,113,50,BOUNDED,Bounded E25,FullSphereERB,Full-sphere ERB,0.811803484811985
P0113,113,50,BOUNDED,Bounded E25,Contralateral25ERB,Contralateral 25-deg ERB,1.21030494557577
P0113,113,50,BOUNDED,Bounded E25,ContralateralHighFrequency,Contralateral HF,3.56796666925181
P0113,113,50,BOUNDED,Bounded E25,HorizontalILDMAE,Horizontal ILD MAE,0.570669788721442
P0116,116,14,SHOnly,SH only,FullSphereERB,Full-sphere ERB,2.67489202769024
P0116,116,14,SHOnly,SH only,Contralateral25ERB,Contralateral 25-deg ERB,5.73685732717897
P0116,116,14,SHOnly,SH only,ContralateralHighFrequency,Contralateral HF,8.58006426807237
P0116,116,14,SHOnly,SH only,HorizontalILDMAE,Horizontal ILD MAE,3.67832064606281
P0116,116,14,SUpDEqSH,SUpDEq + SH,FullSphereERB,Full-sphere ERB,1.79768568934941
P0116,116,14,SUpDEqSH,SUpDEq + SH,Contralateral25ERB,Contralateral 25-deg ERB,2.61419459237248
P0116,116,14,SUpDEqSH,SUpDEq + SH,ContralateralHighFrequency,Contralateral HF,5.36415992392953
P0116,116,14,SUpDEqSH,SUpDEq + SH,HorizontalILDMAE,Horizontal ILD MAE,1.74803450182353
P0116,116,14,SUpDEqNN,SUpDEq + Natural Neighbor,FullSphereERB,Full-sphere ERB,2.11133348181739
P0116,116,14,SUpDEqNN,SUpDEq + Natural Neighbor,Contralateral25ERB,Contralateral 25-deg ERB,2.49790087834478
P0116,116,14,SUpDEqNN,SUpDEq + Natural Neighbor,ContralateralHighFrequency,Contralateral HF,5.82920552240403
P0116,116,14,SUpDEqNN,SUpDEq + Natural Neighbor,HorizontalILDMAE,Horizontal ILD MAE,1.42164389678928
P0116,116,14,SUpDEqBary,SUpDEq + Barycentric,FullSphereERB,Full-sphere ERB,2.06692027796201
P0116,116,14,SUpDEqBary,SUpDEq + Barycentric,Contralateral25ERB,Contralateral 25-deg ERB,2.46486129076951
P0116,116,14,SUpDEqBary,SUpDEq + Barycentric,ContralateralHighFrequency,Contralateral HF,5.50772060279236
P0116,116,14,SUpDEqBary,SUpDEq + Barycentric,HorizontalILDMAE,Horizontal ILD MAE,1.31109032945243
P0116,116,14,MCA,MCA,FullSphereERB,Full-sphere ERB,1.40316319892429
P0116,116,14,MCA,MCA,Contralateral25ERB,Contralateral 25-deg ERB,2.59145812495903
P0116,116,14,MCA,MCA,ContralateralHighFrequency,Contralateral HF,4.69509186762532
P0116,116,14,MCA,MCA,HorizontalILDMAE,Horizontal ILD MAE,1.0656486935529
P0116,116,14,MCARv351,MCAR v3.5.1,FullSphereERB,Full-sphere ERB,1.1925058942815
P0116,116,14,MCARv351,MCAR v3.5.1,Contralateral25ERB,Contralateral 25-deg ERB,1.85589540752992
P0116,116,14,MCARv351,MCAR v3.5.1,ContralateralHighFrequency,Contralateral HF,3.71827887640858
P0116,116,14,MCARv351,MCAR v3.5.1,HorizontalILDMAE,Horizontal ILD MAE,1.11172619924822
P0116,116,14,FSPAE,FSP-AE,FullSphereERB,Full-sphere ERB,2.25822719680454
P0116,116,14,FSPAE,FSP-AE,Contralateral25ERB,Contralateral 25-deg ERB,2.3688927420405
P0116,116,14,FSPAE,FSP-AE,ContralateralHighFrequency,Contralateral HF,3.69703898951532
P0116,116,14,FSPAE,FSP-AE,HorizontalILDMAE,Horizontal ILD MAE,2.33621970159839
P0116,116,14,RANF,RANF,FullSphereERB,Full-sphere ERB,1.18926357937555
P0116,116,14,RANF,RANF,Contralateral25ERB,Contralateral 25-deg ERB,1.40099956863968
P0116,116,14,RANF,RANF,ContralateralHighFrequency,Contralateral HF,3.67246407352225
P0116,116,14,RANF,RANF,HorizontalILDMAE,Horizontal ILD MAE,0.805381849233856
P0116,116,14,HYBRID,Hybrid E190,FullSphereERB,Full-sphere ERB,1.05290624304522
P0116,116,14,HYBRID,Hybrid E190,Contralateral25ERB,Contralateral 25-deg ERB,1.57934977450396
P0116,116,14,HYBRID,Hybrid E190,ContralateralHighFrequency,Contralateral HF,3.4415347772055
P0116,116,14,HYBRID,Hybrid E190,HorizontalILDMAE,Horizontal ILD MAE,0.892734094447039
P0116,116,14,BOUNDED,Bounded E25,FullSphereERB,Full-sphere ERB,1.09794380342456
P0116,116,14,BOUNDED,Bounded E25,Contralateral25ERB,Contralateral 25-deg ERB,1.68748737456685
P0116,116,14,BOUNDED,Bounded E25,ContralateralHighFrequency,Contralateral HF,3.52157187596284
P0116,116,14,BOUNDED,Bounded E25,HorizontalILDMAE,Horizontal ILD MAE,0.996528708449454
P0116,116,26,SHOnly,SH only,FullSphereERB,Full-sphere ERB,2.60378928975853
P0116,116,26,SHOnly,SH only,Contralateral25ERB,Contralateral 25-deg ERB,3.99258427913405
P0116,116,26,SHOnly,SH only,ContralateralHighFrequency,Contralateral HF,8.37090378031881
P0116,116,26,SHOnly,SH only,HorizontalILDMAE,Horizontal ILD MAE,2.50823574608173
P0116,116,26,SUpDEqSH,SUpDEq + SH,FullSphereERB,Full-sphere ERB,1.92704196540356
P0116,116,26,SUpDEqSH,SUpDEq + SH,Contralateral25ERB,Contralateral 25-deg ERB,2.18050310240465
P0116,116,26,SUpDEqSH,SUpDEq + SH,ContralateralHighFrequency,Contralateral HF,5.81391360525678
P0116,116,26,SUpDEqSH,SUpDEq + SH,HorizontalILDMAE,Horizontal ILD MAE,1.76978105466184
P0116,116,26,SUpDEqNN,SUpDEq + Natural Neighbor,FullSphereERB,Full-sphere ERB,2.03947595188288
P0116,116,26,SUpDEqNN,SUpDEq + Natural Neighbor,Contralateral25ERB,Contralateral 25-deg ERB,2.1615370273343
P0116,116,26,SUpDEqNN,SUpDEq + Natural Neighbor,ContralateralHighFrequency,Contralateral HF,5.93009720135187
P0116,116,26,SUpDEqNN,SUpDEq + Natural Neighbor,HorizontalILDMAE,Horizontal ILD MAE,1.25812324459711
P0116,116,26,SUpDEqBary,SUpDEq + Barycentric,FullSphereERB,Full-sphere ERB,1.93249594257477
P0116,116,26,SUpDEqBary,SUpDEq + Barycentric,Contralateral25ERB,Contralateral 25-deg ERB,2.15398863870109
P0116,116,26,SUpDEqBary,SUpDEq + Barycentric,ContralateralHighFrequency,Contralateral HF,5.69234866209688
P0116,116,26,SUpDEqBary,SUpDEq + Barycentric,HorizontalILDMAE,Horizontal ILD MAE,1.27016831658644
P0116,116,26,MCA,MCA,FullSphereERB,Full-sphere ERB,1.14278395539808
P0116,116,26,MCA,MCA,Contralateral25ERB,Contralateral 25-deg ERB,1.82258703720241
P0116,116,26,MCA,MCA,ContralateralHighFrequency,Contralateral HF,4.63703915608393
P0116,116,26,MCA,MCA,HorizontalILDMAE,Horizontal ILD MAE,0.759157723237818
P0116,116,26,MCARv351,MCAR v3.5.1,FullSphereERB,Full-sphere ERB,0.842811385926258
P0116,116,26,MCARv351,MCAR v3.5.1,Contralateral25ERB,Contralateral 25-deg ERB,1.26364725651941
P0116,116,26,MCARv351,MCAR v3.5.1,ContralateralHighFrequency,Contralateral HF,3.40392449652844
P0116,116,26,MCARv351,MCAR v3.5.1,HorizontalILDMAE,Horizontal ILD MAE,0.574582756233373
P0116,116,26,FSPAE,FSP-AE,FullSphereERB,Full-sphere ERB,1.09760839903179
P0116,116,26,FSPAE,FSP-AE,Contralateral25ERB,Contralateral 25-deg ERB,1.71066235924953
P0116,116,26,FSPAE,FSP-AE,ContralateralHighFrequency,Contralateral HF,2.8844869819017
P0116,116,26,FSPAE,FSP-AE,HorizontalILDMAE,Horizontal ILD MAE,0.527965673219696
P0116,116,26,RANF,RANF,FullSphereERB,Full-sphere ERB,1.08222123391218
P0116,116,26,RANF,RANF,Contralateral25ERB,Contralateral 25-deg ERB,1.36917614052
P0116,116,26,RANF,RANF,ContralateralHighFrequency,Contralateral HF,3.53241470451291
P0116,116,26,RANF,RANF,HorizontalILDMAE,Horizontal ILD MAE,0.710359982049388
P0116,116,26,HYBRID,Hybrid E190,FullSphereERB,Full-sphere ERB,0.771479765812993
P0116,116,26,HYBRID,Hybrid E190,Contralateral25ERB,Contralateral 25-deg ERB,1.10001313462098
P0116,116,26,HYBRID,Hybrid E190,ContralateralHighFrequency,Contralateral HF,3.35808379501779
P0116,116,26,HYBRID,Hybrid E190,HorizontalILDMAE,Horizontal ILD MAE,0.525251284575703
P0116,116,26,BOUNDED,Bounded E25,FullSphereERB,Full-sphere ERB,0.792016034506685
P0116,116,26,BOUNDED,Bounded E25,Contralateral25ERB,Contralateral 25-deg ERB,1.14982719234694
P0116,116,26,BOUNDED,Bounded E25,ContralateralHighFrequency,Contralateral HF,3.39668186867829
P0116,116,26,BOUNDED,Bounded E25,HorizontalILDMAE,Horizontal ILD MAE,0.526639700064371
P0116,116,50,SHOnly,SH only,FullSphereERB,Full-sphere ERB,3.0534196315214
P0116,116,50,SHOnly,SH only,Contralateral25ERB,Contralateral 25-deg ERB,3.51931228922439
P0116,116,50,SHOnly,SH only,ContralateralHighFrequency,Contralateral HF,7.03973241047751
P0116,116,50,SHOnly,SH only,HorizontalILDMAE,Horizontal ILD MAE,3.61735608413422
P0116,116,50,SUpDEqSH,SUpDEq + SH,FullSphereERB,Full-sphere ERB,2.21320886961947
P0116,116,50,SUpDEqSH,SUpDEq + SH,Contralateral25ERB,Contralateral 25-deg ERB,2.31867690988325
P0116,116,50,SUpDEqSH,SUpDEq + SH,ContralateralHighFrequency,Contralateral HF,6.76688667918355
P0116,116,50,SUpDEqSH,SUpDEq + SH,HorizontalILDMAE,Horizontal ILD MAE,2.46784283025977
P0116,116,50,SUpDEqNN,SUpDEq + Natural Neighbor,FullSphereERB,Full-sphere ERB,1.89477777633437
P0116,116,50,SUpDEqNN,SUpDEq + Natural Neighbor,Contralateral25ERB,Contralateral 25-deg ERB,1.97290912781538
P0116,116,50,SUpDEqNN,SUpDEq + Natural Neighbor,ContralateralHighFrequency,Contralateral HF,5.91027764612995
P0116,116,50,SUpDEqNN,SUpDEq + Natural Neighbor,HorizontalILDMAE,Horizontal ILD MAE,1.42615906047811
P0116,116,50,SUpDEqBary,SUpDEq + Barycentric,FullSphereERB,Full-sphere ERB,1.70529786277045
P0116,116,50,SUpDEqBary,SUpDEq + Barycentric,Contralateral25ERB,Contralateral 25-deg ERB,1.9410373747568
P0116,116,50,SUpDEqBary,SUpDEq + Barycentric,ContralateralHighFrequency,Contralateral HF,5.48044858638332
P0116,116,50,SUpDEqBary,SUpDEq + Barycentric,HorizontalILDMAE,Horizontal ILD MAE,1.4036701341447
P0116,116,50,MCA,MCA,FullSphereERB,Full-sphere ERB,1.05398831552519
P0116,116,50,MCA,MCA,Contralateral25ERB,Contralateral 25-deg ERB,1.71992797361263
P0116,116,50,MCA,MCA,ContralateralHighFrequency,Contralateral HF,4.72750643135943
P0116,116,50,MCA,MCA,HorizontalILDMAE,Horizontal ILD MAE,0.793609536424737
P0116,116,50,MCARv351,MCAR v3.5.1,FullSphereERB,Full-sphere ERB,0.877813768138601
P0116,116,50,MCARv351,MCAR v3.5.1,Contralateral25ERB,Contralateral 25-deg ERB,1.34885304559508
P0116,116,50,MCARv351,MCAR v3.5.1,ContralateralHighFrequency,Contralateral HF,3.47298768231466
P0116,116,50,MCARv351,MCAR v3.5.1,HorizontalILDMAE,Horizontal ILD MAE,0.618340160796667
P0116,116,50,FSPAE,FSP-AE,FullSphereERB,Full-sphere ERB,2.02870823931808
P0116,116,50,FSPAE,FSP-AE,Contralateral25ERB,Contralateral 25-deg ERB,1.93045355261292
P0116,116,50,FSPAE,FSP-AE,ContralateralHighFrequency,Contralateral HF,3.25535644887516
P0116,116,50,FSPAE,FSP-AE,HorizontalILDMAE,Horizontal ILD MAE,1.21339063741132
P0116,116,50,RANF,RANF,FullSphereERB,Full-sphere ERB,1.09138217640607
P0116,116,50,RANF,RANF,Contralateral25ERB,Contralateral 25-deg ERB,1.46864753845643
P0116,116,50,RANF,RANF,ContralateralHighFrequency,Contralateral HF,3.11561207292645
P0116,116,50,RANF,RANF,HorizontalILDMAE,Horizontal ILD MAE,0.781398212051103
P0116,116,50,HYBRID,Hybrid E190,FullSphereERB,Full-sphere ERB,0.814715609583354
P0116,116,50,HYBRID,Hybrid E190,Contralateral25ERB,Contralateral 25-deg ERB,1.17739873001604
P0116,116,50,HYBRID,Hybrid E190,ContralateralHighFrequency,Contralateral HF,3.38652182644023
P0116,116,50,HYBRID,Hybrid E190,HorizontalILDMAE,Horizontal ILD MAE,0.537387208522374
P0116,116,50,BOUNDED,Bounded E25,FullSphereERB,Full-sphere ERB,0.834368110103908
P0116,116,50,BOUNDED,Bounded E25,Contralateral25ERB,Contralateral 25-deg ERB,1.23498755138972
P0116,116,50,BOUNDED,Bounded E25,ContralateralHighFrequency,Contralateral HF,3.49828329431796
P0116,116,50,BOUNDED,Bounded E25,HorizontalILDMAE,Horizontal ILD MAE,0.54000470387088
P0125,125,14,SHOnly,SH only,FullSphereERB,Full-sphere ERB,2.68565072109986
P0125,125,14,SHOnly,SH only,Contralateral25ERB,Contralateral 25-deg ERB,5.91500395330076
P0125,125,14,SHOnly,SH only,ContralateralHighFrequency,Contralateral HF,9.26481973245287
P0125,125,14,SHOnly,SH only,HorizontalILDMAE,Horizontal ILD MAE,3.79316776736392
P0125,125,14,SUpDEqSH,SUpDEq + SH,FullSphereERB,Full-sphere ERB,1.81154607339337
P0125,125,14,SUpDEqSH,SUpDEq + SH,Contralateral25ERB,Contralateral 25-deg ERB,2.74358285644625
P0125,125,14,SUpDEqSH,SUpDEq + SH,ContralateralHighFrequency,Contralateral HF,5.88249302125743
P0125,125,14,SUpDEqSH,SUpDEq + SH,HorizontalILDMAE,Horizontal ILD MAE,1.87609317327965
P0125,125,14,SUpDEqNN,SUpDEq + Natural Neighbor,FullSphereERB,Full-sphere ERB,2.11615262725919
P0125,125,14,SUpDEqNN,SUpDEq + Natural Neighbor,Contralateral25ERB,Contralateral 25-deg ERB,2.44049275199671
P0125,125,14,SUpDEqNN,SUpDEq + Natural Neighbor,ContralateralHighFrequency,Contralateral HF,5.77042271628386
P0125,125,14,SUpDEqNN,SUpDEq + Natural Neighbor,HorizontalILDMAE,Horizontal ILD MAE,1.64540651599008
P0125,125,14,SUpDEqBary,SUpDEq + Barycentric,FullSphereERB,Full-sphere ERB,2.0394369228643
P0125,125,14,SUpDEqBary,SUpDEq + Barycentric,Contralateral25ERB,Contralateral 25-deg ERB,2.37687582933442
P0125,125,14,SUpDEqBary,SUpDEq + Barycentric,ContralateralHighFrequency,Contralateral HF,5.65419324364784
P0125,125,14,SUpDEqBary,SUpDEq + Barycentric,HorizontalILDMAE,Horizontal ILD MAE,1.57837113235589
P0125,125,14,MCA,MCA,FullSphereERB,Full-sphere ERB,1.3259684030914
P0125,125,14,MCA,MCA,Contralateral25ERB,Contralateral 25-deg ERB,2.22466344670471
P0125,125,14,MCA,MCA,ContralateralHighFrequency,Contralateral HF,4.88229301474241
P0125,125,14,MCA,MCA,HorizontalILDMAE,Horizontal ILD MAE,1.02327653679612
P0125,125,14,MCARv351,MCAR v3.5.1,FullSphereERB,Full-sphere ERB,1.06868029307026
P0125,125,14,MCARv351,MCAR v3.5.1,Contralateral25ERB,Contralateral 25-deg ERB,1.7310597362661
P0125,125,14,MCARv351,MCAR v3.5.1,ContralateralHighFrequency,Contralateral HF,3.76372812896803
P0125,125,14,MCARv351,MCAR v3.5.1,HorizontalILDMAE,Horizontal ILD MAE,0.662635515423246
P0125,125,14,FSPAE,FSP-AE,FullSphereERB,Full-sphere ERB,2.09093094242599
P0125,125,14,FSPAE,FSP-AE,Contralateral25ERB,Contralateral 25-deg ERB,2.2440219983257
P0125,125,14,FSPAE,FSP-AE,ContralateralHighFrequency,Contralateral HF,3.69639706206731
P0125,125,14,FSPAE,FSP-AE,HorizontalILDMAE,Horizontal ILD MAE,2.07102835891431
P0125,125,14,RANF,RANF,FullSphereERB,Full-sphere ERB,1.03045982167606
P0125,125,14,RANF,RANF,Contralateral25ERB,Contralateral 25-deg ERB,1.53814748028653
P0125,125,14,RANF,RANF,ContralateralHighFrequency,Contralateral HF,3.32092266252656
P0125,125,14,RANF,RANF,HorizontalILDMAE,Horizontal ILD MAE,0.83238411666193
P0125,125,14,HYBRID,Hybrid E190,FullSphereERB,Full-sphere ERB,0.980248140826454
P0125,125,14,HYBRID,Hybrid E190,Contralateral25ERB,Contralateral 25-deg ERB,1.56410598078638
P0125,125,14,HYBRID,Hybrid E190,ContralateralHighFrequency,Contralateral HF,3.73099326929867
P0125,125,14,HYBRID,Hybrid E190,HorizontalILDMAE,Horizontal ILD MAE,0.603784586376476
P0125,125,14,BOUNDED,Bounded E25,FullSphereERB,Full-sphere ERB,0.990742787824248
P0125,125,14,BOUNDED,Bounded E25,Contralateral25ERB,Contralateral 25-deg ERB,1.56592970434492
P0125,125,14,BOUNDED,Bounded E25,ContralateralHighFrequency,Contralateral HF,3.63669822123441
P0125,125,14,BOUNDED,Bounded E25,HorizontalILDMAE,Horizontal ILD MAE,0.605823636845151
P0125,125,26,SHOnly,SH only,FullSphereERB,Full-sphere ERB,2.61864231230528
P0125,125,26,SHOnly,SH only,Contralateral25ERB,Contralateral 25-deg ERB,4.10387538491568
P0125,125,26,SHOnly,SH only,ContralateralHighFrequency,Contralateral HF,8.27550118519851
P0125,125,26,SHOnly,SH only,HorizontalILDMAE,Horizontal ILD MAE,3.29635958259164
P0125,125,26,SUpDEqSH,SUpDEq + SH,FullSphereERB,Full-sphere ERB,2.01126937039296
P0125,125,26,SUpDEqSH,SUpDEq + SH,Contralateral25ERB,Contralateral 25-deg ERB,2.08788368423942
P0125,125,26,SUpDEqSH,SUpDEq + SH,ContralateralHighFrequency,Contralateral HF,5.87798521873469
P0125,125,26,SUpDEqSH,SUpDEq + SH,HorizontalILDMAE,Horizontal ILD MAE,2.35433353630769
P0125,125,26,SUpDEqNN,SUpDEq + Natural Neighbor,FullSphereERB,Full-sphere ERB,2.12219498370012
P0125,125,26,SUpDEqNN,SUpDEq + Natural Neighbor,Contralateral25ERB,Contralateral 25-deg ERB,2.1553179103252
P0125,125,26,SUpDEqNN,SUpDEq + Natural Neighbor,ContralateralHighFrequency,Contralateral HF,5.57848775626571
P0125,125,26,SUpDEqNN,SUpDEq + Natural Neighbor,HorizontalILDMAE,Horizontal ILD MAE,2.07581501342597
P0125,125,26,SUpDEqBary,SUpDEq + Barycentric,FullSphereERB,Full-sphere ERB,1.99362517082374
P0125,125,26,SUpDEqBary,SUpDEq + Barycentric,Contralateral25ERB,Contralateral 25-deg ERB,2.13947853615614
P0125,125,26,SUpDEqBary,SUpDEq + Barycentric,ContralateralHighFrequency,Contralateral HF,5.50830088044474
P0125,125,26,SUpDEqBary,SUpDEq + Barycentric,HorizontalILDMAE,Horizontal ILD MAE,2.11007725597238
P0125,125,26,MCA,MCA,FullSphereERB,Full-sphere ERB,1.10393844694285
P0125,125,26,MCA,MCA,Contralateral25ERB,Contralateral 25-deg ERB,1.65697727286529
P0125,125,26,MCA,MCA,ContralateralHighFrequency,Contralateral HF,4.74303188025049
P0125,125,26,MCA,MCA,HorizontalILDMAE,Horizontal ILD MAE,0.803346665637776
P0125,125,26,MCARv351,MCAR v3.5.1,FullSphereERB,Full-sphere ERB,0.773001544411122
P0125,125,26,MCARv351,MCAR v3.5.1,Contralateral25ERB,Contralateral 25-deg ERB,1.2149356376958
P0125,125,26,MCARv351,MCAR v3.5.1,ContralateralHighFrequency,Contralateral HF,3.22508785817874
P0125,125,26,MCARv351,MCAR v3.5.1,HorizontalILDMAE,Horizontal ILD MAE,0.399768206434369
P0125,125,26,FSPAE,FSP-AE,FullSphereERB,Full-sphere ERB,1.06126588893277
P0125,125,26,FSPAE,FSP-AE,Contralateral25ERB,Contralateral 25-deg ERB,1.72479896096594
P0125,125,26,FSPAE,FSP-AE,ContralateralHighFrequency,Contralateral HF,2.85538422620864
P0125,125,26,FSPAE,FSP-AE,HorizontalILDMAE,Horizontal ILD MAE,0.521636864233523
P0125,125,26,RANF,RANF,FullSphereERB,Full-sphere ERB,0.991040749055769
P0125,125,26,RANF,RANF,Contralateral25ERB,Contralateral 25-deg ERB,1.47498212005427
P0125,125,26,RANF,RANF,ContralateralHighFrequency,Contralateral HF,3.21100941304279
P0125,125,26,RANF,RANF,HorizontalILDMAE,Horizontal ILD MAE,0.731284936634619
P0125,125,26,HYBRID,Hybrid E190,FullSphereERB,Full-sphere ERB,0.694904509816983
P0125,125,26,HYBRID,Hybrid E190,Contralateral25ERB,Contralateral 25-deg ERB,1.13447617102661
P0125,125,26,HYBRID,Hybrid E190,ContralateralHighFrequency,Contralateral HF,3.21927787021299
P0125,125,26,HYBRID,Hybrid E190,HorizontalILDMAE,Horizontal ILD MAE,0.368212442016706
P0125,125,26,BOUNDED,Bounded E25,FullSphereERB,Full-sphere ERB,0.71351116245859
P0125,125,26,BOUNDED,Bounded E25,Contralateral25ERB,Contralateral 25-deg ERB,1.14184089923263
P0125,125,26,BOUNDED,Bounded E25,ContralateralHighFrequency,Contralateral HF,3.22158905710013
P0125,125,26,BOUNDED,Bounded E25,HorizontalILDMAE,Horizontal ILD MAE,0.35708146202494
P0125,125,50,SHOnly,SH only,FullSphereERB,Full-sphere ERB,2.92420685990861
P0125,125,50,SHOnly,SH only,Contralateral25ERB,Contralateral 25-deg ERB,3.47395820365293
P0125,125,50,SHOnly,SH only,ContralateralHighFrequency,Contralateral HF,6.81129551544939
P0125,125,50,SHOnly,SH only,HorizontalILDMAE,Horizontal ILD MAE,4.17873630846762
P0125,125,50,SUpDEqSH,SUpDEq + SH,FullSphereERB,Full-sphere ERB,2.2755997384712
P0125,125,50,SUpDEqSH,SUpDEq + SH,Contralateral25ERB,Contralateral 25-deg ERB,2.21844948740369
P0125,125,50,SUpDEqSH,SUpDEq + SH,ContralateralHighFrequency,Contralateral HF,6.61835468626831
P0125,125,50,SUpDEqSH,SUpDEq + SH,HorizontalILDMAE,Horizontal ILD MAE,2.71777911560676
P0125,125,50,SUpDEqNN,SUpDEq + Natural Neighbor,FullSphereERB,Full-sphere ERB,1.93029934415097
P0125,125,50,SUpDEqNN,SUpDEq + Natural Neighbor,Contralateral25ERB,Contralateral 25-deg ERB,1.90743180887132
P0125,125,50,SUpDEqNN,SUpDEq + Natural Neighbor,ContralateralHighFrequency,Contralateral HF,5.80243217150258
P0125,125,50,SUpDEqNN,SUpDEq + Natural Neighbor,HorizontalILDMAE,Horizontal ILD MAE,1.80594522305382
P0125,125,50,SUpDEqBary,SUpDEq + Barycentric,FullSphereERB,Full-sphere ERB,1.71645049718197
P0125,125,50,SUpDEqBary,SUpDEq + Barycentric,Contralateral25ERB,Contralateral 25-deg ERB,1.83117188638324
P0125,125,50,SUpDEqBary,SUpDEq + Barycentric,ContralateralHighFrequency,Contralateral HF,5.28664880638833
P0125,125,50,SUpDEqBary,SUpDEq + Barycentric,HorizontalILDMAE,Horizontal ILD MAE,1.80060724503937
P0125,125,50,MCA,MCA,FullSphereERB,Full-sphere ERB,1.01060703042427
P0125,125,50,MCA,MCA,Contralateral25ERB,Contralateral 25-deg ERB,1.51126432085785
P0125,125,50,MCA,MCA,ContralateralHighFrequency,Contralateral HF,4.58212589236843
P0125,125,50,MCA,MCA,HorizontalILDMAE,Horizontal ILD MAE,0.989688236570427
P0125,125,50,MCARv351,MCAR v3.5.1,FullSphereERB,Full-sphere ERB,0.800468959088772
P0125,125,50,MCARv351,MCAR v3.5.1,Contralateral25ERB,Contralateral 25-deg ERB,1.41341242610606
P0125,125,50,MCARv351,MCAR v3.5.1,ContralateralHighFrequency,Contralateral HF,3.30912518856524
P0125,125,50,MCARv351,MCAR v3.5.1,HorizontalILDMAE,Horizontal ILD MAE,0.73829748908673
P0125,125,50,FSPAE,FSP-AE,FullSphereERB,Full-sphere ERB,1.9735648317576
P0125,125,50,FSPAE,FSP-AE,Contralateral25ERB,Contralateral 25-deg ERB,1.89737347454165
P0125,125,50,FSPAE,FSP-AE,ContralateralHighFrequency,Contralateral HF,3.28526024130922
P0125,125,50,FSPAE,FSP-AE,HorizontalILDMAE,Horizontal ILD MAE,1.55498484018539
P0125,125,50,RANF,RANF,FullSphereERB,Full-sphere ERB,1.03033925046393
P0125,125,50,RANF,RANF,Contralateral25ERB,Contralateral 25-deg ERB,1.41338469298825
P0125,125,50,RANF,RANF,ContralateralHighFrequency,Contralateral HF,3.15434740644849
P0125,125,50,RANF,RANF,HorizontalILDMAE,Horizontal ILD MAE,1.06920399237139
P0125,125,50,HYBRID,Hybrid E190,FullSphereERB,Full-sphere ERB,0.729825945581048
P0125,125,50,HYBRID,Hybrid E190,Contralateral25ERB,Contralateral 25-deg ERB,1.24089109602135
P0125,125,50,HYBRID,Hybrid E190,ContralateralHighFrequency,Contralateral HF,3.23340749132149
P0125,125,50,HYBRID,Hybrid E190,HorizontalILDMAE,Horizontal ILD MAE,0.561177575010768
P0125,125,50,BOUNDED,Bounded E25,FullSphereERB,Full-sphere ERB,0.747463460829862
P0125,125,50,BOUNDED,Bounded E25,Contralateral25ERB,Contralateral 25-deg ERB,1.29402287227999
P0125,125,50,BOUNDED,Bounded E25,ContralateralHighFrequency,Contralateral HF,3.30196648794326
P0125,125,50,BOUNDED,Bounded E25,HorizontalILDMAE,Horizontal ILD MAE,0.639062587689275
P0149,149,14,SHOnly,SH only,FullSphereERB,Full-sphere ERB,2.95349832941447
P0149,149,14,SHOnly,SH only,Contralateral25ERB,Contralateral 25-deg ERB,5.34021271455695
P0149,149,14,SHOnly,SH only,ContralateralHighFrequency,Contralateral HF,12.1129836966757
P0149,149,14,SHOnly,SH only,HorizontalILDMAE,Horizontal ILD MAE,3.64008058626384
P0149,149,14,SUpDEqSH,SUpDEq + SH,FullSphereERB,Full-sphere ERB,2.08298860165291
P0149,149,14,SUpDEqSH,SUpDEq + SH,Contralateral25ERB,Contralateral 25-deg ERB,3.19419295637111
P0149,149,14,SUpDEqSH,SUpDEq + SH,ContralateralHighFrequency,Contralateral HF,7.54708514602787
P0149,149,14,SUpDEqSH,SUpDEq + SH,HorizontalILDMAE,Horizontal ILD MAE,1.17969895179612
P0149,149,14,SUpDEqNN,SUpDEq + Natural Neighbor,FullSphereERB,Full-sphere ERB,2.31222456623011
P0149,149,14,SUpDEqNN,SUpDEq + Natural Neighbor,Contralateral25ERB,Contralateral 25-deg ERB,3.10403047065597
P0149,149,14,SUpDEqNN,SUpDEq + Natural Neighbor,ContralateralHighFrequency,Contralateral HF,6.25656139892321
P0149,149,14,SUpDEqNN,SUpDEq + Natural Neighbor,HorizontalILDMAE,Horizontal ILD MAE,1.15321283428619
P0149,149,14,SUpDEqBary,SUpDEq + Barycentric,FullSphereERB,Full-sphere ERB,2.26227670591053
P0149,149,14,SUpDEqBary,SUpDEq + Barycentric,Contralateral25ERB,Contralateral 25-deg ERB,3.02598140593684
P0149,149,14,SUpDEqBary,SUpDEq + Barycentric,ContralateralHighFrequency,Contralateral HF,6.22543164706477
P0149,149,14,SUpDEqBary,SUpDEq + Barycentric,HorizontalILDMAE,Horizontal ILD MAE,0.966726596255928
P0149,149,14,MCA,MCA,FullSphereERB,Full-sphere ERB,1.54344844633836
P0149,149,14,MCA,MCA,Contralateral25ERB,Contralateral 25-deg ERB,3.33122259521823
P0149,149,14,MCA,MCA,ContralateralHighFrequency,Contralateral HF,5.80903485721521
P0149,149,14,MCA,MCA,HorizontalILDMAE,Horizontal ILD MAE,0.988127175727596
P0149,149,14,MCARv351,MCAR v3.5.1,FullSphereERB,Full-sphere ERB,1.32196182084704
P0149,149,14,MCARv351,MCAR v3.5.1,Contralateral25ERB,Contralateral 25-deg ERB,2.2963760069479
P0149,149,14,MCARv351,MCAR v3.5.1,ContralateralHighFrequency,Contralateral HF,4.82866023683795
P0149,149,14,MCARv351,MCAR v3.5.1,HorizontalILDMAE,Horizontal ILD MAE,0.437428021679747
P0149,149,14,FSPAE,FSP-AE,FullSphereERB,Full-sphere ERB,2.28916571885811
P0149,149,14,FSPAE,FSP-AE,Contralateral25ERB,Contralateral 25-deg ERB,2.49204245547455
P0149,149,14,FSPAE,FSP-AE,ContralateralHighFrequency,Contralateral HF,4.33850441917937
P0149,149,14,FSPAE,FSP-AE,HorizontalILDMAE,Horizontal ILD MAE,2.08912957969233
P0149,149,14,RANF,RANF,FullSphereERB,Full-sphere ERB,1.29456755319613
P0149,149,14,RANF,RANF,Contralateral25ERB,Contralateral 25-deg ERB,1.94508763559735
P0149,149,14,RANF,RANF,ContralateralHighFrequency,Contralateral HF,3.58686321619189
P0149,149,14,RANF,RANF,HorizontalILDMAE,Horizontal ILD MAE,0.858384344021513
P0149,149,14,HYBRID,Hybrid E190,FullSphereERB,Full-sphere ERB,1.2137641165317
P0149,149,14,HYBRID,Hybrid E190,Contralateral25ERB,Contralateral 25-deg ERB,1.82837638377836
P0149,149,14,HYBRID,Hybrid E190,ContralateralHighFrequency,Contralateral HF,4.18934806011689
P0149,149,14,HYBRID,Hybrid E190,HorizontalILDMAE,Horizontal ILD MAE,0.639011897630344
P0149,149,14,BOUNDED,Bounded E25,FullSphereERB,Full-sphere ERB,1.22854213800691
P0149,149,14,BOUNDED,Bounded E25,Contralateral25ERB,Contralateral 25-deg ERB,1.97024434287015
P0149,149,14,BOUNDED,Bounded E25,ContralateralHighFrequency,Contralateral HF,4.40204859410177
P0149,149,14,BOUNDED,Bounded E25,HorizontalILDMAE,Horizontal ILD MAE,0.443260016204238
P0149,149,26,SHOnly,SH only,FullSphereERB,Full-sphere ERB,2.92093503950105
P0149,149,26,SHOnly,SH only,Contralateral25ERB,Contralateral 25-deg ERB,4.1649830900579
P0149,149,26,SHOnly,SH only,ContralateralHighFrequency,Contralateral HF,10.6249102474954
P0149,149,26,SHOnly,SH only,HorizontalILDMAE,Horizontal ILD MAE,3.57272741286998
P0149,149,26,SUpDEqSH,SUpDEq + SH,FullSphereERB,Full-sphere ERB,2.10826375512139
P0149,149,26,SUpDEqSH,SUpDEq + SH,Contralateral25ERB,Contralateral 25-deg ERB,2.24678135658319
P0149,149,26,SUpDEqSH,SUpDEq + SH,ContralateralHighFrequency,Contralateral HF,7.15309972446303
P0149,149,26,SUpDEqSH,SUpDEq + SH,HorizontalILDMAE,Horizontal ILD MAE,1.81796952589044
P0149,149,26,SUpDEqNN,SUpDEq + Natural Neighbor,FullSphereERB,Full-sphere ERB,2.01243533325048
P0149,149,26,SUpDEqNN,SUpDEq + Natural Neighbor,Contralateral25ERB,Contralateral 25-deg ERB,2.40600161385593
P0149,149,26,SUpDEqNN,SUpDEq + Natural Neighbor,ContralateralHighFrequency,Contralateral HF,5.74845660164906
P0149,149,26,SUpDEqNN,SUpDEq + Natural Neighbor,HorizontalILDMAE,Horizontal ILD MAE,1.34602354803668
P0149,149,26,SUpDEqBary,SUpDEq + Barycentric,FullSphereERB,Full-sphere ERB,1.9012217207609
P0149,149,26,SUpDEqBary,SUpDEq + Barycentric,Contralateral25ERB,Contralateral 25-deg ERB,2.37384858325252
P0149,149,26,SUpDEqBary,SUpDEq + Barycentric,ContralateralHighFrequency,Contralateral HF,5.55043586974522
P0149,149,26,SUpDEqBary,SUpDEq + Barycentric,HorizontalILDMAE,Horizontal ILD MAE,1.19423637167515
P0149,149,26,MCA,MCA,FullSphereERB,Full-sphere ERB,1.07772762387078
P0149,149,26,MCA,MCA,Contralateral25ERB,Contralateral 25-deg ERB,1.95926467204418
P0149,149,26,MCA,MCA,ContralateralHighFrequency,Contralateral HF,5.01876925049699
P0149,149,26,MCA,MCA,HorizontalILDMAE,Horizontal ILD MAE,0.636011867754583
P0149,149,26,MCARv351,MCAR v3.5.1,FullSphereERB,Full-sphere ERB,0.844189195403292
P0149,149,26,MCARv351,MCAR v3.5.1,Contralateral25ERB,Contralateral 25-deg ERB,1.47082367797492
P0149,149,26,MCARv351,MCAR v3.5.1,ContralateralHighFrequency,Contralateral HF,3.63243163139822
P0149,149,26,MCARv351,MCAR v3.5.1,HorizontalILDMAE,Horizontal ILD MAE,0.459118150687627
P0149,149,26,FSPAE,FSP-AE,FullSphereERB,Full-sphere ERB,1.11603217486937
P0149,149,26,FSPAE,FSP-AE,Contralateral25ERB,Contralateral 25-deg ERB,1.93145499482184
P0149,149,26,FSPAE,FSP-AE,ContralateralHighFrequency,Contralateral HF,3.11540270330209
P0149,149,26,FSPAE,FSP-AE,HorizontalILDMAE,Horizontal ILD MAE,0.721019216485876
P0149,149,26,RANF,RANF,FullSphereERB,Full-sphere ERB,1.27754397856716
P0149,149,26,RANF,RANF,Contralateral25ERB,Contralateral 25-deg ERB,2.24234616078727
P0149,149,26,RANF,RANF,ContralateralHighFrequency,Contralateral HF,3.42617929184172
P0149,149,26,RANF,RANF,HorizontalILDMAE,Horizontal ILD MAE,1.25535265089477
P0149,149,26,HYBRID,Hybrid E190,FullSphereERB,Full-sphere ERB,0.830744515284047
P0149,149,26,HYBRID,Hybrid E190,Contralateral25ERB,Contralateral 25-deg ERB,1.42923376244297
P0149,149,26,HYBRID,Hybrid E190,ContralateralHighFrequency,Contralateral HF,3.32658146488725
P0149,149,26,HYBRID,Hybrid E190,HorizontalILDMAE,Horizontal ILD MAE,0.887229340854754
P0149,149,26,BOUNDED,Bounded E25,FullSphereERB,Full-sphere ERB,0.804010377529779
P0149,149,26,BOUNDED,Bounded E25,Contralateral25ERB,Contralateral 25-deg ERB,1.37687306890886
P0149,149,26,BOUNDED,Bounded E25,ContralateralHighFrequency,Contralateral HF,3.48265349028801
P0149,149,26,BOUNDED,Bounded E25,HorizontalILDMAE,Horizontal ILD MAE,0.533623933119012
P0149,149,50,SHOnly,SH only,FullSphereERB,Full-sphere ERB,3.16724843678852
P0149,149,50,SHOnly,SH only,Contralateral25ERB,Contralateral 25-deg ERB,3.68768294130033
P0149,149,50,SHOnly,SH only,ContralateralHighFrequency,Contralateral HF,8.82074864929622
P0149,149,50,SHOnly,SH only,HorizontalILDMAE,Horizontal ILD MAE,4.14119444074242
P0149,149,50,SUpDEqSH,SUpDEq + SH,FullSphereERB,Full-sphere ERB,2.23807896475532
P0149,149,50,SUpDEqSH,SUpDEq + SH,Contralateral25ERB,Contralateral 25-deg ERB,2.68261839050639
P0149,149,50,SUpDEqSH,SUpDEq + SH,ContralateralHighFrequency,Contralateral HF,6.92804821594911
P0149,149,50,SUpDEqSH,SUpDEq + SH,HorizontalILDMAE,Horizontal ILD MAE,1.61156018833704
P0149,149,50,SUpDEqNN,SUpDEq + Natural Neighbor,FullSphereERB,Full-sphere ERB,1.7835541062633
P0149,149,50,SUpDEqNN,SUpDEq + Natural Neighbor,Contralateral25ERB,Contralateral 25-deg ERB,2.32083541448468
P0149,149,50,SUpDEqNN,SUpDEq + Natural Neighbor,ContralateralHighFrequency,Contralateral HF,5.67324200865326
P0149,149,50,SUpDEqNN,SUpDEq + Natural Neighbor,HorizontalILDMAE,Horizontal ILD MAE,1.26517333382924
P0149,149,50,SUpDEqBary,SUpDEq + Barycentric,FullSphereERB,Full-sphere ERB,1.62812790380485
P0149,149,50,SUpDEqBary,SUpDEq + Barycentric,Contralateral25ERB,Contralateral 25-deg ERB,2.25921006578501
P0149,149,50,SUpDEqBary,SUpDEq + Barycentric,ContralateralHighFrequency,Contralateral HF,5.36321656467699
P0149,149,50,SUpDEqBary,SUpDEq + Barycentric,HorizontalILDMAE,Horizontal ILD MAE,1.27081376957708
P0149,149,50,MCA,MCA,FullSphereERB,Full-sphere ERB,0.97896276523944
P0149,149,50,MCA,MCA,Contralateral25ERB,Contralateral 25-deg ERB,1.92918571189245
P0149,149,50,MCA,MCA,ContralateralHighFrequency,Contralateral HF,4.746336611885
P0149,149,50,MCA,MCA,HorizontalILDMAE,Horizontal ILD MAE,0.55657516507503
P0149,149,50,MCARv351,MCAR v3.5.1,FullSphereERB,Full-sphere ERB,0.834633448658383
P0149,149,50,MCARv351,MCAR v3.5.1,Contralateral25ERB,Contralateral 25-deg ERB,1.50565644963578
P0149,149,50,MCARv351,MCAR v3.5.1,ContralateralHighFrequency,Contralateral HF,3.56144889798565
P0149,149,50,MCARv351,MCAR v3.5.1,HorizontalILDMAE,Horizontal ILD MAE,0.429472214957777
P0149,149,50,FSPAE,FSP-AE,FullSphereERB,Full-sphere ERB,2.10943861757173
P0149,149,50,FSPAE,FSP-AE,Contralateral25ERB,Contralateral 25-deg ERB,2.11637199493585
P0149,149,50,FSPAE,FSP-AE,ContralateralHighFrequency,Contralateral HF,4.28500936178146
P0149,149,50,FSPAE,FSP-AE,HorizontalILDMAE,Horizontal ILD MAE,1.48911316568799
P0149,149,50,RANF,RANF,FullSphereERB,Full-sphere ERB,1.10586839885225
P0149,149,50,RANF,RANF,Contralateral25ERB,Contralateral 25-deg ERB,1.68022985348169
P0149,149,50,RANF,RANF,ContralateralHighFrequency,Contralateral HF,3.42067519385096
P0149,149,50,RANF,RANF,HorizontalILDMAE,Horizontal ILD MAE,0.806789509103061
P0149,149,50,HYBRID,Hybrid E190,FullSphereERB,Full-sphere ERB,0.833664217893216
P0149,149,50,HYBRID,Hybrid E190,Contralateral25ERB,Contralateral 25-deg ERB,1.41480858669547
P0149,149,50,HYBRID,Hybrid E190,ContralateralHighFrequency,Contralateral HF,3.39127455761346
P0149,149,50,HYBRID,Hybrid E190,HorizontalILDMAE,Horizontal ILD MAE,0.724586481372698
P0149,149,50,BOUNDED,Bounded E25,FullSphereERB,Full-sphere ERB,0.810186871020289
P0149,149,50,BOUNDED,Bounded E25,Contralateral25ERB,Contralateral 25-deg ERB,1.39935484998625
P0149,149,50,BOUNDED,Bounded E25,ContralateralHighFrequency,Contralateral HF,3.5009176846893
P0149,149,50,BOUNDED,Bounded E25,HorizontalILDMAE,Horizontal ILD MAE,0.504986205600761
P0161,161,14,SHOnly,SH only,FullSphereERB,Full-sphere ERB,2.62451137541323
P0161,161,14,SHOnly,SH only,Contralateral25ERB,Contralateral 25-deg ERB,5.15738371515941
P0161,161,14,SHOnly,SH only,ContralateralHighFrequency,Contralateral HF,9.22054939580832
P0161,161,14,SHOnly,SH only,HorizontalILDMAE,Horizontal ILD MAE,3.46488020968228
P0161,161,14,SUpDEqSH,SUpDEq + SH,FullSphereERB,Full-sphere ERB,1.91040992299442
P0161,161,14,SUpDEqSH,SUpDEq + SH,Contralateral25ERB,Contralateral 25-deg ERB,2.86058104831885
P0161,161,14,SUpDEqSH,SUpDEq + SH,ContralateralHighFrequency,Contralateral HF,5.37211750893166
P0161,161,14,SUpDEqSH,SUpDEq + SH,HorizontalILDMAE,Horizontal ILD MAE,1.93478799163842
P0161,161,14,SUpDEqNN,SUpDEq + Natural Neighbor,FullSphereERB,Full-sphere ERB,2.41970103367345
P0161,161,14,SUpDEqNN,SUpDEq + Natural Neighbor,Contralateral25ERB,Contralateral 25-deg ERB,2.79167820832597
P0161,161,14,SUpDEqNN,SUpDEq + Natural Neighbor,ContralateralHighFrequency,Contralateral HF,6.01802089580112
P0161,161,14,SUpDEqNN,SUpDEq + Natural Neighbor,HorizontalILDMAE,Horizontal ILD MAE,2.19118942263045
P0161,161,14,SUpDEqBary,SUpDEq + Barycentric,FullSphereERB,Full-sphere ERB,2.3088410695025
P0161,161,14,SUpDEqBary,SUpDEq + Barycentric,Contralateral25ERB,Contralateral 25-deg ERB,2.81106733464273
P0161,161,14,SUpDEqBary,SUpDEq + Barycentric,ContralateralHighFrequency,Contralateral HF,5.68517777012935
P0161,161,14,SUpDEqBary,SUpDEq + Barycentric,HorizontalILDMAE,Horizontal ILD MAE,2.10947639322476
P0161,161,14,MCA,MCA,FullSphereERB,Full-sphere ERB,1.27183041977601
P0161,161,14,MCA,MCA,Contralateral25ERB,Contralateral 25-deg ERB,2.44379922283795
P0161,161,14,MCA,MCA,ContralateralHighFrequency,Contralateral HF,4.6889937229867
P0161,161,14,MCA,MCA,HorizontalILDMAE,Horizontal ILD MAE,0.794564139927666
P0161,161,14,MCARv351,MCAR v3.5.1,FullSphereERB,Full-sphere ERB,1.04064631289202
P0161,161,14,MCARv351,MCAR v3.5.1,Contralateral25ERB,Contralateral 25-deg ERB,1.76617010733906
P0161,161,14,MCARv351,MCAR v3.5.1,ContralateralHighFrequency,Contralateral HF,3.48395688442101
P0161,161,14,MCARv351,MCAR v3.5.1,HorizontalILDMAE,Horizontal ILD MAE,0.697071801508834
P0161,161,14,FSPAE,FSP-AE,FullSphereERB,Full-sphere ERB,2.0849067148752
P0161,161,14,FSPAE,FSP-AE,Contralateral25ERB,Contralateral 25-deg ERB,2.34686758933185
P0161,161,14,FSPAE,FSP-AE,ContralateralHighFrequency,Contralateral HF,3.49712415571083
P0161,161,14,FSPAE,FSP-AE,HorizontalILDMAE,Horizontal ILD MAE,2.26044831974229
P0161,161,14,RANF,RANF,FullSphereERB,Full-sphere ERB,1.00862445660576
P0161,161,14,RANF,RANF,Contralateral25ERB,Contralateral 25-deg ERB,1.49810631349282
P0161,161,14,RANF,RANF,ContralateralHighFrequency,Contralateral HF,2.96701013008469
P0161,161,14,RANF,RANF,HorizontalILDMAE,Horizontal ILD MAE,0.622956201466346
P0161,161,14,HYBRID,Hybrid E190,FullSphereERB,Full-sphere ERB,1.00169649142076
P0161,161,14,HYBRID,Hybrid E190,Contralateral25ERB,Contralateral 25-deg ERB,1.71090543722404
P0161,161,14,HYBRID,Hybrid E190,ContralateralHighFrequency,Contralateral HF,3.44583354782529
P0161,161,14,HYBRID,Hybrid E190,HorizontalILDMAE,Horizontal ILD MAE,0.732633007258549
P0161,161,14,BOUNDED,Bounded E25,FullSphereERB,Full-sphere ERB,0.980969426453052
P0161,161,14,BOUNDED,Bounded E25,Contralateral25ERB,Contralateral 25-deg ERB,1.69824955762228
P0161,161,14,BOUNDED,Bounded E25,ContralateralHighFrequency,Contralateral HF,3.39132521312741
P0161,161,14,BOUNDED,Bounded E25,HorizontalILDMAE,Horizontal ILD MAE,0.705764677993299
P0161,161,26,SHOnly,SH only,FullSphereERB,Full-sphere ERB,2.61311333514891
P0161,161,26,SHOnly,SH only,Contralateral25ERB,Contralateral 25-deg ERB,3.76936378247682
P0161,161,26,SHOnly,SH only,ContralateralHighFrequency,Contralateral HF,8.16204880452452
P0161,161,26,SHOnly,SH only,HorizontalILDMAE,Horizontal ILD MAE,3.81242768078311
P0161,161,26,SUpDEqSH,SUpDEq + SH,FullSphereERB,Full-sphere ERB,2.00986683224526
P0161,161,26,SUpDEqSH,SUpDEq + SH,Contralateral25ERB,Contralateral 25-deg ERB,2.34814842898129
P0161,161,26,SUpDEqSH,SUpDEq + SH,ContralateralHighFrequency,Contralateral HF,5.498873486218
P0161,161,26,SUpDEqSH,SUpDEq + SH,HorizontalILDMAE,Horizontal ILD MAE,2.03575389385998
P0161,161,26,SUpDEqNN,SUpDEq + Natural Neighbor,FullSphereERB,Full-sphere ERB,2.02068363332012
P0161,161,26,SUpDEqNN,SUpDEq + Natural Neighbor,Contralateral25ERB,Contralateral 25-deg ERB,2.30739402959648
P0161,161,26,SUpDEqNN,SUpDEq + Natural Neighbor,ContralateralHighFrequency,Contralateral HF,5.20468369773362
P0161,161,26,SUpDEqNN,SUpDEq + Natural Neighbor,HorizontalILDMAE,Horizontal ILD MAE,1.6228963088811
P0161,161,26,SUpDEqBary,SUpDEq + Barycentric,FullSphereERB,Full-sphere ERB,1.87445933194287
P0161,161,26,SUpDEqBary,SUpDEq + Barycentric,Contralateral25ERB,Contralateral 25-deg ERB,2.25792597777356
P0161,161,26,SUpDEqBary,SUpDEq + Barycentric,ContralateralHighFrequency,Contralateral HF,5.06565807463077
P0161,161,26,SUpDEqBary,SUpDEq + Barycentric,HorizontalILDMAE,Horizontal ILD MAE,1.56450510534197
P0161,161,26,MCA,MCA,FullSphereERB,Full-sphere ERB,1.01338333428972
P0161,161,26,MCA,MCA,Contralateral25ERB,Contralateral 25-deg ERB,1.84439864376412
P0161,161,26,MCA,MCA,ContralateralHighFrequency,Contralateral HF,4.44476395841682
P0161,161,26,MCA,MCA,HorizontalILDMAE,Horizontal ILD MAE,0.510563114035913
P0161,161,26,MCARv351,MCAR v3.5.1,FullSphereERB,Full-sphere ERB,0.757274092058493
P0161,161,26,MCARv351,MCAR v3.5.1,Contralateral25ERB,Contralateral 25-deg ERB,1.2666367393125
P0161,161,26,MCARv351,MCAR v3.5.1,ContralateralHighFrequency,Contralateral HF,3.07708896824463
P0161,161,26,MCARv351,MCAR v3.5.1,HorizontalILDMAE,Horizontal ILD MAE,0.514060253205117
P0161,161,26,FSPAE,FSP-AE,FullSphereERB,Full-sphere ERB,1.04444275142109
P0161,161,26,FSPAE,FSP-AE,Contralateral25ERB,Contralateral 25-deg ERB,1.87411164230065
P0161,161,26,FSPAE,FSP-AE,ContralateralHighFrequency,Contralateral HF,2.78442388644123
P0161,161,26,FSPAE,FSP-AE,HorizontalILDMAE,Horizontal ILD MAE,0.439824528741377
P0161,161,26,RANF,RANF,FullSphereERB,Full-sphere ERB,0.976173088399229
P0161,161,26,RANF,RANF,Contralateral25ERB,Contralateral 25-deg ERB,1.66664046114422
P0161,161,26,RANF,RANF,ContralateralHighFrequency,Contralateral HF,3.00789527000981
P0161,161,26,RANF,RANF,HorizontalILDMAE,Horizontal ILD MAE,0.601684991223738
P0161,161,26,HYBRID,Hybrid E190,FullSphereERB,Full-sphere ERB,0.755637757323925
P0161,161,26,HYBRID,Hybrid E190,Contralateral25ERB,Contralateral 25-deg ERB,1.17119586657415
P0161,161,26,HYBRID,Hybrid E190,ContralateralHighFrequency,Contralateral HF,3.16514128023844
P0161,161,26,HYBRID,Hybrid E190,HorizontalILDMAE,Horizontal ILD MAE,0.408407068376294
P0161,161,26,BOUNDED,Bounded E25,FullSphereERB,Full-sphere ERB,0.731401872022653
P0161,161,26,BOUNDED,Bounded E25,Contralateral25ERB,Contralateral 25-deg ERB,1.19239186288492
P0161,161,26,BOUNDED,Bounded E25,ContralateralHighFrequency,Contralateral HF,3.128066483179
P0161,161,26,BOUNDED,Bounded E25,HorizontalILDMAE,Horizontal ILD MAE,0.427015943549703
P0161,161,50,SHOnly,SH only,FullSphereERB,Full-sphere ERB,3.06207865485175
P0161,161,50,SHOnly,SH only,Contralateral25ERB,Contralateral 25-deg ERB,2.98212813529702
P0161,161,50,SHOnly,SH only,ContralateralHighFrequency,Contralateral HF,6.56491330972778
P0161,161,50,SHOnly,SH only,HorizontalILDMAE,Horizontal ILD MAE,4.52809987509007
P0161,161,50,SUpDEqSH,SUpDEq + SH,FullSphereERB,Full-sphere ERB,2.33515592915954
P0161,161,50,SUpDEqSH,SUpDEq + SH,Contralateral25ERB,Contralateral 25-deg ERB,2.34067901697453
P0161,161,50,SUpDEqSH,SUpDEq + SH,ContralateralHighFrequency,Contralateral HF,5.66106665427246
P0161,161,50,SUpDEqSH,SUpDEq + SH,HorizontalILDMAE,Horizontal ILD MAE,2.14508094178329
P0161,161,50,SUpDEqNN,SUpDEq + Natural Neighbor,FullSphereERB,Full-sphere ERB,1.98814927902449
P0161,161,50,SUpDEqNN,SUpDEq + Natural Neighbor,Contralateral25ERB,Contralateral 25-deg ERB,2.22468671205013
P0161,161,50,SUpDEqNN,SUpDEq + Natural Neighbor,ContralateralHighFrequency,Contralateral HF,5.34742350346684
P0161,161,50,SUpDEqNN,SUpDEq + Natural Neighbor,HorizontalILDMAE,Horizontal ILD MAE,1.80385430470207
P0161,161,50,SUpDEqBary,SUpDEq + Barycentric,FullSphereERB,Full-sphere ERB,1.80129236592574
P0161,161,50,SUpDEqBary,SUpDEq + Barycentric,Contralateral25ERB,Contralateral 25-deg ERB,2.16144485774525
P0161,161,50,SUpDEqBary,SUpDEq + Barycentric,ContralateralHighFrequency,Contralateral HF,5.03483499378931
P0161,161,50,SUpDEqBary,SUpDEq + Barycentric,HorizontalILDMAE,Horizontal ILD MAE,1.67930243548653
P0161,161,50,MCA,MCA,FullSphereERB,Full-sphere ERB,0.988036883896239
P0161,161,50,MCA,MCA,Contralateral25ERB,Contralateral 25-deg ERB,1.76046187451045
P0161,161,50,MCA,MCA,ContralateralHighFrequency,Contralateral HF,4.28227839625124
P0161,161,50,MCA,MCA,HorizontalILDMAE,Horizontal ILD MAE,0.570980172569674
P0161,161,50,MCARv351,MCAR v3.5.1,FullSphereERB,Full-sphere ERB,0.801710829367617
P0161,161,50,MCARv351,MCAR v3.5.1,Contralateral25ERB,Contralateral 25-deg ERB,1.34890513173508
P0161,161,50,MCARv351,MCAR v3.5.1,ContralateralHighFrequency,Contralateral HF,3.18634849067802
P0161,161,50,MCARv351,MCAR v3.5.1,HorizontalILDMAE,Horizontal ILD MAE,0.693861878469966
P0161,161,50,FSPAE,FSP-AE,FullSphereERB,Full-sphere ERB,1.92387823896218
P0161,161,50,FSPAE,FSP-AE,Contralateral25ERB,Contralateral 25-deg ERB,2.10986342471574
P0161,161,50,FSPAE,FSP-AE,ContralateralHighFrequency,Contralateral HF,3.39995377858475
P0161,161,50,FSPAE,FSP-AE,HorizontalILDMAE,Horizontal ILD MAE,1.18356071979565
P0161,161,50,RANF,RANF,FullSphereERB,Full-sphere ERB,0.958582474154987
P0161,161,50,RANF,RANF,Contralateral25ERB,Contralateral 25-deg ERB,1.63625789101543
P0161,161,50,RANF,RANF,ContralateralHighFrequency,Contralateral HF,2.86698878746736
P0161,161,50,RANF,RANF,HorizontalILDMAE,Horizontal ILD MAE,0.584666554798858
P0161,161,50,HYBRID,Hybrid E190,FullSphereERB,Full-sphere ERB,0.78264442524751
P0161,161,50,HYBRID,Hybrid E190,Contralateral25ERB,Contralateral 25-deg ERB,1.20091840957305
P0161,161,50,HYBRID,Hybrid E190,ContralateralHighFrequency,Contralateral HF,3.26589824729322
P0161,161,50,HYBRID,Hybrid E190,HorizontalILDMAE,Horizontal ILD MAE,0.483035219670495
P0161,161,50,BOUNDED,Bounded E25,FullSphereERB,Full-sphere ERB,0.776428790817084
P0161,161,50,BOUNDED,Bounded E25,Contralateral25ERB,Contralateral 25-deg ERB,1.23879857258519
P0161,161,50,BOUNDED,Bounded E25,ContralateralHighFrequency,Contralateral HF,3.24559701852633
P0161,161,50,BOUNDED,Bounded E25,HorizontalILDMAE,Horizontal ILD MAE,0.546716277390602
P0166,166,14,SHOnly,SH only,FullSphereERB,Full-sphere ERB,2.69980342262449
P0166,166,14,SHOnly,SH only,Contralateral25ERB,Contralateral 25-deg ERB,4.81412721144346
P0166,166,14,SHOnly,SH only,ContralateralHighFrequency,Contralateral HF,10.3607539873441
P0166,166,14,SHOnly,SH only,HorizontalILDMAE,Horizontal ILD MAE,3.9360968367238
P0166,166,14,SUpDEqSH,SUpDEq + SH,FullSphereERB,Full-sphere ERB,1.97683398568908
P0166,166,14,SUpDEqSH,SUpDEq + SH,Contralateral25ERB,Contralateral 25-deg ERB,2.85809028925428
P0166,166,14,SUpDEqSH,SUpDEq + SH,ContralateralHighFrequency,Contralateral HF,6.72501763355397
P0166,166,14,SUpDEqSH,SUpDEq + SH,HorizontalILDMAE,Horizontal ILD MAE,1.48218705096828
P0166,166,14,SUpDEqNN,SUpDEq + Natural Neighbor,FullSphereERB,Full-sphere ERB,2.36764254771388
P0166,166,14,SUpDEqNN,SUpDEq + Natural Neighbor,Contralateral25ERB,Contralateral 25-deg ERB,2.65013908458857
P0166,166,14,SUpDEqNN,SUpDEq + Natural Neighbor,ContralateralHighFrequency,Contralateral HF,6.12417021800257
P0166,166,14,SUpDEqNN,SUpDEq + Natural Neighbor,HorizontalILDMAE,Horizontal ILD MAE,2.18011119213756
P0166,166,14,SUpDEqBary,SUpDEq + Barycentric,FullSphereERB,Full-sphere ERB,2.26226790259241
P0166,166,14,SUpDEqBary,SUpDEq + Barycentric,Contralateral25ERB,Contralateral 25-deg ERB,2.59173958698791
P0166,166,14,SUpDEqBary,SUpDEq + Barycentric,ContralateralHighFrequency,Contralateral HF,6.08772948511646
P0166,166,14,SUpDEqBary,SUpDEq + Barycentric,HorizontalILDMAE,Horizontal ILD MAE,2.03343285815354
P0166,166,14,MCA,MCA,FullSphereERB,Full-sphere ERB,1.36355508954554
P0166,166,14,MCA,MCA,Contralateral25ERB,Contralateral 25-deg ERB,2.84387690809852
P0166,166,14,MCA,MCA,ContralateralHighFrequency,Contralateral HF,5.68551118999193
P0166,166,14,MCA,MCA,HorizontalILDMAE,Horizontal ILD MAE,0.813339495965174
P0166,166,14,MCARv351,MCAR v3.5.1,FullSphereERB,Full-sphere ERB,1.17942238496949
P0166,166,14,MCARv351,MCAR v3.5.1,Contralateral25ERB,Contralateral 25-deg ERB,1.92586236945883
P0166,166,14,MCARv351,MCAR v3.5.1,ContralateralHighFrequency,Contralateral HF,4.63400794784471
P0166,166,14,MCARv351,MCAR v3.5.1,HorizontalILDMAE,Horizontal ILD MAE,0.562380657707081
P0166,166,14,FSPAE,FSP-AE,FullSphereERB,Full-sphere ERB,2.01441516020314
P0166,166,14,FSPAE,FSP-AE,Contralateral25ERB,Contralateral 25-deg ERB,2.29054258976753
P0166,166,14,FSPAE,FSP-AE,ContralateralHighFrequency,Contralateral HF,4.02934218086653
P0166,166,14,FSPAE,FSP-AE,HorizontalILDMAE,Horizontal ILD MAE,1.95366209222411
P0166,166,14,RANF,RANF,FullSphereERB,Full-sphere ERB,1.09443081673936
P0166,166,14,RANF,RANF,Contralateral25ERB,Contralateral 25-deg ERB,1.49901995514807
P0166,166,14,RANF,RANF,ContralateralHighFrequency,Contralateral HF,3.70383582862566
P0166,166,14,RANF,RANF,HorizontalILDMAE,Horizontal ILD MAE,0.596257616608952
P0166,166,14,HYBRID,Hybrid E190,FullSphereERB,Full-sphere ERB,1.11271925569255
P0166,166,14,HYBRID,Hybrid E190,Contralateral25ERB,Contralateral 25-deg ERB,1.63687290753126
P0166,166,14,HYBRID,Hybrid E190,ContralateralHighFrequency,Contralateral HF,4.58193103275085
P0166,166,14,HYBRID,Hybrid E190,HorizontalILDMAE,Horizontal ILD MAE,0.635596676878996
P0166,166,14,BOUNDED,Bounded E25,FullSphereERB,Full-sphere ERB,1.12054376529584
P0166,166,14,BOUNDED,Bounded E25,Contralateral25ERB,Contralateral 25-deg ERB,1.71424344338039
P0166,166,14,BOUNDED,Bounded E25,ContralateralHighFrequency,Contralateral HF,4.52188912222317
P0166,166,14,BOUNDED,Bounded E25,HorizontalILDMAE,Horizontal ILD MAE,0.579114132790819
P0166,166,26,SHOnly,SH only,FullSphereERB,Full-sphere ERB,2.71893370230257
P0166,166,26,SHOnly,SH only,Contralateral25ERB,Contralateral 25-deg ERB,3.78080604870616
P0166,166,26,SHOnly,SH only,ContralateralHighFrequency,Contralateral HF,9.91006770861383
P0166,166,26,SHOnly,SH only,HorizontalILDMAE,Horizontal ILD MAE,3.51209251706732
P0166,166,26,SUpDEqSH,SUpDEq + SH,FullSphereERB,Full-sphere ERB,2.03382526910919
P0166,166,26,SUpDEqSH,SUpDEq + SH,Contralateral25ERB,Contralateral 25-deg ERB,2.10925078161054
P0166,166,26,SUpDEqSH,SUpDEq + SH,ContralateralHighFrequency,Contralateral HF,6.18056708043371
P0166,166,26,SUpDEqSH,SUpDEq + SH,HorizontalILDMAE,Horizontal ILD MAE,2.34367658085002
P0166,166,26,SUpDEqNN,SUpDEq + Natural Neighbor,FullSphereERB,Full-sphere ERB,2.0172702619391
P0166,166,26,SUpDEqNN,SUpDEq + Natural Neighbor,Contralateral25ERB,Contralateral 25-deg ERB,2.06607754046519
P0166,166,26,SUpDEqNN,SUpDEq + Natural Neighbor,ContralateralHighFrequency,Contralateral HF,5.70340167641296
P0166,166,26,SUpDEqNN,SUpDEq + Natural Neighbor,HorizontalILDMAE,Horizontal ILD MAE,2.40956747361655
P0166,166,26,SUpDEqBary,SUpDEq + Barycentric,FullSphereERB,Full-sphere ERB,1.87418403766302
P0166,166,26,SUpDEqBary,SUpDEq + Barycentric,Contralateral25ERB,Contralateral 25-deg ERB,2.05152165316053
P0166,166,26,SUpDEqBary,SUpDEq + Barycentric,ContralateralHighFrequency,Contralateral HF,5.72897756768154
P0166,166,26,SUpDEqBary,SUpDEq + Barycentric,HorizontalILDMAE,Horizontal ILD MAE,2.30602745767939
P0166,166,26,MCA,MCA,FullSphereERB,Full-sphere ERB,1.03991147090711
P0166,166,26,MCA,MCA,Contralateral25ERB,Contralateral 25-deg ERB,1.70896444943721
P0166,166,26,MCA,MCA,ContralateralHighFrequency,Contralateral HF,4.89507921430981
P0166,166,26,MCA,MCA,HorizontalILDMAE,Horizontal ILD MAE,0.705748088246635
P0166,166,26,MCARv351,MCAR v3.5.1,FullSphereERB,Full-sphere ERB,0.803860328788063
P0166,166,26,MCARv351,MCAR v3.5.1,Contralateral25ERB,Contralateral 25-deg ERB,1.25664865254686
P0166,166,26,MCARv351,MCAR v3.5.1,ContralateralHighFrequency,Contralateral HF,3.67500709874635
P0166,166,26,MCARv351,MCAR v3.5.1,HorizontalILDMAE,Horizontal ILD MAE,0.439148893468289
P0166,166,26,FSPAE,FSP-AE,FullSphereERB,Full-sphere ERB,1.03217525082106
P0166,166,26,FSPAE,FSP-AE,Contralateral25ERB,Contralateral 25-deg ERB,1.80483785695849
P0166,166,26,FSPAE,FSP-AE,ContralateralHighFrequency,Contralateral HF,3.16813007815107
P0166,166,26,FSPAE,FSP-AE,HorizontalILDMAE,Horizontal ILD MAE,0.468985270276328
P0166,166,26,RANF,RANF,FullSphereERB,Full-sphere ERB,1.10707637529889
P0166,166,26,RANF,RANF,Contralateral25ERB,Contralateral 25-deg ERB,1.49522220456703
P0166,166,26,RANF,RANF,ContralateralHighFrequency,Contralateral HF,3.56064655543389
P0166,166,26,RANF,RANF,HorizontalILDMAE,Horizontal ILD MAE,0.718530261246898
P0166,166,26,HYBRID,Hybrid E190,FullSphereERB,Full-sphere ERB,0.778737865993592
P0166,166,26,HYBRID,Hybrid E190,Contralateral25ERB,Contralateral 25-deg ERB,1.15693711223726
P0166,166,26,HYBRID,Hybrid E190,ContralateralHighFrequency,Contralateral HF,3.75385037243074
P0166,166,26,HYBRID,Hybrid E190,HorizontalILDMAE,Horizontal ILD MAE,0.51266275860791
P0166,166,26,BOUNDED,Bounded E25,FullSphereERB,Full-sphere ERB,0.774851783691911
P0166,166,26,BOUNDED,Bounded E25,Contralateral25ERB,Contralateral 25-deg ERB,1.15927173619705
P0166,166,26,BOUNDED,Bounded E25,ContralateralHighFrequency,Contralateral HF,3.72671680668394
P0166,166,26,BOUNDED,Bounded E25,HorizontalILDMAE,Horizontal ILD MAE,0.435630346326131
P0166,166,50,SHOnly,SH only,FullSphereERB,Full-sphere ERB,3.0058316592431
P0166,166,50,SHOnly,SH only,Contralateral25ERB,Contralateral 25-deg ERB,3.20998019708446
P0166,166,50,SHOnly,SH only,ContralateralHighFrequency,Contralateral HF,8.08165834662248
P0166,166,50,SHOnly,SH only,HorizontalILDMAE,Horizontal ILD MAE,4.63901954203076
P0166,166,50,SUpDEqSH,SUpDEq + SH,FullSphereERB,Full-sphere ERB,2.17764163823523
P0166,166,50,SUpDEqSH,SUpDEq + SH,Contralateral25ERB,Contralateral 25-deg ERB,2.17452949197245
P0166,166,50,SUpDEqSH,SUpDEq + SH,ContralateralHighFrequency,Contralateral HF,6.19270584619462
P0166,166,50,SUpDEqSH,SUpDEq + SH,HorizontalILDMAE,Horizontal ILD MAE,2.5169183218844
P0166,166,50,SUpDEqNN,SUpDEq + Natural Neighbor,FullSphereERB,Full-sphere ERB,1.83628372437218
P0166,166,50,SUpDEqNN,SUpDEq + Natural Neighbor,Contralateral25ERB,Contralateral 25-deg ERB,1.92796767237271
P0166,166,50,SUpDEqNN,SUpDEq + Natural Neighbor,ContralateralHighFrequency,Contralateral HF,5.68593233194164
P0166,166,50,SUpDEqNN,SUpDEq + Natural Neighbor,HorizontalILDMAE,Horizontal ILD MAE,2.3311253845653
P0166,166,50,SUpDEqBary,SUpDEq + Barycentric,FullSphereERB,Full-sphere ERB,1.66044860651265
P0166,166,50,SUpDEqBary,SUpDEq + Barycentric,Contralateral25ERB,Contralateral 25-deg ERB,1.92600483843936
P0166,166,50,SUpDEqBary,SUpDEq + Barycentric,ContralateralHighFrequency,Contralateral HF,5.34735920855631
P0166,166,50,SUpDEqBary,SUpDEq + Barycentric,HorizontalILDMAE,Horizontal ILD MAE,2.22710055345086
P0166,166,50,MCA,MCA,FullSphereERB,Full-sphere ERB,0.939617415545136
P0166,166,50,MCA,MCA,Contralateral25ERB,Contralateral 25-deg ERB,1.49787913904447
P0166,166,50,MCA,MCA,ContralateralHighFrequency,Contralateral HF,4.71232714150259
P0166,166,50,MCA,MCA,HorizontalILDMAE,Horizontal ILD MAE,0.891998806998689
P0166,166,50,MCARv351,MCAR v3.5.1,FullSphereERB,Full-sphere ERB,0.813446661375363
P0166,166,50,MCARv351,MCAR v3.5.1,Contralateral25ERB,Contralateral 25-deg ERB,1.2915442617967
P0166,166,50,MCARv351,MCAR v3.5.1,ContralateralHighFrequency,Contralateral HF,3.67106962304506
P0166,166,50,MCARv351,MCAR v3.5.1,HorizontalILDMAE,Horizontal ILD MAE,0.746271260124845
P0166,166,50,FSPAE,FSP-AE,FullSphereERB,Full-sphere ERB,1.94878230790771
P0166,166,50,FSPAE,FSP-AE,Contralateral25ERB,Contralateral 25-deg ERB,2.04365175467431
P0166,166,50,FSPAE,FSP-AE,ContralateralHighFrequency,Contralateral HF,3.61212306522796
P0166,166,50,FSPAE,FSP-AE,HorizontalILDMAE,Horizontal ILD MAE,1.41802185213064
P0166,166,50,RANF,RANF,FullSphereERB,Full-sphere ERB,1.03595523317355
P0166,166,50,RANF,RANF,Contralateral25ERB,Contralateral 25-deg ERB,1.44916642237477
P0166,166,50,RANF,RANF,ContralateralHighFrequency,Contralateral HF,3.31236617996069
P0166,166,50,RANF,RANF,HorizontalILDMAE,Horizontal ILD MAE,0.737726422456403
P0166,166,50,HYBRID,Hybrid E190,FullSphereERB,Full-sphere ERB,0.795586405471942
P0166,166,50,HYBRID,Hybrid E190,Contralateral25ERB,Contralateral 25-deg ERB,1.17960945225136
P0166,166,50,HYBRID,Hybrid E190,ContralateralHighFrequency,Contralateral HF,3.72920086457709
P0166,166,50,HYBRID,Hybrid E190,HorizontalILDMAE,Horizontal ILD MAE,0.729964154391232
P0166,166,50,BOUNDED,Bounded E25,FullSphereERB,Full-sphere ERB,0.789585212953213
P0166,166,50,BOUNDED,Bounded E25,Contralateral25ERB,Contralateral 25-deg ERB,1.17360553311893
P0166,166,50,BOUNDED,Bounded E25,ContralateralHighFrequency,Contralateral HF,3.72772200460499
P0166,166,50,BOUNDED,Bounded E25,HorizontalILDMAE,Horizontal ILD MAE,0.710930672759608
P0167,167,14,SHOnly,SH only,FullSphereERB,Full-sphere ERB,2.66259871457951
P0167,167,14,SHOnly,SH only,Contralateral25ERB,Contralateral 25-deg ERB,4.63588978713153
P0167,167,14,SHOnly,SH only,ContralateralHighFrequency,Contralateral HF,9.96593232385353
P0167,167,14,SHOnly,SH only,HorizontalILDMAE,Horizontal ILD MAE,2.42558001552134
P0167,167,14,SUpDEqSH,SUpDEq + SH,FullSphereERB,Full-sphere ERB,1.98709340143287
P0167,167,14,SUpDEqSH,SUpDEq + SH,Contralateral25ERB,Contralateral 25-deg ERB,2.72125882113457
P0167,167,14,SUpDEqSH,SUpDEq + SH,ContralateralHighFrequency,Contralateral HF,6.01831828649413
P0167,167,14,SUpDEqSH,SUpDEq + SH,HorizontalILDMAE,Horizontal ILD MAE,2.14175729587884
P0167,167,14,SUpDEqNN,SUpDEq + Natural Neighbor,FullSphereERB,Full-sphere ERB,2.35140444308336
P0167,167,14,SUpDEqNN,SUpDEq + Natural Neighbor,Contralateral25ERB,Contralateral 25-deg ERB,2.97825989865368
P0167,167,14,SUpDEqNN,SUpDEq + Natural Neighbor,ContralateralHighFrequency,Contralateral HF,6.26586890164741
P0167,167,14,SUpDEqNN,SUpDEq + Natural Neighbor,HorizontalILDMAE,Horizontal ILD MAE,1.61495727594348
P0167,167,14,SUpDEqBary,SUpDEq + Barycentric,FullSphereERB,Full-sphere ERB,2.28203395887687
P0167,167,14,SUpDEqBary,SUpDEq + Barycentric,Contralateral25ERB,Contralateral 25-deg ERB,2.97462343178237
P0167,167,14,SUpDEqBary,SUpDEq + Barycentric,ContralateralHighFrequency,Contralateral HF,6.26828274289555
P0167,167,14,SUpDEqBary,SUpDEq + Barycentric,HorizontalILDMAE,Horizontal ILD MAE,1.48546156965169
P0167,167,14,MCA,MCA,FullSphereERB,Full-sphere ERB,1.44788456076468
P0167,167,14,MCA,MCA,Contralateral25ERB,Contralateral 25-deg ERB,2.87539052446014
P0167,167,14,MCA,MCA,ContralateralHighFrequency,Contralateral HF,5.49276484683418
P0167,167,14,MCA,MCA,HorizontalILDMAE,Horizontal ILD MAE,1.51673416876602
P0167,167,14,MCARv351,MCAR v3.5.1,FullSphereERB,Full-sphere ERB,1.2065101887617
P0167,167,14,MCARv351,MCAR v3.5.1,Contralateral25ERB,Contralateral 25-deg ERB,1.99426730369168
P0167,167,14,MCARv351,MCAR v3.5.1,ContralateralHighFrequency,Contralateral HF,4.36816504474513
P0167,167,14,MCARv351,MCAR v3.5.1,HorizontalILDMAE,Horizontal ILD MAE,1.20402392304265
P0167,167,14,FSPAE,FSP-AE,FullSphereERB,Full-sphere ERB,2.12214577539018
P0167,167,14,FSPAE,FSP-AE,Contralateral25ERB,Contralateral 25-deg ERB,2.21927023288139
P0167,167,14,FSPAE,FSP-AE,ContralateralHighFrequency,Contralateral HF,4.29699074306955
P0167,167,14,FSPAE,FSP-AE,HorizontalILDMAE,Horizontal ILD MAE,2.08648426703382
P0167,167,14,RANF,RANF,FullSphereERB,Full-sphere ERB,1.10304761804863
P0167,167,14,RANF,RANF,Contralateral25ERB,Contralateral 25-deg ERB,1.75516039757804
P0167,167,14,RANF,RANF,ContralateralHighFrequency,Contralateral HF,4.01525533430905
P0167,167,14,RANF,RANF,HorizontalILDMAE,Horizontal ILD MAE,0.710524189059729
P0167,167,14,HYBRID,Hybrid E190,FullSphereERB,Full-sphere ERB,1.06581833436466
P0167,167,14,HYBRID,Hybrid E190,Contralateral25ERB,Contralateral 25-deg ERB,1.65342627826712
P0167,167,14,HYBRID,Hybrid E190,ContralateralHighFrequency,Contralateral HF,4.04255951000012
P0167,167,14,HYBRID,Hybrid E190,HorizontalILDMAE,Horizontal ILD MAE,1.10660604904476
P0167,167,14,BOUNDED,Bounded E25,FullSphereERB,Full-sphere ERB,1.10146630074917
P0167,167,14,BOUNDED,Bounded E25,Contralateral25ERB,Contralateral 25-deg ERB,1.79209609060477
P0167,167,14,BOUNDED,Bounded E25,ContralateralHighFrequency,Contralateral HF,4.10269045703787
P0167,167,14,BOUNDED,Bounded E25,HorizontalILDMAE,Horizontal ILD MAE,1.14957662462853
P0167,167,26,SHOnly,SH only,FullSphereERB,Full-sphere ERB,2.67445471447332
P0167,167,26,SHOnly,SH only,Contralateral25ERB,Contralateral 25-deg ERB,3.7721789939359
P0167,167,26,SHOnly,SH only,ContralateralHighFrequency,Contralateral HF,9.41988339109437
P0167,167,26,SHOnly,SH only,HorizontalILDMAE,Horizontal ILD MAE,2.9186900313932
P0167,167,26,SUpDEqSH,SUpDEq + SH,FullSphereERB,Full-sphere ERB,1.90557039644024
P0167,167,26,SUpDEqSH,SUpDEq + SH,Contralateral25ERB,Contralateral 25-deg ERB,2.08092789847421
P0167,167,26,SUpDEqSH,SUpDEq + SH,ContralateralHighFrequency,Contralateral HF,5.74972443245664
P0167,167,26,SUpDEqSH,SUpDEq + SH,HorizontalILDMAE,Horizontal ILD MAE,1.92418013455097
P0167,167,26,SUpDEqNN,SUpDEq + Natural Neighbor,FullSphereERB,Full-sphere ERB,2.06124889779224
P0167,167,26,SUpDEqNN,SUpDEq + Natural Neighbor,Contralateral25ERB,Contralateral 25-deg ERB,2.31885811036007
P0167,167,26,SUpDEqNN,SUpDEq + Natural Neighbor,ContralateralHighFrequency,Contralateral HF,5.97422870746119
P0167,167,26,SUpDEqNN,SUpDEq + Natural Neighbor,HorizontalILDMAE,Horizontal ILD MAE,1.64250482732984
P0167,167,26,SUpDEqBary,SUpDEq + Barycentric,FullSphereERB,Full-sphere ERB,1.89576837396258
P0167,167,26,SUpDEqBary,SUpDEq + Barycentric,Contralateral25ERB,Contralateral 25-deg ERB,2.25142446858416
P0167,167,26,SUpDEqBary,SUpDEq + Barycentric,ContralateralHighFrequency,Contralateral HF,5.85931913595209
P0167,167,26,SUpDEqBary,SUpDEq + Barycentric,HorizontalILDMAE,Horizontal ILD MAE,1.56473056952657
P0167,167,26,MCA,MCA,FullSphereERB,Full-sphere ERB,1.11797386478655
P0167,167,26,MCA,MCA,Contralateral25ERB,Contralateral 25-deg ERB,1.74109491919796
P0167,167,26,MCA,MCA,ContralateralHighFrequency,Contralateral HF,4.96278657319831
P0167,167,26,MCA,MCA,HorizontalILDMAE,Horizontal ILD MAE,0.68892399272285
P0167,167,26,MCARv351,MCAR v3.5.1,FullSphereERB,Full-sphere ERB,0.801973583027128
P0167,167,26,MCARv351,MCAR v3.5.1,Contralateral25ERB,Contralateral 25-deg ERB,1.23331308360592
P0167,167,26,MCARv351,MCAR v3.5.1,ContralateralHighFrequency,Contralateral HF,3.81097406661251
P0167,167,26,MCARv351,MCAR v3.5.1,HorizontalILDMAE,Horizontal ILD MAE,0.5108555450032
P0167,167,26,FSPAE,FSP-AE,FullSphereERB,Full-sphere ERB,1.07372884409873
P0167,167,26,FSPAE,FSP-AE,Contralateral25ERB,Contralateral 25-deg ERB,1.71874622960938
P0167,167,26,FSPAE,FSP-AE,ContralateralHighFrequency,Contralateral HF,3.35340721937073
P0167,167,26,FSPAE,FSP-AE,HorizontalILDMAE,Horizontal ILD MAE,0.361108620622262
P0167,167,26,RANF,RANF,FullSphereERB,Full-sphere ERB,1.04065371268241
P0167,167,26,RANF,RANF,Contralateral25ERB,Contralateral 25-deg ERB,1.63146201444577
P0167,167,26,RANF,RANF,ContralateralHighFrequency,Contralateral HF,4.00482801123011
P0167,167,26,RANF,RANF,HorizontalILDMAE,Horizontal ILD MAE,0.861701725977216
P0167,167,26,HYBRID,Hybrid E190,FullSphereERB,Full-sphere ERB,0.753331625719106
P0167,167,26,HYBRID,Hybrid E190,Contralateral25ERB,Contralateral 25-deg ERB,1.17766690890919
P0167,167,26,HYBRID,Hybrid E190,ContralateralHighFrequency,Contralateral HF,3.64913506996777
P0167,167,26,HYBRID,Hybrid E190,HorizontalILDMAE,Horizontal ILD MAE,0.517062107934301
P0167,167,26,BOUNDED,Bounded E25,FullSphereERB,Full-sphere ERB,0.761559110929343
P0167,167,26,BOUNDED,Bounded E25,Contralateral25ERB,Contralateral 25-deg ERB,1.18385683376237
P0167,167,26,BOUNDED,Bounded E25,ContralateralHighFrequency,Contralateral HF,3.72088269690873
P0167,167,26,BOUNDED,Bounded E25,HorizontalILDMAE,Horizontal ILD MAE,0.495692210568325
P0167,167,50,SHOnly,SH only,FullSphereERB,Full-sphere ERB,3.08660322958357
P0167,167,50,SHOnly,SH only,Contralateral25ERB,Contralateral 25-deg ERB,3.05632786379946
P0167,167,50,SHOnly,SH only,ContralateralHighFrequency,Contralateral HF,7.66072225286181
P0167,167,50,SHOnly,SH only,HorizontalILDMAE,Horizontal ILD MAE,3.90837192858242
P0167,167,50,SUpDEqSH,SUpDEq + SH,FullSphereERB,Full-sphere ERB,2.30618603885153
P0167,167,50,SUpDEqSH,SUpDEq + SH,Contralateral25ERB,Contralateral 25-deg ERB,2.57089790597171
P0167,167,50,SUpDEqSH,SUpDEq + SH,ContralateralHighFrequency,Contralateral HF,6.30480922485046
P0167,167,50,SUpDEqSH,SUpDEq + SH,HorizontalILDMAE,Horizontal ILD MAE,2.15006936850246
P0167,167,50,SUpDEqNN,SUpDEq + Natural Neighbor,FullSphereERB,Full-sphere ERB,1.95583902072244
P0167,167,50,SUpDEqNN,SUpDEq + Natural Neighbor,Contralateral25ERB,Contralateral 25-deg ERB,2.25833429306691
P0167,167,50,SUpDEqNN,SUpDEq + Natural Neighbor,ContralateralHighFrequency,Contralateral HF,5.94663087643993
P0167,167,50,SUpDEqNN,SUpDEq + Natural Neighbor,HorizontalILDMAE,Horizontal ILD MAE,1.64645036795011
P0167,167,50,SUpDEqBary,SUpDEq + Barycentric,FullSphereERB,Full-sphere ERB,1.75657187338458
P0167,167,50,SUpDEqBary,SUpDEq + Barycentric,Contralateral25ERB,Contralateral 25-deg ERB,2.13313270149008
P0167,167,50,SUpDEqBary,SUpDEq + Barycentric,ContralateralHighFrequency,Contralateral HF,5.63136090977227
P0167,167,50,SUpDEqBary,SUpDEq + Barycentric,HorizontalILDMAE,Horizontal ILD MAE,1.49368166472805
P0167,167,50,MCA,MCA,FullSphereERB,Full-sphere ERB,1.0439318218299
P0167,167,50,MCA,MCA,Contralateral25ERB,Contralateral 25-deg ERB,1.69202234683125
P0167,167,50,MCA,MCA,ContralateralHighFrequency,Contralateral HF,4.93558415126884
P0167,167,50,MCA,MCA,HorizontalILDMAE,Horizontal ILD MAE,0.504768210728093
P0167,167,50,MCARv351,MCAR v3.5.1,FullSphereERB,Full-sphere ERB,0.832363938824019
P0167,167,50,MCARv351,MCAR v3.5.1,Contralateral25ERB,Contralateral 25-deg ERB,1.29033703068574
P0167,167,50,MCARv351,MCAR v3.5.1,ContralateralHighFrequency,Contralateral HF,3.79657075596254
P0167,167,50,MCARv351,MCAR v3.5.1,HorizontalILDMAE,Horizontal ILD MAE,0.516294997495137
P0167,167,50,FSPAE,FSP-AE,FullSphereERB,Full-sphere ERB,1.94923128821559
P0167,167,50,FSPAE,FSP-AE,Contralateral25ERB,Contralateral 25-deg ERB,2.01059773167614
P0167,167,50,FSPAE,FSP-AE,ContralateralHighFrequency,Contralateral HF,3.81454718533371
P0167,167,50,FSPAE,FSP-AE,HorizontalILDMAE,Horizontal ILD MAE,0.916487622474419
P0167,167,50,RANF,RANF,FullSphereERB,Full-sphere ERB,1.02577055156287
P0167,167,50,RANF,RANF,Contralateral25ERB,Contralateral 25-deg ERB,1.5294371040136
P0167,167,50,RANF,RANF,ContralateralHighFrequency,Contralateral HF,3.56988126437375
P0167,167,50,RANF,RANF,HorizontalILDMAE,Horizontal ILD MAE,1.04638612386893
P0167,167,50,HYBRID,Hybrid E190,FullSphereERB,Full-sphere ERB,0.795938360264503
P0167,167,50,HYBRID,Hybrid E190,Contralateral25ERB,Contralateral 25-deg ERB,1.26477048639888
P0167,167,50,HYBRID,Hybrid E190,ContralateralHighFrequency,Contralateral HF,3.68981528492695
P0167,167,50,HYBRID,Hybrid E190,HorizontalILDMAE,Horizontal ILD MAE,0.452590533921888
P0167,167,50,BOUNDED,Bounded E25,FullSphereERB,Full-sphere ERB,0.802622358726785
P0167,167,50,BOUNDED,Bounded E25,Contralateral25ERB,Contralateral 25-deg ERB,1.27129000616999
P0167,167,50,BOUNDED,Bounded E25,ContralateralHighFrequency,Contralateral HF,3.74946806008036
P0167,167,50,BOUNDED,Bounded E25,HorizontalILDMAE,Horizontal ILD MAE,0.390083224274576
P0170,170,14,SHOnly,SH only,FullSphereERB,Full-sphere ERB,2.77484322455173
P0170,170,14,SHOnly,SH only,Contralateral25ERB,Contralateral 25-deg ERB,4.97102880606249
P0170,170,14,SHOnly,SH only,ContralateralHighFrequency,Contralateral HF,10.9915298771498
P0170,170,14,SHOnly,SH only,HorizontalILDMAE,Horizontal ILD MAE,3.38725362691396
P0170,170,14,SUpDEqSH,SUpDEq + SH,FullSphereERB,Full-sphere ERB,2.06448080978966
P0170,170,14,SUpDEqSH,SUpDEq + SH,Contralateral25ERB,Contralateral 25-deg ERB,2.95315204186103
P0170,170,14,SUpDEqSH,SUpDEq + SH,ContralateralHighFrequency,Contralateral HF,7.03791727761347
P0170,170,14,SUpDEqSH,SUpDEq + SH,HorizontalILDMAE,Horizontal ILD MAE,1.47997309246589
P0170,170,14,SUpDEqNN,SUpDEq + Natural Neighbor,FullSphereERB,Full-sphere ERB,2.49258758301905
P0170,170,14,SUpDEqNN,SUpDEq + Natural Neighbor,Contralateral25ERB,Contralateral 25-deg ERB,3.22944611845386
P0170,170,14,SUpDEqNN,SUpDEq + Natural Neighbor,ContralateralHighFrequency,Contralateral HF,6.15133715034029
P0170,170,14,SUpDEqNN,SUpDEq + Natural Neighbor,HorizontalILDMAE,Horizontal ILD MAE,1.26130544330772
P0170,170,14,SUpDEqBary,SUpDEq + Barycentric,FullSphereERB,Full-sphere ERB,2.36425297764648
P0170,170,14,SUpDEqBary,SUpDEq + Barycentric,Contralateral25ERB,Contralateral 25-deg ERB,3.12552535485417
P0170,170,14,SUpDEqBary,SUpDEq + Barycentric,ContralateralHighFrequency,Contralateral HF,6.1954706528423
P0170,170,14,SUpDEqBary,SUpDEq + Barycentric,HorizontalILDMAE,Horizontal ILD MAE,1.14738333597682
P0170,170,14,MCA,MCA,FullSphereERB,Full-sphere ERB,1.46768938415042
P0170,170,14,MCA,MCA,Contralateral25ERB,Contralateral 25-deg ERB,3.26055134061569
P0170,170,14,MCA,MCA,ContralateralHighFrequency,Contralateral HF,5.76057070116454
P0170,170,14,MCA,MCA,HorizontalILDMAE,Horizontal ILD MAE,1.08395352089692
P0170,170,14,MCARv351,MCAR v3.5.1,FullSphereERB,Full-sphere ERB,1.22645276241825
P0170,170,14,MCARv351,MCAR v3.5.1,Contralateral25ERB,Contralateral 25-deg ERB,2.21598455533036
P0170,170,14,MCARv351,MCAR v3.5.1,ContralateralHighFrequency,Contralateral HF,4.49395163669632
P0170,170,14,MCARv351,MCAR v3.5.1,HorizontalILDMAE,Horizontal ILD MAE,0.765627289269105
P0170,170,14,FSPAE,FSP-AE,FullSphereERB,Full-sphere ERB,2.21338551678392
P0170,170,14,FSPAE,FSP-AE,Contralateral25ERB,Contralateral 25-deg ERB,2.63704495132823
P0170,170,14,FSPAE,FSP-AE,ContralateralHighFrequency,Contralateral HF,3.7919377856166
P0170,170,14,FSPAE,FSP-AE,HorizontalILDMAE,Horizontal ILD MAE,1.90967029218739
P0170,170,14,RANF,RANF,FullSphereERB,Full-sphere ERB,1.10980539262909
P0170,170,14,RANF,RANF,Contralateral25ERB,Contralateral 25-deg ERB,1.83255799785106
P0170,170,14,RANF,RANF,ContralateralHighFrequency,Contralateral HF,3.62865275835402
P0170,170,14,RANF,RANF,HorizontalILDMAE,Horizontal ILD MAE,0.87622782070092
P0170,170,14,HYBRID,Hybrid E190,FullSphereERB,Full-sphere ERB,1.09706232622285
P0170,170,14,HYBRID,Hybrid E190,Contralateral25ERB,Contralateral 25-deg ERB,1.75575890022105
P0170,170,14,HYBRID,Hybrid E190,ContralateralHighFrequency,Contralateral HF,4.1809931523625
P0170,170,14,HYBRID,Hybrid E190,HorizontalILDMAE,Horizontal ILD MAE,0.820988075293853
P0170,170,14,BOUNDED,Bounded E25,FullSphereERB,Full-sphere ERB,1.13179464961463
P0170,170,14,BOUNDED,Bounded E25,Contralateral25ERB,Contralateral 25-deg ERB,1.95092510121675
P0170,170,14,BOUNDED,Bounded E25,ContralateralHighFrequency,Contralateral HF,4.21717272776209
P0170,170,14,BOUNDED,Bounded E25,HorizontalILDMAE,Horizontal ILD MAE,0.734600220665607
P0170,170,26,SHOnly,SH only,FullSphereERB,Full-sphere ERB,2.80885851685639
P0170,170,26,SHOnly,SH only,Contralateral25ERB,Contralateral 25-deg ERB,3.93059216693694
P0170,170,26,SHOnly,SH only,ContralateralHighFrequency,Contralateral HF,9.95459349233196
P0170,170,26,SHOnly,SH only,HorizontalILDMAE,Horizontal ILD MAE,4.00526338512268
P0170,170,26,SUpDEqSH,SUpDEq + SH,FullSphereERB,Full-sphere ERB,2.04266713742501
P0170,170,26,SUpDEqSH,SUpDEq + SH,Contralateral25ERB,Contralateral 25-deg ERB,2.37509150348538
P0170,170,26,SUpDEqSH,SUpDEq + SH,ContralateralHighFrequency,Contralateral HF,6.40370695078517
P0170,170,26,SUpDEqSH,SUpDEq + SH,HorizontalILDMAE,Horizontal ILD MAE,2.18094235727823
P0170,170,26,SUpDEqNN,SUpDEq + Natural Neighbor,FullSphereERB,Full-sphere ERB,2.05616079937862
P0170,170,26,SUpDEqNN,SUpDEq + Natural Neighbor,Contralateral25ERB,Contralateral 25-deg ERB,2.38617291905422
P0170,170,26,SUpDEqNN,SUpDEq + Natural Neighbor,ContralateralHighFrequency,Contralateral HF,5.91634524743219
P0170,170,26,SUpDEqNN,SUpDEq + Natural Neighbor,HorizontalILDMAE,Horizontal ILD MAE,1.63231416709242
P0170,170,26,SUpDEqBary,SUpDEq + Barycentric,FullSphereERB,Full-sphere ERB,1.91696915191203
P0170,170,26,SUpDEqBary,SUpDEq + Barycentric,Contralateral25ERB,Contralateral 25-deg ERB,2.27792398328522
P0170,170,26,SUpDEqBary,SUpDEq + Barycentric,ContralateralHighFrequency,Contralateral HF,5.79981384655328
P0170,170,26,SUpDEqBary,SUpDEq + Barycentric,HorizontalILDMAE,Horizontal ILD MAE,1.57594104620109
P0170,170,26,MCA,MCA,FullSphereERB,Full-sphere ERB,1.1121899900613
P0170,170,26,MCA,MCA,Contralateral25ERB,Contralateral 25-deg ERB,1.88245387324635
P0170,170,26,MCA,MCA,ContralateralHighFrequency,Contralateral HF,5.05031887107071
P0170,170,26,MCA,MCA,HorizontalILDMAE,Horizontal ILD MAE,0.685821260134527
P0170,170,26,MCARv351,MCAR v3.5.1,FullSphereERB,Full-sphere ERB,0.826933385191563
P0170,170,26,MCARv351,MCAR v3.5.1,Contralateral25ERB,Contralateral 25-deg ERB,1.38420107064713
P0170,170,26,MCARv351,MCAR v3.5.1,ContralateralHighFrequency,Contralateral HF,3.65143965842099
P0170,170,26,MCARv351,MCAR v3.5.1,HorizontalILDMAE,Horizontal ILD MAE,0.619565582542856
P0170,170,26,FSPAE,FSP-AE,FullSphereERB,Full-sphere ERB,1.08467829513172
P0170,170,26,FSPAE,FSP-AE,Contralateral25ERB,Contralateral 25-deg ERB,2.01976055711736
P0170,170,26,FSPAE,FSP-AE,ContralateralHighFrequency,Contralateral HF,3.04982166354756
P0170,170,26,FSPAE,FSP-AE,HorizontalILDMAE,Horizontal ILD MAE,0.783510210497078
P0170,170,26,RANF,RANF,FullSphereERB,Full-sphere ERB,1.08325364507341
P0170,170,26,RANF,RANF,Contralateral25ERB,Contralateral 25-deg ERB,1.6732225786231
P0170,170,26,RANF,RANF,ContralateralHighFrequency,Contralateral HF,3.5368711715755
P0170,170,26,RANF,RANF,HorizontalILDMAE,Horizontal ILD MAE,0.849094040956292
P0170,170,26,HYBRID,Hybrid E190,FullSphereERB,Full-sphere ERB,0.772227590380715
P0170,170,26,HYBRID,Hybrid E190,Contralateral25ERB,Contralateral 25-deg ERB,1.22110544385913
P0170,170,26,HYBRID,Hybrid E190,ContralateralHighFrequency,Contralateral HF,3.573343665504
P0170,170,26,HYBRID,Hybrid E190,HorizontalILDMAE,Horizontal ILD MAE,0.589166465207855
P0170,170,26,BOUNDED,Bounded E25,FullSphereERB,Full-sphere ERB,0.784460048396917
P0170,170,26,BOUNDED,Bounded E25,Contralateral25ERB,Contralateral 25-deg ERB,1.28246140566689
P0170,170,26,BOUNDED,Bounded E25,ContralateralHighFrequency,Contralateral HF,3.62906762889478
P0170,170,26,BOUNDED,Bounded E25,HorizontalILDMAE,Horizontal ILD MAE,0.582481946072
P0170,170,50,SHOnly,SH only,FullSphereERB,Full-sphere ERB,3.02425450649132
P0170,170,50,SHOnly,SH only,Contralateral25ERB,Contralateral 25-deg ERB,3.24234674185622
P0170,170,50,SHOnly,SH only,ContralateralHighFrequency,Contralateral HF,8.43165372476615
P0170,170,50,SHOnly,SH only,HorizontalILDMAE,Horizontal ILD MAE,4.23410230417074
P0170,170,50,SUpDEqSH,SUpDEq + SH,FullSphereERB,Full-sphere ERB,2.33703520936866
P0170,170,50,SUpDEqSH,SUpDEq + SH,Contralateral25ERB,Contralateral 25-deg ERB,2.70725118660011
P0170,170,50,SUpDEqSH,SUpDEq + SH,ContralateralHighFrequency,Contralateral HF,6.84443067115193
P0170,170,50,SUpDEqSH,SUpDEq + SH,HorizontalILDMAE,Horizontal ILD MAE,2.08044571821007
P0170,170,50,SUpDEqNN,SUpDEq + Natural Neighbor,FullSphereERB,Full-sphere ERB,1.96722894040098
P0170,170,50,SUpDEqNN,SUpDEq + Natural Neighbor,Contralateral25ERB,Contralateral 25-deg ERB,2.50213472615019
P0170,170,50,SUpDEqNN,SUpDEq + Natural Neighbor,ContralateralHighFrequency,Contralateral HF,5.90726109133475
P0170,170,50,SUpDEqNN,SUpDEq + Natural Neighbor,HorizontalILDMAE,Horizontal ILD MAE,1.47786419088303
P0170,170,50,SUpDEqBary,SUpDEq + Barycentric,FullSphereERB,Full-sphere ERB,1.77654502691898
P0170,170,50,SUpDEqBary,SUpDEq + Barycentric,Contralateral25ERB,Contralateral 25-deg ERB,2.36772047477303
P0170,170,50,SUpDEqBary,SUpDEq + Barycentric,ContralateralHighFrequency,Contralateral HF,5.42098746846468
P0170,170,50,SUpDEqBary,SUpDEq + Barycentric,HorizontalILDMAE,Horizontal ILD MAE,1.59849292340925
P0170,170,50,MCA,MCA,FullSphereERB,Full-sphere ERB,1.05407551085456
P0170,170,50,MCA,MCA,Contralateral25ERB,Contralateral 25-deg ERB,1.90707986783053
P0170,170,50,MCA,MCA,ContralateralHighFrequency,Contralateral HF,5.03430075309974
P0170,170,50,MCA,MCA,HorizontalILDMAE,Horizontal ILD MAE,0.654853275451752
P0170,170,50,MCARv351,MCAR v3.5.1,FullSphereERB,Full-sphere ERB,0.856239301616761
P0170,170,50,MCARv351,MCAR v3.5.1,Contralateral25ERB,Contralateral 25-deg ERB,1.44289886252939
P0170,170,50,MCARv351,MCAR v3.5.1,ContralateralHighFrequency,Contralateral HF,3.67694858808384
P0170,170,50,MCARv351,MCAR v3.5.1,HorizontalILDMAE,Horizontal ILD MAE,0.5369408879526
P0170,170,50,FSPAE,FSP-AE,FullSphereERB,Full-sphere ERB,2.02072615625595
P0170,170,50,FSPAE,FSP-AE,Contralateral25ERB,Contralateral 25-deg ERB,2.27877942176136
P0170,170,50,FSPAE,FSP-AE,ContralateralHighFrequency,Contralateral HF,3.74160834503788
P0170,170,50,FSPAE,FSP-AE,HorizontalILDMAE,Horizontal ILD MAE,1.34310687534805
P0170,170,50,RANF,RANF,FullSphereERB,Full-sphere ERB,1.03164816454724
P0170,170,50,RANF,RANF,Contralateral25ERB,Contralateral 25-deg ERB,1.8461250131999
P0170,170,50,RANF,RANF,ContralateralHighFrequency,Contralateral HF,3.302845051079
P0170,170,50,RANF,RANF,HorizontalILDMAE,Horizontal ILD MAE,1.12542169536345
P0170,170,50,HYBRID,Hybrid E190,FullSphereERB,Full-sphere ERB,0.801703249293503
P0170,170,50,HYBRID,Hybrid E190,Contralateral25ERB,Contralateral 25-deg ERB,1.33097355353141
P0170,170,50,HYBRID,Hybrid E190,ContralateralHighFrequency,Contralateral HF,3.64250810191341
P0170,170,50,HYBRID,Hybrid E190,HorizontalILDMAE,Horizontal ILD MAE,0.584735701991323
P0170,170,50,BOUNDED,Bounded E25,FullSphereERB,Full-sphere ERB,0.821045364917277
P0170,170,50,BOUNDED,Bounded E25,Contralateral25ERB,Contralateral 25-deg ERB,1.38028666027693
P0170,170,50,BOUNDED,Bounded E25,ContralateralHighFrequency,Contralateral HF,3.70417588795504
P0170,170,50,BOUNDED,Bounded E25,HorizontalILDMAE,Horizontal ILD MAE,0.547341074596055
P0171,171,14,SHOnly,SH only,FullSphereERB,Full-sphere ERB,2.8224388778348
P0171,171,14,SHOnly,SH only,Contralateral25ERB,Contralateral 25-deg ERB,5.44621792624726
P0171,171,14,SHOnly,SH only,ContralateralHighFrequency,Contralateral HF,10.5567642238395
P0171,171,14,SHOnly,SH only,HorizontalILDMAE,Horizontal ILD MAE,3.58385505015974
P0171,171,14,SUpDEqSH,SUpDEq + SH,FullSphereERB,Full-sphere ERB,1.9884908539291
P0171,171,14,SUpDEqSH,SUpDEq + SH,Contralateral25ERB,Contralateral 25-deg ERB,3.06907304705288
P0171,171,14,SUpDEqSH,SUpDEq + SH,ContralateralHighFrequency,Contralateral HF,6.35330278030821
P0171,171,14,SUpDEqSH,SUpDEq + SH,HorizontalILDMAE,Horizontal ILD MAE,1.25250117643941
P0171,171,14,SUpDEqNN,SUpDEq + Natural Neighbor,FullSphereERB,Full-sphere ERB,2.16992426965178
P0171,171,14,SUpDEqNN,SUpDEq + Natural Neighbor,Contralateral25ERB,Contralateral 25-deg ERB,2.39624025723922
P0171,171,14,SUpDEqNN,SUpDEq + Natural Neighbor,ContralateralHighFrequency,Contralateral HF,5.98989534276824
P0171,171,14,SUpDEqNN,SUpDEq + Natural Neighbor,HorizontalILDMAE,Horizontal ILD MAE,1.56023467773251
P0171,171,14,SUpDEqBary,SUpDEq + Barycentric,FullSphereERB,Full-sphere ERB,2.0563128712518
P0171,171,14,SUpDEqBary,SUpDEq + Barycentric,Contralateral25ERB,Contralateral 25-deg ERB,2.35473339966754
P0171,171,14,SUpDEqBary,SUpDEq + Barycentric,ContralateralHighFrequency,Contralateral HF,5.68844968037192
P0171,171,14,SUpDEqBary,SUpDEq + Barycentric,HorizontalILDMAE,Horizontal ILD MAE,1.42932194415026
P0171,171,14,MCA,MCA,FullSphereERB,Full-sphere ERB,1.37508546885442
P0171,171,14,MCA,MCA,Contralateral25ERB,Contralateral 25-deg ERB,2.49872143360081
P0171,171,14,MCA,MCA,ContralateralHighFrequency,Contralateral HF,5.24662438275914
P0171,171,14,MCA,MCA,HorizontalILDMAE,Horizontal ILD MAE,1.16618075935158
P0171,171,14,MCARv351,MCAR v3.5.1,FullSphereERB,Full-sphere ERB,1.12831078140346
P0171,171,14,MCARv351,MCAR v3.5.1,Contralateral25ERB,Contralateral 25-deg ERB,2.0105975348872
P0171,171,14,MCARv351,MCAR v3.5.1,ContralateralHighFrequency,Contralateral HF,4.09156162440622
P0171,171,14,MCARv351,MCAR v3.5.1,HorizontalILDMAE,Horizontal ILD MAE,0.82763924943657
P0171,171,14,FSPAE,FSP-AE,FullSphereERB,Full-sphere ERB,1.97447736968165
P0171,171,14,FSPAE,FSP-AE,Contralateral25ERB,Contralateral 25-deg ERB,2.20281876571641
P0171,171,14,FSPAE,FSP-AE,ContralateralHighFrequency,Contralateral HF,3.57026138689063
P0171,171,14,FSPAE,FSP-AE,HorizontalILDMAE,Horizontal ILD MAE,1.70457126171048
P0171,171,14,RANF,RANF,FullSphereERB,Full-sphere ERB,0.983336743570653
P0171,171,14,RANF,RANF,Contralateral25ERB,Contralateral 25-deg ERB,1.3789835691189
P0171,171,14,RANF,RANF,ContralateralHighFrequency,Contralateral HF,3.41967144779747
P0171,171,14,RANF,RANF,HorizontalILDMAE,Horizontal ILD MAE,0.548270242523713
P0171,171,14,HYBRID,Hybrid E190,FullSphereERB,Full-sphere ERB,1.03164901628231
P0171,171,14,HYBRID,Hybrid E190,Contralateral25ERB,Contralateral 25-deg ERB,1.69209052697339
P0171,171,14,HYBRID,Hybrid E190,ContralateralHighFrequency,Contralateral HF,3.704896784793
P0171,171,14,HYBRID,Hybrid E190,HorizontalILDMAE,Horizontal ILD MAE,0.773001115755708
P0171,171,14,BOUNDED,Bounded E25,FullSphereERB,Full-sphere ERB,1.04891334030419
P0171,171,14,BOUNDED,Bounded E25,Contralateral25ERB,Contralateral 25-deg ERB,1.80285185528713
P0171,171,14,BOUNDED,Bounded E25,ContralateralHighFrequency,Contralateral HF,3.81254863179816
P0171,171,14,BOUNDED,Bounded E25,HorizontalILDMAE,Horizontal ILD MAE,0.74887437139594
P0171,171,26,SHOnly,SH only,FullSphereERB,Full-sphere ERB,2.73806230687629
P0171,171,26,SHOnly,SH only,Contralateral25ERB,Contralateral 25-deg ERB,3.52919741247279
P0171,171,26,SHOnly,SH only,ContralateralHighFrequency,Contralateral HF,8.92710989129049
P0171,171,26,SHOnly,SH only,HorizontalILDMAE,Horizontal ILD MAE,2.77275468809566
P0171,171,26,SUpDEqSH,SUpDEq + SH,FullSphereERB,Full-sphere ERB,1.94522579767167
P0171,171,26,SUpDEqSH,SUpDEq + SH,Contralateral25ERB,Contralateral 25-deg ERB,2.0193650324292
P0171,171,26,SUpDEqSH,SUpDEq + SH,ContralateralHighFrequency,Contralateral HF,5.71890984833035
P0171,171,26,SUpDEqSH,SUpDEq + SH,HorizontalILDMAE,Horizontal ILD MAE,1.81245000848692
P0171,171,26,SUpDEqNN,SUpDEq + Natural Neighbor,FullSphereERB,Full-sphere ERB,1.98012288927709
P0171,171,26,SUpDEqNN,SUpDEq + Natural Neighbor,Contralateral25ERB,Contralateral 25-deg ERB,1.94961503238338
P0171,171,26,SUpDEqNN,SUpDEq + Natural Neighbor,ContralateralHighFrequency,Contralateral HF,5.5975223194214
P0171,171,26,SUpDEqNN,SUpDEq + Natural Neighbor,HorizontalILDMAE,Horizontal ILD MAE,1.80241967412837
P0171,171,26,SUpDEqBary,SUpDEq + Barycentric,FullSphereERB,Full-sphere ERB,1.8047569219696
P0171,171,26,SUpDEqBary,SUpDEq + Barycentric,Contralateral25ERB,Contralateral 25-deg ERB,1.90947638452756
P0171,171,26,SUpDEqBary,SUpDEq + Barycentric,ContralateralHighFrequency,Contralateral HF,5.45551056842382
P0171,171,26,SUpDEqBary,SUpDEq + Barycentric,HorizontalILDMAE,Horizontal ILD MAE,1.76504878319886
P0171,171,26,MCA,MCA,FullSphereERB,Full-sphere ERB,1.10069064906753
P0171,171,26,MCA,MCA,Contralateral25ERB,Contralateral 25-deg ERB,1.58976523315019
P0171,171,26,MCA,MCA,ContralateralHighFrequency,Contralateral HF,4.54262080737746
P0171,171,26,MCA,MCA,HorizontalILDMAE,Horizontal ILD MAE,0.701243230462688
P0171,171,26,MCARv351,MCAR v3.5.1,FullSphereERB,Full-sphere ERB,0.757593564581905
P0171,171,26,MCARv351,MCAR v3.5.1,Contralateral25ERB,Contralateral 25-deg ERB,1.18821606582456
P0171,171,26,MCARv351,MCAR v3.5.1,ContralateralHighFrequency,Contralateral HF,3.3015443642016
P0171,171,26,MCARv351,MCAR v3.5.1,HorizontalILDMAE,Horizontal ILD MAE,0.369891307156129
P0171,171,26,FSPAE,FSP-AE,FullSphereERB,Full-sphere ERB,1.0434469933743
P0171,171,26,FSPAE,FSP-AE,Contralateral25ERB,Contralateral 25-deg ERB,1.59697097135287
P0171,171,26,FSPAE,FSP-AE,ContralateralHighFrequency,Contralateral HF,2.94199507444085
P0171,171,26,FSPAE,FSP-AE,HorizontalILDMAE,Horizontal ILD MAE,0.406632227303806
P0171,171,26,RANF,RANF,FullSphereERB,Full-sphere ERB,0.97944630594805
P0171,171,26,RANF,RANF,Contralateral25ERB,Contralateral 25-deg ERB,1.53159222889703
P0171,171,26,RANF,RANF,ContralateralHighFrequency,Contralateral HF,3.31155483041248
P0171,171,26,RANF,RANF,HorizontalILDMAE,Horizontal ILD MAE,0.543730198630232
P0171,171,26,HYBRID,Hybrid E190,FullSphereERB,Full-sphere ERB,0.734305709015434
P0171,171,26,HYBRID,Hybrid E190,Contralateral25ERB,Contralateral 25-deg ERB,1.14226052159818
P0171,171,26,HYBRID,Hybrid E190,ContralateralHighFrequency,Contralateral HF,3.25189235933154
P0171,171,26,HYBRID,Hybrid E190,HorizontalILDMAE,Horizontal ILD MAE,0.458364656962906
P0171,171,26,BOUNDED,Bounded E25,FullSphereERB,Full-sphere ERB,0.72198351528832
P0171,171,26,BOUNDED,Bounded E25,Contralateral25ERB,Contralateral 25-deg ERB,1.13582485855918
P0171,171,26,BOUNDED,Bounded E25,ContralateralHighFrequency,Contralateral HF,3.24520982593595
P0171,171,26,BOUNDED,Bounded E25,HorizontalILDMAE,Horizontal ILD MAE,0.352291153583478
P0171,171,50,SHOnly,SH only,FullSphereERB,Full-sphere ERB,3.1019871032613
P0171,171,50,SHOnly,SH only,Contralateral25ERB,Contralateral 25-deg ERB,3.04573986938014
P0171,171,50,SHOnly,SH only,ContralateralHighFrequency,Contralateral HF,7.41902502302655
P0171,171,50,SHOnly,SH only,HorizontalILDMAE,Horizontal ILD MAE,4.01155655860014
P0171,171,50,SUpDEqSH,SUpDEq + SH,FullSphereERB,Full-sphere ERB,2.13914271926801
P0171,171,50,SUpDEqSH,SUpDEq + SH,Contralateral25ERB,Contralateral 25-deg ERB,2.14980653234732
P0171,171,50,SUpDEqSH,SUpDEq + SH,ContralateralHighFrequency,Contralateral HF,6.12153619074621
P0171,171,50,SUpDEqSH,SUpDEq + SH,HorizontalILDMAE,Horizontal ILD MAE,2.00813313659906
P0171,171,50,SUpDEqNN,SUpDEq + Natural Neighbor,FullSphereERB,Full-sphere ERB,1.86227634832441
P0171,171,50,SUpDEqNN,SUpDEq + Natural Neighbor,Contralateral25ERB,Contralateral 25-deg ERB,1.99317186651229
P0171,171,50,SUpDEqNN,SUpDEq + Natural Neighbor,ContralateralHighFrequency,Contralateral HF,5.7576763555826
P0171,171,50,SUpDEqNN,SUpDEq + Natural Neighbor,HorizontalILDMAE,Horizontal ILD MAE,1.69833251359826
P0171,171,50,SUpDEqBary,SUpDEq + Barycentric,FullSphereERB,Full-sphere ERB,1.65864304526602
P0171,171,50,SUpDEqBary,SUpDEq + Barycentric,Contralateral25ERB,Contralateral 25-deg ERB,1.9372954438599
P0171,171,50,SUpDEqBary,SUpDEq + Barycentric,ContralateralHighFrequency,Contralateral HF,5.29992238037477
P0171,171,50,SUpDEqBary,SUpDEq + Barycentric,HorizontalILDMAE,Horizontal ILD MAE,1.52561260680941
P0171,171,50,MCA,MCA,FullSphereERB,Full-sphere ERB,1.01931817191884
P0171,171,50,MCA,MCA,Contralateral25ERB,Contralateral 25-deg ERB,1.55909385642481
P0171,171,50,MCA,MCA,ContralateralHighFrequency,Contralateral HF,4.60023466472574
P0171,171,50,MCA,MCA,HorizontalILDMAE,Horizontal ILD MAE,0.637962957310811
P0171,171,50,MCARv351,MCAR v3.5.1,FullSphereERB,Full-sphere ERB,0.782136710160161
P0171,171,50,MCARv351,MCAR v3.5.1,Contralateral25ERB,Contralateral 25-deg ERB,1.24566810765284
P0171,171,50,MCARv351,MCAR v3.5.1,ContralateralHighFrequency,Contralateral HF,3.35918648662872
P0171,171,50,MCARv351,MCAR v3.5.1,HorizontalILDMAE,Horizontal ILD MAE,0.439143224857608
P0171,171,50,FSPAE,FSP-AE,FullSphereERB,Full-sphere ERB,1.94940296372498
P0171,171,50,FSPAE,FSP-AE,Contralateral25ERB,Contralateral 25-deg ERB,1.88694090227046
P0171,171,50,FSPAE,FSP-AE,ContralateralHighFrequency,Contralateral HF,3.46610284163954
P0171,171,50,FSPAE,FSP-AE,HorizontalILDMAE,Horizontal ILD MAE,0.853736377455369
P0171,171,50,RANF,RANF,FullSphereERB,Full-sphere ERB,0.94203627464735
P0171,171,50,RANF,RANF,Contralateral25ERB,Contralateral 25-deg ERB,1.49851277742969
P0171,171,50,RANF,RANF,ContralateralHighFrequency,Contralateral HF,3.1197335042527
P0171,171,50,RANF,RANF,HorizontalILDMAE,Horizontal ILD MAE,0.864333767618134
P0171,171,50,HYBRID,Hybrid E190,FullSphereERB,Full-sphere ERB,0.769082348355508
P0171,171,50,HYBRID,Hybrid E190,Contralateral25ERB,Contralateral 25-deg ERB,1.17107171312198
P0171,171,50,HYBRID,Hybrid E190,ContralateralHighFrequency,Contralateral HF,3.33648891058739
P0171,171,50,HYBRID,Hybrid E190,HorizontalILDMAE,Horizontal ILD MAE,0.520250231210749
P0171,171,50,BOUNDED,Bounded E25,FullSphereERB,Full-sphere ERB,0.757176496931115
P0171,171,50,BOUNDED,Bounded E25,Contralateral25ERB,Contralateral 25-deg ERB,1.1774831920279
P0171,171,50,BOUNDED,Bounded E25,ContralateralHighFrequency,Contralateral HF,3.34713180443762
P0171,171,50,BOUNDED,Bounded E25,HorizontalILDMAE,Horizontal ILD MAE,0.453297708389332
P0172,172,14,SHOnly,SH only,FullSphereERB,Full-sphere ERB,2.61927579174273
P0172,172,14,SHOnly,SH only,Contralateral25ERB,Contralateral 25-deg ERB,4.93562512685554
P0172,172,14,SHOnly,SH only,ContralateralHighFrequency,Contralateral HF,8.85843353748942
P0172,172,14,SHOnly,SH only,HorizontalILDMAE,Horizontal ILD MAE,3.22027511025001
P0172,172,14,SUpDEqSH,SUpDEq + SH,FullSphereERB,Full-sphere ERB,1.89030055528694
P0172,172,14,SUpDEqSH,SUpDEq + SH,Contralateral25ERB,Contralateral 25-deg ERB,2.94991374546746
P0172,172,14,SUpDEqSH,SUpDEq + SH,ContralateralHighFrequency,Contralateral HF,6.00890746293488
P0172,172,14,SUpDEqSH,SUpDEq + SH,HorizontalILDMAE,Horizontal ILD MAE,1.53849622737493
P0172,172,14,SUpDEqNN,SUpDEq + Natural Neighbor,FullSphereERB,Full-sphere ERB,2.35401266021946
P0172,172,14,SUpDEqNN,SUpDEq + Natural Neighbor,Contralateral25ERB,Contralateral 25-deg ERB,2.36552816243824
P0172,172,14,SUpDEqNN,SUpDEq + Natural Neighbor,ContralateralHighFrequency,Contralateral HF,5.99488272479123
P0172,172,14,SUpDEqNN,SUpDEq + Natural Neighbor,HorizontalILDMAE,Horizontal ILD MAE,1.56528082410345
P0172,172,14,SUpDEqBary,SUpDEq + Barycentric,FullSphereERB,Full-sphere ERB,2.16427574672648
P0172,172,14,SUpDEqBary,SUpDEq + Barycentric,Contralateral25ERB,Contralateral 25-deg ERB,2.31477951649761
P0172,172,14,SUpDEqBary,SUpDEq + Barycentric,ContralateralHighFrequency,Contralateral HF,5.69309816342044
P0172,172,14,SUpDEqBary,SUpDEq + Barycentric,HorizontalILDMAE,Horizontal ILD MAE,1.55428772844596
P0172,172,14,MCA,MCA,FullSphereERB,Full-sphere ERB,1.33568846867157
P0172,172,14,MCA,MCA,Contralateral25ERB,Contralateral 25-deg ERB,2.58311869204798
P0172,172,14,MCA,MCA,ContralateralHighFrequency,Contralateral HF,5.04790701735628
P0172,172,14,MCA,MCA,HorizontalILDMAE,Horizontal ILD MAE,0.903119300705428
P0172,172,14,MCARv351,MCAR v3.5.1,FullSphereERB,Full-sphere ERB,1.08505392271195
P0172,172,14,MCARv351,MCAR v3.5.1,Contralateral25ERB,Contralateral 25-deg ERB,1.9558959677741
P0172,172,14,MCARv351,MCAR v3.5.1,ContralateralHighFrequency,Contralateral HF,3.90717330861705
P0172,172,14,MCARv351,MCAR v3.5.1,HorizontalILDMAE,Horizontal ILD MAE,0.69167680233868
P0172,172,14,FSPAE,FSP-AE,FullSphereERB,Full-sphere ERB,1.94261767899726
P0172,172,14,FSPAE,FSP-AE,Contralateral25ERB,Contralateral 25-deg ERB,2.30903185233572
P0172,172,14,FSPAE,FSP-AE,ContralateralHighFrequency,Contralateral HF,3.7074105821497
P0172,172,14,FSPAE,FSP-AE,HorizontalILDMAE,Horizontal ILD MAE,1.74993585107614
P0172,172,14,RANF,RANF,FullSphereERB,Full-sphere ERB,0.939451382902855
P0172,172,14,RANF,RANF,Contralateral25ERB,Contralateral 25-deg ERB,1.27429292322355
P0172,172,14,RANF,RANF,ContralateralHighFrequency,Contralateral HF,3.2938568586575
P0172,172,14,RANF,RANF,HorizontalILDMAE,Horizontal ILD MAE,0.588027255723214
P0172,172,14,HYBRID,Hybrid E190,FullSphereERB,Full-sphere ERB,0.989541676783507
P0172,172,14,HYBRID,Hybrid E190,Contralateral25ERB,Contralateral 25-deg ERB,1.64714574059223
P0172,172,14,HYBRID,Hybrid E190,ContralateralHighFrequency,Contralateral HF,3.64392956930888
P0172,172,14,HYBRID,Hybrid E190,HorizontalILDMAE,Horizontal ILD MAE,0.772696157039628
P0172,172,14,BOUNDED,Bounded E25,FullSphereERB,Full-sphere ERB,1.00994290249151
P0172,172,14,BOUNDED,Bounded E25,Contralateral25ERB,Contralateral 25-deg ERB,1.77320848685568
P0172,172,14,BOUNDED,Bounded E25,ContralateralHighFrequency,Contralateral HF,3.70865951838473
P0172,172,14,BOUNDED,Bounded E25,HorizontalILDMAE,Horizontal ILD MAE,0.738377728418434
P0172,172,26,SHOnly,SH only,FullSphereERB,Full-sphere ERB,2.53342915938733
P0172,172,26,SHOnly,SH only,Contralateral25ERB,Contralateral 25-deg ERB,3.10929177344737
P0172,172,26,SHOnly,SH only,ContralateralHighFrequency,Contralateral HF,8.38720167298825
P0172,172,26,SHOnly,SH only,HorizontalILDMAE,Horizontal ILD MAE,2.87467067083495
P0172,172,26,SUpDEqSH,SUpDEq + SH,FullSphereERB,Full-sphere ERB,2.07907371703955
P0172,172,26,SUpDEqSH,SUpDEq + SH,Contralateral25ERB,Contralateral 25-deg ERB,2.21503874131556
P0172,172,26,SUpDEqSH,SUpDEq + SH,ContralateralHighFrequency,Contralateral HF,5.98685099125221
P0172,172,26,SUpDEqSH,SUpDEq + SH,HorizontalILDMAE,Horizontal ILD MAE,1.74022525995325
P0172,172,26,SUpDEqNN,SUpDEq + Natural Neighbor,FullSphereERB,Full-sphere ERB,2.18001522024477
P0172,172,26,SUpDEqNN,SUpDEq + Natural Neighbor,Contralateral25ERB,Contralateral 25-deg ERB,2.063953916241
P0172,172,26,SUpDEqNN,SUpDEq + Natural Neighbor,ContralateralHighFrequency,Contralateral HF,5.82626002489571
P0172,172,26,SUpDEqNN,SUpDEq + Natural Neighbor,HorizontalILDMAE,Horizontal ILD MAE,1.85880154169015
P0172,172,26,SUpDEqBary,SUpDEq + Barycentric,FullSphereERB,Full-sphere ERB,2.00097108897723
P0172,172,26,SUpDEqBary,SUpDEq + Barycentric,Contralateral25ERB,Contralateral 25-deg ERB,1.94847376729317
P0172,172,26,SUpDEqBary,SUpDEq + Barycentric,ContralateralHighFrequency,Contralateral HF,5.61839324593237
P0172,172,26,SUpDEqBary,SUpDEq + Barycentric,HorizontalILDMAE,Horizontal ILD MAE,1.8173477805992
P0172,172,26,MCA,MCA,FullSphereERB,Full-sphere ERB,1.07721562398394
P0172,172,26,MCA,MCA,Contralateral25ERB,Contralateral 25-deg ERB,1.57226728089501
P0172,172,26,MCA,MCA,ContralateralHighFrequency,Contralateral HF,4.56518060679145
P0172,172,26,MCA,MCA,HorizontalILDMAE,Horizontal ILD MAE,0.595942565033108
P0172,172,26,MCARv351,MCAR v3.5.1,FullSphereERB,Full-sphere ERB,0.766302351962107
P0172,172,26,MCARv351,MCAR v3.5.1,Contralateral25ERB,Contralateral 25-deg ERB,1.19125802050277
P0172,172,26,MCARv351,MCAR v3.5.1,ContralateralHighFrequency,Contralateral HF,3.42317353124109
P0172,172,26,MCARv351,MCAR v3.5.1,HorizontalILDMAE,Horizontal ILD MAE,0.437024705368465
P0172,172,26,FSPAE,FSP-AE,FullSphereERB,Full-sphere ERB,1.0771482949011
P0172,172,26,FSPAE,FSP-AE,Contralateral25ERB,Contralateral 25-deg ERB,1.71092302533837
P0172,172,26,FSPAE,FSP-AE,ContralateralHighFrequency,Contralateral HF,3.06354843642657
P0172,172,26,FSPAE,FSP-AE,HorizontalILDMAE,Horizontal ILD MAE,0.553461263168385
P0172,172,26,RANF,RANF,FullSphereERB,Full-sphere ERB,0.950821399660089
P0172,172,26,RANF,RANF,Contralateral25ERB,Contralateral 25-deg ERB,1.51284320848832
P0172,172,26,RANF,RANF,ContralateralHighFrequency,Contralateral HF,3.3948976721288
P0172,172,26,RANF,RANF,HorizontalILDMAE,Horizontal ILD MAE,0.652935715866921
P0172,172,26,HYBRID,Hybrid E190,FullSphereERB,Full-sphere ERB,0.726230324770296
P0172,172,26,HYBRID,Hybrid E190,Contralateral25ERB,Contralateral 25-deg ERB,1.12212125101966
P0172,172,26,HYBRID,Hybrid E190,ContralateralHighFrequency,Contralateral HF,3.29999178206497
P0172,172,26,HYBRID,Hybrid E190,HorizontalILDMAE,Horizontal ILD MAE,0.487546338919249
P0172,172,26,BOUNDED,Bounded E25,FullSphereERB,Full-sphere ERB,0.732104089852114
P0172,172,26,BOUNDED,Bounded E25,Contralateral25ERB,Contralateral 25-deg ERB,1.12926314354687
P0172,172,26,BOUNDED,Bounded E25,ContralateralHighFrequency,Contralateral HF,3.3728731159269
P0172,172,26,BOUNDED,Bounded E25,HorizontalILDMAE,Horizontal ILD MAE,0.456461812214204
P0172,172,50,SHOnly,SH only,FullSphereERB,Full-sphere ERB,3.04225458048062
P0172,172,50,SHOnly,SH only,Contralateral25ERB,Contralateral 25-deg ERB,2.78091750985371
P0172,172,50,SHOnly,SH only,ContralateralHighFrequency,Contralateral HF,7.3182056390996
P0172,172,50,SHOnly,SH only,HorizontalILDMAE,Horizontal ILD MAE,4.58064400308661
P0172,172,50,SUpDEqSH,SUpDEq + SH,FullSphereERB,Full-sphere ERB,2.38759529938856
P0172,172,50,SUpDEqSH,SUpDEq + SH,Contralateral25ERB,Contralateral 25-deg ERB,2.36312461640071
P0172,172,50,SUpDEqSH,SUpDEq + SH,ContralateralHighFrequency,Contralateral HF,6.69837946647784
P0172,172,50,SUpDEqSH,SUpDEq + SH,HorizontalILDMAE,Horizontal ILD MAE,2.23635798682182
P0172,172,50,SUpDEqNN,SUpDEq + Natural Neighbor,FullSphereERB,Full-sphere ERB,2.01322223828211
P0172,172,50,SUpDEqNN,SUpDEq + Natural Neighbor,Contralateral25ERB,Contralateral 25-deg ERB,2.19394646893998
P0172,172,50,SUpDEqNN,SUpDEq + Natural Neighbor,ContralateralHighFrequency,Contralateral HF,5.94548745454698
P0172,172,50,SUpDEqNN,SUpDEq + Natural Neighbor,HorizontalILDMAE,Horizontal ILD MAE,1.82762033691324
P0172,172,50,SUpDEqBary,SUpDEq + Barycentric,FullSphereERB,Full-sphere ERB,1.80857121262584
P0172,172,50,SUpDEqBary,SUpDEq + Barycentric,Contralateral25ERB,Contralateral 25-deg ERB,2.02746393328767
P0172,172,50,SUpDEqBary,SUpDEq + Barycentric,ContralateralHighFrequency,Contralateral HF,5.52628097594451
P0172,172,50,SUpDEqBary,SUpDEq + Barycentric,HorizontalILDMAE,Horizontal ILD MAE,1.63829377731551
P0172,172,50,MCA,MCA,FullSphereERB,Full-sphere ERB,1.00238553800191
P0172,172,50,MCA,MCA,Contralateral25ERB,Contralateral 25-deg ERB,1.56426942783534
P0172,172,50,MCA,MCA,ContralateralHighFrequency,Contralateral HF,4.4733901636077
P0172,172,50,MCA,MCA,HorizontalILDMAE,Horizontal ILD MAE,0.718381766408105
P0172,172,50,MCARv351,MCAR v3.5.1,FullSphereERB,Full-sphere ERB,0.805015092824628
P0172,172,50,MCARv351,MCAR v3.5.1,Contralateral25ERB,Contralateral 25-deg ERB,1.30009515213741
P0172,172,50,MCARv351,MCAR v3.5.1,ContralateralHighFrequency,Contralateral HF,3.45151868336887
P0172,172,50,MCARv351,MCAR v3.5.1,HorizontalILDMAE,Horizontal ILD MAE,0.578886764411078
P0172,172,50,FSPAE,FSP-AE,FullSphereERB,Full-sphere ERB,1.98848495629515
P0172,172,50,FSPAE,FSP-AE,Contralateral25ERB,Contralateral 25-deg ERB,2.17431085999629
P0172,172,50,FSPAE,FSP-AE,ContralateralHighFrequency,Contralateral HF,3.66288571078298
P0172,172,50,FSPAE,FSP-AE,HorizontalILDMAE,Horizontal ILD MAE,0.911514466473798
P0172,172,50,RANF,RANF,FullSphereERB,Full-sphere ERB,0.897990818670917
P0172,172,50,RANF,RANF,Contralateral25ERB,Contralateral 25-deg ERB,1.38904563997996
P0172,172,50,RANF,RANF,ContralateralHighFrequency,Contralateral HF,3.03382177536505
P0172,172,50,RANF,RANF,HorizontalILDMAE,Horizontal ILD MAE,0.497409995580409
P0172,172,50,HYBRID,Hybrid E190,FullSphereERB,Full-sphere ERB,0.745486355990884
P0172,172,50,HYBRID,Hybrid E190,Contralateral25ERB,Contralateral 25-deg ERB,1.18439282820771
P0172,172,50,HYBRID,Hybrid E190,ContralateralHighFrequency,Contralateral HF,3.27163962689991
P0172,172,50,HYBRID,Hybrid E190,HorizontalILDMAE,Horizontal ILD MAE,0.553597647919862
P0172,172,50,BOUNDED,Bounded E25,FullSphereERB,Full-sphere ERB,0.761427454520016
P0172,172,50,BOUNDED,Bounded E25,Contralateral25ERB,Contralateral 25-deg ERB,1.22598763878695
P0172,172,50,BOUNDED,Bounded E25,ContralateralHighFrequency,Contralateral HF,3.39179111468538
P0172,172,50,BOUNDED,Bounded E25,HorizontalILDMAE,Horizontal ILD MAE,0.558889652056223
P0174,174,14,SHOnly,SH only,FullSphereERB,Full-sphere ERB,2.79126062497752
P0174,174,14,SHOnly,SH only,Contralateral25ERB,Contralateral 25-deg ERB,6.06446109405336
P0174,174,14,SHOnly,SH only,ContralateralHighFrequency,Contralateral HF,10.512333008402
P0174,174,14,SHOnly,SH only,HorizontalILDMAE,Horizontal ILD MAE,4.16483593305363
P0174,174,14,SUpDEqSH,SUpDEq + SH,FullSphereERB,Full-sphere ERB,1.83978506307453
P0174,174,14,SUpDEqSH,SUpDEq + SH,Contralateral25ERB,Contralateral 25-deg ERB,2.78027083093557
P0174,174,14,SUpDEqSH,SUpDEq + SH,ContralateralHighFrequency,Contralateral HF,5.8410214377737
P0174,174,14,SUpDEqSH,SUpDEq + SH,HorizontalILDMAE,Horizontal ILD MAE,2.08252276054734
P0174,174,14,SUpDEqNN,SUpDEq + Natural Neighbor,FullSphereERB,Full-sphere ERB,2.20324083886608
P0174,174,14,SUpDEqNN,SUpDEq + Natural Neighbor,Contralateral25ERB,Contralateral 25-deg ERB,2.50849163733795
P0174,174,14,SUpDEqNN,SUpDEq + Natural Neighbor,ContralateralHighFrequency,Contralateral HF,5.87731975918113
P0174,174,14,SUpDEqNN,SUpDEq + Natural Neighbor,HorizontalILDMAE,Horizontal ILD MAE,2.33553440392143
P0174,174,14,SUpDEqBary,SUpDEq + Barycentric,FullSphereERB,Full-sphere ERB,2.09579630279673
P0174,174,14,SUpDEqBary,SUpDEq + Barycentric,Contralateral25ERB,Contralateral 25-deg ERB,2.50476859181965
P0174,174,14,SUpDEqBary,SUpDEq + Barycentric,ContralateralHighFrequency,Contralateral HF,5.80948365690196
P0174,174,14,SUpDEqBary,SUpDEq + Barycentric,HorizontalILDMAE,Horizontal ILD MAE,2.19455822736214
P0174,174,14,MCA,MCA,FullSphereERB,Full-sphere ERB,1.26513545883944
P0174,174,14,MCA,MCA,Contralateral25ERB,Contralateral 25-deg ERB,2.34976300693948
P0174,174,14,MCA,MCA,ContralateralHighFrequency,Contralateral HF,5.21273596814166
P0174,174,14,MCA,MCA,HorizontalILDMAE,Horizontal ILD MAE,0.947229846856596
P0174,174,14,MCARv351,MCAR v3.5.1,FullSphereERB,Full-sphere ERB,1.03903164576062
P0174,174,14,MCARv351,MCAR v3.5.1,Contralateral25ERB,Contralateral 25-deg ERB,1.53743153594646
P0174,174,14,MCARv351,MCAR v3.5.1,ContralateralHighFrequency,Contralateral HF,4.10968217797212
P0174,174,14,MCARv351,MCAR v3.5.1,HorizontalILDMAE,Horizontal ILD MAE,0.506956656525673
P0174,174,14,FSPAE,FSP-AE,FullSphereERB,Full-sphere ERB,2.11003632886965
P0174,174,14,FSPAE,FSP-AE,Contralateral25ERB,Contralateral 25-deg ERB,2.28163709145097
P0174,174,14,FSPAE,FSP-AE,ContralateralHighFrequency,Contralateral HF,3.76859136316116
P0174,174,14,FSPAE,FSP-AE,HorizontalILDMAE,Horizontal ILD MAE,2.39459196513495
P0174,174,14,RANF,RANF,FullSphereERB,Full-sphere ERB,0.960969325345299
P0174,174,14,RANF,RANF,Contralateral25ERB,Contralateral 25-deg ERB,1.33829853917533
P0174,174,14,RANF,RANF,ContralateralHighFrequency,Contralateral HF,3.53134789909593
P0174,174,14,RANF,RANF,HorizontalILDMAE,Horizontal ILD MAE,0.88613304288667
P0174,174,14,HYBRID,Hybrid E190,FullSphereERB,Full-sphere ERB,0.961363154509535
P0174,174,14,HYBRID,Hybrid E190,Contralateral25ERB,Contralateral 25-deg ERB,1.51998052286321
P0174,174,14,HYBRID,Hybrid E190,ContralateralHighFrequency,Contralateral HF,3.73786470868063
P0174,174,14,HYBRID,Hybrid E190,HorizontalILDMAE,Horizontal ILD MAE,0.464111160405567
P0174,174,14,BOUNDED,Bounded E25,FullSphereERB,Full-sphere ERB,0.973509391022136
P0174,174,14,BOUNDED,Bounded E25,Contralateral25ERB,Contralateral 25-deg ERB,1.50767846889655
P0174,174,14,BOUNDED,Bounded E25,ContralateralHighFrequency,Contralateral HF,3.84049583410315
P0174,174,14,BOUNDED,Bounded E25,HorizontalILDMAE,Horizontal ILD MAE,0.452720164438787
P0174,174,26,SHOnly,SH only,FullSphereERB,Full-sphere ERB,2.68844185650747
P0174,174,26,SHOnly,SH only,Contralateral25ERB,Contralateral 25-deg ERB,4.0391493224746
P0174,174,26,SHOnly,SH only,ContralateralHighFrequency,Contralateral HF,9.11975517681138
P0174,174,26,SHOnly,SH only,HorizontalILDMAE,Horizontal ILD MAE,3.5729677224306
P0174,174,26,SUpDEqSH,SUpDEq + SH,FullSphereERB,Full-sphere ERB,1.99375081222295
P0174,174,26,SUpDEqSH,SUpDEq + SH,Contralateral25ERB,Contralateral 25-deg ERB,2.33735375219662
P0174,174,26,SUpDEqSH,SUpDEq + SH,ContralateralHighFrequency,Contralateral HF,5.95851151737451
P0174,174,26,SUpDEqSH,SUpDEq + SH,HorizontalILDMAE,Horizontal ILD MAE,2.27180586229367
P0174,174,26,SUpDEqNN,SUpDEq + Natural Neighbor,FullSphereERB,Full-sphere ERB,2.0292454773704
P0174,174,26,SUpDEqNN,SUpDEq + Natural Neighbor,Contralateral25ERB,Contralateral 25-deg ERB,2.2312731117732
P0174,174,26,SUpDEqNN,SUpDEq + Natural Neighbor,ContralateralHighFrequency,Contralateral HF,5.83281225306026
P0174,174,26,SUpDEqNN,SUpDEq + Natural Neighbor,HorizontalILDMAE,Horizontal ILD MAE,2.09909493647663
P0174,174,26,SUpDEqBary,SUpDEq + Barycentric,FullSphereERB,Full-sphere ERB,1.88290826445786
P0174,174,26,SUpDEqBary,SUpDEq + Barycentric,Contralateral25ERB,Contralateral 25-deg ERB,2.17794718355076
P0174,174,26,SUpDEqBary,SUpDEq + Barycentric,ContralateralHighFrequency,Contralateral HF,5.74132536435413
P0174,174,26,SUpDEqBary,SUpDEq + Barycentric,HorizontalILDMAE,Horizontal ILD MAE,2.14063883623492
P0174,174,26,MCA,MCA,FullSphereERB,Full-sphere ERB,1.03873589628692
P0174,174,26,MCA,MCA,Contralateral25ERB,Contralateral 25-deg ERB,1.69843254349108
P0174,174,26,MCA,MCA,ContralateralHighFrequency,Contralateral HF,4.91200346634172
P0174,174,26,MCA,MCA,HorizontalILDMAE,Horizontal ILD MAE,0.817659878607426
P0174,174,26,MCARv351,MCAR v3.5.1,FullSphereERB,Full-sphere ERB,0.772125884596562
P0174,174,26,MCARv351,MCAR v3.5.1,Contralateral25ERB,Contralateral 25-deg ERB,1.20799216512011
P0174,174,26,MCARv351,MCAR v3.5.1,ContralateralHighFrequency,Contralateral HF,3.62571687612589
P0174,174,26,MCARv351,MCAR v3.5.1,HorizontalILDMAE,Horizontal ILD MAE,0.702733862223061
P0174,174,26,FSPAE,FSP-AE,FullSphereERB,Full-sphere ERB,1.02871969183867
P0174,174,26,FSPAE,FSP-AE,Contralateral25ERB,Contralateral 25-deg ERB,1.72737238722228
P0174,174,26,FSPAE,FSP-AE,ContralateralHighFrequency,Contralateral HF,2.99587623855943
P0174,174,26,FSPAE,FSP-AE,HorizontalILDMAE,Horizontal ILD MAE,0.605919355305837
P0174,174,26,RANF,RANF,FullSphereERB,Full-sphere ERB,0.984458368023713
P0174,174,26,RANF,RANF,Contralateral25ERB,Contralateral 25-deg ERB,1.46337471581025
P0174,174,26,RANF,RANF,ContralateralHighFrequency,Contralateral HF,3.45799566785603
P0174,174,26,RANF,RANF,HorizontalILDMAE,Horizontal ILD MAE,0.664721124482506
P0174,174,26,HYBRID,Hybrid E190,FullSphereERB,Full-sphere ERB,0.753623931876128
P0174,174,26,HYBRID,Hybrid E190,Contralateral25ERB,Contralateral 25-deg ERB,1.16843813563718
P0174,174,26,HYBRID,Hybrid E190,ContralateralHighFrequency,Contralateral HF,3.4785825480882
P0174,174,26,HYBRID,Hybrid E190,HorizontalILDMAE,Horizontal ILD MAE,0.527037255197537
P0174,174,26,BOUNDED,Bounded E25,FullSphereERB,Full-sphere ERB,0.747377664348608
P0174,174,26,BOUNDED,Bounded E25,Contralateral25ERB,Contralateral 25-deg ERB,1.15835852761692
P0174,174,26,BOUNDED,Bounded E25,ContralateralHighFrequency,Contralateral HF,3.53422410168663
P0174,174,26,BOUNDED,Bounded E25,HorizontalILDMAE,Horizontal ILD MAE,0.586273364215389
P0174,174,50,SHOnly,SH only,FullSphereERB,Full-sphere ERB,3.11222958322109
P0174,174,50,SHOnly,SH only,Contralateral25ERB,Contralateral 25-deg ERB,3.58298479766636
P0174,174,50,SHOnly,SH only,ContralateralHighFrequency,Contralateral HF,7.93707905020059
P0174,174,50,SHOnly,SH only,HorizontalILDMAE,Horizontal ILD MAE,5.17123358048661
P0174,174,50,SUpDEqSH,SUpDEq + SH,FullSphereERB,Full-sphere ERB,2.37838898066491
P0174,174,50,SUpDEqSH,SUpDEq + SH,Contralateral25ERB,Contralateral 25-deg ERB,2.5218507236273
P0174,174,50,SUpDEqSH,SUpDEq + SH,ContralateralHighFrequency,Contralateral HF,6.37478891154511
P0174,174,50,SUpDEqSH,SUpDEq + SH,HorizontalILDMAE,Horizontal ILD MAE,3.00612468352029
P0174,174,50,SUpDEqNN,SUpDEq + Natural Neighbor,FullSphereERB,Full-sphere ERB,1.92311134227654
P0174,174,50,SUpDEqNN,SUpDEq + Natural Neighbor,Contralateral25ERB,Contralateral 25-deg ERB,2.14675030774386
P0174,174,50,SUpDEqNN,SUpDEq + Natural Neighbor,ContralateralHighFrequency,Contralateral HF,5.97441644257929
P0174,174,50,SUpDEqNN,SUpDEq + Natural Neighbor,HorizontalILDMAE,Horizontal ILD MAE,1.93530959695622
P0174,174,50,SUpDEqBary,SUpDEq + Barycentric,FullSphereERB,Full-sphere ERB,1.74150871833038
P0174,174,50,SUpDEqBary,SUpDEq + Barycentric,Contralateral25ERB,Contralateral 25-deg ERB,2.07304352626779
P0174,174,50,SUpDEqBary,SUpDEq + Barycentric,ContralateralHighFrequency,Contralateral HF,5.5984706620662
P0174,174,50,SUpDEqBary,SUpDEq + Barycentric,HorizontalILDMAE,Horizontal ILD MAE,1.67164184596965
P0174,174,50,MCA,MCA,FullSphereERB,Full-sphere ERB,0.965454655094235
P0174,174,50,MCA,MCA,Contralateral25ERB,Contralateral 25-deg ERB,1.64150432222074
P0174,174,50,MCA,MCA,ContralateralHighFrequency,Contralateral HF,4.73146734848167
P0174,174,50,MCA,MCA,HorizontalILDMAE,Horizontal ILD MAE,0.807973553454457
P0174,174,50,MCARv351,MCAR v3.5.1,FullSphereERB,Full-sphere ERB,0.782879610566295
P0174,174,50,MCARv351,MCAR v3.5.1,Contralateral25ERB,Contralateral 25-deg ERB,1.26818077500527
P0174,174,50,MCARv351,MCAR v3.5.1,ContralateralHighFrequency,Contralateral HF,3.62443706522363
P0174,174,50,MCARv351,MCAR v3.5.1,HorizontalILDMAE,Horizontal ILD MAE,0.914073780864866
P0174,174,50,FSPAE,FSP-AE,FullSphereERB,Full-sphere ERB,1.9621669816752
P0174,174,50,FSPAE,FSP-AE,Contralateral25ERB,Contralateral 25-deg ERB,1.989869252293
P0174,174,50,FSPAE,FSP-AE,ContralateralHighFrequency,Contralateral HF,3.50671432532183
P0174,174,50,FSPAE,FSP-AE,HorizontalILDMAE,Horizontal ILD MAE,1.5385926061529
P0174,174,50,RANF,RANF,FullSphereERB,Full-sphere ERB,0.924361286083918
P0174,174,50,RANF,RANF,Contralateral25ERB,Contralateral 25-deg ERB,1.44347798165366
P0174,174,50,RANF,RANF,ContralateralHighFrequency,Contralateral HF,3.21562932736498
P0174,174,50,RANF,RANF,HorizontalILDMAE,Horizontal ILD MAE,0.730711545369842
P0174,174,50,HYBRID,Hybrid E190,FullSphereERB,Full-sphere ERB,0.761093012891234
P0174,174,50,HYBRID,Hybrid E190,Contralateral25ERB,Contralateral 25-deg ERB,1.17456070132563
P0174,174,50,HYBRID,Hybrid E190,ContralateralHighFrequency,Contralateral HF,3.49456829118989
P0174,174,50,HYBRID,Hybrid E190,HorizontalILDMAE,Horizontal ILD MAE,0.658456038471474
P0174,174,50,BOUNDED,Bounded E25,FullSphereERB,Full-sphere ERB,0.762119026988838
P0174,174,50,BOUNDED,Bounded E25,Contralateral25ERB,Contralateral 25-deg ERB,1.18931209326969
P0174,174,50,BOUNDED,Bounded E25,ContralateralHighFrequency,Contralateral HF,3.55131385344164
P0174,174,50,BOUNDED,Bounded E25,HorizontalILDMAE,Horizontal ILD MAE,0.780529145470758
P0193,193,14,SHOnly,SH only,FullSphereERB,Full-sphere ERB,2.92065930158764
P0193,193,14,SHOnly,SH only,Contralateral25ERB,Contralateral 25-deg ERB,5.45574465819585
P0193,193,14,SHOnly,SH only,ContralateralHighFrequency,Contralateral HF,11.0278435673428
P0193,193,14,SHOnly,SH only,HorizontalILDMAE,Horizontal ILD MAE,3.8656741322051
P0193,193,14,SUpDEqSH,SUpDEq + SH,FullSphereERB,Full-sphere ERB,2.00929155706406
P0193,193,14,SUpDEqSH,SUpDEq + SH,Contralateral25ERB,Contralateral 25-deg ERB,2.91809083917097
P0193,193,14,SUpDEqSH,SUpDEq + SH,ContralateralHighFrequency,Contralateral HF,6.48848432115324
P0193,193,14,SUpDEqSH,SUpDEq + SH,HorizontalILDMAE,Horizontal ILD MAE,2.27317703528074
P0193,193,14,SUpDEqNN,SUpDEq + Natural Neighbor,FullSphereERB,Full-sphere ERB,2.13389651332807
P0193,193,14,SUpDEqNN,SUpDEq + Natural Neighbor,Contralateral25ERB,Contralateral 25-deg ERB,2.58186512496729
P0193,193,14,SUpDEqNN,SUpDEq + Natural Neighbor,ContralateralHighFrequency,Contralateral HF,5.48564467689953
P0193,193,14,SUpDEqNN,SUpDEq + Natural Neighbor,HorizontalILDMAE,Horizontal ILD MAE,2.42234032942715
P0193,193,14,SUpDEqBary,SUpDEq + Barycentric,FullSphereERB,Full-sphere ERB,1.978370865915
P0193,193,14,SUpDEqBary,SUpDEq + Barycentric,Contralateral25ERB,Contralateral 25-deg ERB,2.52158981973797
P0193,193,14,SUpDEqBary,SUpDEq + Barycentric,ContralateralHighFrequency,Contralateral HF,5.25018919982769
P0193,193,14,SUpDEqBary,SUpDEq + Barycentric,HorizontalILDMAE,Horizontal ILD MAE,2.1737766630845
P0193,193,14,MCA,MCA,FullSphereERB,Full-sphere ERB,1.33590132091057
P0193,193,14,MCA,MCA,Contralateral25ERB,Contralateral 25-deg ERB,2.65297091139784
P0193,193,14,MCA,MCA,ContralateralHighFrequency,Contralateral HF,4.91033519220587
P0193,193,14,MCA,MCA,HorizontalILDMAE,Horizontal ILD MAE,1.17914171575873
P0193,193,14,MCARv351,MCAR v3.5.1,FullSphereERB,Full-sphere ERB,1.11034065593393
P0193,193,14,MCARv351,MCAR v3.5.1,Contralateral25ERB,Contralateral 25-deg ERB,1.7692405267401
P0193,193,14,MCARv351,MCAR v3.5.1,ContralateralHighFrequency,Contralateral HF,3.85831552188218
P0193,193,14,MCARv351,MCAR v3.5.1,HorizontalILDMAE,Horizontal ILD MAE,1.00812148895276
P0193,193,14,FSPAE,FSP-AE,FullSphereERB,Full-sphere ERB,2.05419344342402
P0193,193,14,FSPAE,FSP-AE,Contralateral25ERB,Contralateral 25-deg ERB,2.41056288340374
P0193,193,14,FSPAE,FSP-AE,ContralateralHighFrequency,Contralateral HF,3.75421034163653
P0193,193,14,FSPAE,FSP-AE,HorizontalILDMAE,Horizontal ILD MAE,2.14214028211422
P0193,193,14,RANF,RANF,FullSphereERB,Full-sphere ERB,0.988448497029592
P0193,193,14,RANF,RANF,Contralateral25ERB,Contralateral 25-deg ERB,1.46370765748383
P0193,193,14,RANF,RANF,ContralateralHighFrequency,Contralateral HF,3.34275208115475
P0193,193,14,RANF,RANF,HorizontalILDMAE,Horizontal ILD MAE,0.546784795784784
P0193,193,14,HYBRID,Hybrid E190,FullSphereERB,Full-sphere ERB,1.02718777693422
P0193,193,14,HYBRID,Hybrid E190,Contralateral25ERB,Contralateral 25-deg ERB,1.51302075979958
P0193,193,14,HYBRID,Hybrid E190,ContralateralHighFrequency,Contralateral HF,3.58239488133059
P0193,193,14,HYBRID,Hybrid E190,HorizontalILDMAE,Horizontal ILD MAE,0.935869945328666
P0193,193,14,BOUNDED,Bounded E25,FullSphereERB,Full-sphere ERB,1.03231829615156
P0193,193,14,BOUNDED,Bounded E25,Contralateral25ERB,Contralateral 25-deg ERB,1.57098705097131
P0193,193,14,BOUNDED,Bounded E25,ContralateralHighFrequency,Contralateral HF,3.52443966720707
P0193,193,14,BOUNDED,Bounded E25,HorizontalILDMAE,Horizontal ILD MAE,0.984190334025461
P0193,193,26,SHOnly,SH only,FullSphereERB,Full-sphere ERB,2.6971660671937
P0193,193,26,SHOnly,SH only,Contralateral25ERB,Contralateral 25-deg ERB,3.46216121167597
P0193,193,26,SHOnly,SH only,ContralateralHighFrequency,Contralateral HF,9.44562562678438
P0193,193,26,SHOnly,SH only,HorizontalILDMAE,Horizontal ILD MAE,3.92151489712529
P0193,193,26,SUpDEqSH,SUpDEq + SH,FullSphereERB,Full-sphere ERB,2.04646928265061
P0193,193,26,SUpDEqSH,SUpDEq + SH,Contralateral25ERB,Contralateral 25-deg ERB,2.35793818402739
P0193,193,26,SUpDEqSH,SUpDEq + SH,ContralateralHighFrequency,Contralateral HF,5.97004790938592
P0193,193,26,SUpDEqSH,SUpDEq + SH,HorizontalILDMAE,Horizontal ILD MAE,2.51499209443692
P0193,193,26,SUpDEqNN,SUpDEq + Natural Neighbor,FullSphereERB,Full-sphere ERB,1.93745183142376
P0193,193,26,SUpDEqNN,SUpDEq + Natural Neighbor,Contralateral25ERB,Contralateral 25-deg ERB,2.2241264987211
P0193,193,26,SUpDEqNN,SUpDEq + Natural Neighbor,ContralateralHighFrequency,Contralateral HF,5.73099647885104
P0193,193,26,SUpDEqNN,SUpDEq + Natural Neighbor,HorizontalILDMAE,Horizontal ILD MAE,2.22372437179844
P0193,193,26,SUpDEqBary,SUpDEq + Barycentric,FullSphereERB,Full-sphere ERB,1.78405934161699
P0193,193,26,SUpDEqBary,SUpDEq + Barycentric,Contralateral25ERB,Contralateral 25-deg ERB,2.12618740601508
P0193,193,26,SUpDEqBary,SUpDEq + Barycentric,ContralateralHighFrequency,Contralateral HF,5.55649073859697
P0193,193,26,SUpDEqBary,SUpDEq + Barycentric,HorizontalILDMAE,Horizontal ILD MAE,2.21833797878621
P0193,193,26,MCA,MCA,FullSphereERB,Full-sphere ERB,1.10032660457454
P0193,193,26,MCA,MCA,Contralateral25ERB,Contralateral 25-deg ERB,1.61770664126175
P0193,193,26,MCA,MCA,ContralateralHighFrequency,Contralateral HF,4.52659450076487
P0193,193,26,MCA,MCA,HorizontalILDMAE,Horizontal ILD MAE,0.873213761143988
P0193,193,26,MCARv351,MCAR v3.5.1,FullSphereERB,Full-sphere ERB,0.806252509418173
P0193,193,26,MCARv351,MCAR v3.5.1,Contralateral25ERB,Contralateral 25-deg ERB,1.17543522231086
P0193,193,26,MCARv351,MCAR v3.5.1,ContralateralHighFrequency,Contralateral HF,3.25171831428955
P0193,193,26,MCARv351,MCAR v3.5.1,HorizontalILDMAE,Horizontal ILD MAE,0.850906922580148
P0193,193,26,FSPAE,FSP-AE,FullSphereERB,Full-sphere ERB,1.0768681643119
P0193,193,26,FSPAE,FSP-AE,Contralateral25ERB,Contralateral 25-deg ERB,1.78499064926284
P0193,193,26,FSPAE,FSP-AE,ContralateralHighFrequency,Contralateral HF,2.835599787424
P0193,193,26,FSPAE,FSP-AE,HorizontalILDMAE,Horizontal ILD MAE,0.811923000286259
P0193,193,26,RANF,RANF,FullSphereERB,Full-sphere ERB,0.959876993217227
P0193,193,26,RANF,RANF,Contralateral25ERB,Contralateral 25-deg ERB,1.51615094964389
P0193,193,26,RANF,RANF,ContralateralHighFrequency,Contralateral HF,3.38170007905671
P0193,193,26,RANF,RANF,HorizontalILDMAE,Horizontal ILD MAE,0.696957437222954
P0193,193,26,HYBRID,Hybrid E190,FullSphereERB,Full-sphere ERB,0.747660170101106
P0193,193,26,HYBRID,Hybrid E190,Contralateral25ERB,Contralateral 25-deg ERB,1.10977984513687
P0193,193,26,HYBRID,Hybrid E190,ContralateralHighFrequency,Contralateral HF,3.18134814170285
P0193,193,26,HYBRID,Hybrid E190,HorizontalILDMAE,Horizontal ILD MAE,0.88942153971688
P0193,193,26,BOUNDED,Bounded E25,FullSphereERB,Full-sphere ERB,0.75746914558764
P0193,193,26,BOUNDED,Bounded E25,Contralateral25ERB,Contralateral 25-deg ERB,1.10191184126048
P0193,193,26,BOUNDED,Bounded E25,ContralateralHighFrequency,Contralateral HF,3.17246167882251
P0193,193,26,BOUNDED,Bounded E25,HorizontalILDMAE,Horizontal ILD MAE,0.843712109529967
P0193,193,50,SHOnly,SH only,FullSphereERB,Full-sphere ERB,3.09110253854879
P0193,193,50,SHOnly,SH only,Contralateral25ERB,Contralateral 25-deg ERB,3.03300955411747
P0193,193,50,SHOnly,SH only,ContralateralHighFrequency,Contralateral HF,7.96075144814193
P0193,193,50,SHOnly,SH only,HorizontalILDMAE,Horizontal ILD MAE,5.04194731024385
P0193,193,50,SUpDEqSH,SUpDEq + SH,FullSphereERB,Full-sphere ERB,2.2617186204148
P0193,193,50,SUpDEqSH,SUpDEq + SH,Contralateral25ERB,Contralateral 25-deg ERB,2.55221219959063
P0193,193,50,SUpDEqSH,SUpDEq + SH,ContralateralHighFrequency,Contralateral HF,6.51058045656405
P0193,193,50,SUpDEqSH,SUpDEq + SH,HorizontalILDMAE,Horizontal ILD MAE,2.39462367304903
P0193,193,50,SUpDEqNN,SUpDEq + Natural Neighbor,FullSphereERB,Full-sphere ERB,1.89574478663416
P0193,193,50,SUpDEqNN,SUpDEq + Natural Neighbor,Contralateral25ERB,Contralateral 25-deg ERB,2.16038372642251
P0193,193,50,SUpDEqNN,SUpDEq + Natural Neighbor,ContralateralHighFrequency,Contralateral HF,5.68158574009774
P0193,193,50,SUpDEqNN,SUpDEq + Natural Neighbor,HorizontalILDMAE,Horizontal ILD MAE,2.07296041865369
P0193,193,50,SUpDEqBary,SUpDEq + Barycentric,FullSphereERB,Full-sphere ERB,1.69917824790253
P0193,193,50,SUpDEqBary,SUpDEq + Barycentric,Contralateral25ERB,Contralateral 25-deg ERB,2.07001976752108
P0193,193,50,SUpDEqBary,SUpDEq + Barycentric,ContralateralHighFrequency,Contralateral HF,5.18918139471416
P0193,193,50,SUpDEqBary,SUpDEq + Barycentric,HorizontalILDMAE,Horizontal ILD MAE,1.95474758339496
P0193,193,50,MCA,MCA,FullSphereERB,Full-sphere ERB,1.04954903437411
P0193,193,50,MCA,MCA,Contralateral25ERB,Contralateral 25-deg ERB,1.66415315440745
P0193,193,50,MCA,MCA,ContralateralHighFrequency,Contralateral HF,4.617633360179
P0193,193,50,MCA,MCA,HorizontalILDMAE,Horizontal ILD MAE,0.696155210896397
P0193,193,50,MCARv351,MCAR v3.5.1,FullSphereERB,Full-sphere ERB,0.836136554158017
P0193,193,50,MCARv351,MCAR v3.5.1,Contralateral25ERB,Contralateral 25-deg ERB,1.2902115486361
P0193,193,50,MCARv351,MCAR v3.5.1,ContralateralHighFrequency,Contralateral HF,3.31697822021583
P0193,193,50,MCARv351,MCAR v3.5.1,HorizontalILDMAE,Horizontal ILD MAE,0.977340573848841
P0193,193,50,FSPAE,FSP-AE,FullSphereERB,Full-sphere ERB,1.98894400194415
P0193,193,50,FSPAE,FSP-AE,Contralateral25ERB,Contralateral 25-deg ERB,2.05590452819547
P0193,193,50,FSPAE,FSP-AE,ContralateralHighFrequency,Contralateral HF,3.42743758260948
P0193,193,50,FSPAE,FSP-AE,HorizontalILDMAE,Horizontal ILD MAE,1.58071719465289
P0193,193,50,RANF,RANF,FullSphereERB,Full-sphere ERB,0.890922950731488
P0193,193,50,RANF,RANF,Contralateral25ERB,Contralateral 25-deg ERB,1.33380262341441
P0193,193,50,RANF,RANF,ContralateralHighFrequency,Contralateral HF,2.99443677099911
P0193,193,50,RANF,RANF,HorizontalILDMAE,Horizontal ILD MAE,0.596077521795016
P0193,193,50,HYBRID,Hybrid E190,FullSphereERB,Full-sphere ERB,0.783491795153679
P0193,193,50,HYBRID,Hybrid E190,Contralateral25ERB,Contralateral 25-deg ERB,1.17206033844047
P0193,193,50,HYBRID,Hybrid E190,ContralateralHighFrequency,Contralateral HF,3.23629725516138
P0193,193,50,HYBRID,Hybrid E190,HorizontalILDMAE,Horizontal ILD MAE,0.795141242203834
P0193,193,50,BOUNDED,Bounded E25,FullSphereERB,Full-sphere ERB,0.791250733910313
P0193,193,50,BOUNDED,Bounded E25,Contralateral25ERB,Contralateral 25-deg ERB,1.19422301730572
P0193,193,50,BOUNDED,Bounded E25,ContralateralHighFrequency,Contralateral HF,3.23700398075301
P0193,193,50,BOUNDED,Bounded E25,HorizontalILDMAE,Horizontal ILD MAE,0.849582763655214
P0194,194,14,SHOnly,SH only,FullSphereERB,Full-sphere ERB,2.67635507115724
P0194,194,14,SHOnly,SH only,Contralateral25ERB,Contralateral 25-deg ERB,4.82358930136298
P0194,194,14,SHOnly,SH only,ContralateralHighFrequency,Contralateral HF,10.4323784280021
P0194,194,14,SHOnly,SH only,HorizontalILDMAE,Horizontal ILD MAE,2.95551217985747
P0194,194,14,SUpDEqSH,SUpDEq + SH,FullSphereERB,Full-sphere ERB,2.04759199769877
P0194,194,14,SUpDEqSH,SUpDEq + SH,Contralateral25ERB,Contralateral 25-deg ERB,2.86876934409094
P0194,194,14,SUpDEqSH,SUpDEq + SH,ContralateralHighFrequency,Contralateral HF,6.81473907065463
P0194,194,14,SUpDEqSH,SUpDEq + SH,HorizontalILDMAE,Horizontal ILD MAE,1.91474675353373
P0194,194,14,SUpDEqNN,SUpDEq + Natural Neighbor,FullSphereERB,Full-sphere ERB,2.36642025615489
P0194,194,14,SUpDEqNN,SUpDEq + Natural Neighbor,Contralateral25ERB,Contralateral 25-deg ERB,2.5176435422799
P0194,194,14,SUpDEqNN,SUpDEq + Natural Neighbor,ContralateralHighFrequency,Contralateral HF,5.76581329011223
P0194,194,14,SUpDEqNN,SUpDEq + Natural Neighbor,HorizontalILDMAE,Horizontal ILD MAE,1.67191975086359
P0194,194,14,SUpDEqBary,SUpDEq + Barycentric,FullSphereERB,Full-sphere ERB,2.15800764896501
P0194,194,14,SUpDEqBary,SUpDEq + Barycentric,Contralateral25ERB,Contralateral 25-deg ERB,2.46950160231163
P0194,194,14,SUpDEqBary,SUpDEq + Barycentric,ContralateralHighFrequency,Contralateral HF,5.60362202280851
P0194,194,14,SUpDEqBary,SUpDEq + Barycentric,HorizontalILDMAE,Horizontal ILD MAE,1.51083947896566
P0194,194,14,MCA,MCA,FullSphereERB,Full-sphere ERB,1.26219859587246
P0194,194,14,MCA,MCA,Contralateral25ERB,Contralateral 25-deg ERB,2.63371981411473
P0194,194,14,MCA,MCA,ContralateralHighFrequency,Contralateral HF,5.07030702136201
P0194,194,14,MCA,MCA,HorizontalILDMAE,Horizontal ILD MAE,0.988269921875501
P0194,194,14,MCARv351,MCAR v3.5.1,FullSphereERB,Full-sphere ERB,1.03461105077026
P0194,194,14,MCARv351,MCAR v3.5.1,Contralateral25ERB,Contralateral 25-deg ERB,1.90257135952223
P0194,194,14,MCARv351,MCAR v3.5.1,ContralateralHighFrequency,Contralateral HF,3.83983434987231
P0194,194,14,MCARv351,MCAR v3.5.1,HorizontalILDMAE,Horizontal ILD MAE,0.991597263200449
P0194,194,14,FSPAE,FSP-AE,FullSphereERB,Full-sphere ERB,1.96874231287564
P0194,194,14,FSPAE,FSP-AE,Contralateral25ERB,Contralateral 25-deg ERB,2.36857221177756
P0194,194,14,FSPAE,FSP-AE,ContralateralHighFrequency,Contralateral HF,3.82496101134486
P0194,194,14,FSPAE,FSP-AE,HorizontalILDMAE,Horizontal ILD MAE,1.81910547095207
P0194,194,14,RANF,RANF,FullSphereERB,Full-sphere ERB,0.980038195978877
P0194,194,14,RANF,RANF,Contralateral25ERB,Contralateral 25-deg ERB,1.47421131929519
P0194,194,14,RANF,RANF,ContralateralHighFrequency,Contralateral HF,3.64647526131236
P0194,194,14,RANF,RANF,HorizontalILDMAE,Horizontal ILD MAE,0.750614615535513
P0194,194,14,HYBRID,Hybrid E190,FullSphereERB,Full-sphere ERB,0.980899735571031
P0194,194,14,HYBRID,Hybrid E190,Contralateral25ERB,Contralateral 25-deg ERB,1.68234377732645
P0194,194,14,HYBRID,Hybrid E190,ContralateralHighFrequency,Contralateral HF,3.80050595263671
P0194,194,14,HYBRID,Hybrid E190,HorizontalILDMAE,Horizontal ILD MAE,0.953504523768783
P0194,194,14,BOUNDED,Bounded E25,FullSphereERB,Full-sphere ERB,0.978916852795696
P0194,194,14,BOUNDED,Bounded E25,Contralateral25ERB,Contralateral 25-deg ERB,1.75911919836703
P0194,194,14,BOUNDED,Bounded E25,ContralateralHighFrequency,Contralateral HF,3.76276012781837
P0194,194,14,BOUNDED,Bounded E25,HorizontalILDMAE,Horizontal ILD MAE,0.970682768463392
P0194,194,26,SHOnly,SH only,FullSphereERB,Full-sphere ERB,2.56208652721758
P0194,194,26,SHOnly,SH only,Contralateral25ERB,Contralateral 25-deg ERB,3.14201245508492
P0194,194,26,SHOnly,SH only,ContralateralHighFrequency,Contralateral HF,8.80227877167869
P0194,194,26,SHOnly,SH only,HorizontalILDMAE,Horizontal ILD MAE,3.00012317630669
P0194,194,26,SUpDEqSH,SUpDEq + SH,FullSphereERB,Full-sphere ERB,2.10985866939803
P0194,194,26,SUpDEqSH,SUpDEq + SH,Contralateral25ERB,Contralateral 25-deg ERB,2.01923515461942
P0194,194,26,SUpDEqSH,SUpDEq + SH,ContralateralHighFrequency,Contralateral HF,6.14637427159245
P0194,194,26,SUpDEqSH,SUpDEq + SH,HorizontalILDMAE,Horizontal ILD MAE,2.14599626686809
P0194,194,26,SUpDEqNN,SUpDEq + Natural Neighbor,FullSphereERB,Full-sphere ERB,2.14537819213157
P0194,194,26,SUpDEqNN,SUpDEq + Natural Neighbor,Contralateral25ERB,Contralateral 25-deg ERB,1.95122796614934
P0194,194,26,SUpDEqNN,SUpDEq + Natural Neighbor,ContralateralHighFrequency,Contralateral HF,5.61862111050005
P0194,194,26,SUpDEqNN,SUpDEq + Natural Neighbor,HorizontalILDMAE,Horizontal ILD MAE,2.64999755561418
P0194,194,26,SUpDEqBary,SUpDEq + Barycentric,FullSphereERB,Full-sphere ERB,1.99135662471
P0194,194,26,SUpDEqBary,SUpDEq + Barycentric,Contralateral25ERB,Contralateral 25-deg ERB,1.90188781172076
P0194,194,26,SUpDEqBary,SUpDEq + Barycentric,ContralateralHighFrequency,Contralateral HF,5.4943135476629
P0194,194,26,SUpDEqBary,SUpDEq + Barycentric,HorizontalILDMAE,Horizontal ILD MAE,2.57906527756617
P0194,194,26,MCA,MCA,FullSphereERB,Full-sphere ERB,1.08854781738615
P0194,194,26,MCA,MCA,Contralateral25ERB,Contralateral 25-deg ERB,1.53568976237785
P0194,194,26,MCA,MCA,ContralateralHighFrequency,Contralateral HF,4.94020016514435
P0194,194,26,MCA,MCA,HorizontalILDMAE,Horizontal ILD MAE,0.894703792144699
P0194,194,26,MCARv351,MCAR v3.5.1,FullSphereERB,Full-sphere ERB,0.81593071572795
P0194,194,26,MCARv351,MCAR v3.5.1,Contralateral25ERB,Contralateral 25-deg ERB,1.25821687453199
P0194,194,26,MCARv351,MCAR v3.5.1,ContralateralHighFrequency,Contralateral HF,3.53042416761393
P0194,194,26,MCARv351,MCAR v3.5.1,HorizontalILDMAE,Horizontal ILD MAE,0.961568732960624
P0194,194,26,FSPAE,FSP-AE,FullSphereERB,Full-sphere ERB,1.10995962783637
P0194,194,26,FSPAE,FSP-AE,Contralateral25ERB,Contralateral 25-deg ERB,1.87713790780521
P0194,194,26,FSPAE,FSP-AE,ContralateralHighFrequency,Contralateral HF,3.25752878822652
P0194,194,26,FSPAE,FSP-AE,HorizontalILDMAE,Horizontal ILD MAE,0.962061102008518
P0194,194,26,RANF,RANF,FullSphereERB,Full-sphere ERB,0.972239471745999
P0194,194,26,RANF,RANF,Contralateral25ERB,Contralateral 25-deg ERB,1.34509146112601
P0194,194,26,RANF,RANF,ContralateralHighFrequency,Contralateral HF,3.66672207330085
P0194,194,26,RANF,RANF,HorizontalILDMAE,Horizontal ILD MAE,0.643819723259872
P0194,194,26,HYBRID,Hybrid E190,FullSphereERB,Full-sphere ERB,0.779995837602332
P0194,194,26,HYBRID,Hybrid E190,Contralateral25ERB,Contralateral 25-deg ERB,1.22885722160048
P0194,194,26,HYBRID,Hybrid E190,ContralateralHighFrequency,Contralateral HF,3.44238891852973
P0194,194,26,HYBRID,Hybrid E190,HorizontalILDMAE,Horizontal ILD MAE,0.995124668897398
P0194,194,26,BOUNDED,Bounded E25,FullSphereERB,Full-sphere ERB,0.786641249889432
P0194,194,26,BOUNDED,Bounded E25,Contralateral25ERB,Contralateral 25-deg ERB,1.20313216522801
P0194,194,26,BOUNDED,Bounded E25,ContralateralHighFrequency,Contralateral HF,3.47407149110654
P0194,194,26,BOUNDED,Bounded E25,HorizontalILDMAE,Horizontal ILD MAE,0.958621746067041
P0194,194,50,SHOnly,SH only,FullSphereERB,Full-sphere ERB,2.93556514647693
P0194,194,50,SHOnly,SH only,Contralateral25ERB,Contralateral 25-deg ERB,2.81836047249883
P0194,194,50,SHOnly,SH only,ContralateralHighFrequency,Contralateral HF,7.76602986220546
P0194,194,50,SHOnly,SH only,HorizontalILDMAE,Horizontal ILD MAE,3.93042799340623
P0194,194,50,SUpDEqSH,SUpDEq + SH,FullSphereERB,Full-sphere ERB,2.44272785305715
P0194,194,50,SUpDEqSH,SUpDEq + SH,Contralateral25ERB,Contralateral 25-deg ERB,2.38370966356393
P0194,194,50,SUpDEqSH,SUpDEq + SH,ContralateralHighFrequency,Contralateral HF,6.17065925450062
P0194,194,50,SUpDEqSH,SUpDEq + SH,HorizontalILDMAE,Horizontal ILD MAE,2.36123345100541
P0194,194,50,SUpDEqNN,SUpDEq + Natural Neighbor,FullSphereERB,Full-sphere ERB,2.0351030934274
P0194,194,50,SUpDEqNN,SUpDEq + Natural Neighbor,Contralateral25ERB,Contralateral 25-deg ERB,1.9643702860805
P0194,194,50,SUpDEqNN,SUpDEq + Natural Neighbor,ContralateralHighFrequency,Contralateral HF,5.71385359726145
P0194,194,50,SUpDEqNN,SUpDEq + Natural Neighbor,HorizontalILDMAE,Horizontal ILD MAE,2.320770360608
P0194,194,50,SUpDEqBary,SUpDEq + Barycentric,FullSphereERB,Full-sphere ERB,1.82761142672906
P0194,194,50,SUpDEqBary,SUpDEq + Barycentric,Contralateral25ERB,Contralateral 25-deg ERB,1.87015652871139
P0194,194,50,SUpDEqBary,SUpDEq + Barycentric,ContralateralHighFrequency,Contralateral HF,5.37654400676312
P0194,194,50,SUpDEqBary,SUpDEq + Barycentric,HorizontalILDMAE,Horizontal ILD MAE,2.36627301850997
P0194,194,50,MCA,MCA,FullSphereERB,Full-sphere ERB,1.04030497688324
P0194,194,50,MCA,MCA,Contralateral25ERB,Contralateral 25-deg ERB,1.4975673669936
P0194,194,50,MCA,MCA,ContralateralHighFrequency,Contralateral HF,4.78978988050518
P0194,194,50,MCA,MCA,HorizontalILDMAE,Horizontal ILD MAE,0.68585514329978
P0194,194,50,MCARv351,MCAR v3.5.1,FullSphereERB,Full-sphere ERB,0.844603105131294
P0194,194,50,MCARv351,MCAR v3.5.1,Contralateral25ERB,Contralateral 25-deg ERB,1.35952487994996
P0194,194,50,MCARv351,MCAR v3.5.1,ContralateralHighFrequency,Contralateral HF,3.44741272709598
P0194,194,50,MCARv351,MCAR v3.5.1,HorizontalILDMAE,Horizontal ILD MAE,0.883848356198135
P0194,194,50,FSPAE,FSP-AE,FullSphereERB,Full-sphere ERB,2.00402005897129
P0194,194,50,FSPAE,FSP-AE,Contralateral25ERB,Contralateral 25-deg ERB,2.25407576889817
P0194,194,50,FSPAE,FSP-AE,ContralateralHighFrequency,Contralateral HF,3.75265796646204
P0194,194,50,FSPAE,FSP-AE,HorizontalILDMAE,Horizontal ILD MAE,1.50271380644266
P0194,194,50,RANF,RANF,FullSphereERB,Full-sphere ERB,0.947379360349223
P0194,194,50,RANF,RANF,Contralateral25ERB,Contralateral 25-deg ERB,1.45319185809685
P0194,194,50,RANF,RANF,ContralateralHighFrequency,Contralateral HF,3.3678728999096
P0194,194,50,RANF,RANF,HorizontalILDMAE,Horizontal ILD MAE,0.57359990883087
P0194,194,50,HYBRID,Hybrid E190,FullSphereERB,Full-sphere ERB,0.808301017002281
P0194,194,50,HYBRID,Hybrid E190,Contralateral25ERB,Contralateral 25-deg ERB,1.32313380815144
P0194,194,50,HYBRID,Hybrid E190,ContralateralHighFrequency,Contralateral HF,3.36382759762286
P0194,194,50,HYBRID,Hybrid E190,HorizontalILDMAE,Horizontal ILD MAE,0.881822246460403
P0194,194,50,BOUNDED,Bounded E25,FullSphereERB,Full-sphere ERB,0.815329180539106
P0194,194,50,BOUNDED,Bounded E25,Contralateral25ERB,Contralateral 25-deg ERB,1.3117041452587
P0194,194,50,BOUNDED,Bounded E25,ContralateralHighFrequency,Contralateral HF,3.41108604252616
P0194,194,50,BOUNDED,Bounded E25,HorizontalILDMAE,Horizontal ILD MAE,0.875365037587178
P0198,198,14,SHOnly,SH only,FullSphereERB,Full-sphere ERB,2.93034298533419
P0198,198,14,SHOnly,SH only,Contralateral25ERB,Contralateral 25-deg ERB,5.28372293752963
P0198,198,14,SHOnly,SH only,ContralateralHighFrequency,Contralateral HF,11.1504112617098
P0198,198,14,SHOnly,SH only,HorizontalILDMAE,Horizontal ILD MAE,3.90817172257519
P0198,198,14,SUpDEqSH,SUpDEq + SH,FullSphereERB,Full-sphere ERB,1.81518060773674
P0198,198,14,SUpDEqSH,SUpDEq + SH,Contralateral25ERB,Contralateral 25-deg ERB,2.6226707062192
P0198,198,14,SUpDEqSH,SUpDEq + SH,ContralateralHighFrequency,Contralateral HF,6.20075454449184
P0198,198,14,SUpDEqSH,SUpDEq + SH,HorizontalILDMAE,Horizontal ILD MAE,1.15254797183705
P0198,198,14,SUpDEqNN,SUpDEq + Natural Neighbor,FullSphereERB,Full-sphere ERB,2.00452632092096
P0198,198,14,SUpDEqNN,SUpDEq + Natural Neighbor,Contralateral25ERB,Contralateral 25-deg ERB,2.90866004569725
P0198,198,14,SUpDEqNN,SUpDEq + Natural Neighbor,ContralateralHighFrequency,Contralateral HF,6.02731132800366
P0198,198,14,SUpDEqNN,SUpDEq + Natural Neighbor,HorizontalILDMAE,Horizontal ILD MAE,1.2664966103312
P0198,198,14,SUpDEqBary,SUpDEq + Barycentric,FullSphereERB,Full-sphere ERB,1.98861115842239
P0198,198,14,SUpDEqBary,SUpDEq + Barycentric,Contralateral25ERB,Contralateral 25-deg ERB,2.81680864984003
P0198,198,14,SUpDEqBary,SUpDEq + Barycentric,ContralateralHighFrequency,Contralateral HF,6.12249371270445
P0198,198,14,SUpDEqBary,SUpDEq + Barycentric,HorizontalILDMAE,Horizontal ILD MAE,1.22535824952573
P0198,198,14,MCA,MCA,FullSphereERB,Full-sphere ERB,1.44723259851621
P0198,198,14,MCA,MCA,Contralateral25ERB,Contralateral 25-deg ERB,2.94035927226711
P0198,198,14,MCA,MCA,ContralateralHighFrequency,Contralateral HF,5.54179616675238
P0198,198,14,MCA,MCA,HorizontalILDMAE,Horizontal ILD MAE,0.836148183961747
P0198,198,14,MCARv351,MCAR v3.5.1,FullSphereERB,Full-sphere ERB,1.20957573163789
P0198,198,14,MCARv351,MCAR v3.5.1,Contralateral25ERB,Contralateral 25-deg ERB,2.00132259333244
P0198,198,14,MCARv351,MCAR v3.5.1,ContralateralHighFrequency,Contralateral HF,4.5118210574733
P0198,198,14,MCARv351,MCAR v3.5.1,HorizontalILDMAE,Horizontal ILD MAE,0.54600153537982
P0198,198,14,FSPAE,FSP-AE,FullSphereERB,Full-sphere ERB,2.05571704669887
P0198,198,14,FSPAE,FSP-AE,Contralateral25ERB,Contralateral 25-deg ERB,2.37758145201162
P0198,198,14,FSPAE,FSP-AE,ContralateralHighFrequency,Contralateral HF,3.33017334311538
P0198,198,14,FSPAE,FSP-AE,HorizontalILDMAE,Horizontal ILD MAE,1.76961663977311
P0198,198,14,RANF,RANF,FullSphereERB,Full-sphere ERB,1.0568154651791
P0198,198,14,RANF,RANF,Contralateral25ERB,Contralateral 25-deg ERB,1.62033710973496
P0198,198,14,RANF,RANF,ContralateralHighFrequency,Contralateral HF,3.28511354895675
P0198,198,14,RANF,RANF,HorizontalILDMAE,Horizontal ILD MAE,1.00384642345302
P0198,198,14,HYBRID,Hybrid E190,FullSphereERB,Full-sphere ERB,1.13423480846721
P0198,198,14,HYBRID,Hybrid E190,Contralateral25ERB,Contralateral 25-deg ERB,1.6210817230715
P0198,198,14,HYBRID,Hybrid E190,ContralateralHighFrequency,Contralateral HF,4.03866937505687
P0198,198,14,HYBRID,Hybrid E190,HorizontalILDMAE,Horizontal ILD MAE,0.699856854476958
P0198,198,14,BOUNDED,Bounded E25,FullSphereERB,Full-sphere ERB,1.13248000000662
P0198,198,14,BOUNDED,Bounded E25,Contralateral25ERB,Contralateral 25-deg ERB,1.74497303904586
P0198,198,14,BOUNDED,Bounded E25,ContralateralHighFrequency,Contralateral HF,4.17946776335858
P0198,198,14,BOUNDED,Bounded E25,HorizontalILDMAE,Horizontal ILD MAE,0.602936371606975
P0198,198,26,SHOnly,SH only,FullSphereERB,Full-sphere ERB,2.87356872200986
P0198,198,26,SHOnly,SH only,Contralateral25ERB,Contralateral 25-deg ERB,4.10233071977531
P0198,198,26,SHOnly,SH only,ContralateralHighFrequency,Contralateral HF,9.33367149816985
P0198,198,26,SHOnly,SH only,HorizontalILDMAE,Horizontal ILD MAE,3.46388515958197
P0198,198,26,SUpDEqSH,SUpDEq + SH,FullSphereERB,Full-sphere ERB,1.91909170762641
P0198,198,26,SUpDEqSH,SUpDEq + SH,Contralateral25ERB,Contralateral 25-deg ERB,2.36916466628566
P0198,198,26,SUpDEqSH,SUpDEq + SH,ContralateralHighFrequency,Contralateral HF,6.02143547882424
P0198,198,26,SUpDEqSH,SUpDEq + SH,HorizontalILDMAE,Horizontal ILD MAE,1.63431390496849
P0198,198,26,SUpDEqNN,SUpDEq + Natural Neighbor,FullSphereERB,Full-sphere ERB,1.85769936979163
P0198,198,26,SUpDEqNN,SUpDEq + Natural Neighbor,Contralateral25ERB,Contralateral 25-deg ERB,2.41866745997188
P0198,198,26,SUpDEqNN,SUpDEq + Natural Neighbor,ContralateralHighFrequency,Contralateral HF,5.53547663499978
P0198,198,26,SUpDEqNN,SUpDEq + Natural Neighbor,HorizontalILDMAE,Horizontal ILD MAE,1.30889210904742
P0198,198,26,SUpDEqBary,SUpDEq + Barycentric,FullSphereERB,Full-sphere ERB,1.73952015987592
P0198,198,26,SUpDEqBary,SUpDEq + Barycentric,Contralateral25ERB,Contralateral 25-deg ERB,2.31844527195425
P0198,198,26,SUpDEqBary,SUpDEq + Barycentric,ContralateralHighFrequency,Contralateral HF,5.51128439877935
P0198,198,26,SUpDEqBary,SUpDEq + Barycentric,HorizontalILDMAE,Horizontal ILD MAE,1.34740569553071
P0198,198,26,MCA,MCA,FullSphereERB,Full-sphere ERB,1.12811128111728
P0198,198,26,MCA,MCA,Contralateral25ERB,Contralateral 25-deg ERB,1.96028946933449
P0198,198,26,MCA,MCA,ContralateralHighFrequency,Contralateral HF,4.69235405626377
P0198,198,26,MCA,MCA,HorizontalILDMAE,Horizontal ILD MAE,0.752574502720636
P0198,198,26,MCARv351,MCAR v3.5.1,FullSphereERB,Full-sphere ERB,0.819660419476585
P0198,198,26,MCARv351,MCAR v3.5.1,Contralateral25ERB,Contralateral 25-deg ERB,1.32149371705924
P0198,198,26,MCARv351,MCAR v3.5.1,ContralateralHighFrequency,Contralateral HF,3.34118165365467
P0198,198,26,MCARv351,MCAR v3.5.1,HorizontalILDMAE,Horizontal ILD MAE,0.54340454344916
P0198,198,26,FSPAE,FSP-AE,FullSphereERB,Full-sphere ERB,1.07832835664411
P0198,198,26,FSPAE,FSP-AE,Contralateral25ERB,Contralateral 25-deg ERB,1.78466303635529
P0198,198,26,FSPAE,FSP-AE,ContralateralHighFrequency,Contralateral HF,2.78795635989876
P0198,198,26,FSPAE,FSP-AE,HorizontalILDMAE,Horizontal ILD MAE,0.797717923624639
P0198,198,26,RANF,RANF,FullSphereERB,Full-sphere ERB,1.03872906888814
P0198,198,26,RANF,RANF,Contralateral25ERB,Contralateral 25-deg ERB,1.95704766691172
P0198,198,26,RANF,RANF,ContralateralHighFrequency,Contralateral HF,3.11099044993873
P0198,198,26,RANF,RANF,HorizontalILDMAE,Horizontal ILD MAE,0.999719894008821
P0198,198,26,HYBRID,Hybrid E190,FullSphereERB,Full-sphere ERB,0.778551127370052
P0198,198,26,HYBRID,Hybrid E190,Contralateral25ERB,Contralateral 25-deg ERB,1.13193529439245
P0198,198,26,HYBRID,Hybrid E190,ContralateralHighFrequency,Contralateral HF,3.18605929965731
P0198,198,26,HYBRID,Hybrid E190,HorizontalILDMAE,Horizontal ILD MAE,0.59485148919486
P0198,198,26,BOUNDED,Bounded E25,FullSphereERB,Full-sphere ERB,0.772052905574035
P0198,198,26,BOUNDED,Bounded E25,Contralateral25ERB,Contralateral 25-deg ERB,1.17778433935161
P0198,198,26,BOUNDED,Bounded E25,ContralateralHighFrequency,Contralateral HF,3.24005798451504
P0198,198,26,BOUNDED,Bounded E25,HorizontalILDMAE,Horizontal ILD MAE,0.531864609664998
P0198,198,50,SHOnly,SH only,FullSphereERB,Full-sphere ERB,3.08486754465716
P0198,198,50,SHOnly,SH only,Contralateral25ERB,Contralateral 25-deg ERB,3.22422056631991
P0198,198,50,SHOnly,SH only,ContralateralHighFrequency,Contralateral HF,7.96359015086439
P0198,198,50,SHOnly,SH only,HorizontalILDMAE,Horizontal ILD MAE,3.75794140770425
P0198,198,50,SUpDEqSH,SUpDEq + SH,FullSphereERB,Full-sphere ERB,2.17253994682188
P0198,198,50,SUpDEqSH,SUpDEq + SH,Contralateral25ERB,Contralateral 25-deg ERB,2.37495361488185
P0198,198,50,SUpDEqSH,SUpDEq + SH,ContralateralHighFrequency,Contralateral HF,6.73439890297256
P0198,198,50,SUpDEqSH,SUpDEq + SH,HorizontalILDMAE,Horizontal ILD MAE,2.1009228562385
P0198,198,50,SUpDEqNN,SUpDEq + Natural Neighbor,FullSphereERB,Full-sphere ERB,1.7790226763974
P0198,198,50,SUpDEqNN,SUpDEq + Natural Neighbor,Contralateral25ERB,Contralateral 25-deg ERB,2.19373752947849
P0198,198,50,SUpDEqNN,SUpDEq + Natural Neighbor,ContralateralHighFrequency,Contralateral HF,5.73390806485343
P0198,198,50,SUpDEqNN,SUpDEq + Natural Neighbor,HorizontalILDMAE,Horizontal ILD MAE,1.38970717951576
P0198,198,50,SUpDEqBary,SUpDEq + Barycentric,FullSphereERB,Full-sphere ERB,1.6354080696947
P0198,198,50,SUpDEqBary,SUpDEq + Barycentric,Contralateral25ERB,Contralateral 25-deg ERB,2.15201935454495
P0198,198,50,SUpDEqBary,SUpDEq + Barycentric,ContralateralHighFrequency,Contralateral HF,5.35342152115448
P0198,198,50,SUpDEqBary,SUpDEq + Barycentric,HorizontalILDMAE,Horizontal ILD MAE,1.14945971222313
P0198,198,50,MCA,MCA,FullSphereERB,Full-sphere ERB,1.04982998568064
P0198,198,50,MCA,MCA,Contralateral25ERB,Contralateral 25-deg ERB,1.99259176645657
P0198,198,50,MCA,MCA,ContralateralHighFrequency,Contralateral HF,4.73325857314095
P0198,198,50,MCA,MCA,HorizontalILDMAE,Horizontal ILD MAE,0.723204319503622
P0198,198,50,MCARv351,MCAR v3.5.1,FullSphereERB,Full-sphere ERB,0.85242309259694
P0198,198,50,MCARv351,MCAR v3.5.1,Contralateral25ERB,Contralateral 25-deg ERB,1.40307510145569
P0198,198,50,MCARv351,MCAR v3.5.1,ContralateralHighFrequency,Contralateral HF,3.4199909570858
P0198,198,50,MCARv351,MCAR v3.5.1,HorizontalILDMAE,Horizontal ILD MAE,0.66961123050458
P0198,198,50,FSPAE,FSP-AE,FullSphereERB,Full-sphere ERB,2.0132863383211
P0198,198,50,FSPAE,FSP-AE,Contralateral25ERB,Contralateral 25-deg ERB,2.06139110793264
P0198,198,50,FSPAE,FSP-AE,ContralateralHighFrequency,Contralateral HF,3.40293620142407
P0198,198,50,FSPAE,FSP-AE,HorizontalILDMAE,Horizontal ILD MAE,1.18313214384649
P0198,198,50,RANF,RANF,FullSphereERB,Full-sphere ERB,1.14558515851299
P0198,198,50,RANF,RANF,Contralateral25ERB,Contralateral 25-deg ERB,1.98999098235034
P0198,198,50,RANF,RANF,ContralateralHighFrequency,Contralateral HF,2.93552683014547
P0198,198,50,RANF,RANF,HorizontalILDMAE,Horizontal ILD MAE,1.06115642432494
P0198,198,50,HYBRID,Hybrid E190,FullSphereERB,Full-sphere ERB,0.81263523586485
P0198,198,50,HYBRID,Hybrid E190,Contralateral25ERB,Contralateral 25-deg ERB,1.19311388374968
P0198,198,50,HYBRID,Hybrid E190,ContralateralHighFrequency,Contralateral HF,3.21554249803627
P0198,198,50,HYBRID,Hybrid E190,HorizontalILDMAE,Horizontal ILD MAE,0.667454463378312
P0198,198,50,BOUNDED,Bounded E25,FullSphereERB,Full-sphere ERB,0.809326524073596
P0198,198,50,BOUNDED,Bounded E25,Contralateral25ERB,Contralateral 25-deg ERB,1.24533298556001
P0198,198,50,BOUNDED,Bounded E25,ContralateralHighFrequency,Contralateral HF,3.32702231293853
P0198,198,50,BOUNDED,Bounded E25,HorizontalILDMAE,Horizontal ILD MAE,0.634374091206348
P0202,202,14,SHOnly,SH only,FullSphereERB,Full-sphere ERB,2.94926750780075
P0202,202,14,SHOnly,SH only,Contralateral25ERB,Contralateral 25-deg ERB,5.70924720817865
P0202,202,14,SHOnly,SH only,ContralateralHighFrequency,Contralateral HF,9.81791073131133
P0202,202,14,SHOnly,SH only,HorizontalILDMAE,Horizontal ILD MAE,3.71569561054189
P0202,202,14,SUpDEqSH,SUpDEq + SH,FullSphereERB,Full-sphere ERB,1.81723512088288
P0202,202,14,SUpDEqSH,SUpDEq + SH,Contralateral25ERB,Contralateral 25-deg ERB,2.53047291993225
P0202,202,14,SUpDEqSH,SUpDEq + SH,ContralateralHighFrequency,Contralateral HF,5.64408900777938
P0202,202,14,SUpDEqSH,SUpDEq + SH,HorizontalILDMAE,Horizontal ILD MAE,1.44967102627116
P0202,202,14,SUpDEqNN,SUpDEq + Natural Neighbor,FullSphereERB,Full-sphere ERB,2.12992569746052
P0202,202,14,SUpDEqNN,SUpDEq + Natural Neighbor,Contralateral25ERB,Contralateral 25-deg ERB,2.49269127291708
P0202,202,14,SUpDEqNN,SUpDEq + Natural Neighbor,ContralateralHighFrequency,Contralateral HF,5.51776872430154
P0202,202,14,SUpDEqNN,SUpDEq + Natural Neighbor,HorizontalILDMAE,Horizontal ILD MAE,1.30886757430531
P0202,202,14,SUpDEqBary,SUpDEq + Barycentric,FullSphereERB,Full-sphere ERB,2.0684457528457
P0202,202,14,SUpDEqBary,SUpDEq + Barycentric,Contralateral25ERB,Contralateral 25-deg ERB,2.51443070287169
P0202,202,14,SUpDEqBary,SUpDEq + Barycentric,ContralateralHighFrequency,Contralateral HF,5.36584327724911
P0202,202,14,SUpDEqBary,SUpDEq + Barycentric,HorizontalILDMAE,Horizontal ILD MAE,1.26742494947878
P0202,202,14,MCA,MCA,FullSphereERB,Full-sphere ERB,1.33320707992119
P0202,202,14,MCA,MCA,Contralateral25ERB,Contralateral 25-deg ERB,2.61695321814351
P0202,202,14,MCA,MCA,ContralateralHighFrequency,Contralateral HF,4.63338474053832
P0202,202,14,MCA,MCA,HorizontalILDMAE,Horizontal ILD MAE,1.27674116981384
P0202,202,14,MCARv351,MCAR v3.5.1,FullSphereERB,Full-sphere ERB,1.10775856443286
P0202,202,14,MCARv351,MCAR v3.5.1,Contralateral25ERB,Contralateral 25-deg ERB,1.77521224770076
P0202,202,14,MCARv351,MCAR v3.5.1,ContralateralHighFrequency,Contralateral HF,3.63191097753374
P0202,202,14,MCARv351,MCAR v3.5.1,HorizontalILDMAE,Horizontal ILD MAE,1.14915419967173
P0202,202,14,FSPAE,FSP-AE,FullSphereERB,Full-sphere ERB,2.19492139502968
P0202,202,14,FSPAE,FSP-AE,Contralateral25ERB,Contralateral 25-deg ERB,2.2997340314968
P0202,202,14,FSPAE,FSP-AE,ContralateralHighFrequency,Contralateral HF,3.58864118725125
P0202,202,14,FSPAE,FSP-AE,HorizontalILDMAE,Horizontal ILD MAE,1.7856170058803
P0202,202,14,RANF,RANF,FullSphereERB,Full-sphere ERB,1.03972511394908
P0202,202,14,RANF,RANF,Contralateral25ERB,Contralateral 25-deg ERB,1.39809081629221
P0202,202,14,RANF,RANF,ContralateralHighFrequency,Contralateral HF,3.22704847136535
P0202,202,14,RANF,RANF,HorizontalILDMAE,Horizontal ILD MAE,0.948505728038715
P0202,202,14,HYBRID,Hybrid E190,FullSphereERB,Full-sphere ERB,1.08593982209372
P0202,202,14,HYBRID,Hybrid E190,Contralateral25ERB,Contralateral 25-deg ERB,1.65996696692596
P0202,202,14,HYBRID,Hybrid E190,ContralateralHighFrequency,Contralateral HF,3.77390093998017
P0202,202,14,HYBRID,Hybrid E190,HorizontalILDMAE,Horizontal ILD MAE,0.993386469121839
P0202,202,14,BOUNDED,Bounded E25,FullSphereERB,Full-sphere ERB,1.0495147130173
P0202,202,14,BOUNDED,Bounded E25,Contralateral25ERB,Contralateral 25-deg ERB,1.6592269860209
P0202,202,14,BOUNDED,Bounded E25,ContralateralHighFrequency,Contralateral HF,3.48005216115877
P0202,202,14,BOUNDED,Bounded E25,HorizontalILDMAE,Horizontal ILD MAE,1.03863471958852
P0202,202,26,SHOnly,SH only,FullSphereERB,Full-sphere ERB,2.71036430456748
P0202,202,26,SHOnly,SH only,Contralateral25ERB,Contralateral 25-deg ERB,3.5385607146025
P0202,202,26,SHOnly,SH only,ContralateralHighFrequency,Contralateral HF,8.62099142390419
P0202,202,26,SHOnly,SH only,HorizontalILDMAE,Horizontal ILD MAE,2.35973796775988
P0202,202,26,SUpDEqSH,SUpDEq + SH,FullSphereERB,Full-sphere ERB,1.95466356488263
P0202,202,26,SUpDEqSH,SUpDEq + SH,Contralateral25ERB,Contralateral 25-deg ERB,2.30192668169388
P0202,202,26,SUpDEqSH,SUpDEq + SH,ContralateralHighFrequency,Contralateral HF,5.59466727131967
P0202,202,26,SUpDEqSH,SUpDEq + SH,HorizontalILDMAE,Horizontal ILD MAE,1.66071972638869
P0202,202,26,SUpDEqNN,SUpDEq + Natural Neighbor,FullSphereERB,Full-sphere ERB,2.07193717368374
P0202,202,26,SUpDEqNN,SUpDEq + Natural Neighbor,Contralateral25ERB,Contralateral 25-deg ERB,2.21648141821948
P0202,202,26,SUpDEqNN,SUpDEq + Natural Neighbor,ContralateralHighFrequency,Contralateral HF,5.83934945888028
P0202,202,26,SUpDEqNN,SUpDEq + Natural Neighbor,HorizontalILDMAE,Horizontal ILD MAE,1.2495932977021
P0202,202,26,SUpDEqBary,SUpDEq + Barycentric,FullSphereERB,Full-sphere ERB,1.93273165163131
P0202,202,26,SUpDEqBary,SUpDEq + Barycentric,Contralateral25ERB,Contralateral 25-deg ERB,2.09812200161107
P0202,202,26,SUpDEqBary,SUpDEq + Barycentric,ContralateralHighFrequency,Contralateral HF,5.67795166493706
P0202,202,26,SUpDEqBary,SUpDEq + Barycentric,HorizontalILDMAE,Horizontal ILD MAE,1.29881547204704
P0202,202,26,MCA,MCA,FullSphereERB,Full-sphere ERB,1.07783969074947
P0202,202,26,MCA,MCA,Contralateral25ERB,Contralateral 25-deg ERB,1.77971421938368
P0202,202,26,MCA,MCA,ContralateralHighFrequency,Contralateral HF,4.40836314375705
P0202,202,26,MCA,MCA,HorizontalILDMAE,Horizontal ILD MAE,0.546256398492086
P0202,202,26,MCARv351,MCAR v3.5.1,FullSphereERB,Full-sphere ERB,0.791879597790316
P0202,202,26,MCARv351,MCAR v3.5.1,Contralateral25ERB,Contralateral 25-deg ERB,1.25428228800423
P0202,202,26,MCARv351,MCAR v3.5.1,ContralateralHighFrequency,Contralateral HF,3.16709381014711
P0202,202,26,MCARv351,MCAR v3.5.1,HorizontalILDMAE,Horizontal ILD MAE,0.565667340531594
P0202,202,26,FSPAE,FSP-AE,FullSphereERB,Full-sphere ERB,1.06109301057415
P0202,202,26,FSPAE,FSP-AE,Contralateral25ERB,Contralateral 25-deg ERB,1.61796384142185
P0202,202,26,FSPAE,FSP-AE,ContralateralHighFrequency,Contralateral HF,2.82406950295152
P0202,202,26,FSPAE,FSP-AE,HorizontalILDMAE,Horizontal ILD MAE,0.530286702752691
P0202,202,26,RANF,RANF,FullSphereERB,Full-sphere ERB,1.04997791763411
P0202,202,26,RANF,RANF,Contralateral25ERB,Contralateral 25-deg ERB,1.52784352854303
P0202,202,26,RANF,RANF,ContralateralHighFrequency,Contralateral HF,3.25863571207687
P0202,202,26,RANF,RANF,HorizontalILDMAE,Horizontal ILD MAE,0.773145603956856
P0202,202,26,HYBRID,Hybrid E190,FullSphereERB,Full-sphere ERB,0.797992287354541
P0202,202,26,HYBRID,Hybrid E190,Contralateral25ERB,Contralateral 25-deg ERB,1.20502287790998
P0202,202,26,HYBRID,Hybrid E190,ContralateralHighFrequency,Contralateral HF,3.30915151369492
P0202,202,26,HYBRID,Hybrid E190,HorizontalILDMAE,Horizontal ILD MAE,0.540086493461715
P0202,202,26,BOUNDED,Bounded E25,FullSphereERB,Full-sphere ERB,0.765843385132172
P0202,202,26,BOUNDED,Bounded E25,Contralateral25ERB,Contralateral 25-deg ERB,1.19454609576854
P0202,202,26,BOUNDED,Bounded E25,ContralateralHighFrequency,Contralateral HF,3.15529252339874
P0202,202,26,BOUNDED,Bounded E25,HorizontalILDMAE,Horizontal ILD MAE,0.512615247609023
P0202,202,50,SHOnly,SH only,FullSphereERB,Full-sphere ERB,3.01618403955591
P0202,202,50,SHOnly,SH only,Contralateral25ERB,Contralateral 25-deg ERB,2.80516341092006
P0202,202,50,SHOnly,SH only,ContralateralHighFrequency,Contralateral HF,7.31735162020489
P0202,202,50,SHOnly,SH only,HorizontalILDMAE,Horizontal ILD MAE,2.72184778922011
P0202,202,50,SUpDEqSH,SUpDEq + SH,FullSphereERB,Full-sphere ERB,2.31018607892037
P0202,202,50,SUpDEqSH,SUpDEq + SH,Contralateral25ERB,Contralateral 25-deg ERB,2.39472011542628
P0202,202,50,SUpDEqSH,SUpDEq + SH,ContralateralHighFrequency,Contralateral HF,6.67380641259524
P0202,202,50,SUpDEqSH,SUpDEq + SH,HorizontalILDMAE,Horizontal ILD MAE,2.24249334158274
P0202,202,50,SUpDEqNN,SUpDEq + Natural Neighbor,FullSphereERB,Full-sphere ERB,1.92470758806042
P0202,202,50,SUpDEqNN,SUpDEq + Natural Neighbor,Contralateral25ERB,Contralateral 25-deg ERB,2.02257784350734
P0202,202,50,SUpDEqNN,SUpDEq + Natural Neighbor,ContralateralHighFrequency,Contralateral HF,6.02848674479443
P0202,202,50,SUpDEqNN,SUpDEq + Natural Neighbor,HorizontalILDMAE,Horizontal ILD MAE,1.35303597531824
P0202,202,50,SUpDEqBary,SUpDEq + Barycentric,FullSphereERB,Full-sphere ERB,1.71031255738554
P0202,202,50,SUpDEqBary,SUpDEq + Barycentric,Contralateral25ERB,Contralateral 25-deg ERB,1.89934955641178
P0202,202,50,SUpDEqBary,SUpDEq + Barycentric,ContralateralHighFrequency,Contralateral HF,5.47204471829619
P0202,202,50,SUpDEqBary,SUpDEq + Barycentric,HorizontalILDMAE,Horizontal ILD MAE,1.44524971296171
P0202,202,50,MCA,MCA,FullSphereERB,Full-sphere ERB,1.03157292485777
P0202,202,50,MCA,MCA,Contralateral25ERB,Contralateral 25-deg ERB,1.68084752862072
P0202,202,50,MCA,MCA,ContralateralHighFrequency,Contralateral HF,4.45443911438113
P0202,202,50,MCA,MCA,HorizontalILDMAE,Horizontal ILD MAE,0.594406597678749
P0202,202,50,MCARv351,MCAR v3.5.1,FullSphereERB,Full-sphere ERB,0.82739148551908
P0202,202,50,MCARv351,MCAR v3.5.1,Contralateral25ERB,Contralateral 25-deg ERB,1.34050951242456
P0202,202,50,MCARv351,MCAR v3.5.1,ContralateralHighFrequency,Contralateral HF,3.18941573968025
P0202,202,50,MCARv351,MCAR v3.5.1,HorizontalILDMAE,Horizontal ILD MAE,0.707709765588623
P0202,202,50,FSPAE,FSP-AE,FullSphereERB,Full-sphere ERB,2.00118580620266
P0202,202,50,FSPAE,FSP-AE,Contralateral25ERB,Contralateral 25-deg ERB,1.96103610513435
P0202,202,50,FSPAE,FSP-AE,ContralateralHighFrequency,Contralateral HF,3.27141896862666
P0202,202,50,FSPAE,FSP-AE,HorizontalILDMAE,Horizontal ILD MAE,0.906226201037377
P0202,202,50,RANF,RANF,FullSphereERB,Full-sphere ERB,0.986990259380906
P0202,202,50,RANF,RANF,Contralateral25ERB,Contralateral 25-deg ERB,1.47843373845591
P0202,202,50,RANF,RANF,ContralateralHighFrequency,Contralateral HF,3.09015368370741
P0202,202,50,RANF,RANF,HorizontalILDMAE,Horizontal ILD MAE,0.67128625515138
P0202,202,50,HYBRID,Hybrid E190,FullSphereERB,Full-sphere ERB,0.819044561976868
P0202,202,50,HYBRID,Hybrid E190,Contralateral25ERB,Contralateral 25-deg ERB,1.25962687431187
P0202,202,50,HYBRID,Hybrid E190,ContralateralHighFrequency,Contralateral HF,3.24075095689307
P0202,202,50,HYBRID,Hybrid E190,HorizontalILDMAE,Horizontal ILD MAE,0.54354653455234
P0202,202,50,BOUNDED,Bounded E25,FullSphereERB,Full-sphere ERB,0.798074076127618
P0202,202,50,BOUNDED,Bounded E25,Contralateral25ERB,Contralateral 25-deg ERB,1.26268348065429
P0202,202,50,BOUNDED,Bounded E25,ContralateralHighFrequency,Contralateral HF,3.15694208770942
P0202,202,50,BOUNDED,Bounded E25,HorizontalILDMAE,Horizontal ILD MAE,0.591428060894073
P0203,203,14,SHOnly,SH only,FullSphereERB,Full-sphere ERB,2.80030747631044
P0203,203,14,SHOnly,SH only,Contralateral25ERB,Contralateral 25-deg ERB,5.50014824383638
P0203,203,14,SHOnly,SH only,ContralateralHighFrequency,Contralateral HF,10.50783702437
P0203,203,14,SHOnly,SH only,HorizontalILDMAE,Horizontal ILD MAE,3.83416404150348
P0203,203,14,SUpDEqSH,SUpDEq + SH,FullSphereERB,Full-sphere ERB,1.83316966023528
P0203,203,14,SUpDEqSH,SUpDEq + SH,Contralateral25ERB,Contralateral 25-deg ERB,2.32651956615612
P0203,203,14,SUpDEqSH,SUpDEq + SH,ContralateralHighFrequency,Contralateral HF,6.21749076951516
P0203,203,14,SUpDEqSH,SUpDEq + SH,HorizontalILDMAE,Horizontal ILD MAE,1.44651966733561
P0203,203,14,SUpDEqNN,SUpDEq + Natural Neighbor,FullSphereERB,Full-sphere ERB,2.08723564516238
P0203,203,14,SUpDEqNN,SUpDEq + Natural Neighbor,Contralateral25ERB,Contralateral 25-deg ERB,2.37090453166013
P0203,203,14,SUpDEqNN,SUpDEq + Natural Neighbor,ContralateralHighFrequency,Contralateral HF,5.78763118381941
P0203,203,14,SUpDEqNN,SUpDEq + Natural Neighbor,HorizontalILDMAE,Horizontal ILD MAE,1.64650628387186
P0203,203,14,SUpDEqBary,SUpDEq + Barycentric,FullSphereERB,Full-sphere ERB,2.00798666679024
P0203,203,14,SUpDEqBary,SUpDEq + Barycentric,Contralateral25ERB,Contralateral 25-deg ERB,2.31849258014435
P0203,203,14,SUpDEqBary,SUpDEq + Barycentric,ContralateralHighFrequency,Contralateral HF,5.66266251204732
P0203,203,14,SUpDEqBary,SUpDEq + Barycentric,HorizontalILDMAE,Horizontal ILD MAE,1.45906184511866
P0203,203,14,MCA,MCA,FullSphereERB,Full-sphere ERB,1.36231900249907
P0203,203,14,MCA,MCA,Contralateral25ERB,Contralateral 25-deg ERB,2.24958048939631
P0203,203,14,MCA,MCA,ContralateralHighFrequency,Contralateral HF,5.39086994921857
P0203,203,14,MCA,MCA,HorizontalILDMAE,Horizontal ILD MAE,0.915939771278668
P0203,203,14,MCARv351,MCAR v3.5.1,FullSphereERB,Full-sphere ERB,1.12061365519256
P0203,203,14,MCARv351,MCAR v3.5.1,Contralateral25ERB,Contralateral 25-deg ERB,1.67165100066421
P0203,203,14,MCARv351,MCAR v3.5.1,ContralateralHighFrequency,Contralateral HF,4.23620445205993
P0203,203,14,MCARv351,MCAR v3.5.1,HorizontalILDMAE,Horizontal ILD MAE,0.582130636433918
P0203,203,14,FSPAE,FSP-AE,FullSphereERB,Full-sphere ERB,2.01568607824649
P0203,203,14,FSPAE,FSP-AE,Contralateral25ERB,Contralateral 25-deg ERB,2.14558740107733
P0203,203,14,FSPAE,FSP-AE,ContralateralHighFrequency,Contralateral HF,3.7406732869102
P0203,203,14,FSPAE,FSP-AE,HorizontalILDMAE,Horizontal ILD MAE,2.01864505287484
P0203,203,14,RANF,RANF,FullSphereERB,Full-sphere ERB,0.899243871247277
P0203,203,14,RANF,RANF,Contralateral25ERB,Contralateral 25-deg ERB,1.23177115331322
P0203,203,14,RANF,RANF,ContralateralHighFrequency,Contralateral HF,3.34782894085974
P0203,203,14,RANF,RANF,HorizontalILDMAE,Horizontal ILD MAE,0.576054639264436
P0203,203,14,HYBRID,Hybrid E190,FullSphereERB,Full-sphere ERB,0.999622148094367
P0203,203,14,HYBRID,Hybrid E190,Contralateral25ERB,Contralateral 25-deg ERB,1.44064731387005
P0203,203,14,HYBRID,Hybrid E190,ContralateralHighFrequency,Contralateral HF,3.72246487499819
P0203,203,14,HYBRID,Hybrid E190,HorizontalILDMAE,Horizontal ILD MAE,0.524007469804524
P0203,203,14,BOUNDED,Bounded E25,FullSphereERB,Full-sphere ERB,1.02991069516123
P0203,203,14,BOUNDED,Bounded E25,Contralateral25ERB,Contralateral 25-deg ERB,1.51845881255073
P0203,203,14,BOUNDED,Bounded E25,ContralateralHighFrequency,Contralateral HF,3.88227588186937
P0203,203,14,BOUNDED,Bounded E25,HorizontalILDMAE,Horizontal ILD MAE,0.508808077563345
P0203,203,26,SHOnly,SH only,FullSphereERB,Full-sphere ERB,2.58906821239041
P0203,203,26,SHOnly,SH only,Contralateral25ERB,Contralateral 25-deg ERB,3.65633625441058
P0203,203,26,SHOnly,SH only,ContralateralHighFrequency,Contralateral HF,8.45646478040422
P0203,203,26,SHOnly,SH only,HorizontalILDMAE,Horizontal ILD MAE,3.16378143562845
P0203,203,26,SUpDEqSH,SUpDEq + SH,FullSphereERB,Full-sphere ERB,1.92072466550982
P0203,203,26,SUpDEqSH,SUpDEq + SH,Contralateral25ERB,Contralateral 25-deg ERB,2.07104484373595
P0203,203,26,SUpDEqSH,SUpDEq + SH,ContralateralHighFrequency,Contralateral HF,6.23518807423674
P0203,203,26,SUpDEqSH,SUpDEq + SH,HorizontalILDMAE,Horizontal ILD MAE,2.35855833071721
P0203,203,26,SUpDEqNN,SUpDEq + Natural Neighbor,FullSphereERB,Full-sphere ERB,1.91978368582534
P0203,203,26,SUpDEqNN,SUpDEq + Natural Neighbor,Contralateral25ERB,Contralateral 25-deg ERB,1.83911780781625
P0203,203,26,SUpDEqNN,SUpDEq + Natural Neighbor,ContralateralHighFrequency,Contralateral HF,5.88616157393596
P0203,203,26,SUpDEqNN,SUpDEq + Natural Neighbor,HorizontalILDMAE,Horizontal ILD MAE,2.08515023724643
P0203,203,26,SUpDEqBary,SUpDEq + Barycentric,FullSphereERB,Full-sphere ERB,1.7621961768156
P0203,203,26,SUpDEqBary,SUpDEq + Barycentric,Contralateral25ERB,Contralateral 25-deg ERB,1.78218290709442
P0203,203,26,SUpDEqBary,SUpDEq + Barycentric,ContralateralHighFrequency,Contralateral HF,5.63087262676833
P0203,203,26,SUpDEqBary,SUpDEq + Barycentric,HorizontalILDMAE,Horizontal ILD MAE,1.9268159994607
P0203,203,26,MCA,MCA,FullSphereERB,Full-sphere ERB,1.07723411038006
P0203,203,26,MCA,MCA,Contralateral25ERB,Contralateral 25-deg ERB,1.52225119778314
P0203,203,26,MCA,MCA,ContralateralHighFrequency,Contralateral HF,4.87001877217545
P0203,203,26,MCA,MCA,HorizontalILDMAE,Horizontal ILD MAE,0.734406962262011
P0203,203,26,MCARv351,MCAR v3.5.1,FullSphereERB,Full-sphere ERB,0.736675273855697
P0203,203,26,MCARv351,MCAR v3.5.1,Contralateral25ERB,Contralateral 25-deg ERB,1.07064400700252
P0203,203,26,MCARv351,MCAR v3.5.1,ContralateralHighFrequency,Contralateral HF,3.32878412913198
P0203,203,26,MCARv351,MCAR v3.5.1,HorizontalILDMAE,Horizontal ILD MAE,0.387316738006287
P0203,203,26,FSPAE,FSP-AE,FullSphereERB,Full-sphere ERB,1.02020457984635
P0203,203,26,FSPAE,FSP-AE,Contralateral25ERB,Contralateral 25-deg ERB,1.56824021000624
P0203,203,26,FSPAE,FSP-AE,ContralateralHighFrequency,Contralateral HF,2.94360355156153
P0203,203,26,FSPAE,FSP-AE,HorizontalILDMAE,Horizontal ILD MAE,0.406712061656964
P0203,203,26,RANF,RANF,FullSphereERB,Full-sphere ERB,0.892190363516624
P0203,203,26,RANF,RANF,Contralateral25ERB,Contralateral 25-deg ERB,1.28663950060743
P0203,203,26,RANF,RANF,ContralateralHighFrequency,Contralateral HF,3.20553643350781
P0203,203,26,RANF,RANF,HorizontalILDMAE,Horizontal ILD MAE,0.591091609659001
P0203,203,26,HYBRID,Hybrid E190,FullSphereERB,Full-sphere ERB,0.660894899460997
P0203,203,26,HYBRID,Hybrid E190,Contralateral25ERB,Contralateral 25-deg ERB,1.00430531193042
P0203,203,26,HYBRID,Hybrid E190,ContralateralHighFrequency,Contralateral HF,3.2599200853861
P0203,203,26,HYBRID,Hybrid E190,HorizontalILDMAE,Horizontal ILD MAE,0.397530198874472
P0203,203,26,BOUNDED,Bounded E25,FullSphereERB,Full-sphere ERB,0.678791298086009
P0203,203,26,BOUNDED,Bounded E25,Contralateral25ERB,Contralateral 25-deg ERB,1.00587640042493
P0203,203,26,BOUNDED,Bounded E25,ContralateralHighFrequency,Contralateral HF,3.26601876823233
P0203,203,26,BOUNDED,Bounded E25,HorizontalILDMAE,Horizontal ILD MAE,0.36017633248063
P0203,203,50,SHOnly,SH only,FullSphereERB,Full-sphere ERB,2.97757848177388
P0203,203,50,SHOnly,SH only,Contralateral25ERB,Contralateral 25-deg ERB,3.20793182832875
P0203,203,50,SHOnly,SH only,ContralateralHighFrequency,Contralateral HF,7.33054181728284
P0203,203,50,SHOnly,SH only,HorizontalILDMAE,Horizontal ILD MAE,4.41441070048426
P0203,203,50,SUpDEqSH,SUpDEq + SH,FullSphereERB,Full-sphere ERB,2.20118058055148
P0203,203,50,SUpDEqSH,SUpDEq + SH,Contralateral25ERB,Contralateral 25-deg ERB,2.25540037386427
P0203,203,50,SUpDEqSH,SUpDEq + SH,ContralateralHighFrequency,Contralateral HF,7.18687486555507
P0203,203,50,SUpDEqSH,SUpDEq + SH,HorizontalILDMAE,Horizontal ILD MAE,2.51767539950411
P0203,203,50,SUpDEqNN,SUpDEq + Natural Neighbor,FullSphereERB,Full-sphere ERB,1.84063240946812
P0203,203,50,SUpDEqNN,SUpDEq + Natural Neighbor,Contralateral25ERB,Contralateral 25-deg ERB,1.80775594147763
P0203,203,50,SUpDEqNN,SUpDEq + Natural Neighbor,ContralateralHighFrequency,Contralateral HF,6.25937206692977
P0203,203,50,SUpDEqNN,SUpDEq + Natural Neighbor,HorizontalILDMAE,Horizontal ILD MAE,1.9755877809032
P0203,203,50,SUpDEqBary,SUpDEq + Barycentric,FullSphereERB,Full-sphere ERB,1.6495009610574
P0203,203,50,SUpDEqBary,SUpDEq + Barycentric,Contralateral25ERB,Contralateral 25-deg ERB,1.7388218277784
P0203,203,50,SUpDEqBary,SUpDEq + Barycentric,ContralateralHighFrequency,Contralateral HF,5.52932143561556
P0203,203,50,SUpDEqBary,SUpDEq + Barycentric,HorizontalILDMAE,Horizontal ILD MAE,1.72895344755556
P0203,203,50,MCA,MCA,FullSphereERB,Full-sphere ERB,0.992468619673722
P0203,203,50,MCA,MCA,Contralateral25ERB,Contralateral 25-deg ERB,1.5140571329965
P0203,203,50,MCA,MCA,ContralateralHighFrequency,Contralateral HF,4.91980951887793
P0203,203,50,MCA,MCA,HorizontalILDMAE,Horizontal ILD MAE,0.921784228247766
P0203,203,50,MCARv351,MCAR v3.5.1,FullSphereERB,Full-sphere ERB,0.75995700492605
P0203,203,50,MCARv351,MCAR v3.5.1,Contralateral25ERB,Contralateral 25-deg ERB,1.15104434140777
P0203,203,50,MCARv351,MCAR v3.5.1,ContralateralHighFrequency,Contralateral HF,3.46397627483624
P0203,203,50,MCARv351,MCAR v3.5.1,HorizontalILDMAE,Horizontal ILD MAE,0.672215925819138
P0203,203,50,FSPAE,FSP-AE,FullSphereERB,Full-sphere ERB,1.9289872689951
P0203,203,50,FSPAE,FSP-AE,Contralateral25ERB,Contralateral 25-deg ERB,1.86805492044366
P0203,203,50,FSPAE,FSP-AE,ContralateralHighFrequency,Contralateral HF,3.47801259283291
P0203,203,50,FSPAE,FSP-AE,HorizontalILDMAE,Horizontal ILD MAE,0.986524572325285
P0203,203,50,RANF,RANF,FullSphereERB,Full-sphere ERB,0.858628280179776
P0203,203,50,RANF,RANF,Contralateral25ERB,Contralateral 25-deg ERB,1.28891335485883
P0203,203,50,RANF,RANF,ContralateralHighFrequency,Contralateral HF,3.09113686827917
P0203,203,50,RANF,RANF,HorizontalILDMAE,Horizontal ILD MAE,0.624753518296809
P0203,203,50,HYBRID,Hybrid E190,FullSphereERB,Full-sphere ERB,0.705837970451691
P0203,203,50,HYBRID,Hybrid E190,Contralateral25ERB,Contralateral 25-deg ERB,1.05285906851319
P0203,203,50,HYBRID,Hybrid E190,ContralateralHighFrequency,Contralateral HF,3.45115371435044
P0203,203,50,HYBRID,Hybrid E190,HorizontalILDMAE,Horizontal ILD MAE,0.536083371800681
P0203,203,50,BOUNDED,Bounded E25,FullSphereERB,Full-sphere ERB,0.717105735916137
P0203,203,50,BOUNDED,Bounded E25,Contralateral25ERB,Contralateral 25-deg ERB,1.06206745113239
P0203,203,50,BOUNDED,Bounded E25,ContralateralHighFrequency,Contralateral HF,3.47530709290027
P0203,203,50,BOUNDED,Bounded E25,HorizontalILDMAE,Horizontal ILD MAE,0.59669162062822
P0207,207,14,SHOnly,SH only,FullSphereERB,Full-sphere ERB,2.87055408297085
P0207,207,14,SHOnly,SH only,Contralateral25ERB,Contralateral 25-deg ERB,5.15863855669864
P0207,207,14,SHOnly,SH only,ContralateralHighFrequency,Contralateral HF,9.38832664896316
P0207,207,14,SHOnly,SH only,HorizontalILDMAE,Horizontal ILD MAE,4.4393908640713
P0207,207,14,SUpDEqSH,SUpDEq + SH,FullSphereERB,Full-sphere ERB,2.02669493188709
P0207,207,14,SUpDEqSH,SUpDEq + SH,Contralateral25ERB,Contralateral 25-deg ERB,2.95153557530044
P0207,207,14,SUpDEqSH,SUpDEq + SH,ContralateralHighFrequency,Contralateral HF,5.92111262167496
P0207,207,14,SUpDEqSH,SUpDEq + SH,HorizontalILDMAE,Horizontal ILD MAE,1.94750644976907
P0207,207,14,SUpDEqNN,SUpDEq + Natural Neighbor,FullSphereERB,Full-sphere ERB,2.23426761740703
P0207,207,14,SUpDEqNN,SUpDEq + Natural Neighbor,Contralateral25ERB,Contralateral 25-deg ERB,2.21474228500173
P0207,207,14,SUpDEqNN,SUpDEq + Natural Neighbor,ContralateralHighFrequency,Contralateral HF,6.27532259556836
P0207,207,14,SUpDEqNN,SUpDEq + Natural Neighbor,HorizontalILDMAE,Horizontal ILD MAE,1.80815612025491
P0207,207,14,SUpDEqBary,SUpDEq + Barycentric,FullSphereERB,Full-sphere ERB,2.075396003282
P0207,207,14,SUpDEqBary,SUpDEq + Barycentric,Contralateral25ERB,Contralateral 25-deg ERB,2.19500317069351
P0207,207,14,SUpDEqBary,SUpDEq + Barycentric,ContralateralHighFrequency,Contralateral HF,5.89855856389676
P0207,207,14,SUpDEqBary,SUpDEq + Barycentric,HorizontalILDMAE,Horizontal ILD MAE,1.832537672809
P0207,207,14,MCA,MCA,FullSphereERB,Full-sphere ERB,1.39845294227641
P0207,207,14,MCA,MCA,Contralateral25ERB,Contralateral 25-deg ERB,2.3342653429349
P0207,207,14,MCA,MCA,ContralateralHighFrequency,Contralateral HF,5.1480006797505
P0207,207,14,MCA,MCA,HorizontalILDMAE,Horizontal ILD MAE,0.920037513191664
P0207,207,14,MCARv351,MCAR v3.5.1,FullSphereERB,Full-sphere ERB,1.12930644533949
P0207,207,14,MCARv351,MCAR v3.5.1,Contralateral25ERB,Contralateral 25-deg ERB,1.65295039587043
P0207,207,14,MCARv351,MCAR v3.5.1,ContralateralHighFrequency,Contralateral HF,3.95027942110864
P0207,207,14,MCARv351,MCAR v3.5.1,HorizontalILDMAE,Horizontal ILD MAE,0.456058538212634
P0207,207,14,FSPAE,FSP-AE,FullSphereERB,Full-sphere ERB,2.39484401923462
P0207,207,14,FSPAE,FSP-AE,Contralateral25ERB,Contralateral 25-deg ERB,2.29213725164275
P0207,207,14,FSPAE,FSP-AE,ContralateralHighFrequency,Contralateral HF,3.47333005673133
P0207,207,14,FSPAE,FSP-AE,HorizontalILDMAE,Horizontal ILD MAE,2.89202299500213
P0207,207,14,RANF,RANF,FullSphereERB,Full-sphere ERB,1.04921921170416
P0207,207,14,RANF,RANF,Contralateral25ERB,Contralateral 25-deg ERB,1.50050245658437
P0207,207,14,RANF,RANF,ContralateralHighFrequency,Contralateral HF,3.06564734751132
P0207,207,14,RANF,RANF,HorizontalILDMAE,Horizontal ILD MAE,0.697972107841339
P0207,207,14,HYBRID,Hybrid E190,FullSphereERB,Full-sphere ERB,1.15050724479791
P0207,207,14,HYBRID,Hybrid E190,Contralateral25ERB,Contralateral 25-deg ERB,1.65941140966254
P0207,207,14,HYBRID,Hybrid E190,ContralateralHighFrequency,Contralateral HF,3.87022133110089
P0207,207,14,HYBRID,Hybrid E190,HorizontalILDMAE,Horizontal ILD MAE,0.581792790238513
P0207,207,14,BOUNDED,Bounded E25,FullSphereERB,Full-sphere ERB,1.0920036970339
P0207,207,14,BOUNDED,Bounded E25,Contralateral25ERB,Contralateral 25-deg ERB,1.56689984617877
P0207,207,14,BOUNDED,Bounded E25,ContralateralHighFrequency,Contralateral HF,3.76614240082928
P0207,207,14,BOUNDED,Bounded E25,HorizontalILDMAE,Horizontal ILD MAE,0.41045993529585
P0207,207,26,SHOnly,SH only,FullSphereERB,Full-sphere ERB,2.59647225757626
P0207,207,26,SHOnly,SH only,Contralateral25ERB,Contralateral 25-deg ERB,4.12781240045364
P0207,207,26,SHOnly,SH only,ContralateralHighFrequency,Contralateral HF,8.1628900988061
P0207,207,26,SHOnly,SH only,HorizontalILDMAE,Horizontal ILD MAE,4.28073748149298
P0207,207,26,SUpDEqSH,SUpDEq + SH,FullSphereERB,Full-sphere ERB,1.97238240539937
P0207,207,26,SUpDEqSH,SUpDEq + SH,Contralateral25ERB,Contralateral 25-deg ERB,2.30183074363233
P0207,207,26,SUpDEqSH,SUpDEq + SH,ContralateralHighFrequency,Contralateral HF,5.66376406540681
P0207,207,26,SUpDEqSH,SUpDEq + SH,HorizontalILDMAE,Horizontal ILD MAE,1.58695386374312
P0207,207,26,SUpDEqNN,SUpDEq + Natural Neighbor,FullSphereERB,Full-sphere ERB,2.01793796691241
P0207,207,26,SUpDEqNN,SUpDEq + Natural Neighbor,Contralateral25ERB,Contralateral 25-deg ERB,2.16685049892741
P0207,207,26,SUpDEqNN,SUpDEq + Natural Neighbor,ContralateralHighFrequency,Contralateral HF,5.79266929496924
P0207,207,26,SUpDEqNN,SUpDEq + Natural Neighbor,HorizontalILDMAE,Horizontal ILD MAE,1.22802169229631
P0207,207,26,SUpDEqBary,SUpDEq + Barycentric,FullSphereERB,Full-sphere ERB,1.93234700950866
P0207,207,26,SUpDEqBary,SUpDEq + Barycentric,Contralateral25ERB,Contralateral 25-deg ERB,2.14840798382102
P0207,207,26,SUpDEqBary,SUpDEq + Barycentric,ContralateralHighFrequency,Contralateral HF,5.57466998667648
P0207,207,26,SUpDEqBary,SUpDEq + Barycentric,HorizontalILDMAE,Horizontal ILD MAE,1.28748399418826
P0207,207,26,MCA,MCA,FullSphereERB,Full-sphere ERB,1.15530057654267
P0207,207,26,MCA,MCA,Contralateral25ERB,Contralateral 25-deg ERB,1.91655418859213
P0207,207,26,MCA,MCA,ContralateralHighFrequency,Contralateral HF,4.57764790475028
P0207,207,26,MCA,MCA,HorizontalILDMAE,Horizontal ILD MAE,0.788970419212178
P0207,207,26,MCARv351,MCAR v3.5.1,FullSphereERB,Full-sphere ERB,0.844503341362726
P0207,207,26,MCARv351,MCAR v3.5.1,Contralateral25ERB,Contralateral 25-deg ERB,1.4060902845577
P0207,207,26,MCARv351,MCAR v3.5.1,ContralateralHighFrequency,Contralateral HF,3.2159228722902
P0207,207,26,MCARv351,MCAR v3.5.1,HorizontalILDMAE,Horizontal ILD MAE,0.423300815297147
P0207,207,26,FSPAE,FSP-AE,FullSphereERB,Full-sphere ERB,1.02534394499873
P0207,207,26,FSPAE,FSP-AE,Contralateral25ERB,Contralateral 25-deg ERB,1.62237117891854
P0207,207,26,FSPAE,FSP-AE,ContralateralHighFrequency,Contralateral HF,2.80000916466187
P0207,207,26,FSPAE,FSP-AE,HorizontalILDMAE,Horizontal ILD MAE,0.475141051052867
P0207,207,26,RANF,RANF,FullSphereERB,Full-sphere ERB,1.0105588768497
P0207,207,26,RANF,RANF,Contralateral25ERB,Contralateral 25-deg ERB,1.74897219653062
P0207,207,26,RANF,RANF,ContralateralHighFrequency,Contralateral HF,3.08184842386277
P0207,207,26,RANF,RANF,HorizontalILDMAE,Horizontal ILD MAE,0.992428078254908
P0207,207,26,HYBRID,Hybrid E190,FullSphereERB,Full-sphere ERB,0.811298817002663
P0207,207,26,HYBRID,Hybrid E190,Contralateral25ERB,Contralateral 25-deg ERB,1.17015330105729
P0207,207,26,HYBRID,Hybrid E190,ContralateralHighFrequency,Contralateral HF,3.11728176379992
P0207,207,26,HYBRID,Hybrid E190,HorizontalILDMAE,Horizontal ILD MAE,0.46324315863074
P0207,207,26,BOUNDED,Bounded E25,FullSphereERB,Full-sphere ERB,0.798567431835748
P0207,207,26,BOUNDED,Bounded E25,Contralateral25ERB,Contralateral 25-deg ERB,1.23140434409512
P0207,207,26,BOUNDED,Bounded E25,ContralateralHighFrequency,Contralateral HF,3.11565506966535
P0207,207,26,BOUNDED,Bounded E25,HorizontalILDMAE,Horizontal ILD MAE,0.386142229174838
P0207,207,50,SHOnly,SH only,FullSphereERB,Full-sphere ERB,2.91006995122557
P0207,207,50,SHOnly,SH only,Contralateral25ERB,Contralateral 25-deg ERB,3.80602928027105
P0207,207,50,SHOnly,SH only,ContralateralHighFrequency,Contralateral HF,6.97990059479659
P0207,207,50,SHOnly,SH only,HorizontalILDMAE,Horizontal ILD MAE,4.94172455070882
P0207,207,50,SUpDEqSH,SUpDEq + SH,FullSphereERB,Full-sphere ERB,2.17638289838628
P0207,207,50,SUpDEqSH,SUpDEq + SH,Contralateral25ERB,Contralateral 25-deg ERB,2.28455582452372
P0207,207,50,SUpDEqSH,SUpDEq + SH,ContralateralHighFrequency,Contralateral HF,6.45974403078867
P0207,207,50,SUpDEqSH,SUpDEq + SH,HorizontalILDMAE,Horizontal ILD MAE,1.74219875617023
P0207,207,50,SUpDEqNN,SUpDEq + Natural Neighbor,FullSphereERB,Full-sphere ERB,1.82069945557377
P0207,207,50,SUpDEqNN,SUpDEq + Natural Neighbor,Contralateral25ERB,Contralateral 25-deg ERB,1.94970789903074
P0207,207,50,SUpDEqNN,SUpDEq + Natural Neighbor,ContralateralHighFrequency,Contralateral HF,5.86163265848775
P0207,207,50,SUpDEqNN,SUpDEq + Natural Neighbor,HorizontalILDMAE,Horizontal ILD MAE,1.14590017319727
P0207,207,50,SUpDEqBary,SUpDEq + Barycentric,FullSphereERB,Full-sphere ERB,1.64652111780299
P0207,207,50,SUpDEqBary,SUpDEq + Barycentric,Contralateral25ERB,Contralateral 25-deg ERB,1.8842046613297
P0207,207,50,SUpDEqBary,SUpDEq + Barycentric,ContralateralHighFrequency,Contralateral HF,5.49963099558104
P0207,207,50,SUpDEqBary,SUpDEq + Barycentric,HorizontalILDMAE,Horizontal ILD MAE,1.10924053255589
P0207,207,50,MCA,MCA,FullSphereERB,Full-sphere ERB,1.05160224438268
P0207,207,50,MCA,MCA,Contralateral25ERB,Contralateral 25-deg ERB,1.64620256066454
P0207,207,50,MCA,MCA,ContralateralHighFrequency,Contralateral HF,4.4494321794766
P0207,207,50,MCA,MCA,HorizontalILDMAE,Horizontal ILD MAE,0.841711364405504
P0207,207,50,MCARv351,MCAR v3.5.1,FullSphereERB,Full-sphere ERB,0.871706605715423
P0207,207,50,MCARv351,MCAR v3.5.1,Contralateral25ERB,Contralateral 25-deg ERB,1.39206863460221
P0207,207,50,MCARv351,MCAR v3.5.1,ContralateralHighFrequency,Contralateral HF,3.32331940712704
P0207,207,50,MCARv351,MCAR v3.5.1,HorizontalILDMAE,Horizontal ILD MAE,0.631624953393409
P0207,207,50,FSPAE,FSP-AE,FullSphereERB,Full-sphere ERB,2.15851373398629
P0207,207,50,FSPAE,FSP-AE,Contralateral25ERB,Contralateral 25-deg ERB,1.93513568471898
P0207,207,50,FSPAE,FSP-AE,ContralateralHighFrequency,Contralateral HF,3.51919490623269
P0207,207,50,FSPAE,FSP-AE,HorizontalILDMAE,Horizontal ILD MAE,1.26327718707128
P0207,207,50,RANF,RANF,FullSphereERB,Full-sphere ERB,0.965141132723518
P0207,207,50,RANF,RANF,Contralateral25ERB,Contralateral 25-deg ERB,1.66596932673731
P0207,207,50,RANF,RANF,ContralateralHighFrequency,Contralateral HF,2.9055646691326
P0207,207,50,RANF,RANF,HorizontalILDMAE,Horizontal ILD MAE,0.67504802757169
P0207,207,50,HYBRID,Hybrid E190,FullSphereERB,Full-sphere ERB,0.821567417151594
P0207,207,50,HYBRID,Hybrid E190,Contralateral25ERB,Contralateral 25-deg ERB,1.18838072567287
P0207,207,50,HYBRID,Hybrid E190,ContralateralHighFrequency,Contralateral HF,3.09416390875757
P0207,207,50,HYBRID,Hybrid E190,HorizontalILDMAE,Horizontal ILD MAE,0.657550574702577
P0207,207,50,BOUNDED,Bounded E25,FullSphereERB,Full-sphere ERB,0.824530951529982
P0207,207,50,BOUNDED,Bounded E25,Contralateral25ERB,Contralateral 25-deg ERB,1.2527664581522
P0207,207,50,BOUNDED,Bounded E25,ContralateralHighFrequency,Contralateral HF,3.20099444111571
P0207,207,50,BOUNDED,Bounded E25,HorizontalILDMAE,Horizontal ILD MAE,0.628783163544151
P0208,208,14,SHOnly,SH only,FullSphereERB,Full-sphere ERB,2.76879399631669
P0208,208,14,SHOnly,SH only,Contralateral25ERB,Contralateral 25-deg ERB,4.74227998006031
P0208,208,14,SHOnly,SH only,ContralateralHighFrequency,Contralateral HF,10.2803044062948
P0208,208,14,SHOnly,SH only,HorizontalILDMAE,Horizontal ILD MAE,3.79669889065411
P0208,208,14,SUpDEqSH,SUpDEq + SH,FullSphereERB,Full-sphere ERB,2.06250544415966
P0208,208,14,SUpDEqSH,SUpDEq + SH,Contralateral25ERB,Contralateral 25-deg ERB,2.57745868837942
P0208,208,14,SUpDEqSH,SUpDEq + SH,ContralateralHighFrequency,Contralateral HF,6.60695527654489
P0208,208,14,SUpDEqSH,SUpDEq + SH,HorizontalILDMAE,Horizontal ILD MAE,1.62926956076348
P0208,208,14,SUpDEqNN,SUpDEq + Natural Neighbor,FullSphereERB,Full-sphere ERB,2.16717737955476
P0208,208,14,SUpDEqNN,SUpDEq + Natural Neighbor,Contralateral25ERB,Contralateral 25-deg ERB,2.51074067558313
P0208,208,14,SUpDEqNN,SUpDEq + Natural Neighbor,ContralateralHighFrequency,Contralateral HF,5.71966429400865
P0208,208,14,SUpDEqNN,SUpDEq + Natural Neighbor,HorizontalILDMAE,Horizontal ILD MAE,1.48679418291016
P0208,208,14,SUpDEqBary,SUpDEq + Barycentric,FullSphereERB,Full-sphere ERB,2.06216160048298
P0208,208,14,SUpDEqBary,SUpDEq + Barycentric,Contralateral25ERB,Contralateral 25-deg ERB,2.50717354601861
P0208,208,14,SUpDEqBary,SUpDEq + Barycentric,ContralateralHighFrequency,Contralateral HF,5.52801048273959
P0208,208,14,SUpDEqBary,SUpDEq + Barycentric,HorizontalILDMAE,Horizontal ILD MAE,1.53664792177626
P0208,208,14,MCA,MCA,FullSphereERB,Full-sphere ERB,1.34918541171906
P0208,208,14,MCA,MCA,Contralateral25ERB,Contralateral 25-deg ERB,2.36024531734142
P0208,208,14,MCA,MCA,ContralateralHighFrequency,Contralateral HF,5.35876441173961
P0208,208,14,MCA,MCA,HorizontalILDMAE,Horizontal ILD MAE,1.32340447699334
P0208,208,14,MCARv351,MCAR v3.5.1,FullSphereERB,Full-sphere ERB,1.09673506774708
P0208,208,14,MCARv351,MCAR v3.5.1,Contralateral25ERB,Contralateral 25-deg ERB,1.72111303116341
P0208,208,14,MCARv351,MCAR v3.5.1,ContralateralHighFrequency,Contralateral HF,4.09370852899459
P0208,208,14,MCARv351,MCAR v3.5.1,HorizontalILDMAE,Horizontal ILD MAE,0.759860003233262
P0208,208,14,FSPAE,FSP-AE,FullSphereERB,Full-sphere ERB,2.43882245089156
P0208,208,14,FSPAE,FSP-AE,Contralateral25ERB,Contralateral 25-deg ERB,2.27272039033914
P0208,208,14,FSPAE,FSP-AE,ContralateralHighFrequency,Contralateral HF,3.78345769507363
P0208,208,14,FSPAE,FSP-AE,HorizontalILDMAE,Horizontal ILD MAE,3.44467670836327
P0208,208,14,RANF,RANF,FullSphereERB,Full-sphere ERB,1.02038625885839
P0208,208,14,RANF,RANF,Contralateral25ERB,Contralateral 25-deg ERB,1.35256728775919
P0208,208,14,RANF,RANF,ContralateralHighFrequency,Contralateral HF,3.51078312888552
P0208,208,14,RANF,RANF,HorizontalILDMAE,Horizontal ILD MAE,0.671997397839535
P0208,208,14,HYBRID,Hybrid E190,FullSphereERB,Full-sphere ERB,1.03821851807025
P0208,208,14,HYBRID,Hybrid E190,Contralateral25ERB,Contralateral 25-deg ERB,1.46518043699882
P0208,208,14,HYBRID,Hybrid E190,ContralateralHighFrequency,Contralateral HF,3.99196517306664
P0208,208,14,HYBRID,Hybrid E190,HorizontalILDMAE,Horizontal ILD MAE,0.559661320799775
P0208,208,14,BOUNDED,Bounded E25,FullSphereERB,Full-sphere ERB,1.02842747774406
P0208,208,14,BOUNDED,Bounded E25,Contralateral25ERB,Contralateral 25-deg ERB,1.46973396252618
P0208,208,14,BOUNDED,Bounded E25,ContralateralHighFrequency,Contralateral HF,3.93919981696526
P0208,208,14,BOUNDED,Bounded E25,HorizontalILDMAE,Horizontal ILD MAE,0.454166341060399
P0208,208,26,SHOnly,SH only,FullSphereERB,Full-sphere ERB,2.51449801703131
P0208,208,26,SHOnly,SH only,Contralateral25ERB,Contralateral 25-deg ERB,3.77245596037279
P0208,208,26,SHOnly,SH only,ContralateralHighFrequency,Contralateral HF,8.89085521402244
P0208,208,26,SHOnly,SH only,HorizontalILDMAE,Horizontal ILD MAE,2.80054061892211
P0208,208,26,SUpDEqSH,SUpDEq + SH,FullSphereERB,Full-sphere ERB,1.84825294400865
P0208,208,26,SUpDEqSH,SUpDEq + SH,Contralateral25ERB,Contralateral 25-deg ERB,2.33144154754696
P0208,208,26,SUpDEqSH,SUpDEq + SH,ContralateralHighFrequency,Contralateral HF,6.33543169912252
P0208,208,26,SUpDEqSH,SUpDEq + SH,HorizontalILDMAE,Horizontal ILD MAE,1.31571967838718
P0208,208,26,SUpDEqNN,SUpDEq + Natural Neighbor,FullSphereERB,Full-sphere ERB,1.85740519718954
P0208,208,26,SUpDEqNN,SUpDEq + Natural Neighbor,Contralateral25ERB,Contralateral 25-deg ERB,2.20934102103485
P0208,208,26,SUpDEqNN,SUpDEq + Natural Neighbor,ContralateralHighFrequency,Contralateral HF,5.61670235879237
P0208,208,26,SUpDEqNN,SUpDEq + Natural Neighbor,HorizontalILDMAE,Horizontal ILD MAE,0.994358091125851
P0208,208,26,SUpDEqBary,SUpDEq + Barycentric,FullSphereERB,Full-sphere ERB,1.80284018393805
P0208,208,26,SUpDEqBary,SUpDEq + Barycentric,Contralateral25ERB,Contralateral 25-deg ERB,2.15353807683973
P0208,208,26,SUpDEqBary,SUpDEq + Barycentric,ContralateralHighFrequency,Contralateral HF,5.42569346794572
P0208,208,26,SUpDEqBary,SUpDEq + Barycentric,HorizontalILDMAE,Horizontal ILD MAE,1.01904159475177
P0208,208,26,MCA,MCA,FullSphereERB,Full-sphere ERB,1.09508866643961
P0208,208,26,MCA,MCA,Contralateral25ERB,Contralateral 25-deg ERB,1.76927484222355
P0208,208,26,MCA,MCA,ContralateralHighFrequency,Contralateral HF,4.96005747582522
P0208,208,26,MCA,MCA,HorizontalILDMAE,Horizontal ILD MAE,0.825717115882004
P0208,208,26,MCARv351,MCAR v3.5.1,FullSphereERB,Full-sphere ERB,0.812510203366703
P0208,208,26,MCARv351,MCAR v3.5.1,Contralateral25ERB,Contralateral 25-deg ERB,1.26678266815005
P0208,208,26,MCARv351,MCAR v3.5.1,ContralateralHighFrequency,Contralateral HF,3.50077239844686
P0208,208,26,MCARv351,MCAR v3.5.1,HorizontalILDMAE,Horizontal ILD MAE,0.465844087513223
P0208,208,26,FSPAE,FSP-AE,FullSphereERB,Full-sphere ERB,1.05401575420377
P0208,208,26,FSPAE,FSP-AE,Contralateral25ERB,Contralateral 25-deg ERB,1.5544413734001
P0208,208,26,FSPAE,FSP-AE,ContralateralHighFrequency,Contralateral HF,2.86387949070101
P0208,208,26,FSPAE,FSP-AE,HorizontalILDMAE,Horizontal ILD MAE,0.495353361549774
P0208,208,26,RANF,RANF,FullSphereERB,Full-sphere ERB,1.04164031538359
P0208,208,26,RANF,RANF,Contralateral25ERB,Contralateral 25-deg ERB,1.65509416218323
P0208,208,26,RANF,RANF,ContralateralHighFrequency,Contralateral HF,3.28816902026202
P0208,208,26,RANF,RANF,HorizontalILDMAE,Horizontal ILD MAE,0.904214835078442
P0208,208,26,HYBRID,Hybrid E190,FullSphereERB,Full-sphere ERB,0.775795195209749
P0208,208,26,HYBRID,Hybrid E190,Contralateral25ERB,Contralateral 25-deg ERB,1.07381591174526
P0208,208,26,HYBRID,Hybrid E190,ContralateralHighFrequency,Contralateral HF,3.5502072436724
P0208,208,26,HYBRID,Hybrid E190,HorizontalILDMAE,Horizontal ILD MAE,0.641990534516266
P0208,208,26,BOUNDED,Bounded E25,FullSphereERB,Full-sphere ERB,0.770218909912625
P0208,208,26,BOUNDED,Bounded E25,Contralateral25ERB,Contralateral 25-deg ERB,1.09042560253874
P0208,208,26,BOUNDED,Bounded E25,ContralateralHighFrequency,Contralateral HF,3.49908051778488
P0208,208,26,BOUNDED,Bounded E25,HorizontalILDMAE,Horizontal ILD MAE,0.456231076707369
P0208,208,50,SHOnly,SH only,FullSphereERB,Full-sphere ERB,2.76501204136795
P0208,208,50,SHOnly,SH only,Contralateral25ERB,Contralateral 25-deg ERB,3.40225932625382
P0208,208,50,SHOnly,SH only,ContralateralHighFrequency,Contralateral HF,7.5283641062098
P0208,208,50,SHOnly,SH only,HorizontalILDMAE,Horizontal ILD MAE,3.60434466267021
P0208,208,50,SUpDEqSH,SUpDEq + SH,FullSphereERB,Full-sphere ERB,1.94996989985087
P0208,208,50,SUpDEqSH,SUpDEq + SH,Contralateral25ERB,Contralateral 25-deg ERB,2.40603192464795
P0208,208,50,SUpDEqSH,SUpDEq + SH,ContralateralHighFrequency,Contralateral HF,6.01035785065563
P0208,208,50,SUpDEqSH,SUpDEq + SH,HorizontalILDMAE,Horizontal ILD MAE,1.43126933055748
P0208,208,50,SUpDEqNN,SUpDEq + Natural Neighbor,FullSphereERB,Full-sphere ERB,1.68600263515289
P0208,208,50,SUpDEqNN,SUpDEq + Natural Neighbor,Contralateral25ERB,Contralateral 25-deg ERB,2.28182681739788
P0208,208,50,SUpDEqNN,SUpDEq + Natural Neighbor,ContralateralHighFrequency,Contralateral HF,5.6242327333541
P0208,208,50,SUpDEqNN,SUpDEq + Natural Neighbor,HorizontalILDMAE,Horizontal ILD MAE,0.863370744168666
P0208,208,50,SUpDEqBary,SUpDEq + Barycentric,FullSphereERB,Full-sphere ERB,1.55024321132798
P0208,208,50,SUpDEqBary,SUpDEq + Barycentric,Contralateral25ERB,Contralateral 25-deg ERB,2.14886668872936
P0208,208,50,SUpDEqBary,SUpDEq + Barycentric,ContralateralHighFrequency,Contralateral HF,5.24713497055046
P0208,208,50,SUpDEqBary,SUpDEq + Barycentric,HorizontalILDMAE,Horizontal ILD MAE,0.932360651073229
P0208,208,50,MCA,MCA,FullSphereERB,Full-sphere ERB,1.01786009991988
P0208,208,50,MCA,MCA,Contralateral25ERB,Contralateral 25-deg ERB,1.70490478791088
P0208,208,50,MCA,MCA,ContralateralHighFrequency,Contralateral HF,4.70174041151893
P0208,208,50,MCA,MCA,HorizontalILDMAE,Horizontal ILD MAE,0.787396073575411
P0208,208,50,MCARv351,MCAR v3.5.1,FullSphereERB,Full-sphere ERB,0.830486460379375
P0208,208,50,MCARv351,MCAR v3.5.1,Contralateral25ERB,Contralateral 25-deg ERB,1.31987976853729
P0208,208,50,MCARv351,MCAR v3.5.1,ContralateralHighFrequency,Contralateral HF,3.43801306828329
P0208,208,50,MCARv351,MCAR v3.5.1,HorizontalILDMAE,Horizontal ILD MAE,0.578995193720736
P0208,208,50,FSPAE,FSP-AE,FullSphereERB,Full-sphere ERB,2.10201865602831
P0208,208,50,FSPAE,FSP-AE,Contralateral25ERB,Contralateral 25-deg ERB,1.79857544725294
P0208,208,50,FSPAE,FSP-AE,ContralateralHighFrequency,Contralateral HF,3.45010300311799
P0208,208,50,FSPAE,FSP-AE,HorizontalILDMAE,Horizontal ILD MAE,1.30557184715705
P0208,208,50,RANF,RANF,FullSphereERB,Full-sphere ERB,1.05757630128746
P0208,208,50,RANF,RANF,Contralateral25ERB,Contralateral 25-deg ERB,1.7229179596796
P0208,208,50,RANF,RANF,ContralateralHighFrequency,Contralateral HF,3.04180764773538
P0208,208,50,RANF,RANF,HorizontalILDMAE,Horizontal ILD MAE,1.13719616608491
P0208,208,50,HYBRID,Hybrid E190,FullSphereERB,Full-sphere ERB,0.786553902467527
P0208,208,50,HYBRID,Hybrid E190,Contralateral25ERB,Contralateral 25-deg ERB,1.06587109239125
P0208,208,50,HYBRID,Hybrid E190,ContralateralHighFrequency,Contralateral HF,3.50038504143634
P0208,208,50,HYBRID,Hybrid E190,HorizontalILDMAE,Horizontal ILD MAE,0.818044146357478
P0208,208,50,BOUNDED,Bounded E25,FullSphereERB,Full-sphere ERB,0.793404590210922
P0208,208,50,BOUNDED,Bounded E25,Contralateral25ERB,Contralateral 25-deg ERB,1.13116186384694
P0208,208,50,BOUNDED,Bounded E25,ContralateralHighFrequency,Contralateral HF,3.49364650036259
P0208,208,50,BOUNDED,Bounded E25,HorizontalILDMAE,Horizontal ILD MAE,0.644016018338155
P0221,221,14,SHOnly,SH only,FullSphereERB,Full-sphere ERB,2.8323822387071
P0221,221,14,SHOnly,SH only,Contralateral25ERB,Contralateral 25-deg ERB,5.10709491370157
P0221,221,14,SHOnly,SH only,ContralateralHighFrequency,Contralateral HF,10.7065480308689
P0221,221,14,SHOnly,SH only,HorizontalILDMAE,Horizontal ILD MAE,4.54035135970962
P0221,221,14,SUpDEqSH,SUpDEq + SH,FullSphereERB,Full-sphere ERB,1.8696324788024
P0221,221,14,SUpDEqSH,SUpDEq + SH,Contralateral25ERB,Contralateral 25-deg ERB,3.03571157925128
P0221,221,14,SUpDEqSH,SUpDEq + SH,ContralateralHighFrequency,Contralateral HF,6.41501948710625
P0221,221,14,SUpDEqSH,SUpDEq + SH,HorizontalILDMAE,Horizontal ILD MAE,1.69855414702798
P0221,221,14,SUpDEqNN,SUpDEq + Natural Neighbor,FullSphereERB,Full-sphere ERB,2.16996112758733
P0221,221,14,SUpDEqNN,SUpDEq + Natural Neighbor,Contralateral25ERB,Contralateral 25-deg ERB,2.8422813186905
P0221,221,14,SUpDEqNN,SUpDEq + Natural Neighbor,ContralateralHighFrequency,Contralateral HF,5.9115813021463
P0221,221,14,SUpDEqNN,SUpDEq + Natural Neighbor,HorizontalILDMAE,Horizontal ILD MAE,1.9298409617266
P0221,221,14,SUpDEqBary,SUpDEq + Barycentric,FullSphereERB,Full-sphere ERB,2.0487140364731
P0221,221,14,SUpDEqBary,SUpDEq + Barycentric,Contralateral25ERB,Contralateral 25-deg ERB,2.85947777682928
P0221,221,14,SUpDEqBary,SUpDEq + Barycentric,ContralateralHighFrequency,Contralateral HF,5.85801788634469
P0221,221,14,SUpDEqBary,SUpDEq + Barycentric,HorizontalILDMAE,Horizontal ILD MAE,1.83555584366782
P0221,221,14,MCA,MCA,FullSphereERB,Full-sphere ERB,1.34694937037001
P0221,221,14,MCA,MCA,Contralateral25ERB,Contralateral 25-deg ERB,2.4275554467225
P0221,221,14,MCA,MCA,ContralateralHighFrequency,Contralateral HF,5.20662247243988
P0221,221,14,MCA,MCA,HorizontalILDMAE,Horizontal ILD MAE,1.01924801079411
P0221,221,14,MCARv351,MCAR v3.5.1,FullSphereERB,Full-sphere ERB,1.14916803660253
P0221,221,14,MCARv351,MCAR v3.5.1,Contralateral25ERB,Contralateral 25-deg ERB,1.91968517183307
P0221,221,14,MCARv351,MCAR v3.5.1,ContralateralHighFrequency,Contralateral HF,4.37596652850415
P0221,221,14,MCARv351,MCAR v3.5.1,HorizontalILDMAE,Horizontal ILD MAE,0.955707582079018
P0221,221,14,FSPAE,FSP-AE,FullSphereERB,Full-sphere ERB,2.33575214099268
P0221,221,14,FSPAE,FSP-AE,Contralateral25ERB,Contralateral 25-deg ERB,2.45914928450299
P0221,221,14,FSPAE,FSP-AE,ContralateralHighFrequency,Contralateral HF,4.31547135411684
P0221,221,14,FSPAE,FSP-AE,HorizontalILDMAE,Horizontal ILD MAE,2.15339109941136
P0221,221,14,RANF,RANF,FullSphereERB,Full-sphere ERB,1.15089964822959
P0221,221,14,RANF,RANF,Contralateral25ERB,Contralateral 25-deg ERB,1.61233990700442
P0221,221,14,RANF,RANF,ContralateralHighFrequency,Contralateral HF,3.81673158054304
P0221,221,14,RANF,RANF,HorizontalILDMAE,Horizontal ILD MAE,1.06715960053382
P0221,221,14,HYBRID,Hybrid E190,FullSphereERB,Full-sphere ERB,1.09093909419367
P0221,221,14,HYBRID,Hybrid E190,Contralateral25ERB,Contralateral 25-deg ERB,1.7121038037397
P0221,221,14,HYBRID,Hybrid E190,ContralateralHighFrequency,Contralateral HF,4.10105682667701
P0221,221,14,HYBRID,Hybrid E190,HorizontalILDMAE,Horizontal ILD MAE,0.764943372906213
P0221,221,14,BOUNDED,Bounded E25,FullSphereERB,Full-sphere ERB,1.08828527876977
P0221,221,14,BOUNDED,Bounded E25,Contralateral25ERB,Contralateral 25-deg ERB,1.77341126496059
P0221,221,14,BOUNDED,Bounded E25,ContralateralHighFrequency,Contralateral HF,4.1560724130004
P0221,221,14,BOUNDED,Bounded E25,HorizontalILDMAE,Horizontal ILD MAE,0.836517366132379
P0221,221,26,SHOnly,SH only,FullSphereERB,Full-sphere ERB,2.59290620103998
P0221,221,26,SHOnly,SH only,Contralateral25ERB,Contralateral 25-deg ERB,4.07528382837713
P0221,221,26,SHOnly,SH only,ContralateralHighFrequency,Contralateral HF,8.80112530528853
P0221,221,26,SHOnly,SH only,HorizontalILDMAE,Horizontal ILD MAE,3.88687760647889
P0221,221,26,SUpDEqSH,SUpDEq + SH,FullSphereERB,Full-sphere ERB,1.70148594168569
P0221,221,26,SUpDEqSH,SUpDEq + SH,Contralateral25ERB,Contralateral 25-deg ERB,2.36025132947551
P0221,221,26,SUpDEqSH,SUpDEq + SH,ContralateralHighFrequency,Contralateral HF,5.8469384553913
P0221,221,26,SUpDEqSH,SUpDEq + SH,HorizontalILDMAE,Horizontal ILD MAE,1.77230794166648
P0221,221,26,SUpDEqNN,SUpDEq + Natural Neighbor,FullSphereERB,Full-sphere ERB,1.68440658721617
P0221,221,26,SUpDEqNN,SUpDEq + Natural Neighbor,Contralateral25ERB,Contralateral 25-deg ERB,2.18981870326487
P0221,221,26,SUpDEqNN,SUpDEq + Natural Neighbor,ContralateralHighFrequency,Contralateral HF,5.25755552432323
P0221,221,26,SUpDEqNN,SUpDEq + Natural Neighbor,HorizontalILDMAE,Horizontal ILD MAE,2.1092276259935
P0221,221,26,SUpDEqBary,SUpDEq + Barycentric,FullSphereERB,Full-sphere ERB,1.598976738149
P0221,221,26,SUpDEqBary,SUpDEq + Barycentric,Contralateral25ERB,Contralateral 25-deg ERB,2.18636682168857
P0221,221,26,SUpDEqBary,SUpDEq + Barycentric,ContralateralHighFrequency,Contralateral HF,5.24002690801535
P0221,221,26,SUpDEqBary,SUpDEq + Barycentric,HorizontalILDMAE,Horizontal ILD MAE,1.91533249762513
P0221,221,26,MCA,MCA,FullSphereERB,Full-sphere ERB,1.07607603758167
P0221,221,26,MCA,MCA,Contralateral25ERB,Contralateral 25-deg ERB,1.72684294867802
P0221,221,26,MCA,MCA,ContralateralHighFrequency,Contralateral HF,4.83503038342936
P0221,221,26,MCA,MCA,HorizontalILDMAE,Horizontal ILD MAE,0.676366246932537
P0221,221,26,MCARv351,MCAR v3.5.1,FullSphereERB,Full-sphere ERB,0.850679694102541
P0221,221,26,MCARv351,MCAR v3.5.1,Contralateral25ERB,Contralateral 25-deg ERB,1.36793833047856
P0221,221,26,MCARv351,MCAR v3.5.1,ContralateralHighFrequency,Contralateral HF,3.73338401673743
P0221,221,26,MCARv351,MCAR v3.5.1,HorizontalILDMAE,Horizontal ILD MAE,0.668259882841047
P0221,221,26,FSPAE,FSP-AE,FullSphereERB,Full-sphere ERB,1.14480142973624
P0221,221,26,FSPAE,FSP-AE,Contralateral25ERB,Contralateral 25-deg ERB,1.91943390064338
P0221,221,26,FSPAE,FSP-AE,ContralateralHighFrequency,Contralateral HF,3.35739907178233
P0221,221,26,FSPAE,FSP-AE,HorizontalILDMAE,Horizontal ILD MAE,0.890695720592521
P0221,221,26,RANF,RANF,FullSphereERB,Full-sphere ERB,1.17234293733113
P0221,221,26,RANF,RANF,Contralateral25ERB,Contralateral 25-deg ERB,1.71122846453952
P0221,221,26,RANF,RANF,ContralateralHighFrequency,Contralateral HF,3.63650835791729
P0221,221,26,RANF,RANF,HorizontalILDMAE,Horizontal ILD MAE,0.88707145350986
P0221,221,26,HYBRID,Hybrid E190,FullSphereERB,Full-sphere ERB,0.853712739986989
P0221,221,26,HYBRID,Hybrid E190,Contralateral25ERB,Contralateral 25-deg ERB,1.35528197185851
P0221,221,26,HYBRID,Hybrid E190,ContralateralHighFrequency,Contralateral HF,3.67310621394475
P0221,221,26,HYBRID,Hybrid E190,HorizontalILDMAE,Horizontal ILD MAE,0.725944554311022
P0221,221,26,BOUNDED,Bounded E25,FullSphereERB,Full-sphere ERB,0.833364002352941
P0221,221,26,BOUNDED,Bounded E25,Contralateral25ERB,Contralateral 25-deg ERB,1.33104169286744
P0221,221,26,BOUNDED,Bounded E25,ContralateralHighFrequency,Contralateral HF,3.69367149090598
P0221,221,26,BOUNDED,Bounded E25,HorizontalILDMAE,Horizontal ILD MAE,0.66418975097221
P0221,221,50,SHOnly,SH only,FullSphereERB,Full-sphere ERB,3.02366036955216
P0221,221,50,SHOnly,SH only,Contralateral25ERB,Contralateral 25-deg ERB,3.34018501661734
P0221,221,50,SHOnly,SH only,ContralateralHighFrequency,Contralateral HF,7.39640836785672
P0221,221,50,SHOnly,SH only,HorizontalILDMAE,Horizontal ILD MAE,3.57644252887907
P0221,221,50,SUpDEqSH,SUpDEq + SH,FullSphereERB,Full-sphere ERB,1.9948574796575
P0221,221,50,SUpDEqSH,SUpDEq + SH,Contralateral25ERB,Contralateral 25-deg ERB,2.55416155217813
P0221,221,50,SUpDEqSH,SUpDEq + SH,ContralateralHighFrequency,Contralateral HF,6.51297955194666
P0221,221,50,SUpDEqSH,SUpDEq + SH,HorizontalILDMAE,Horizontal ILD MAE,1.92571563249272
P0221,221,50,SUpDEqNN,SUpDEq + Natural Neighbor,FullSphereERB,Full-sphere ERB,1.61690261978306
P0221,221,50,SUpDEqNN,SUpDEq + Natural Neighbor,Contralateral25ERB,Contralateral 25-deg ERB,2.03461028624692
P0221,221,50,SUpDEqNN,SUpDEq + Natural Neighbor,ContralateralHighFrequency,Contralateral HF,5.8545933813153
P0221,221,50,SUpDEqNN,SUpDEq + Natural Neighbor,HorizontalILDMAE,Horizontal ILD MAE,1.95103454486788
P0221,221,50,SUpDEqBary,SUpDEq + Barycentric,FullSphereERB,Full-sphere ERB,1.48218234315296
P0221,221,50,SUpDEqBary,SUpDEq + Barycentric,Contralateral25ERB,Contralateral 25-deg ERB,2.00431634260947
P0221,221,50,SUpDEqBary,SUpDEq + Barycentric,ContralateralHighFrequency,Contralateral HF,5.46773059231248
P0221,221,50,SUpDEqBary,SUpDEq + Barycentric,HorizontalILDMAE,Horizontal ILD MAE,1.97710393751878
P0221,221,50,MCA,MCA,FullSphereERB,Full-sphere ERB,1.03283627172374
P0221,221,50,MCA,MCA,Contralateral25ERB,Contralateral 25-deg ERB,1.75135458402404
P0221,221,50,MCA,MCA,ContralateralHighFrequency,Contralateral HF,4.84693949518143
P0221,221,50,MCA,MCA,HorizontalILDMAE,Horizontal ILD MAE,0.692216404917176
P0221,221,50,MCARv351,MCAR v3.5.1,FullSphereERB,Full-sphere ERB,0.893903670334583
P0221,221,50,MCARv351,MCAR v3.5.1,Contralateral25ERB,Contralateral 25-deg ERB,1.4898995768303
P0221,221,50,MCARv351,MCAR v3.5.1,ContralateralHighFrequency,Contralateral HF,3.72433381729623
P0221,221,50,MCARv351,MCAR v3.5.1,HorizontalILDMAE,Horizontal ILD MAE,0.665544238129712
P0221,221,50,FSPAE,FSP-AE,FullSphereERB,Full-sphere ERB,2.03202193611752
P0221,221,50,FSPAE,FSP-AE,Contralateral25ERB,Contralateral 25-deg ERB,2.17117985718436
P0221,221,50,FSPAE,FSP-AE,ContralateralHighFrequency,Contralateral HF,3.69977086822224
P0221,221,50,FSPAE,FSP-AE,HorizontalILDMAE,Horizontal ILD MAE,1.03378307117455
P0221,221,50,RANF,RANF,FullSphereERB,Full-sphere ERB,1.04432533413738
P0221,221,50,RANF,RANF,Contralateral25ERB,Contralateral 25-deg ERB,1.60858424745096
P0221,221,50,RANF,RANF,ContralateralHighFrequency,Contralateral HF,3.41117061489989
P0221,221,50,RANF,RANF,HorizontalILDMAE,Horizontal ILD MAE,0.765035817048934
P0221,221,50,HYBRID,Hybrid E190,FullSphereERB,Full-sphere ERB,0.88789350071614
P0221,221,50,HYBRID,Hybrid E190,Contralateral25ERB,Contralateral 25-deg ERB,1.48785810353902
P0221,221,50,HYBRID,Hybrid E190,ContralateralHighFrequency,Contralateral HF,3.67676718579096
P0221,221,50,HYBRID,Hybrid E190,HorizontalILDMAE,Horizontal ILD MAE,0.681547957865233
P0221,221,50,BOUNDED,Bounded E25,FullSphereERB,Full-sphere ERB,0.879463584177917
P0221,221,50,BOUNDED,Bounded E25,Contralateral25ERB,Contralateral 25-deg ERB,1.46736110842429
P0221,221,50,BOUNDED,Bounded E25,ContralateralHighFrequency,Contralateral HF,3.75177521993543
P0221,221,50,BOUNDED,Bounded E25,HorizontalILDMAE,Horizontal ILD MAE,0.674881432291688
P0230,230,14,SHOnly,SH only,FullSphereERB,Full-sphere ERB,2.90534171347854
P0230,230,14,SHOnly,SH only,Contralateral25ERB,Contralateral 25-deg ERB,5.17422321293049
P0230,230,14,SHOnly,SH only,ContralateralHighFrequency,Contralateral HF,12.5575429850569
P0230,230,14,SHOnly,SH only,HorizontalILDMAE,Horizontal ILD MAE,4.92363112160851
P0230,230,14,SUpDEqSH,SUpDEq + SH,FullSphereERB,Full-sphere ERB,1.7479450642618
P0230,230,14,SUpDEqSH,SUpDEq + SH,Contralateral25ERB,Contralateral 25-deg ERB,2.44358274578507
P0230,230,14,SUpDEqSH,SUpDEq + SH,ContralateralHighFrequency,Contralateral HF,7.44459434475725
P0230,230,14,SUpDEqSH,SUpDEq + SH,HorizontalILDMAE,Horizontal ILD MAE,1.62041908361484
P0230,230,14,SUpDEqNN,SUpDEq + Natural Neighbor,FullSphereERB,Full-sphere ERB,2.09478071872251
P0230,230,14,SUpDEqNN,SUpDEq + Natural Neighbor,Contralateral25ERB,Contralateral 25-deg ERB,3.07169190999484
P0230,230,14,SUpDEqNN,SUpDEq + Natural Neighbor,ContralateralHighFrequency,Contralateral HF,6.23818833690347
P0230,230,14,SUpDEqNN,SUpDEq + Natural Neighbor,HorizontalILDMAE,Horizontal ILD MAE,1.68116335992147
P0230,230,14,SUpDEqBary,SUpDEq + Barycentric,FullSphereERB,Full-sphere ERB,2.11718174369871
P0230,230,14,SUpDEqBary,SUpDEq + Barycentric,Contralateral25ERB,Contralateral 25-deg ERB,3.03273171857189
P0230,230,14,SUpDEqBary,SUpDEq + Barycentric,ContralateralHighFrequency,Contralateral HF,6.36224707558872
P0230,230,14,SUpDEqBary,SUpDEq + Barycentric,HorizontalILDMAE,Horizontal ILD MAE,1.6221404443534
P0230,230,14,MCA,MCA,FullSphereERB,Full-sphere ERB,1.30609514761461
P0230,230,14,MCA,MCA,Contralateral25ERB,Contralateral 25-deg ERB,2.65088510071034
P0230,230,14,MCA,MCA,ContralateralHighFrequency,Contralateral HF,6.03579675141069
P0230,230,14,MCA,MCA,HorizontalILDMAE,Horizontal ILD MAE,0.787169744917324
P0230,230,14,MCARv351,MCAR v3.5.1,FullSphereERB,Full-sphere ERB,1.14165139077014
P0230,230,14,MCARv351,MCAR v3.5.1,Contralateral25ERB,Contralateral 25-deg ERB,1.86680494332487
P0230,230,14,MCARv351,MCAR v3.5.1,ContralateralHighFrequency,Contralateral HF,5.3184159036326
P0230,230,14,MCARv351,MCAR v3.5.1,HorizontalILDMAE,Horizontal ILD MAE,0.520581606995108
P0230,230,14,FSPAE,FSP-AE,FullSphereERB,Full-sphere ERB,2.18538002371012
P0230,230,14,FSPAE,FSP-AE,Contralateral25ERB,Contralateral 25-deg ERB,2.30091983504708
P0230,230,14,FSPAE,FSP-AE,ContralateralHighFrequency,Contralateral HF,4.37529240108415
P0230,230,14,FSPAE,FSP-AE,HorizontalILDMAE,Horizontal ILD MAE,2.55071813103558
P0230,230,14,RANF,RANF,FullSphereERB,Full-sphere ERB,1.01968237201108
P0230,230,14,RANF,RANF,Contralateral25ERB,Contralateral 25-deg ERB,1.37253191373662
P0230,230,14,RANF,RANF,ContralateralHighFrequency,Contralateral HF,3.69224426829309
P0230,230,14,RANF,RANF,HorizontalILDMAE,Horizontal ILD MAE,0.624140629408498
P0230,230,14,HYBRID,Hybrid E190,FullSphereERB,Full-sphere ERB,1.03899921528498
P0230,230,14,HYBRID,Hybrid E190,Contralateral25ERB,Contralateral 25-deg ERB,1.49836057739126
P0230,230,14,HYBRID,Hybrid E190,ContralateralHighFrequency,Contralateral HF,4.73743531956926
P0230,230,14,HYBRID,Hybrid E190,HorizontalILDMAE,Horizontal ILD MAE,0.465141346458722
P0230,230,14,BOUNDED,Bounded E25,FullSphereERB,Full-sphere ERB,1.06368926649448
P0230,230,14,BOUNDED,Bounded E25,Contralateral25ERB,Contralateral 25-deg ERB,1.65381079466972
P0230,230,14,BOUNDED,Bounded E25,ContralateralHighFrequency,Contralateral HF,4.92501418187417
P0230,230,14,BOUNDED,Bounded E25,HorizontalILDMAE,Horizontal ILD MAE,0.478933303821943
P0230,230,26,SHOnly,SH only,FullSphereERB,Full-sphere ERB,2.71044985113473
P0230,230,26,SHOnly,SH only,Contralateral25ERB,Contralateral 25-deg ERB,4.07203793264017
P0230,230,26,SHOnly,SH only,ContralateralHighFrequency,Contralateral HF,9.92895393497768
P0230,230,26,SHOnly,SH only,HorizontalILDMAE,Horizontal ILD MAE,4.16886883312154
P0230,230,26,SUpDEqSH,SUpDEq + SH,FullSphereERB,Full-sphere ERB,1.66711355792959
P0230,230,26,SUpDEqSH,SUpDEq + SH,Contralateral25ERB,Contralateral 25-deg ERB,2.20255584421919
P0230,230,26,SUpDEqSH,SUpDEq + SH,ContralateralHighFrequency,Contralateral HF,6.65777407662892
P0230,230,26,SUpDEqSH,SUpDEq + SH,HorizontalILDMAE,Horizontal ILD MAE,1.66088069679473
P0230,230,26,SUpDEqNN,SUpDEq + Natural Neighbor,FullSphereERB,Full-sphere ERB,1.69529165016298
P0230,230,26,SUpDEqNN,SUpDEq + Natural Neighbor,Contralateral25ERB,Contralateral 25-deg ERB,2.228308104975
P0230,230,26,SUpDEqNN,SUpDEq + Natural Neighbor,ContralateralHighFrequency,Contralateral HF,5.81032257641895
P0230,230,26,SUpDEqNN,SUpDEq + Natural Neighbor,HorizontalILDMAE,Horizontal ILD MAE,1.50404948441658
P0230,230,26,SUpDEqBary,SUpDEq + Barycentric,FullSphereERB,Full-sphere ERB,1.59017505833567
P0230,230,26,SUpDEqBary,SUpDEq + Barycentric,Contralateral25ERB,Contralateral 25-deg ERB,2.18943314637341
P0230,230,26,SUpDEqBary,SUpDEq + Barycentric,ContralateralHighFrequency,Contralateral HF,5.6669828335759
P0230,230,26,SUpDEqBary,SUpDEq + Barycentric,HorizontalILDMAE,Horizontal ILD MAE,1.3900362143042
P0230,230,26,MCA,MCA,FullSphereERB,Full-sphere ERB,0.994366700553295
P0230,230,26,MCA,MCA,Contralateral25ERB,Contralateral 25-deg ERB,1.66722856238558
P0230,230,26,MCA,MCA,ContralateralHighFrequency,Contralateral HF,4.89914091804589
P0230,230,26,MCA,MCA,HorizontalILDMAE,Horizontal ILD MAE,0.64498711292889
P0230,230,26,MCARv351,MCAR v3.5.1,FullSphereERB,Full-sphere ERB,0.758151621471111
P0230,230,26,MCARv351,MCAR v3.5.1,Contralateral25ERB,Contralateral 25-deg ERB,1.23104746401624
P0230,230,26,MCARv351,MCAR v3.5.1,ContralateralHighFrequency,Contralateral HF,3.83356356076333
P0230,230,26,MCARv351,MCAR v3.5.1,HorizontalILDMAE,Horizontal ILD MAE,0.4726893365493
P0230,230,26,FSPAE,FSP-AE,FullSphereERB,Full-sphere ERB,1.00803926240954
P0230,230,26,FSPAE,FSP-AE,Contralateral25ERB,Contralateral 25-deg ERB,1.68481462627524
P0230,230,26,FSPAE,FSP-AE,ContralateralHighFrequency,Contralateral HF,3.31558996968445
P0230,230,26,FSPAE,FSP-AE,HorizontalILDMAE,Horizontal ILD MAE,0.569186864118936
P0230,230,26,RANF,RANF,FullSphereERB,Full-sphere ERB,0.965214007705895
P0230,230,26,RANF,RANF,Contralateral25ERB,Contralateral 25-deg ERB,1.29894386123134
P0230,230,26,RANF,RANF,ContralateralHighFrequency,Contralateral HF,3.55512842790024
P0230,230,26,RANF,RANF,HorizontalILDMAE,Horizontal ILD MAE,0.592525344982783
P0230,230,26,HYBRID,Hybrid E190,FullSphereERB,Full-sphere ERB,0.71081919045099
P0230,230,26,HYBRID,Hybrid E190,Contralateral25ERB,Contralateral 25-deg ERB,1.05675990703975
P0230,230,26,HYBRID,Hybrid E190,ContralateralHighFrequency,Contralateral HF,3.72244185682519
P0230,230,26,HYBRID,Hybrid E190,HorizontalILDMAE,Horizontal ILD MAE,0.572088299031425
P0230,230,26,BOUNDED,Bounded E25,FullSphereERB,Full-sphere ERB,0.718343359467613
P0230,230,26,BOUNDED,Bounded E25,Contralateral25ERB,Contralateral 25-deg ERB,1.11004919233405
P0230,230,26,BOUNDED,Bounded E25,ContralateralHighFrequency,Contralateral HF,3.79922857822734
P0230,230,26,BOUNDED,Bounded E25,HorizontalILDMAE,Horizontal ILD MAE,0.491181296270089
P0230,230,50,SHOnly,SH only,FullSphereERB,Full-sphere ERB,2.92383589227384
P0230,230,50,SHOnly,SH only,Contralateral25ERB,Contralateral 25-deg ERB,3.66329562972107
P0230,230,50,SHOnly,SH only,ContralateralHighFrequency,Contralateral HF,7.89649275150533
P0230,230,50,SHOnly,SH only,HorizontalILDMAE,Horizontal ILD MAE,4.28324624818657
P0230,230,50,SUpDEqSH,SUpDEq + SH,FullSphereERB,Full-sphere ERB,1.81312133322645
P0230,230,50,SUpDEqSH,SUpDEq + SH,Contralateral25ERB,Contralateral 25-deg ERB,2.558934885702
P0230,230,50,SUpDEqSH,SUpDEq + SH,ContralateralHighFrequency,Contralateral HF,6.66034901963404
P0230,230,50,SUpDEqSH,SUpDEq + SH,HorizontalILDMAE,Horizontal ILD MAE,1.4920172897733
P0230,230,50,SUpDEqNN,SUpDEq + Natural Neighbor,FullSphereERB,Full-sphere ERB,1.4497104964516
P0230,230,50,SUpDEqNN,SUpDEq + Natural Neighbor,Contralateral25ERB,Contralateral 25-deg ERB,2.15124170592965
P0230,230,50,SUpDEqNN,SUpDEq + Natural Neighbor,ContralateralHighFrequency,Contralateral HF,5.94157031706865
P0230,230,50,SUpDEqNN,SUpDEq + Natural Neighbor,HorizontalILDMAE,Horizontal ILD MAE,1.0693174682002
P0230,230,50,SUpDEqBary,SUpDEq + Barycentric,FullSphereERB,Full-sphere ERB,1.34504296212289
P0230,230,50,SUpDEqBary,SUpDEq + Barycentric,Contralateral25ERB,Contralateral 25-deg ERB,2.08117063272844
P0230,230,50,SUpDEqBary,SUpDEq + Barycentric,ContralateralHighFrequency,Contralateral HF,5.54549473637302
P0230,230,50,SUpDEqBary,SUpDEq + Barycentric,HorizontalILDMAE,Horizontal ILD MAE,1.11839242121993
P0230,230,50,MCA,MCA,FullSphereERB,Full-sphere ERB,0.946778783868198
P0230,230,50,MCA,MCA,Contralateral25ERB,Contralateral 25-deg ERB,1.6312026388093
P0230,230,50,MCA,MCA,ContralateralHighFrequency,Contralateral HF,4.84061409304085
P0230,230,50,MCA,MCA,HorizontalILDMAE,Horizontal ILD MAE,0.78097779193214
P0230,230,50,MCARv351,MCAR v3.5.1,FullSphereERB,Full-sphere ERB,0.794158937938108
P0230,230,50,MCARv351,MCAR v3.5.1,Contralateral25ERB,Contralateral 25-deg ERB,1.29226909048026
P0230,230,50,MCARv351,MCAR v3.5.1,ContralateralHighFrequency,Contralateral HF,3.78689238693186
P0230,230,50,MCARv351,MCAR v3.5.1,HorizontalILDMAE,Horizontal ILD MAE,0.564089648682198
P0230,230,50,FSPAE,FSP-AE,FullSphereERB,Full-sphere ERB,1.927585553485
P0230,230,50,FSPAE,FSP-AE,Contralateral25ERB,Contralateral 25-deg ERB,1.96888353339277
P0230,230,50,FSPAE,FSP-AE,ContralateralHighFrequency,Contralateral HF,3.93310572586679
P0230,230,50,FSPAE,FSP-AE,HorizontalILDMAE,Horizontal ILD MAE,1.07326316022638
P0230,230,50,RANF,RANF,FullSphereERB,Full-sphere ERB,1.06591279977846
P0230,230,50,RANF,RANF,Contralateral25ERB,Contralateral 25-deg ERB,1.80819889483631
P0230,230,50,RANF,RANF,ContralateralHighFrequency,Contralateral HF,3.31167534444217
P0230,230,50,RANF,RANF,HorizontalILDMAE,Horizontal ILD MAE,0.830797861721362
P0230,230,50,HYBRID,Hybrid E190,FullSphereERB,Full-sphere ERB,0.743011140268239
P0230,230,50,HYBRID,Hybrid E190,Contralateral25ERB,Contralateral 25-deg ERB,1.1276898818626
P0230,230,50,HYBRID,Hybrid E190,ContralateralHighFrequency,Contralateral HF,3.74047332818592
P0230,230,50,HYBRID,Hybrid E190,HorizontalILDMAE,Horizontal ILD MAE,0.529547933001025
P0230,230,50,BOUNDED,Bounded E25,FullSphereERB,Full-sphere ERB,0.752591969277758
P0230,230,50,BOUNDED,Bounded E25,Contralateral25ERB,Contralateral 25-deg ERB,1.1995921320127
P0230,230,50,BOUNDED,Bounded E25,ContralateralHighFrequency,Contralateral HF,3.82613954275736
P0230,230,50,BOUNDED,Bounded E25,HorizontalILDMAE,Horizontal ILD MAE,0.522066128623639
P0242,242,14,SHOnly,SH only,FullSphereERB,Full-sphere ERB,2.82737501589465
P0242,242,14,SHOnly,SH only,Contralateral25ERB,Contralateral 25-deg ERB,5.21773738713328
P0242,242,14,SHOnly,SH only,ContralateralHighFrequency,Contralateral HF,10.3870144332824
P0242,242,14,SHOnly,SH only,HorizontalILDMAE,Horizontal ILD MAE,3.69162412157105
P0242,242,14,SUpDEqSH,SUpDEq + SH,FullSphereERB,Full-sphere ERB,1.68332621725371
P0242,242,14,SUpDEqSH,SUpDEq + SH,Contralateral25ERB,Contralateral 25-deg ERB,2.59758562843925
P0242,242,14,SUpDEqSH,SUpDEq + SH,ContralateralHighFrequency,Contralateral HF,5.49663599947232
P0242,242,14,SUpDEqSH,SUpDEq + SH,HorizontalILDMAE,Horizontal ILD MAE,1.31155855989175
P0242,242,14,SUpDEqNN,SUpDEq + Natural Neighbor,FullSphereERB,Full-sphere ERB,1.9638905435099
P0242,242,14,SUpDEqNN,SUpDEq + Natural Neighbor,Contralateral25ERB,Contralateral 25-deg ERB,2.86566014857028
P0242,242,14,SUpDEqNN,SUpDEq + Natural Neighbor,ContralateralHighFrequency,Contralateral HF,5.30629521786352
P0242,242,14,SUpDEqNN,SUpDEq + Natural Neighbor,HorizontalILDMAE,Horizontal ILD MAE,1.22558537558622
P0242,242,14,SUpDEqBary,SUpDEq + Barycentric,FullSphereERB,Full-sphere ERB,1.917748239102
P0242,242,14,SUpDEqBary,SUpDEq + Barycentric,Contralateral25ERB,Contralateral 25-deg ERB,2.84696858122847
P0242,242,14,SUpDEqBary,SUpDEq + Barycentric,ContralateralHighFrequency,Contralateral HF,5.29774384137698
P0242,242,14,SUpDEqBary,SUpDEq + Barycentric,HorizontalILDMAE,Horizontal ILD MAE,1.20965089215571
P0242,242,14,MCA,MCA,FullSphereERB,Full-sphere ERB,1.38533788857204
P0242,242,14,MCA,MCA,Contralateral25ERB,Contralateral 25-deg ERB,2.81429216403115
P0242,242,14,MCA,MCA,ContralateralHighFrequency,Contralateral HF,5.36170084970973
P0242,242,14,MCA,MCA,HorizontalILDMAE,Horizontal ILD MAE,1.25984039447814
P0242,242,14,MCARv351,MCAR v3.5.1,FullSphereERB,Full-sphere ERB,1.2021047619977
P0242,242,14,MCARv351,MCAR v3.5.1,Contralateral25ERB,Contralateral 25-deg ERB,2.06237509258692
P0242,242,14,MCARv351,MCAR v3.5.1,ContralateralHighFrequency,Contralateral HF,4.50638627861384
P0242,242,14,MCARv351,MCAR v3.5.1,HorizontalILDMAE,Horizontal ILD MAE,0.744090275319277
P0242,242,14,FSPAE,FSP-AE,FullSphereERB,Full-sphere ERB,2.05611620283214
P0242,242,14,FSPAE,FSP-AE,Contralateral25ERB,Contralateral 25-deg ERB,2.65930448780016
P0242,242,14,FSPAE,FSP-AE,ContralateralHighFrequency,Contralateral HF,4.08014940249921
P0242,242,14,FSPAE,FSP-AE,HorizontalILDMAE,Horizontal ILD MAE,1.66784303647809
P0242,242,14,RANF,RANF,FullSphereERB,Full-sphere ERB,1.17845179318385
P0242,242,14,RANF,RANF,Contralateral25ERB,Contralateral 25-deg ERB,2.04825666341636
P0242,242,14,RANF,RANF,ContralateralHighFrequency,Contralateral HF,3.66800502354663
P0242,242,14,RANF,RANF,HorizontalILDMAE,Horizontal ILD MAE,0.737841593480595
P0242,242,14,HYBRID,Hybrid E190,FullSphereERB,Full-sphere ERB,1.12372771186567
P0242,242,14,HYBRID,Hybrid E190,Contralateral25ERB,Contralateral 25-deg ERB,1.7003637785516
P0242,242,14,HYBRID,Hybrid E190,ContralateralHighFrequency,Contralateral HF,4.33496870304198
P0242,242,14,HYBRID,Hybrid E190,HorizontalILDMAE,Horizontal ILD MAE,0.742474230918659
P0242,242,14,BOUNDED,Bounded E25,FullSphereERB,Full-sphere ERB,1.13002545426693
P0242,242,14,BOUNDED,Bounded E25,Contralateral25ERB,Contralateral 25-deg ERB,1.83461203505538
P0242,242,14,BOUNDED,Bounded E25,ContralateralHighFrequency,Contralateral HF,4.2846945471658
P0242,242,14,BOUNDED,Bounded E25,HorizontalILDMAE,Horizontal ILD MAE,0.654405157843673
P0242,242,26,SHOnly,SH only,FullSphereERB,Full-sphere ERB,2.62573324516289
P0242,242,26,SHOnly,SH only,Contralateral25ERB,Contralateral 25-deg ERB,3.76975097901725
P0242,242,26,SHOnly,SH only,ContralateralHighFrequency,Contralateral HF,8.65675928225327
P0242,242,26,SHOnly,SH only,HorizontalILDMAE,Horizontal ILD MAE,3.73326846153261
P0242,242,26,SUpDEqSH,SUpDEq + SH,FullSphereERB,Full-sphere ERB,1.51928540056644
P0242,242,26,SUpDEqSH,SUpDEq + SH,Contralateral25ERB,Contralateral 25-deg ERB,2.68965397747236
P0242,242,26,SUpDEqSH,SUpDEq + SH,ContralateralHighFrequency,Contralateral HF,5.65203579918321
P0242,242,26,SUpDEqSH,SUpDEq + SH,HorizontalILDMAE,Horizontal ILD MAE,1.35856102863028
P0242,242,26,SUpDEqNN,SUpDEq + Natural Neighbor,FullSphereERB,Full-sphere ERB,1.63710521441533
P0242,242,26,SUpDEqNN,SUpDEq + Natural Neighbor,Contralateral25ERB,Contralateral 25-deg ERB,2.69178033502376
P0242,242,26,SUpDEqNN,SUpDEq + Natural Neighbor,ContralateralHighFrequency,Contralateral HF,5.78813612735704
P0242,242,26,SUpDEqNN,SUpDEq + Natural Neighbor,HorizontalILDMAE,Horizontal ILD MAE,1.28150993728494
P0242,242,26,SUpDEqBary,SUpDEq + Barycentric,FullSphereERB,Full-sphere ERB,1.57916671515053
P0242,242,26,SUpDEqBary,SUpDEq + Barycentric,Contralateral25ERB,Contralateral 25-deg ERB,2.60659967537141
P0242,242,26,SUpDEqBary,SUpDEq + Barycentric,ContralateralHighFrequency,Contralateral HF,5.6824877134534
P0242,242,26,SUpDEqBary,SUpDEq + Barycentric,HorizontalILDMAE,Horizontal ILD MAE,1.29846374944802
P0242,242,26,MCA,MCA,FullSphereERB,Full-sphere ERB,1.16350533808604
P0242,242,26,MCA,MCA,Contralateral25ERB,Contralateral 25-deg ERB,2.0678164728301
P0242,242,26,MCA,MCA,ContralateralHighFrequency,Contralateral HF,4.92865286900346
P0242,242,26,MCA,MCA,HorizontalILDMAE,Horizontal ILD MAE,1.01547978675583
P0242,242,26,MCARv351,MCAR v3.5.1,FullSphereERB,Full-sphere ERB,0.946238360079643
P0242,242,26,MCARv351,MCAR v3.5.1,Contralateral25ERB,Contralateral 25-deg ERB,1.62185648958794
P0242,242,26,MCARv351,MCAR v3.5.1,ContralateralHighFrequency,Contralateral HF,3.90033072090391
P0242,242,26,MCARv351,MCAR v3.5.1,HorizontalILDMAE,Horizontal ILD MAE,0.813799257100589
P0242,242,26,FSPAE,FSP-AE,FullSphereERB,Full-sphere ERB,1.30394494490216
P0242,242,26,FSPAE,FSP-AE,Contralateral25ERB,Contralateral 25-deg ERB,2.00889585092752
P0242,242,26,FSPAE,FSP-AE,ContralateralHighFrequency,Contralateral HF,3.13891609741215
P0242,242,26,FSPAE,FSP-AE,HorizontalILDMAE,Horizontal ILD MAE,0.518244926149964
P0242,242,26,RANF,RANF,FullSphereERB,Full-sphere ERB,1.16459383674292
P0242,242,26,RANF,RANF,Contralateral25ERB,Contralateral 25-deg ERB,2.22902219956308
P0242,242,26,RANF,RANF,ContralateralHighFrequency,Contralateral HF,3.69964834359121
P0242,242,26,RANF,RANF,HorizontalILDMAE,Horizontal ILD MAE,1.02021936252866
P0242,242,26,HYBRID,Hybrid E190,FullSphereERB,Full-sphere ERB,0.887648292079857
P0242,242,26,HYBRID,Hybrid E190,Contralateral25ERB,Contralateral 25-deg ERB,1.42806262488584
P0242,242,26,HYBRID,Hybrid E190,ContralateralHighFrequency,Contralateral HF,3.73875788221046
P0242,242,26,HYBRID,Hybrid E190,HorizontalILDMAE,Horizontal ILD MAE,0.83755108997679
P0242,242,26,BOUNDED,Bounded E25,FullSphereERB,Full-sphere ERB,0.903018141011685
P0242,242,26,BOUNDED,Bounded E25,Contralateral25ERB,Contralateral 25-deg ERB,1.51388086727266
P0242,242,26,BOUNDED,Bounded E25,ContralateralHighFrequency,Contralateral HF,3.81453822481964
P0242,242,26,BOUNDED,Bounded E25,HorizontalILDMAE,Horizontal ILD MAE,0.811287052129087
P0242,242,50,SHOnly,SH only,FullSphereERB,Full-sphere ERB,2.84221422182593
P0242,242,50,SHOnly,SH only,Contralateral25ERB,Contralateral 25-deg ERB,3.67285184106015
P0242,242,50,SHOnly,SH only,ContralateralHighFrequency,Contralateral HF,7.6107350526245
P0242,242,50,SHOnly,SH only,HorizontalILDMAE,Horizontal ILD MAE,3.73421445241297
P0242,242,50,SUpDEqSH,SUpDEq + SH,FullSphereERB,Full-sphere ERB,1.63001211236241
P0242,242,50,SUpDEqSH,SUpDEq + SH,Contralateral25ERB,Contralateral 25-deg ERB,2.91023572147773
P0242,242,50,SUpDEqSH,SUpDEq + SH,ContralateralHighFrequency,Contralateral HF,6.00522203754176
P0242,242,50,SUpDEqSH,SUpDEq + SH,HorizontalILDMAE,Horizontal ILD MAE,1.47580220896412
P0242,242,50,SUpDEqNN,SUpDEq + Natural Neighbor,FullSphereERB,Full-sphere ERB,1.40979946605056
P0242,242,50,SUpDEqNN,SUpDEq + Natural Neighbor,Contralateral25ERB,Contralateral 25-deg ERB,2.731465573318
P0242,242,50,SUpDEqNN,SUpDEq + Natural Neighbor,ContralateralHighFrequency,Contralateral HF,5.6680980182165
P0242,242,50,SUpDEqNN,SUpDEq + Natural Neighbor,HorizontalILDMAE,Horizontal ILD MAE,0.986132703549616
P0242,242,50,SUpDEqBary,SUpDEq + Barycentric,FullSphereERB,Full-sphere ERB,1.27790468709627
P0242,242,50,SUpDEqBary,SUpDEq + Barycentric,Contralateral25ERB,Contralateral 25-deg ERB,2.56729878737994
P0242,242,50,SUpDEqBary,SUpDEq + Barycentric,ContralateralHighFrequency,Contralateral HF,5.40455760456201
P0242,242,50,SUpDEqBary,SUpDEq + Barycentric,HorizontalILDMAE,Horizontal ILD MAE,1.14170436139496
P0242,242,50,MCA,MCA,FullSphereERB,Full-sphere ERB,1.02232742804884
P0242,242,50,MCA,MCA,Contralateral25ERB,Contralateral 25-deg ERB,1.89097812983317
P0242,242,50,MCA,MCA,ContralateralHighFrequency,Contralateral HF,4.70659074125436
P0242,242,50,MCA,MCA,HorizontalILDMAE,Horizontal ILD MAE,0.666356980362395
P0242,242,50,MCARv351,MCAR v3.5.1,FullSphereERB,Full-sphere ERB,0.910383701942081
P0242,242,50,MCARv351,MCAR v3.5.1,Contralateral25ERB,Contralateral 25-deg ERB,1.51990793313207
P0242,242,50,MCARv351,MCAR v3.5.1,ContralateralHighFrequency,Contralateral HF,3.8570021220766
P0242,242,50,MCARv351,MCAR v3.5.1,HorizontalILDMAE,Horizontal ILD MAE,0.650225465868939
P0242,242,50,FSPAE,FSP-AE,FullSphereERB,Full-sphere ERB,2.10227086891368
P0242,242,50,FSPAE,FSP-AE,Contralateral25ERB,Contralateral 25-deg ERB,2.3464690985579
P0242,242,50,FSPAE,FSP-AE,ContralateralHighFrequency,Contralateral HF,3.77358228917906
P0242,242,50,FSPAE,FSP-AE,HorizontalILDMAE,Horizontal ILD MAE,1.21316383356848
P0242,242,50,RANF,RANF,FullSphereERB,Full-sphere ERB,1.06415143461666
P0242,242,50,RANF,RANF,Contralateral25ERB,Contralateral 25-deg ERB,1.97972184419883
P0242,242,50,RANF,RANF,ContralateralHighFrequency,Contralateral HF,3.39033841193893
P0242,242,50,RANF,RANF,HorizontalILDMAE,Horizontal ILD MAE,0.704309644315101
P0242,242,50,HYBRID,Hybrid E190,FullSphereERB,Full-sphere ERB,0.880487980107433
P0242,242,50,HYBRID,Hybrid E190,Contralateral25ERB,Contralateral 25-deg ERB,1.44457014950034
P0242,242,50,HYBRID,Hybrid E190,ContralateralHighFrequency,Contralateral HF,3.74595011207688
P0242,242,50,HYBRID,Hybrid E190,HorizontalILDMAE,Horizontal ILD MAE,0.726084588673654
P0242,242,50,BOUNDED,Bounded E25,FullSphereERB,Full-sphere ERB,0.881391420783604
P0242,242,50,BOUNDED,Bounded E25,Contralateral25ERB,Contralateral 25-deg ERB,1.47360808707329
P0242,242,50,BOUNDED,Bounded E25,ContralateralHighFrequency,Contralateral HF,3.80847854609372
P0242,242,50,BOUNDED,Bounded E25,HorizontalILDMAE,Horizontal ILD MAE,0.655613829201932
P0256,256,14,SHOnly,SH only,FullSphereERB,Full-sphere ERB,2.65055500202249
P0256,256,14,SHOnly,SH only,Contralateral25ERB,Contralateral 25-deg ERB,5.6038912826898
P0256,256,14,SHOnly,SH only,ContralateralHighFrequency,Contralateral HF,9.3996272146502
P0256,256,14,SHOnly,SH only,HorizontalILDMAE,Horizontal ILD MAE,4.27095581701146
P0256,256,14,SUpDEqSH,SUpDEq + SH,FullSphereERB,Full-sphere ERB,1.6317630797975
P0256,256,14,SUpDEqSH,SUpDEq + SH,Contralateral25ERB,Contralateral 25-deg ERB,2.6809975313328
P0256,256,14,SUpDEqSH,SUpDEq + SH,ContralateralHighFrequency,Contralateral HF,5.78112260697872
P0256,256,14,SUpDEqSH,SUpDEq + SH,HorizontalILDMAE,Horizontal ILD MAE,1.38219751440946
P0256,256,14,SUpDEqNN,SUpDEq + Natural Neighbor,FullSphereERB,Full-sphere ERB,1.81609912947292
P0256,256,14,SUpDEqNN,SUpDEq + Natural Neighbor,Contralateral25ERB,Contralateral 25-deg ERB,2.29229392728816
P0256,256,14,SUpDEqNN,SUpDEq + Natural Neighbor,ContralateralHighFrequency,Contralateral HF,5.84707539039497
P0256,256,14,SUpDEqNN,SUpDEq + Natural Neighbor,HorizontalILDMAE,Horizontal ILD MAE,1.75539632927622
P0256,256,14,SUpDEqBary,SUpDEq + Barycentric,FullSphereERB,Full-sphere ERB,1.7561431541873
P0256,256,14,SUpDEqBary,SUpDEq + Barycentric,Contralateral25ERB,Contralateral 25-deg ERB,2.29923396412873
P0256,256,14,SUpDEqBary,SUpDEq + Barycentric,ContralateralHighFrequency,Contralateral HF,5.75022248742651
P0256,256,14,SUpDEqBary,SUpDEq + Barycentric,HorizontalILDMAE,Horizontal ILD MAE,1.6739733629985
P0256,256,14,MCA,MCA,FullSphereERB,Full-sphere ERB,1.35888058050115
P0256,256,14,MCA,MCA,Contralateral25ERB,Contralateral 25-deg ERB,2.59665983204367
P0256,256,14,MCA,MCA,ContralateralHighFrequency,Contralateral HF,5.372111635932
P0256,256,14,MCA,MCA,HorizontalILDMAE,Horizontal ILD MAE,1.2538181424916
P0256,256,14,MCARv351,MCAR v3.5.1,FullSphereERB,Full-sphere ERB,1.1456463201628
P0256,256,14,MCARv351,MCAR v3.5.1,Contralateral25ERB,Contralateral 25-deg ERB,1.72269652654541
P0256,256,14,MCARv351,MCAR v3.5.1,ContralateralHighFrequency,Contralateral HF,4.16782801895868
P0256,256,14,MCARv351,MCAR v3.5.1,HorizontalILDMAE,Horizontal ILD MAE,0.80489640646295
P0256,256,14,FSPAE,FSP-AE,FullSphereERB,Full-sphere ERB,1.97923578485551
P0256,256,14,FSPAE,FSP-AE,Contralateral25ERB,Contralateral 25-deg ERB,2.77601112072793
P0256,256,14,FSPAE,FSP-AE,ContralateralHighFrequency,Contralateral HF,4.15016632207736
P0256,256,14,FSPAE,FSP-AE,HorizontalILDMAE,Horizontal ILD MAE,1.40787593663182
P0256,256,14,RANF,RANF,FullSphereERB,Full-sphere ERB,1.13837448015343
P0256,256,14,RANF,RANF,Contralateral25ERB,Contralateral 25-deg ERB,1.62977115089508
P0256,256,14,RANF,RANF,ContralateralHighFrequency,Contralateral HF,3.72484262947609
P0256,256,14,RANF,RANF,HorizontalILDMAE,Horizontal ILD MAE,0.787694043228826
P0256,256,14,HYBRID,Hybrid E190,FullSphereERB,Full-sphere ERB,1.08670533674679
P0256,256,14,HYBRID,Hybrid E190,Contralateral25ERB,Contralateral 25-deg ERB,1.63688731466179
P0256,256,14,HYBRID,Hybrid E190,ContralateralHighFrequency,Contralateral HF,4.05777195437904
P0256,256,14,HYBRID,Hybrid E190,HorizontalILDMAE,Horizontal ILD MAE,0.881566796060401
P0256,256,14,BOUNDED,Bounded E25,FullSphereERB,Full-sphere ERB,1.08653151984323
P0256,256,14,BOUNDED,Bounded E25,Contralateral25ERB,Contralateral 25-deg ERB,1.64424595466251
P0256,256,14,BOUNDED,Bounded E25,ContralateralHighFrequency,Contralateral HF,4.05837798032524
P0256,256,14,BOUNDED,Bounded E25,HorizontalILDMAE,Horizontal ILD MAE,0.811368296869394
P0256,256,26,SHOnly,SH only,FullSphereERB,Full-sphere ERB,2.45775773826632
P0256,256,26,SHOnly,SH only,Contralateral25ERB,Contralateral 25-deg ERB,3.47828493862651
P0256,256,26,SHOnly,SH only,ContralateralHighFrequency,Contralateral HF,8.20624848257707
P0256,256,26,SHOnly,SH only,HorizontalILDMAE,Horizontal ILD MAE,3.28293759866058
P0256,256,26,SUpDEqSH,SUpDEq + SH,FullSphereERB,Full-sphere ERB,1.48800833875437
P0256,256,26,SUpDEqSH,SUpDEq + SH,Contralateral25ERB,Contralateral 25-deg ERB,2.16388025943788
P0256,256,26,SUpDEqSH,SUpDEq + SH,ContralateralHighFrequency,Contralateral HF,5.94188439423374
P0256,256,26,SUpDEqSH,SUpDEq + SH,HorizontalILDMAE,Horizontal ILD MAE,1.42218446217349
P0256,256,26,SUpDEqNN,SUpDEq + Natural Neighbor,FullSphereERB,Full-sphere ERB,1.5342577723185
P0256,256,26,SUpDEqNN,SUpDEq + Natural Neighbor,Contralateral25ERB,Contralateral 25-deg ERB,2.24900605432246
P0256,256,26,SUpDEqNN,SUpDEq + Natural Neighbor,ContralateralHighFrequency,Contralateral HF,5.77637808645675
P0256,256,26,SUpDEqNN,SUpDEq + Natural Neighbor,HorizontalILDMAE,Horizontal ILD MAE,1.56292650413534
P0256,256,26,SUpDEqBary,SUpDEq + Barycentric,FullSphereERB,Full-sphere ERB,1.47510965711147
P0256,256,26,SUpDEqBary,SUpDEq + Barycentric,Contralateral25ERB,Contralateral 25-deg ERB,2.17761199306
P0256,256,26,SUpDEqBary,SUpDEq + Barycentric,ContralateralHighFrequency,Contralateral HF,5.60214595065776
P0256,256,26,SUpDEqBary,SUpDEq + Barycentric,HorizontalILDMAE,Horizontal ILD MAE,1.57799702463925
P0256,256,26,MCA,MCA,FullSphereERB,Full-sphere ERB,1.07572724244121
P0256,256,26,MCA,MCA,Contralateral25ERB,Contralateral 25-deg ERB,1.74901976227728
P0256,256,26,MCA,MCA,ContralateralHighFrequency,Contralateral HF,5.04667767753059
P0256,256,26,MCA,MCA,HorizontalILDMAE,Horizontal ILD MAE,0.989550078503648
P0256,256,26,MCARv351,MCAR v3.5.1,FullSphereERB,Full-sphere ERB,0.836181921148844
P0256,256,26,MCARv351,MCAR v3.5.1,Contralateral25ERB,Contralateral 25-deg ERB,1.27927894767467
P0256,256,26,MCARv351,MCAR v3.5.1,ContralateralHighFrequency,Contralateral HF,3.68732644887071
P0256,256,26,MCARv351,MCAR v3.5.1,HorizontalILDMAE,Horizontal ILD MAE,0.678417767376844
P0256,256,26,FSPAE,FSP-AE,FullSphereERB,Full-sphere ERB,1.30644654359829
P0256,256,26,FSPAE,FSP-AE,Contralateral25ERB,Contralateral 25-deg ERB,2.08770721114509
P0256,256,26,FSPAE,FSP-AE,ContralateralHighFrequency,Contralateral HF,3.55107411750955
P0256,256,26,FSPAE,FSP-AE,HorizontalILDMAE,Horizontal ILD MAE,0.639132533188703
P0256,256,26,RANF,RANF,FullSphereERB,Full-sphere ERB,1.07189650715068
P0256,256,26,RANF,RANF,Contralateral25ERB,Contralateral 25-deg ERB,1.83729578096424
P0256,256,26,RANF,RANF,ContralateralHighFrequency,Contralateral HF,3.62041687012223
P0256,256,26,RANF,RANF,HorizontalILDMAE,Horizontal ILD MAE,0.902386247075732
P0256,256,26,HYBRID,Hybrid E190,FullSphereERB,Full-sphere ERB,0.791449801987523
P0256,256,26,HYBRID,Hybrid E190,Contralateral25ERB,Contralateral 25-deg ERB,1.22040271785546
P0256,256,26,HYBRID,Hybrid E190,ContralateralHighFrequency,Contralateral HF,3.65585534577945
P0256,256,26,HYBRID,Hybrid E190,HorizontalILDMAE,Horizontal ILD MAE,0.769084506050452
P0256,256,26,BOUNDED,Bounded E25,FullSphereERB,Full-sphere ERB,0.790412832806394
P0256,256,26,BOUNDED,Bounded E25,Contralateral25ERB,Contralateral 25-deg ERB,1.21197995350521
P0256,256,26,BOUNDED,Bounded E25,ContralateralHighFrequency,Contralateral HF,3.68336088684943
P0256,256,26,BOUNDED,Bounded E25,HorizontalILDMAE,Horizontal ILD MAE,0.702093853508715
P0256,256,50,SHOnly,SH only,FullSphereERB,Full-sphere ERB,2.83355788903687
P0256,256,50,SHOnly,SH only,Contralateral25ERB,Contralateral 25-deg ERB,3.2607585749651
P0256,256,50,SHOnly,SH only,ContralateralHighFrequency,Contralateral HF,7.02304658767982
P0256,256,50,SHOnly,SH only,HorizontalILDMAE,Horizontal ILD MAE,3.59435623211125
P0256,256,50,SUpDEqSH,SUpDEq + SH,FullSphereERB,Full-sphere ERB,1.55463863206513
P0256,256,50,SUpDEqSH,SUpDEq + SH,Contralateral25ERB,Contralateral 25-deg ERB,2.28920534739386
P0256,256,50,SUpDEqSH,SUpDEq + SH,ContralateralHighFrequency,Contralateral HF,6.33272874165666
P0256,256,50,SUpDEqSH,SUpDEq + SH,HorizontalILDMAE,Horizontal ILD MAE,1.57688183910569
P0256,256,50,SUpDEqNN,SUpDEq + Natural Neighbor,FullSphereERB,Full-sphere ERB,1.29274412322836
P0256,256,50,SUpDEqNN,SUpDEq + Natural Neighbor,Contralateral25ERB,Contralateral 25-deg ERB,1.99758801688902
P0256,256,50,SUpDEqNN,SUpDEq + Natural Neighbor,ContralateralHighFrequency,Contralateral HF,5.67346085341303
P0256,256,50,SUpDEqNN,SUpDEq + Natural Neighbor,HorizontalILDMAE,Horizontal ILD MAE,1.27448242002065
P0256,256,50,SUpDEqBary,SUpDEq + Barycentric,FullSphereERB,Full-sphere ERB,1.21706847896051
P0256,256,50,SUpDEqBary,SUpDEq + Barycentric,Contralateral25ERB,Contralateral 25-deg ERB,1.94261800599144
P0256,256,50,SUpDEqBary,SUpDEq + Barycentric,ContralateralHighFrequency,Contralateral HF,5.43402348136962
P0256,256,50,SUpDEqBary,SUpDEq + Barycentric,HorizontalILDMAE,Horizontal ILD MAE,1.30927650927396
P0256,256,50,MCA,MCA,FullSphereERB,Full-sphere ERB,0.98177922571804
P0256,256,50,MCA,MCA,Contralateral25ERB,Contralateral 25-deg ERB,1.57663095858
P0256,256,50,MCA,MCA,ContralateralHighFrequency,Contralateral HF,4.82045897704637
P0256,256,50,MCA,MCA,HorizontalILDMAE,Horizontal ILD MAE,0.902608778404699
P0256,256,50,MCARv351,MCAR v3.5.1,FullSphereERB,Full-sphere ERB,0.827644251399859
P0256,256,50,MCARv351,MCAR v3.5.1,Contralateral25ERB,Contralateral 25-deg ERB,1.2370902537009
P0256,256,50,MCARv351,MCAR v3.5.1,ContralateralHighFrequency,Contralateral HF,3.61074823052515
P0256,256,50,MCARv351,MCAR v3.5.1,HorizontalILDMAE,Horizontal ILD MAE,0.616286695267878
P0256,256,50,FSPAE,FSP-AE,FullSphereERB,Full-sphere ERB,2.04866078115241
P0256,256,50,FSPAE,FSP-AE,Contralateral25ERB,Contralateral 25-deg ERB,2.33878035862306
P0256,256,50,FSPAE,FSP-AE,ContralateralHighFrequency,Contralateral HF,3.73284499587696
P0256,256,50,FSPAE,FSP-AE,HorizontalILDMAE,Horizontal ILD MAE,1.13846286279737
P0256,256,50,RANF,RANF,FullSphereERB,Full-sphere ERB,1.03172329210793
P0256,256,50,RANF,RANF,Contralateral25ERB,Contralateral 25-deg ERB,1.61942469479872
P0256,256,50,RANF,RANF,ContralateralHighFrequency,Contralateral HF,3.29964393650002
P0256,256,50,RANF,RANF,HorizontalILDMAE,Horizontal ILD MAE,0.80755884551747
P0256,256,50,HYBRID,Hybrid E190,FullSphereERB,Full-sphere ERB,0.803268720067349
P0256,256,50,HYBRID,Hybrid E190,Contralateral25ERB,Contralateral 25-deg ERB,1.19921322004681
P0256,256,50,HYBRID,Hybrid E190,ContralateralHighFrequency,Contralateral HF,3.64152282309074
P0256,256,50,HYBRID,Hybrid E190,HorizontalILDMAE,Horizontal ILD MAE,0.683467488607016
P0256,256,50,BOUNDED,Bounded E25,FullSphereERB,Full-sphere ERB,0.7991330431092
P0256,256,50,BOUNDED,Bounded E25,Contralateral25ERB,Contralateral 25-deg ERB,1.18523975330804
P0256,256,50,BOUNDED,Bounded E25,ContralateralHighFrequency,Contralateral HF,3.68049542470746
P0256,256,50,BOUNDED,Bounded E25,HorizontalILDMAE,Horizontal ILD MAE,0.609340031413243
P0257,257,14,SHOnly,SH only,FullSphereERB,Full-sphere ERB,2.83188733884024
P0257,257,14,SHOnly,SH only,Contralateral25ERB,Contralateral 25-deg ERB,5.06240082340138
P0257,257,14,SHOnly,SH only,ContralateralHighFrequency,Contralateral HF,11.3093566681563
P0257,257,14,SHOnly,SH only,HorizontalILDMAE,Horizontal ILD MAE,4.11350882419846
P0257,257,14,SUpDEqSH,SUpDEq + SH,FullSphereERB,Full-sphere ERB,1.56618489901627
P0257,257,14,SUpDEqSH,SUpDEq + SH,Contralateral25ERB,Contralateral 25-deg ERB,2.77514123445965
P0257,257,14,SUpDEqSH,SUpDEq + SH,ContralateralHighFrequency,Contralateral HF,6.53513151732748
P0257,257,14,SUpDEqSH,SUpDEq + SH,HorizontalILDMAE,Horizontal ILD MAE,1.4810738136612
P0257,257,14,SUpDEqNN,SUpDEq + Natural Neighbor,FullSphereERB,Full-sphere ERB,1.65250691596155
P0257,257,14,SUpDEqNN,SUpDEq + Natural Neighbor,Contralateral25ERB,Contralateral 25-deg ERB,2.47528292532593
P0257,257,14,SUpDEqNN,SUpDEq + Natural Neighbor,ContralateralHighFrequency,Contralateral HF,5.39659465485512
P0257,257,14,SUpDEqNN,SUpDEq + Natural Neighbor,HorizontalILDMAE,Horizontal ILD MAE,1.76543108865416
P0257,257,14,SUpDEqBary,SUpDEq + Barycentric,FullSphereERB,Full-sphere ERB,1.65411333148647
P0257,257,14,SUpDEqBary,SUpDEq + Barycentric,Contralateral25ERB,Contralateral 25-deg ERB,2.46617530207559
P0257,257,14,SUpDEqBary,SUpDEq + Barycentric,ContralateralHighFrequency,Contralateral HF,5.53183905888937
P0257,257,14,SUpDEqBary,SUpDEq + Barycentric,HorizontalILDMAE,Horizontal ILD MAE,1.67070314347998
P0257,257,14,MCA,MCA,FullSphereERB,Full-sphere ERB,1.44112802081158
P0257,257,14,MCA,MCA,Contralateral25ERB,Contralateral 25-deg ERB,2.68009009104785
P0257,257,14,MCA,MCA,ContralateralHighFrequency,Contralateral HF,5.43178090999545
P0257,257,14,MCA,MCA,HorizontalILDMAE,Horizontal ILD MAE,1.04361662774099
P0257,257,14,MCARv351,MCAR v3.5.1,FullSphereERB,Full-sphere ERB,1.25329344701261
P0257,257,14,MCARv351,MCAR v3.5.1,Contralateral25ERB,Contralateral 25-deg ERB,1.87855703890947
P0257,257,14,MCARv351,MCAR v3.5.1,ContralateralHighFrequency,Contralateral HF,4.60527482459951
P0257,257,14,MCARv351,MCAR v3.5.1,HorizontalILDMAE,Horizontal ILD MAE,0.557155912974147
P0257,257,14,FSPAE,FSP-AE,FullSphereERB,Full-sphere ERB,1.97910636456782
P0257,257,14,FSPAE,FSP-AE,Contralateral25ERB,Contralateral 25-deg ERB,2.81449167500726
P0257,257,14,FSPAE,FSP-AE,ContralateralHighFrequency,Contralateral HF,4.1314930619124
P0257,257,14,FSPAE,FSP-AE,HorizontalILDMAE,Horizontal ILD MAE,1.24183635745219
P0257,257,14,RANF,RANF,FullSphereERB,Full-sphere ERB,1.14718874346405
P0257,257,14,RANF,RANF,Contralateral25ERB,Contralateral 25-deg ERB,1.72479984496234
P0257,257,14,RANF,RANF,ContralateralHighFrequency,Contralateral HF,3.47473153642731
P0257,257,14,RANF,RANF,HorizontalILDMAE,Horizontal ILD MAE,0.576370112428734
P0257,257,14,HYBRID,Hybrid E190,FullSphereERB,Full-sphere ERB,1.16770357846022
P0257,257,14,HYBRID,Hybrid E190,Contralateral25ERB,Contralateral 25-deg ERB,1.49009149090851
P0257,257,14,HYBRID,Hybrid E190,ContralateralHighFrequency,Contralateral HF,4.42470986189724
P0257,257,14,HYBRID,Hybrid E190,HorizontalILDMAE,Horizontal ILD MAE,0.539545158315351
P0257,257,14,BOUNDED,Bounded E25,FullSphereERB,Full-sphere ERB,1.1749845736642
P0257,257,14,BOUNDED,Bounded E25,Contralateral25ERB,Contralateral 25-deg ERB,1.63871415933564
P0257,257,14,BOUNDED,Bounded E25,ContralateralHighFrequency,Contralateral HF,4.41089978929676
P0257,257,14,BOUNDED,Bounded E25,HorizontalILDMAE,Horizontal ILD MAE,0.428011741706191
P0257,257,26,SHOnly,SH only,FullSphereERB,Full-sphere ERB,2.55521801247674
P0257,257,26,SHOnly,SH only,Contralateral25ERB,Contralateral 25-deg ERB,3.80819741695269
P0257,257,26,SHOnly,SH only,ContralateralHighFrequency,Contralateral HF,9.13424526431381
P0257,257,26,SHOnly,SH only,HorizontalILDMAE,Horizontal ILD MAE,3.19500184454322
P0257,257,26,SUpDEqSH,SUpDEq + SH,FullSphereERB,Full-sphere ERB,1.37484773971128
P0257,257,26,SUpDEqSH,SUpDEq + SH,Contralateral25ERB,Contralateral 25-deg ERB,2.23080484535834
P0257,257,26,SUpDEqSH,SUpDEq + SH,ContralateralHighFrequency,Contralateral HF,5.8058841047412
P0257,257,26,SUpDEqSH,SUpDEq + SH,HorizontalILDMAE,Horizontal ILD MAE,1.59634442499915
P0257,257,26,SUpDEqNN,SUpDEq + Natural Neighbor,FullSphereERB,Full-sphere ERB,1.32642446224681
P0257,257,26,SUpDEqNN,SUpDEq + Natural Neighbor,Contralateral25ERB,Contralateral 25-deg ERB,2.25249128320049
P0257,257,26,SUpDEqNN,SUpDEq + Natural Neighbor,ContralateralHighFrequency,Contralateral HF,5.19093164520057
P0257,257,26,SUpDEqNN,SUpDEq + Natural Neighbor,HorizontalILDMAE,Horizontal ILD MAE,1.50705435971918
P0257,257,26,SUpDEqBary,SUpDEq + Barycentric,FullSphereERB,Full-sphere ERB,1.2852115213822
P0257,257,26,SUpDEqBary,SUpDEq + Barycentric,Contralateral25ERB,Contralateral 25-deg ERB,2.20835714919037
P0257,257,26,SUpDEqBary,SUpDEq + Barycentric,ContralateralHighFrequency,Contralateral HF,5.03596806255245
P0257,257,26,SUpDEqBary,SUpDEq + Barycentric,HorizontalILDMAE,Horizontal ILD MAE,1.48272448969745
P0257,257,26,MCA,MCA,FullSphereERB,Full-sphere ERB,1.06364344497747
P0257,257,26,MCA,MCA,Contralateral25ERB,Contralateral 25-deg ERB,1.80057374308112
P0257,257,26,MCA,MCA,ContralateralHighFrequency,Contralateral HF,4.55937998176805
P0257,257,26,MCA,MCA,HorizontalILDMAE,Horizontal ILD MAE,1.26690035441462
P0257,257,26,MCARv351,MCAR v3.5.1,FullSphereERB,Full-sphere ERB,0.83606785234313
P0257,257,26,MCARv351,MCAR v3.5.1,Contralateral25ERB,Contralateral 25-deg ERB,1.1981551128415
P0257,257,26,MCARv351,MCAR v3.5.1,ContralateralHighFrequency,Contralateral HF,3.58102085832719
P0257,257,26,MCARv351,MCAR v3.5.1,HorizontalILDMAE,Horizontal ILD MAE,1.00915918679684
P0257,257,26,FSPAE,FSP-AE,FullSphereERB,Full-sphere ERB,1.23749008785973
P0257,257,26,FSPAE,FSP-AE,Contralateral25ERB,Contralateral 25-deg ERB,1.90848209197893
P0257,257,26,FSPAE,FSP-AE,ContralateralHighFrequency,Contralateral HF,3.06125668617945
P0257,257,26,FSPAE,FSP-AE,HorizontalILDMAE,Horizontal ILD MAE,0.65040930563798
P0257,257,26,RANF,RANF,FullSphereERB,Full-sphere ERB,1.06407423542799
P0257,257,26,RANF,RANF,Contralateral25ERB,Contralateral 25-deg ERB,1.66670738333179
P0257,257,26,RANF,RANF,ContralateralHighFrequency,Contralateral HF,3.4684776807842
P0257,257,26,RANF,RANF,HorizontalILDMAE,Horizontal ILD MAE,1.02175419394714
P0257,257,26,HYBRID,Hybrid E190,FullSphereERB,Full-sphere ERB,0.814794511450765
P0257,257,26,HYBRID,Hybrid E190,Contralateral25ERB,Contralateral 25-deg ERB,1.13871808368661
P0257,257,26,HYBRID,Hybrid E190,ContralateralHighFrequency,Contralateral HF,3.62842034497443
P0257,257,26,HYBRID,Hybrid E190,HorizontalILDMAE,Horizontal ILD MAE,0.779857834764886
P0257,257,26,BOUNDED,Bounded E25,FullSphereERB,Full-sphere ERB,0.796297453130204
P0257,257,26,BOUNDED,Bounded E25,Contralateral25ERB,Contralateral 25-deg ERB,1.13129511063691
P0257,257,26,BOUNDED,Bounded E25,ContralateralHighFrequency,Contralateral HF,3.54507899978065
P0257,257,26,BOUNDED,Bounded E25,HorizontalILDMAE,Horizontal ILD MAE,0.831834884858453
P0257,257,50,SHOnly,SH only,FullSphereERB,Full-sphere ERB,2.86252053077982
P0257,257,50,SHOnly,SH only,Contralateral25ERB,Contralateral 25-deg ERB,3.68817923962193
P0257,257,50,SHOnly,SH only,ContralateralHighFrequency,Contralateral HF,8.01251288001047
P0257,257,50,SHOnly,SH only,HorizontalILDMAE,Horizontal ILD MAE,3.3915968602081
P0257,257,50,SUpDEqSH,SUpDEq + SH,FullSphereERB,Full-sphere ERB,1.38972711783227
P0257,257,50,SUpDEqSH,SUpDEq + SH,Contralateral25ERB,Contralateral 25-deg ERB,2.33640639810655
P0257,257,50,SUpDEqSH,SUpDEq + SH,ContralateralHighFrequency,Contralateral HF,5.77569177695535
P0257,257,50,SUpDEqSH,SUpDEq + SH,HorizontalILDMAE,Horizontal ILD MAE,1.31435132577183
P0257,257,50,SUpDEqNN,SUpDEq + Natural Neighbor,FullSphereERB,Full-sphere ERB,1.11784450949591
P0257,257,50,SUpDEqNN,SUpDEq + Natural Neighbor,Contralateral25ERB,Contralateral 25-deg ERB,2.05134437290628
P0257,257,50,SUpDEqNN,SUpDEq + Natural Neighbor,ContralateralHighFrequency,Contralateral HF,4.93418492721679
P0257,257,50,SUpDEqNN,SUpDEq + Natural Neighbor,HorizontalILDMAE,Horizontal ILD MAE,0.959623059893986
P0257,257,50,SUpDEqBary,SUpDEq + Barycentric,FullSphereERB,Full-sphere ERB,1.05833008043284
P0257,257,50,SUpDEqBary,SUpDEq + Barycentric,Contralateral25ERB,Contralateral 25-deg ERB,1.97897945984815
P0257,257,50,SUpDEqBary,SUpDEq + Barycentric,ContralateralHighFrequency,Contralateral HF,4.72120864643831
P0257,257,50,SUpDEqBary,SUpDEq + Barycentric,HorizontalILDMAE,Horizontal ILD MAE,1.06571561801053
P0257,257,50,MCA,MCA,FullSphereERB,Full-sphere ERB,0.959921084434151
P0257,257,50,MCA,MCA,Contralateral25ERB,Contralateral 25-deg ERB,1.73508574756076
P0257,257,50,MCA,MCA,ContralateralHighFrequency,Contralateral HF,4.42616445114975
P0257,257,50,MCA,MCA,HorizontalILDMAE,Horizontal ILD MAE,0.991875618664285
P0257,257,50,MCARv351,MCAR v3.5.1,FullSphereERB,Full-sphere ERB,0.817376708665526
P0257,257,50,MCARv351,MCAR v3.5.1,Contralateral25ERB,Contralateral 25-deg ERB,1.22618193078271
P0257,257,50,MCARv351,MCAR v3.5.1,ContralateralHighFrequency,Contralateral HF,3.59495670658485
P0257,257,50,MCARv351,MCAR v3.5.1,HorizontalILDMAE,Horizontal ILD MAE,0.893240006495931
P0257,257,50,FSPAE,FSP-AE,FullSphereERB,Full-sphere ERB,2.10526865052486
P0257,257,50,FSPAE,FSP-AE,Contralateral25ERB,Contralateral 25-deg ERB,2.23131877006951
P0257,257,50,FSPAE,FSP-AE,ContralateralHighFrequency,Contralateral HF,3.6958237133044
P0257,257,50,FSPAE,FSP-AE,HorizontalILDMAE,Horizontal ILD MAE,0.96277899211154
P0257,257,50,RANF,RANF,FullSphereERB,Full-sphere ERB,1.02230965863049
P0257,257,50,RANF,RANF,Contralateral25ERB,Contralateral 25-deg ERB,1.63356704435994
P0257,257,50,RANF,RANF,ContralateralHighFrequency,Contralateral HF,3.21212193515579
P0257,257,50,RANF,RANF,HorizontalILDMAE,Horizontal ILD MAE,0.784311131545784
P0257,257,50,HYBRID,Hybrid E190,FullSphereERB,Full-sphere ERB,0.817623766527964
P0257,257,50,HYBRID,Hybrid E190,Contralateral25ERB,Contralateral 25-deg ERB,1.1486200575712
P0257,257,50,HYBRID,Hybrid E190,ContralateralHighFrequency,Contralateral HF,3.62506817912346
P0257,257,50,HYBRID,Hybrid E190,HorizontalILDMAE,Horizontal ILD MAE,0.708180433924706
P0257,257,50,BOUNDED,Bounded E25,FullSphereERB,Full-sphere ERB,0.78920696011451
P0257,257,50,BOUNDED,Bounded E25,Contralateral25ERB,Contralateral 25-deg ERB,1.13867711952909
P0257,257,50,BOUNDED,Bounded E25,ContralateralHighFrequency,Contralateral HF,3.5594157175822
P0257,257,50,BOUNDED,Bounded E25,HorizontalILDMAE,Horizontal ILD MAE,0.772252373620617
P0274,274,14,SHOnly,SH only,FullSphereERB,Full-sphere ERB,2.75155745921654
P0274,274,14,SHOnly,SH only,Contralateral25ERB,Contralateral 25-deg ERB,5.65709318020556
P0274,274,14,SHOnly,SH only,ContralateralHighFrequency,Contralateral HF,9.80904790455746
P0274,274,14,SHOnly,SH only,HorizontalILDMAE,Horizontal ILD MAE,4.0144163001217
P0274,274,14,SUpDEqSH,SUpDEq + SH,FullSphereERB,Full-sphere ERB,1.59035926033797
P0274,274,14,SUpDEqSH,SUpDEq + SH,Contralateral25ERB,Contralateral 25-deg ERB,2.59504646816757
P0274,274,14,SUpDEqSH,SUpDEq + SH,ContralateralHighFrequency,Contralateral HF,6.11184730541962
P0274,274,14,SUpDEqSH,SUpDEq + SH,HorizontalILDMAE,Horizontal ILD MAE,1.44042819539742
P0274,274,14,SUpDEqNN,SUpDEq + Natural Neighbor,FullSphereERB,Full-sphere ERB,1.67689520809305
P0274,274,14,SUpDEqNN,SUpDEq + Natural Neighbor,Contralateral25ERB,Contralateral 25-deg ERB,2.05923525332444
P0274,274,14,SUpDEqNN,SUpDEq + Natural Neighbor,ContralateralHighFrequency,Contralateral HF,5.14346419056362
P0274,274,14,SUpDEqNN,SUpDEq + Natural Neighbor,HorizontalILDMAE,Horizontal ILD MAE,1.57559453387821
P0274,274,14,SUpDEqBary,SUpDEq + Barycentric,FullSphereERB,Full-sphere ERB,1.64532807602814
P0274,274,14,SUpDEqBary,SUpDEq + Barycentric,Contralateral25ERB,Contralateral 25-deg ERB,2.03584809111202
P0274,274,14,SUpDEqBary,SUpDEq + Barycentric,ContralateralHighFrequency,Contralateral HF,5.02661904630193
P0274,274,14,SUpDEqBary,SUpDEq + Barycentric,HorizontalILDMAE,Horizontal ILD MAE,1.51452001308278
P0274,274,14,MCA,MCA,FullSphereERB,Full-sphere ERB,1.30099801203863
P0274,274,14,MCA,MCA,Contralateral25ERB,Contralateral 25-deg ERB,2.27207075557837
P0274,274,14,MCA,MCA,ContralateralHighFrequency,Contralateral HF,5.11407832005814
P0274,274,14,MCA,MCA,HorizontalILDMAE,Horizontal ILD MAE,1.01749389542414
P0274,274,14,MCARv351,MCAR v3.5.1,FullSphereERB,Full-sphere ERB,1.09742724330528
P0274,274,14,MCARv351,MCAR v3.5.1,Contralateral25ERB,Contralateral 25-deg ERB,1.68940484467611
P0274,274,14,MCARv351,MCAR v3.5.1,ContralateralHighFrequency,Contralateral HF,4.17986088609698
P0274,274,14,MCARv351,MCAR v3.5.1,HorizontalILDMAE,Horizontal ILD MAE,0.652544789785015
P0274,274,14,FSPAE,FSP-AE,FullSphereERB,Full-sphere ERB,1.91616507923116
P0274,274,14,FSPAE,FSP-AE,Contralateral25ERB,Contralateral 25-deg ERB,2.78879610785823
P0274,274,14,FSPAE,FSP-AE,ContralateralHighFrequency,Contralateral HF,3.81138273502872
P0274,274,14,FSPAE,FSP-AE,HorizontalILDMAE,Horizontal ILD MAE,0.744065043956598
P0274,274,14,RANF,RANF,FullSphereERB,Full-sphere ERB,1.05539436566859
P0274,274,14,RANF,RANF,Contralateral25ERB,Contralateral 25-deg ERB,1.50862808316538
P0274,274,14,RANF,RANF,ContralateralHighFrequency,Contralateral HF,3.43689832334638
P0274,274,14,RANF,RANF,HorizontalILDMAE,Horizontal ILD MAE,0.684713692040955
P0274,274,14,HYBRID,Hybrid E190,FullSphereERB,Full-sphere ERB,1.01761974562183
P0274,274,14,HYBRID,Hybrid E190,Contralateral25ERB,Contralateral 25-deg ERB,1.47914940453541
P0274,274,14,HYBRID,Hybrid E190,ContralateralHighFrequency,Contralateral HF,3.85481616430977
P0274,274,14,HYBRID,Hybrid E190,HorizontalILDMAE,Horizontal ILD MAE,0.680673489462962
P0274,274,14,BOUNDED,Bounded E25,FullSphereERB,Full-sphere ERB,1.03334353996608
P0274,274,14,BOUNDED,Bounded E25,Contralateral25ERB,Contralateral 25-deg ERB,1.53754442954344
P0274,274,14,BOUNDED,Bounded E25,ContralateralHighFrequency,Contralateral HF,3.98855470010186
P0274,274,14,BOUNDED,Bounded E25,HorizontalILDMAE,Horizontal ILD MAE,0.644187031819055
P0274,274,26,SHOnly,SH only,FullSphereERB,Full-sphere ERB,2.49622756722882
P0274,274,26,SHOnly,SH only,Contralateral25ERB,Contralateral 25-deg ERB,3.59203619165726
P0274,274,26,SHOnly,SH only,ContralateralHighFrequency,Contralateral HF,8.85324157078172
P0274,274,26,SHOnly,SH only,HorizontalILDMAE,Horizontal ILD MAE,3.81342681289972
P0274,274,26,SUpDEqSH,SUpDEq + SH,FullSphereERB,Full-sphere ERB,1.38841709248449
P0274,274,26,SUpDEqSH,SUpDEq + SH,Contralateral25ERB,Contralateral 25-deg ERB,1.9586531746641
P0274,274,26,SUpDEqSH,SUpDEq + SH,ContralateralHighFrequency,Contralateral HF,5.2953965020681
P0274,274,26,SUpDEqSH,SUpDEq + SH,HorizontalILDMAE,Horizontal ILD MAE,1.18367668115236
P0274,274,26,SUpDEqNN,SUpDEq + Natural Neighbor,FullSphereERB,Full-sphere ERB,1.41440876762723
P0274,274,26,SUpDEqNN,SUpDEq + Natural Neighbor,Contralateral25ERB,Contralateral 25-deg ERB,2.01794883042732
P0274,274,26,SUpDEqNN,SUpDEq + Natural Neighbor,ContralateralHighFrequency,Contralateral HF,5.11524617703909
P0274,274,26,SUpDEqNN,SUpDEq + Natural Neighbor,HorizontalILDMAE,Horizontal ILD MAE,0.931949984257684
P0274,274,26,SUpDEqBary,SUpDEq + Barycentric,FullSphereERB,Full-sphere ERB,1.36213228198392
P0274,274,26,SUpDEqBary,SUpDEq + Barycentric,Contralateral25ERB,Contralateral 25-deg ERB,2.01036385364708
P0274,274,26,SUpDEqBary,SUpDEq + Barycentric,ContralateralHighFrequency,Contralateral HF,4.98839093382729
P0274,274,26,SUpDEqBary,SUpDEq + Barycentric,HorizontalILDMAE,Horizontal ILD MAE,0.888363075449783
P0274,274,26,MCA,MCA,FullSphereERB,Full-sphere ERB,1.01154875482598
P0274,274,26,MCA,MCA,Contralateral25ERB,Contralateral 25-deg ERB,1.80200140889544
P0274,274,26,MCA,MCA,ContralateralHighFrequency,Contralateral HF,4.4011358182287
P0274,274,26,MCA,MCA,HorizontalILDMAE,Horizontal ILD MAE,0.915462246261816
P0274,274,26,MCARv351,MCAR v3.5.1,FullSphereERB,Full-sphere ERB,0.748321285675243
P0274,274,26,MCARv351,MCAR v3.5.1,Contralateral25ERB,Contralateral 25-deg ERB,1.21506993496282
P0274,274,26,MCARv351,MCAR v3.5.1,ContralateralHighFrequency,Contralateral HF,3.41962914596682
P0274,274,26,MCARv351,MCAR v3.5.1,HorizontalILDMAE,Horizontal ILD MAE,0.364340478548474
P0274,274,26,FSPAE,FSP-AE,FullSphereERB,Full-sphere ERB,1.24635974277843
P0274,274,26,FSPAE,FSP-AE,Contralateral25ERB,Contralateral 25-deg ERB,1.96403669593311
P0274,274,26,FSPAE,FSP-AE,ContralateralHighFrequency,Contralateral HF,2.87833786672409
P0274,274,26,FSPAE,FSP-AE,HorizontalILDMAE,Horizontal ILD MAE,0.569328341313492
P0274,274,26,RANF,RANF,FullSphereERB,Full-sphere ERB,1.00312730199684
P0274,274,26,RANF,RANF,Contralateral25ERB,Contralateral 25-deg ERB,1.73168652711695
P0274,274,26,RANF,RANF,ContralateralHighFrequency,Contralateral HF,3.35429529285519
P0274,274,26,RANF,RANF,HorizontalILDMAE,Horizontal ILD MAE,0.834856064338469
P0274,274,26,HYBRID,Hybrid E190,FullSphereERB,Full-sphere ERB,0.686707880395741
P0274,274,26,HYBRID,Hybrid E190,Contralateral25ERB,Contralateral 25-deg ERB,1.13227583988059
P0274,274,26,HYBRID,Hybrid E190,ContralateralHighFrequency,Contralateral HF,3.28005167802431
P0274,274,26,HYBRID,Hybrid E190,HorizontalILDMAE,Horizontal ILD MAE,0.514503959392779
P0274,274,26,BOUNDED,Bounded E25,FullSphereERB,Full-sphere ERB,0.696405826443122
P0274,274,26,BOUNDED,Bounded E25,Contralateral25ERB,Contralateral 25-deg ERB,1.13691155622717
P0274,274,26,BOUNDED,Bounded E25,ContralateralHighFrequency,Contralateral HF,3.3683213251001
P0274,274,26,BOUNDED,Bounded E25,HorizontalILDMAE,Horizontal ILD MAE,0.423874723822432
P0274,274,50,SHOnly,SH only,FullSphereERB,Full-sphere ERB,2.83060706697003
P0274,274,50,SHOnly,SH only,Contralateral25ERB,Contralateral 25-deg ERB,3.04885529672307
P0274,274,50,SHOnly,SH only,ContralateralHighFrequency,Contralateral HF,7.36774566677223
P0274,274,50,SHOnly,SH only,HorizontalILDMAE,Horizontal ILD MAE,3.38331753685455
P0274,274,50,SUpDEqSH,SUpDEq + SH,FullSphereERB,Full-sphere ERB,1.44722250709705
P0274,274,50,SUpDEqSH,SUpDEq + SH,Contralateral25ERB,Contralateral 25-deg ERB,2.180925206041
P0274,274,50,SUpDEqSH,SUpDEq + SH,ContralateralHighFrequency,Contralateral HF,6.19200928312208
P0274,274,50,SUpDEqSH,SUpDEq + SH,HorizontalILDMAE,Horizontal ILD MAE,1.17860296646829
P0274,274,50,SUpDEqNN,SUpDEq + Natural Neighbor,FullSphereERB,Full-sphere ERB,1.25644540086466
P0274,274,50,SUpDEqNN,SUpDEq + Natural Neighbor,Contralateral25ERB,Contralateral 25-deg ERB,1.92964007409003
P0274,274,50,SUpDEqNN,SUpDEq + Natural Neighbor,ContralateralHighFrequency,Contralateral HF,5.43606922701695
P0274,274,50,SUpDEqNN,SUpDEq + Natural Neighbor,HorizontalILDMAE,Horizontal ILD MAE,0.738412848655078
P0274,274,50,SUpDEqBary,SUpDEq + Barycentric,FullSphereERB,Full-sphere ERB,1.16587730971212
P0274,274,50,SUpDEqBary,SUpDEq + Barycentric,Contralateral25ERB,Contralateral 25-deg ERB,1.84047154609026
P0274,274,50,SUpDEqBary,SUpDEq + Barycentric,ContralateralHighFrequency,Contralateral HF,5.11618510600653
P0274,274,50,SUpDEqBary,SUpDEq + Barycentric,HorizontalILDMAE,Horizontal ILD MAE,0.786928913553128
P0274,274,50,MCA,MCA,FullSphereERB,Full-sphere ERB,0.92886637165944
P0274,274,50,MCA,MCA,Contralateral25ERB,Contralateral 25-deg ERB,1.71309337574655
P0274,274,50,MCA,MCA,ContralateralHighFrequency,Contralateral HF,4.41274760341961
P0274,274,50,MCA,MCA,HorizontalILDMAE,Horizontal ILD MAE,0.859918319276282
P0274,274,50,MCARv351,MCAR v3.5.1,FullSphereERB,Full-sphere ERB,0.765509667227372
P0274,274,50,MCARv351,MCAR v3.5.1,Contralateral25ERB,Contralateral 25-deg ERB,1.22763802058204
P0274,274,50,MCARv351,MCAR v3.5.1,ContralateralHighFrequency,Contralateral HF,3.49642207048642
P0274,274,50,MCARv351,MCAR v3.5.1,HorizontalILDMAE,Horizontal ILD MAE,0.575803616499939
P0274,274,50,FSPAE,FSP-AE,FullSphereERB,Full-sphere ERB,2.0638776007397
P0274,274,50,FSPAE,FSP-AE,Contralateral25ERB,Contralateral 25-deg ERB,2.22397417694914
P0274,274,50,FSPAE,FSP-AE,ContralateralHighFrequency,Contralateral HF,3.32642574361564
P0274,274,50,FSPAE,FSP-AE,HorizontalILDMAE,Horizontal ILD MAE,1.14472712099593
P0274,274,50,RANF,RANF,FullSphereERB,Full-sphere ERB,0.974304156445455
P0274,274,50,RANF,RANF,Contralateral25ERB,Contralateral 25-deg ERB,1.65932936491474
P0274,274,50,RANF,RANF,ContralateralHighFrequency,Contralateral HF,3.06994083661345
P0274,274,50,RANF,RANF,HorizontalILDMAE,Horizontal ILD MAE,0.76405494097401
P0274,274,50,HYBRID,Hybrid E190,FullSphereERB,Full-sphere ERB,0.717946095876298
P0274,274,50,HYBRID,Hybrid E190,Contralateral25ERB,Contralateral 25-deg ERB,1.15579705795834
P0274,274,50,HYBRID,Hybrid E190,ContralateralHighFrequency,Contralateral HF,3.4062643184423
P0274,274,50,HYBRID,Hybrid E190,HorizontalILDMAE,Horizontal ILD MAE,0.501792448462676
P0274,274,50,BOUNDED,Bounded E25,FullSphereERB,Full-sphere ERB,0.720203864410101
P0274,274,50,BOUNDED,Bounded E25,Contralateral25ERB,Contralateral 25-deg ERB,1.15267028547107
P0274,274,50,BOUNDED,Bounded E25,ContralateralHighFrequency,Contralateral HF,3.49208007006395
P0274,274,50,BOUNDED,Bounded E25,HorizontalILDMAE,Horizontal ILD MAE,0.48394575914062
P0277,277,14,SHOnly,SH only,FullSphereERB,Full-sphere ERB,2.71380187970054
P0277,277,14,SHOnly,SH only,Contralateral25ERB,Contralateral 25-deg ERB,5.05557999730225
P0277,277,14,SHOnly,SH only,ContralateralHighFrequency,Contralateral HF,9.81794536215533
P0277,277,14,SHOnly,SH only,HorizontalILDMAE,Horizontal ILD MAE,3.71121313827583
P0277,277,14,SUpDEqSH,SUpDEq + SH,FullSphereERB,Full-sphere ERB,1.72396382120468
P0277,277,14,SUpDEqSH,SUpDEq + SH,Contralateral25ERB,Contralateral 25-deg ERB,2.61968648419414
P0277,277,14,SUpDEqSH,SUpDEq + SH,ContralateralHighFrequency,Contralateral HF,6.29468832957553
P0277,277,14,SUpDEqSH,SUpDEq + SH,HorizontalILDMAE,Horizontal ILD MAE,1.2428078873383
P0277,277,14,SUpDEqNN,SUpDEq + Natural Neighbor,FullSphereERB,Full-sphere ERB,1.82605838513815
P0277,277,14,SUpDEqNN,SUpDEq + Natural Neighbor,Contralateral25ERB,Contralateral 25-deg ERB,2.3354827076218
P0277,277,14,SUpDEqNN,SUpDEq + Natural Neighbor,ContralateralHighFrequency,Contralateral HF,5.84316058320096
P0277,277,14,SUpDEqNN,SUpDEq + Natural Neighbor,HorizontalILDMAE,Horizontal ILD MAE,1.37679587602157
P0277,277,14,SUpDEqBary,SUpDEq + Barycentric,FullSphereERB,Full-sphere ERB,1.76111254108815
P0277,277,14,SUpDEqBary,SUpDEq + Barycentric,Contralateral25ERB,Contralateral 25-deg ERB,2.32933353465487
P0277,277,14,SUpDEqBary,SUpDEq + Barycentric,ContralateralHighFrequency,Contralateral HF,5.83152788799809
P0277,277,14,SUpDEqBary,SUpDEq + Barycentric,HorizontalILDMAE,Horizontal ILD MAE,1.3274092048432
P0277,277,14,MCA,MCA,FullSphereERB,Full-sphere ERB,1.32306779889407
P0277,277,14,MCA,MCA,Contralateral25ERB,Contralateral 25-deg ERB,2.46931937654649
P0277,277,14,MCA,MCA,ContralateralHighFrequency,Contralateral HF,5.27332025189887
P0277,277,14,MCA,MCA,HorizontalILDMAE,Horizontal ILD MAE,1.09305708103512
P0277,277,14,MCARv351,MCAR v3.5.1,FullSphereERB,Full-sphere ERB,1.13995869528021
P0277,277,14,MCARv351,MCAR v3.5.1,Contralateral25ERB,Contralateral 25-deg ERB,1.75756521512511
P0277,277,14,MCARv351,MCAR v3.5.1,ContralateralHighFrequency,Contralateral HF,4.42609817929429
P0277,277,14,MCARv351,MCAR v3.5.1,HorizontalILDMAE,Horizontal ILD MAE,0.751124403821247
P0277,277,14,FSPAE,FSP-AE,FullSphereERB,Full-sphere ERB,1.96314783217988
P0277,277,14,FSPAE,FSP-AE,Contralateral25ERB,Contralateral 25-deg ERB,2.91056256439332
P0277,277,14,FSPAE,FSP-AE,ContralateralHighFrequency,Contralateral HF,4.25829365715267
P0277,277,14,FSPAE,FSP-AE,HorizontalILDMAE,Horizontal ILD MAE,0.869589651160442
P0277,277,14,RANF,RANF,FullSphereERB,Full-sphere ERB,1.15051408191558
P0277,277,14,RANF,RANF,Contralateral25ERB,Contralateral 25-deg ERB,1.66628227928804
P0277,277,14,RANF,RANF,ContralateralHighFrequency,Contralateral HF,3.91700604794468
P0277,277,14,RANF,RANF,HorizontalILDMAE,Horizontal ILD MAE,0.545238488348107
P0277,277,14,HYBRID,Hybrid E190,FullSphereERB,Full-sphere ERB,1.10016198684438
P0277,277,14,HYBRID,Hybrid E190,Contralateral25ERB,Contralateral 25-deg ERB,1.68572880719315
P0277,277,14,HYBRID,Hybrid E190,ContralateralHighFrequency,Contralateral HF,4.49531228593572
P0277,277,14,HYBRID,Hybrid E190,HorizontalILDMAE,Horizontal ILD MAE,0.635905667246192
P0277,277,14,BOUNDED,Bounded E25,FullSphereERB,Full-sphere ERB,1.08448523968431
P0277,277,14,BOUNDED,Bounded E25,Contralateral25ERB,Contralateral 25-deg ERB,1.65614651843346
P0277,277,14,BOUNDED,Bounded E25,ContralateralHighFrequency,Contralateral HF,4.34394281857906
P0277,277,14,BOUNDED,Bounded E25,HorizontalILDMAE,Horizontal ILD MAE,0.647778110575504
P0277,277,26,SHOnly,SH only,FullSphereERB,Full-sphere ERB,2.47388335700387
P0277,277,26,SHOnly,SH only,Contralateral25ERB,Contralateral 25-deg ERB,4.16460861218383
P0277,277,26,SHOnly,SH only,ContralateralHighFrequency,Contralateral HF,8.92819767565734
P0277,277,26,SHOnly,SH only,HorizontalILDMAE,Horizontal ILD MAE,2.98345431575068
P0277,277,26,SUpDEqSH,SUpDEq + SH,FullSphereERB,Full-sphere ERB,1.69189411245615
P0277,277,26,SUpDEqSH,SUpDEq + SH,Contralateral25ERB,Contralateral 25-deg ERB,2.29561667543895
P0277,277,26,SUpDEqSH,SUpDEq + SH,ContralateralHighFrequency,Contralateral HF,5.93199050868233
P0277,277,26,SUpDEqSH,SUpDEq + SH,HorizontalILDMAE,Horizontal ILD MAE,1.83233130233564
P0277,277,26,SUpDEqNN,SUpDEq + Natural Neighbor,FullSphereERB,Full-sphere ERB,1.62490771969735
P0277,277,26,SUpDEqNN,SUpDEq + Natural Neighbor,Contralateral25ERB,Contralateral 25-deg ERB,2.20337181504146
P0277,277,26,SUpDEqNN,SUpDEq + Natural Neighbor,ContralateralHighFrequency,Contralateral HF,5.61283065658176
P0277,277,26,SUpDEqNN,SUpDEq + Natural Neighbor,HorizontalILDMAE,Horizontal ILD MAE,1.82517577302592
P0277,277,26,SUpDEqBary,SUpDEq + Barycentric,FullSphereERB,Full-sphere ERB,1.55614839617166
P0277,277,26,SUpDEqBary,SUpDEq + Barycentric,Contralateral25ERB,Contralateral 25-deg ERB,2.14748821643778
P0277,277,26,SUpDEqBary,SUpDEq + Barycentric,ContralateralHighFrequency,Contralateral HF,5.50556571594258
P0277,277,26,SUpDEqBary,SUpDEq + Barycentric,HorizontalILDMAE,Horizontal ILD MAE,1.68313524160863
P0277,277,26,MCA,MCA,FullSphereERB,Full-sphere ERB,1.06970455855877
P0277,277,26,MCA,MCA,Contralateral25ERB,Contralateral 25-deg ERB,1.86608397505135
P0277,277,26,MCA,MCA,ContralateralHighFrequency,Contralateral HF,4.73287695307951
P0277,277,26,MCA,MCA,HorizontalILDMAE,Horizontal ILD MAE,0.905540862287447
P0277,277,26,MCARv351,MCAR v3.5.1,FullSphereERB,Full-sphere ERB,0.819015536754171
P0277,277,26,MCARv351,MCAR v3.5.1,Contralateral25ERB,Contralateral 25-deg ERB,1.29043423060074
P0277,277,26,MCARv351,MCAR v3.5.1,ContralateralHighFrequency,Contralateral HF,3.74445904375951
P0277,277,26,MCARv351,MCAR v3.5.1,HorizontalILDMAE,Horizontal ILD MAE,0.594258026555784
P0277,277,26,FSPAE,FSP-AE,FullSphereERB,Full-sphere ERB,1.34555391616033
P0277,277,26,FSPAE,FSP-AE,Contralateral25ERB,Contralateral 25-deg ERB,1.98785959731359
P0277,277,26,FSPAE,FSP-AE,ContralateralHighFrequency,Contralateral HF,3.2010149615548
P0277,277,26,FSPAE,FSP-AE,HorizontalILDMAE,Horizontal ILD MAE,0.764753051474288
P0277,277,26,RANF,RANF,FullSphereERB,Full-sphere ERB,1.12678217909382
P0277,277,26,RANF,RANF,Contralateral25ERB,Contralateral 25-deg ERB,1.74698259781504
P0277,277,26,RANF,RANF,ContralateralHighFrequency,Contralateral HF,3.76947426706346
P0277,277,26,RANF,RANF,HorizontalILDMAE,Horizontal ILD MAE,0.62364060628224
P0277,277,26,HYBRID,Hybrid E190,FullSphereERB,Full-sphere ERB,0.797596611189159
P0277,277,26,HYBRID,Hybrid E190,Contralateral25ERB,Contralateral 25-deg ERB,1.25768822440238
P0277,277,26,HYBRID,Hybrid E190,ContralateralHighFrequency,Contralateral HF,3.94468777675411
P0277,277,26,HYBRID,Hybrid E190,HorizontalILDMAE,Horizontal ILD MAE,0.713742877584545
P0277,277,26,BOUNDED,Bounded E25,FullSphereERB,Full-sphere ERB,0.78988775339449
P0277,277,26,BOUNDED,Bounded E25,Contralateral25ERB,Contralateral 25-deg ERB,1.23537353696567
P0277,277,26,BOUNDED,Bounded E25,ContralateralHighFrequency,Contralateral HF,3.81619093207984
P0277,277,26,BOUNDED,Bounded E25,HorizontalILDMAE,Horizontal ILD MAE,0.608109314370212
P0277,277,50,SHOnly,SH only,FullSphereERB,Full-sphere ERB,2.80236806797899
P0277,277,50,SHOnly,SH only,Contralateral25ERB,Contralateral 25-deg ERB,3.95688802894136
P0277,277,50,SHOnly,SH only,ContralateralHighFrequency,Contralateral HF,7.7326107409708
P0277,277,50,SHOnly,SH only,HorizontalILDMAE,Horizontal ILD MAE,4.14016033430947
P0277,277,50,SUpDEqSH,SUpDEq + SH,FullSphereERB,Full-sphere ERB,1.86020551181073
P0277,277,50,SUpDEqSH,SUpDEq + SH,Contralateral25ERB,Contralateral 25-deg ERB,2.72081450961073
P0277,277,50,SUpDEqSH,SUpDEq + SH,ContralateralHighFrequency,Contralateral HF,6.44315559413009
P0277,277,50,SUpDEqSH,SUpDEq + SH,HorizontalILDMAE,Horizontal ILD MAE,1.69431388381587
P0277,277,50,SUpDEqNN,SUpDEq + Natural Neighbor,FullSphereERB,Full-sphere ERB,1.43359272910428
P0277,277,50,SUpDEqNN,SUpDEq + Natural Neighbor,Contralateral25ERB,Contralateral 25-deg ERB,2.02200618622681
P0277,277,50,SUpDEqNN,SUpDEq + Natural Neighbor,ContralateralHighFrequency,Contralateral HF,5.60943360881026
P0277,277,50,SUpDEqNN,SUpDEq + Natural Neighbor,HorizontalILDMAE,Horizontal ILD MAE,1.47599621060688
P0277,277,50,SUpDEqBary,SUpDEq + Barycentric,FullSphereERB,Full-sphere ERB,1.30431532116163
P0277,277,50,SUpDEqBary,SUpDEq + Barycentric,Contralateral25ERB,Contralateral 25-deg ERB,1.90605818563085
P0277,277,50,SUpDEqBary,SUpDEq + Barycentric,ContralateralHighFrequency,Contralateral HF,5.27104908062313
P0277,277,50,SUpDEqBary,SUpDEq + Barycentric,HorizontalILDMAE,Horizontal ILD MAE,1.51731532980251
P0277,277,50,MCA,MCA,FullSphereERB,Full-sphere ERB,0.9823274872078
P0277,277,50,MCA,MCA,Contralateral25ERB,Contralateral 25-deg ERB,1.75935144236232
P0277,277,50,MCA,MCA,ContralateralHighFrequency,Contralateral HF,4.6210555960833
P0277,277,50,MCA,MCA,HorizontalILDMAE,Horizontal ILD MAE,0.924379977907677
P0277,277,50,MCARv351,MCAR v3.5.1,FullSphereERB,Full-sphere ERB,0.807096695255403
P0277,277,50,MCARv351,MCAR v3.5.1,Contralateral25ERB,Contralateral 25-deg ERB,1.31512321893178
P0277,277,50,MCARv351,MCAR v3.5.1,ContralateralHighFrequency,Contralateral HF,3.68584326198497
P0277,277,50,MCARv351,MCAR v3.5.1,HorizontalILDMAE,Horizontal ILD MAE,0.721286789010668
P0277,277,50,FSPAE,FSP-AE,FullSphereERB,Full-sphere ERB,2.10454639974617
P0277,277,50,FSPAE,FSP-AE,Contralateral25ERB,Contralateral 25-deg ERB,2.29739324524323
P0277,277,50,FSPAE,FSP-AE,ContralateralHighFrequency,Contralateral HF,3.46675572513596
P0277,277,50,FSPAE,FSP-AE,HorizontalILDMAE,Horizontal ILD MAE,1.255516807759
P0277,277,50,RANF,RANF,FullSphereERB,Full-sphere ERB,1.07182619451527
P0277,277,50,RANF,RANF,Contralateral25ERB,Contralateral 25-deg ERB,1.53814843464713
P0277,277,50,RANF,RANF,ContralateralHighFrequency,Contralateral HF,3.47670347389765
P0277,277,50,RANF,RANF,HorizontalILDMAE,Horizontal ILD MAE,0.802013743524784
P0277,277,50,HYBRID,Hybrid E190,FullSphereERB,Full-sphere ERB,0.791883633676417
P0277,277,50,HYBRID,Hybrid E190,Contralateral25ERB,Contralateral 25-deg ERB,1.24764312985761
P0277,277,50,HYBRID,Hybrid E190,ContralateralHighFrequency,Contralateral HF,3.86675439446206
P0277,277,50,HYBRID,Hybrid E190,HorizontalILDMAE,Horizontal ILD MAE,0.835984257966015
P0277,277,50,BOUNDED,Bounded E25,FullSphereERB,Full-sphere ERB,0.783963675781261
P0277,277,50,BOUNDED,Bounded E25,Contralateral25ERB,Contralateral 25-deg ERB,1.24291542637235
P0277,277,50,BOUNDED,Bounded E25,ContralateralHighFrequency,Contralateral HF,3.77273413426235
P0277,277,50,BOUNDED,Bounded E25,HorizontalILDMAE,Horizontal ILD MAE,0.756125923068129
P0278,278,14,SHOnly,SH only,FullSphereERB,Full-sphere ERB,2.75749705429334
P0278,278,14,SHOnly,SH only,Contralateral25ERB,Contralateral 25-deg ERB,4.66572233190447
P0278,278,14,SHOnly,SH only,ContralateralHighFrequency,Contralateral HF,9.73198185907838
P0278,278,14,SHOnly,SH only,HorizontalILDMAE,Horizontal ILD MAE,4.2985541736109
P0278,278,14,SUpDEqSH,SUpDEq + SH,FullSphereERB,Full-sphere ERB,1.6368918540792
P0278,278,14,SUpDEqSH,SUpDEq + SH,Contralateral25ERB,Contralateral 25-deg ERB,2.39788873583637
P0278,278,14,SUpDEqSH,SUpDEq + SH,ContralateralHighFrequency,Contralateral HF,6.10780119023858
P0278,278,14,SUpDEqSH,SUpDEq + SH,HorizontalILDMAE,Horizontal ILD MAE,1.18247404053906
P0278,278,14,SUpDEqNN,SUpDEq + Natural Neighbor,FullSphereERB,Full-sphere ERB,1.87576123250583
P0278,278,14,SUpDEqNN,SUpDEq + Natural Neighbor,Contralateral25ERB,Contralateral 25-deg ERB,2.61186608555063
P0278,278,14,SUpDEqNN,SUpDEq + Natural Neighbor,ContralateralHighFrequency,Contralateral HF,5.89696221531602
P0278,278,14,SUpDEqNN,SUpDEq + Natural Neighbor,HorizontalILDMAE,Horizontal ILD MAE,1.86308688239144
P0278,278,14,SUpDEqBary,SUpDEq + Barycentric,FullSphereERB,Full-sphere ERB,1.81904165373256
P0278,278,14,SUpDEqBary,SUpDEq + Barycentric,Contralateral25ERB,Contralateral 25-deg ERB,2.56313866559435
P0278,278,14,SUpDEqBary,SUpDEq + Barycentric,ContralateralHighFrequency,Contralateral HF,6.02436141658921
P0278,278,14,SUpDEqBary,SUpDEq + Barycentric,HorizontalILDMAE,Horizontal ILD MAE,1.74867152583053
P0278,278,14,MCA,MCA,FullSphereERB,Full-sphere ERB,1.48959749242112
P0278,278,14,MCA,MCA,Contralateral25ERB,Contralateral 25-deg ERB,2.68311060037021
P0278,278,14,MCA,MCA,ContralateralHighFrequency,Contralateral HF,5.62832356662253
P0278,278,14,MCA,MCA,HorizontalILDMAE,Horizontal ILD MAE,0.929705019772584
P0278,278,14,MCARv351,MCAR v3.5.1,FullSphereERB,Full-sphere ERB,1.30557528891607
P0278,278,14,MCARv351,MCAR v3.5.1,Contralateral25ERB,Contralateral 25-deg ERB,1.79491800243804
P0278,278,14,MCARv351,MCAR v3.5.1,ContralateralHighFrequency,Contralateral HF,4.39796074064655
P0278,278,14,MCARv351,MCAR v3.5.1,HorizontalILDMAE,Horizontal ILD MAE,0.665061856143989
P0278,278,14,FSPAE,FSP-AE,FullSphereERB,Full-sphere ERB,2.04195779285847
P0278,278,14,FSPAE,FSP-AE,Contralateral25ERB,Contralateral 25-deg ERB,2.96971072104763
P0278,278,14,FSPAE,FSP-AE,ContralateralHighFrequency,Contralateral HF,4.13571195175907
P0278,278,14,FSPAE,FSP-AE,HorizontalILDMAE,Horizontal ILD MAE,0.974437481900239
P0278,278,14,RANF,RANF,FullSphereERB,Full-sphere ERB,1.12935134405214
P0278,278,14,RANF,RANF,Contralateral25ERB,Contralateral 25-deg ERB,1.61141011395781
P0278,278,14,RANF,RANF,ContralateralHighFrequency,Contralateral HF,3.33102538545969
P0278,278,14,RANF,RANF,HorizontalILDMAE,Horizontal ILD MAE,0.53417259677621
P0278,278,14,HYBRID,Hybrid E190,FullSphereERB,Full-sphere ERB,1.23761976581052
P0278,278,14,HYBRID,Hybrid E190,Contralateral25ERB,Contralateral 25-deg ERB,1.61411347189562
P0278,278,14,HYBRID,Hybrid E190,ContralateralHighFrequency,Contralateral HF,4.23895212210347
P0278,278,14,HYBRID,Hybrid E190,HorizontalILDMAE,Horizontal ILD MAE,0.726338294382999
P0278,278,14,BOUNDED,Bounded E25,FullSphereERB,Full-sphere ERB,1.2288597735994
P0278,278,14,BOUNDED,Bounded E25,Contralateral25ERB,Contralateral 25-deg ERB,1.64896398304034
P0278,278,14,BOUNDED,Bounded E25,ContralateralHighFrequency,Contralateral HF,4.22964677009812
P0278,278,14,BOUNDED,Bounded E25,HorizontalILDMAE,Horizontal ILD MAE,0.674563867745503
P0278,278,26,SHOnly,SH only,FullSphereERB,Full-sphere ERB,2.64945552099071
P0278,278,26,SHOnly,SH only,Contralateral25ERB,Contralateral 25-deg ERB,4.06512143447972
P0278,278,26,SHOnly,SH only,ContralateralHighFrequency,Contralateral HF,9.3211120217076
P0278,278,26,SHOnly,SH only,HorizontalILDMAE,Horizontal ILD MAE,4.5904328753502
P0278,278,26,SUpDEqSH,SUpDEq + SH,FullSphereERB,Full-sphere ERB,1.50420536412178
P0278,278,26,SUpDEqSH,SUpDEq + SH,Contralateral25ERB,Contralateral 25-deg ERB,2.40969689995383
P0278,278,26,SUpDEqSH,SUpDEq + SH,ContralateralHighFrequency,Contralateral HF,6.00477309637209
P0278,278,26,SUpDEqSH,SUpDEq + SH,HorizontalILDMAE,Horizontal ILD MAE,1.14981801682673
P0278,278,26,SUpDEqNN,SUpDEq + Natural Neighbor,FullSphereERB,Full-sphere ERB,1.52523451924059
P0278,278,26,SUpDEqNN,SUpDEq + Natural Neighbor,Contralateral25ERB,Contralateral 25-deg ERB,2.28381063057688
P0278,278,26,SUpDEqNN,SUpDEq + Natural Neighbor,ContralateralHighFrequency,Contralateral HF,5.46019683021458
P0278,278,26,SUpDEqNN,SUpDEq + Natural Neighbor,HorizontalILDMAE,Horizontal ILD MAE,1.14095821015622
P0278,278,26,SUpDEqBary,SUpDEq + Barycentric,FullSphereERB,Full-sphere ERB,1.42126533457744
P0278,278,26,SUpDEqBary,SUpDEq + Barycentric,Contralateral25ERB,Contralateral 25-deg ERB,2.27034447212933
P0278,278,26,SUpDEqBary,SUpDEq + Barycentric,ContralateralHighFrequency,Contralateral HF,5.28279374041464
P0278,278,26,SUpDEqBary,SUpDEq + Barycentric,HorizontalILDMAE,Horizontal ILD MAE,1.01248597255418
P0278,278,26,MCA,MCA,FullSphereERB,Full-sphere ERB,0.994132918639725
P0278,278,26,MCA,MCA,Contralateral25ERB,Contralateral 25-deg ERB,1.93614159048594
P0278,278,26,MCA,MCA,ContralateralHighFrequency,Contralateral HF,4.33981074168105
P0278,278,26,MCA,MCA,HorizontalILDMAE,Horizontal ILD MAE,0.92888149525848
P0278,278,26,MCARv351,MCAR v3.5.1,FullSphereERB,Full-sphere ERB,0.809802753162915
P0278,278,26,MCARv351,MCAR v3.5.1,Contralateral25ERB,Contralateral 25-deg ERB,1.31969164690167
P0278,278,26,MCARv351,MCAR v3.5.1,ContralateralHighFrequency,Contralateral HF,3.3524053926455
P0278,278,26,MCARv351,MCAR v3.5.1,HorizontalILDMAE,Horizontal ILD MAE,0.439694555111045
P0278,278,26,FSPAE,FSP-AE,FullSphereERB,Full-sphere ERB,1.35569224466804
P0278,278,26,FSPAE,FSP-AE,Contralateral25ERB,Contralateral 25-deg ERB,2.1497332313716
P0278,278,26,FSPAE,FSP-AE,ContralateralHighFrequency,Contralateral HF,3.00599332193436
P0278,278,26,FSPAE,FSP-AE,HorizontalILDMAE,Horizontal ILD MAE,0.581863177416897
P0278,278,26,RANF,RANF,FullSphereERB,Full-sphere ERB,1.08737908712308
P0278,278,26,RANF,RANF,Contralateral25ERB,Contralateral 25-deg ERB,1.70343843125797
P0278,278,26,RANF,RANF,ContralateralHighFrequency,Contralateral HF,3.25718559750023
P0278,278,26,RANF,RANF,HorizontalILDMAE,Horizontal ILD MAE,0.638397418989464
P0278,278,26,HYBRID,Hybrid E190,FullSphereERB,Full-sphere ERB,0.838846576921067
P0278,278,26,HYBRID,Hybrid E190,Contralateral25ERB,Contralateral 25-deg ERB,1.39606097527295
P0278,278,26,HYBRID,Hybrid E190,ContralateralHighFrequency,Contralateral HF,3.44273931655168
P0278,278,26,HYBRID,Hybrid E190,HorizontalILDMAE,Horizontal ILD MAE,0.56691457328018
P0278,278,26,BOUNDED,Bounded E25,FullSphereERB,Full-sphere ERB,0.791729665428954
P0278,278,26,BOUNDED,Bounded E25,Contralateral25ERB,Contralateral 25-deg ERB,1.30275610270027
P0278,278,26,BOUNDED,Bounded E25,ContralateralHighFrequency,Contralateral HF,3.38298730266894
P0278,278,26,BOUNDED,Bounded E25,HorizontalILDMAE,Horizontal ILD MAE,0.42787835468989
P0278,278,50,SHOnly,SH only,FullSphereERB,Full-sphere ERB,2.87997114971304
P0278,278,50,SHOnly,SH only,Contralateral25ERB,Contralateral 25-deg ERB,3.53677811351736
P0278,278,50,SHOnly,SH only,ContralateralHighFrequency,Contralateral HF,7.91807883520606
P0278,278,50,SHOnly,SH only,HorizontalILDMAE,Horizontal ILD MAE,3.90206038156803
P0278,278,50,SUpDEqSH,SUpDEq + SH,FullSphereERB,Full-sphere ERB,1.57837611362038
P0278,278,50,SUpDEqSH,SUpDEq + SH,Contralateral25ERB,Contralateral 25-deg ERB,2.6347342734525
P0278,278,50,SUpDEqSH,SUpDEq + SH,ContralateralHighFrequency,Contralateral HF,5.8848966899498
P0278,278,50,SUpDEqSH,SUpDEq + SH,HorizontalILDMAE,Horizontal ILD MAE,1.35436097093798
P0278,278,50,SUpDEqNN,SUpDEq + Natural Neighbor,FullSphereERB,Full-sphere ERB,1.23098905928139
P0278,278,50,SUpDEqNN,SUpDEq + Natural Neighbor,Contralateral25ERB,Contralateral 25-deg ERB,2.02825264328781
P0278,278,50,SUpDEqNN,SUpDEq + Natural Neighbor,ContralateralHighFrequency,Contralateral HF,4.93272333948054
P0278,278,50,SUpDEqNN,SUpDEq + Natural Neighbor,HorizontalILDMAE,Horizontal ILD MAE,0.983050698919632
P0278,278,50,SUpDEqBary,SUpDEq + Barycentric,FullSphereERB,Full-sphere ERB,1.14610310149242
P0278,278,50,SUpDEqBary,SUpDEq + Barycentric,Contralateral25ERB,Contralateral 25-deg ERB,1.94824658349677
P0278,278,50,SUpDEqBary,SUpDEq + Barycentric,ContralateralHighFrequency,Contralateral HF,4.71064091526555
P0278,278,50,SUpDEqBary,SUpDEq + Barycentric,HorizontalILDMAE,Horizontal ILD MAE,0.972338942775371
P0278,278,50,MCA,MCA,FullSphereERB,Full-sphere ERB,0.889731171367532
P0278,278,50,MCA,MCA,Contralateral25ERB,Contralateral 25-deg ERB,1.69723609640773
P0278,278,50,MCA,MCA,ContralateralHighFrequency,Contralateral HF,4.04947779069356
P0278,278,50,MCA,MCA,HorizontalILDMAE,Horizontal ILD MAE,0.665287621824976
P0278,278,50,MCARv351,MCAR v3.5.1,FullSphereERB,Full-sphere ERB,0.784919936764658
P0278,278,50,MCARv351,MCAR v3.5.1,Contralateral25ERB,Contralateral 25-deg ERB,1.246708415835
P0278,278,50,MCARv351,MCAR v3.5.1,ContralateralHighFrequency,Contralateral HF,3.26032800165971
P0278,278,50,MCARv351,MCAR v3.5.1,HorizontalILDMAE,Horizontal ILD MAE,0.441681502052648
P0278,278,50,FSPAE,FSP-AE,FullSphereERB,Full-sphere ERB,2.15386857078004
P0278,278,50,FSPAE,FSP-AE,Contralateral25ERB,Contralateral 25-deg ERB,2.29954720098099
P0278,278,50,FSPAE,FSP-AE,ContralateralHighFrequency,Contralateral HF,3.55582091285921
P0278,278,50,FSPAE,FSP-AE,HorizontalILDMAE,Horizontal ILD MAE,1.24775021128913
P0278,278,50,RANF,RANF,FullSphereERB,Full-sphere ERB,0.990241392329767
P0278,278,50,RANF,RANF,Contralateral25ERB,Contralateral 25-deg ERB,1.58250648167935
P0278,278,50,RANF,RANF,ContralateralHighFrequency,Contralateral HF,3.01817228390374
P0278,278,50,RANF,RANF,HorizontalILDMAE,Horizontal ILD MAE,0.539189191997038
P0278,278,50,HYBRID,Hybrid E190,FullSphereERB,Full-sphere ERB,0.825370205330726
P0278,278,50,HYBRID,Hybrid E190,Contralateral25ERB,Contralateral 25-deg ERB,1.34022286437333
P0278,278,50,HYBRID,Hybrid E190,ContralateralHighFrequency,Contralateral HF,3.36919698380643
P0278,278,50,HYBRID,Hybrid E190,HorizontalILDMAE,Horizontal ILD MAE,0.631200488287769
P0278,278,50,BOUNDED,Bounded E25,FullSphereERB,Full-sphere ERB,0.784187384347932
P0278,278,50,BOUNDED,Bounded E25,Contralateral25ERB,Contralateral 25-deg ERB,1.25167530168688
P0278,278,50,BOUNDED,Bounded E25,ContralateralHighFrequency,Contralateral HF,3.3230964886995
P0278,278,50,BOUNDED,Bounded E25,HorizontalILDMAE,Horizontal ILD MAE,0.506166191439296
P0294,294,14,SHOnly,SH only,FullSphereERB,Full-sphere ERB,3.06088782474932
P0294,294,14,SHOnly,SH only,Contralateral25ERB,Contralateral 25-deg ERB,6.21810563171516
P0294,294,14,SHOnly,SH only,ContralateralHighFrequency,Contralateral HF,12.1940863271223
P0294,294,14,SHOnly,SH only,HorizontalILDMAE,Horizontal ILD MAE,4.40210825482971
P0294,294,14,SUpDEqSH,SUpDEq + SH,FullSphereERB,Full-sphere ERB,1.77502163991449
P0294,294,14,SUpDEqSH,SUpDEq + SH,Contralateral25ERB,Contralateral 25-deg ERB,2.75680867484294
P0294,294,14,SUpDEqSH,SUpDEq + SH,ContralateralHighFrequency,Contralateral HF,7.04940782662663
P0294,294,14,SUpDEqSH,SUpDEq + SH,HorizontalILDMAE,Horizontal ILD MAE,1.43562951447412
P0294,294,14,SUpDEqNN,SUpDEq + Natural Neighbor,FullSphereERB,Full-sphere ERB,2.14389192335622
P0294,294,14,SUpDEqNN,SUpDEq + Natural Neighbor,Contralateral25ERB,Contralateral 25-deg ERB,2.50542695083386
P0294,294,14,SUpDEqNN,SUpDEq + Natural Neighbor,ContralateralHighFrequency,Contralateral HF,6.22436400980116
P0294,294,14,SUpDEqNN,SUpDEq + Natural Neighbor,HorizontalILDMAE,Horizontal ILD MAE,1.62695656881685
P0294,294,14,SUpDEqBary,SUpDEq + Barycentric,FullSphereERB,Full-sphere ERB,2.10947907319346
P0294,294,14,SUpDEqBary,SUpDEq + Barycentric,Contralateral25ERB,Contralateral 25-deg ERB,2.45034566269215
P0294,294,14,SUpDEqBary,SUpDEq + Barycentric,ContralateralHighFrequency,Contralateral HF,6.25003446303907
P0294,294,14,SUpDEqBary,SUpDEq + Barycentric,HorizontalILDMAE,Horizontal ILD MAE,1.56600295861538
P0294,294,14,MCA,MCA,FullSphereERB,Full-sphere ERB,1.52724386721898
P0294,294,14,MCA,MCA,Contralateral25ERB,Contralateral 25-deg ERB,2.61760837287741
P0294,294,14,MCA,MCA,ContralateralHighFrequency,Contralateral HF,6.20789179941588
P0294,294,14,MCA,MCA,HorizontalILDMAE,Horizontal ILD MAE,0.947674534619027
P0294,294,14,MCARv351,MCAR v3.5.1,FullSphereERB,Full-sphere ERB,1.35593151149212
P0294,294,14,MCARv351,MCAR v3.5.1,Contralateral25ERB,Contralateral 25-deg ERB,1.81964842749119
P0294,294,14,MCARv351,MCAR v3.5.1,ContralateralHighFrequency,Contralateral HF,5.28603238547058
P0294,294,14,MCARv351,MCAR v3.5.1,HorizontalILDMAE,Horizontal ILD MAE,0.797281086115369
P0294,294,14,FSPAE,FSP-AE,FullSphereERB,Full-sphere ERB,2.11740021641906
P0294,294,14,FSPAE,FSP-AE,Contralateral25ERB,Contralateral 25-deg ERB,2.53102015792932
P0294,294,14,FSPAE,FSP-AE,ContralateralHighFrequency,Contralateral HF,4.54864446527321
P0294,294,14,FSPAE,FSP-AE,HorizontalILDMAE,Horizontal ILD MAE,1.71480229368946
P0294,294,14,RANF,RANF,FullSphereERB,Full-sphere ERB,1.37651366813603
P0294,294,14,RANF,RANF,Contralateral25ERB,Contralateral 25-deg ERB,2.08581007140621
P0294,294,14,RANF,RANF,ContralateralHighFrequency,Contralateral HF,3.63256407184248
P0294,294,14,RANF,RANF,HorizontalILDMAE,Horizontal ILD MAE,1.18514184246176
P0294,294,14,HYBRID,Hybrid E190,FullSphereERB,Full-sphere ERB,1.27698726611152
P0294,294,14,HYBRID,Hybrid E190,Contralateral25ERB,Contralateral 25-deg ERB,1.66017407634991
P0294,294,14,HYBRID,Hybrid E190,ContralateralHighFrequency,Contralateral HF,4.86243464443819
P0294,294,14,HYBRID,Hybrid E190,HorizontalILDMAE,Horizontal ILD MAE,0.634006949745467
P0294,294,14,BOUNDED,Bounded E25,FullSphereERB,Full-sphere ERB,1.28771406197107
P0294,294,14,BOUNDED,Bounded E25,Contralateral25ERB,Contralateral 25-deg ERB,1.64865526195643
P0294,294,14,BOUNDED,Bounded E25,ContralateralHighFrequency,Contralateral HF,4.99788230543391
P0294,294,14,BOUNDED,Bounded E25,HorizontalILDMAE,Horizontal ILD MAE,0.67308227066025
P0294,294,26,SHOnly,SH only,FullSphereERB,Full-sphere ERB,2.91755081057747
P0294,294,26,SHOnly,SH only,Contralateral25ERB,Contralateral 25-deg ERB,5.01672026795429
P0294,294,26,SHOnly,SH only,ContralateralHighFrequency,Contralateral HF,10.3867035256134
P0294,294,26,SHOnly,SH only,HorizontalILDMAE,Horizontal ILD MAE,4.14960314751134
P0294,294,26,SUpDEqSH,SUpDEq + SH,FullSphereERB,Full-sphere ERB,1.76338963691554
P0294,294,26,SUpDEqSH,SUpDEq + SH,Contralateral25ERB,Contralateral 25-deg ERB,2.2976190282921
P0294,294,26,SUpDEqSH,SUpDEq + SH,ContralateralHighFrequency,Contralateral HF,6.1876658715515
P0294,294,26,SUpDEqSH,SUpDEq + SH,HorizontalILDMAE,Horizontal ILD MAE,1.5691207506351
P0294,294,26,SUpDEqNN,SUpDEq + Natural Neighbor,FullSphereERB,Full-sphere ERB,1.85030005035308
P0294,294,26,SUpDEqNN,SUpDEq + Natural Neighbor,Contralateral25ERB,Contralateral 25-deg ERB,2.13086194097326
P0294,294,26,SUpDEqNN,SUpDEq + Natural Neighbor,ContralateralHighFrequency,Contralateral HF,5.43831062288087
P0294,294,26,SUpDEqNN,SUpDEq + Natural Neighbor,HorizontalILDMAE,Horizontal ILD MAE,1.63066989199486
P0294,294,26,SUpDEqBary,SUpDEq + Barycentric,FullSphereERB,Full-sphere ERB,1.75568486534132
P0294,294,26,SUpDEqBary,SUpDEq + Barycentric,Contralateral25ERB,Contralateral 25-deg ERB,2.14510236359552
P0294,294,26,SUpDEqBary,SUpDEq + Barycentric,ContralateralHighFrequency,Contralateral HF,5.34711551505367
P0294,294,26,SUpDEqBary,SUpDEq + Barycentric,HorizontalILDMAE,Horizontal ILD MAE,1.59914125341972
P0294,294,26,MCA,MCA,FullSphereERB,Full-sphere ERB,1.04328135176541
P0294,294,26,MCA,MCA,Contralateral25ERB,Contralateral 25-deg ERB,1.73283935826833
P0294,294,26,MCA,MCA,ContralateralHighFrequency,Contralateral HF,4.86653904471532
P0294,294,26,MCA,MCA,HorizontalILDMAE,Horizontal ILD MAE,0.795993490678752
P0294,294,26,MCARv351,MCAR v3.5.1,FullSphereERB,Full-sphere ERB,0.907514512401106
P0294,294,26,MCARv351,MCAR v3.5.1,Contralateral25ERB,Contralateral 25-deg ERB,1.44168370243341
P0294,294,26,MCARv351,MCAR v3.5.1,ContralateralHighFrequency,Contralateral HF,3.85948889492315
P0294,294,26,MCARv351,MCAR v3.5.1,HorizontalILDMAE,Horizontal ILD MAE,0.707081608106871
P0294,294,26,FSPAE,FSP-AE,FullSphereERB,Full-sphere ERB,1.33851221803746
P0294,294,26,FSPAE,FSP-AE,Contralateral25ERB,Contralateral 25-deg ERB,2.12340983887274
P0294,294,26,FSPAE,FSP-AE,ContralateralHighFrequency,Contralateral HF,3.13851780177332
P0294,294,26,FSPAE,FSP-AE,HorizontalILDMAE,Horizontal ILD MAE,0.69801647357168
P0294,294,26,RANF,RANF,FullSphereERB,Full-sphere ERB,1.31999113231258
P0294,294,26,RANF,RANF,Contralateral25ERB,Contralateral 25-deg ERB,2.11966463593916
P0294,294,26,RANF,RANF,ContralateralHighFrequency,Contralateral HF,3.56984308311595
P0294,294,26,RANF,RANF,HorizontalILDMAE,Horizontal ILD MAE,1.02527702243681
P0294,294,26,HYBRID,Hybrid E190,FullSphereERB,Full-sphere ERB,0.89956836158733
P0294,294,26,HYBRID,Hybrid E190,Contralateral25ERB,Contralateral 25-deg ERB,1.41801474027603
P0294,294,26,HYBRID,Hybrid E190,ContralateralHighFrequency,Contralateral HF,3.82166564461577
P0294,294,26,HYBRID,Hybrid E190,HorizontalILDMAE,Horizontal ILD MAE,0.746543381914079
P0294,294,26,BOUNDED,Bounded E25,FullSphereERB,Full-sphere ERB,0.88619445939988
P0294,294,26,BOUNDED,Bounded E25,Contralateral25ERB,Contralateral 25-deg ERB,1.38351402859814
P0294,294,26,BOUNDED,Bounded E25,ContralateralHighFrequency,Contralateral HF,3.89307663563384
P0294,294,26,BOUNDED,Bounded E25,HorizontalILDMAE,Horizontal ILD MAE,0.672868849289616
P0294,294,50,SHOnly,SH only,FullSphereERB,Full-sphere ERB,3.09857583851368
P0294,294,50,SHOnly,SH only,Contralateral25ERB,Contralateral 25-deg ERB,5.22160316826369
P0294,294,50,SHOnly,SH only,ContralateralHighFrequency,Contralateral HF,9.26181276517365
P0294,294,50,SHOnly,SH only,HorizontalILDMAE,Horizontal ILD MAE,4.78080031989646
P0294,294,50,SUpDEqSH,SUpDEq + SH,FullSphereERB,Full-sphere ERB,1.90906577414741
P0294,294,50,SUpDEqSH,SUpDEq + SH,Contralateral25ERB,Contralateral 25-deg ERB,2.42019141537276
P0294,294,50,SUpDEqSH,SUpDEq + SH,ContralateralHighFrequency,Contralateral HF,6.67309951225169
P0294,294,50,SUpDEqSH,SUpDEq + SH,HorizontalILDMAE,Horizontal ILD MAE,1.40164153888368
P0294,294,50,SUpDEqNN,SUpDEq + Natural Neighbor,FullSphereERB,Full-sphere ERB,1.57064149888257
P0294,294,50,SUpDEqNN,SUpDEq + Natural Neighbor,Contralateral25ERB,Contralateral 25-deg ERB,1.92598855298646
P0294,294,50,SUpDEqNN,SUpDEq + Natural Neighbor,ContralateralHighFrequency,Contralateral HF,5.47915604771967
P0294,294,50,SUpDEqNN,SUpDEq + Natural Neighbor,HorizontalILDMAE,Horizontal ILD MAE,1.11191037599437
P0294,294,50,SUpDEqBary,SUpDEq + Barycentric,FullSphereERB,Full-sphere ERB,1.42220219615947
P0294,294,50,SUpDEqBary,SUpDEq + Barycentric,Contralateral25ERB,Contralateral 25-deg ERB,1.91782207198622
P0294,294,50,SUpDEqBary,SUpDEq + Barycentric,ContralateralHighFrequency,Contralateral HF,5.12778752915282
P0294,294,50,SUpDEqBary,SUpDEq + Barycentric,HorizontalILDMAE,Horizontal ILD MAE,1.31241760931435
P0294,294,50,MCA,MCA,FullSphereERB,Full-sphere ERB,0.96854161087367
P0294,294,50,MCA,MCA,Contralateral25ERB,Contralateral 25-deg ERB,1.64446237179963
P0294,294,50,MCA,MCA,ContralateralHighFrequency,Contralateral HF,4.88735013505102
P0294,294,50,MCA,MCA,HorizontalILDMAE,Horizontal ILD MAE,0.824055645338433
P0294,294,50,MCARv351,MCAR v3.5.1,FullSphereERB,Full-sphere ERB,0.881321919509914
P0294,294,50,MCARv351,MCAR v3.5.1,Contralateral25ERB,Contralateral 25-deg ERB,1.45715866517725
P0294,294,50,MCARv351,MCAR v3.5.1,ContralateralHighFrequency,Contralateral HF,3.8805042678502
P0294,294,50,MCARv351,MCAR v3.5.1,HorizontalILDMAE,Horizontal ILD MAE,0.756904898758742
P0294,294,50,FSPAE,FSP-AE,FullSphereERB,Full-sphere ERB,2.14535452084909
P0294,294,50,FSPAE,FSP-AE,Contralateral25ERB,Contralateral 25-deg ERB,2.09113989804526
P0294,294,50,FSPAE,FSP-AE,ContralateralHighFrequency,Contralateral HF,3.82099969400156
P0294,294,50,FSPAE,FSP-AE,HorizontalILDMAE,Horizontal ILD MAE,1.66705237366997
P0294,294,50,RANF,RANF,FullSphereERB,Full-sphere ERB,1.20285404522068
P0294,294,50,RANF,RANF,Contralateral25ERB,Contralateral 25-deg ERB,2.02993251768152
P0294,294,50,RANF,RANF,ContralateralHighFrequency,Contralateral HF,3.28865272991823
P0294,294,50,RANF,RANF,HorizontalILDMAE,Horizontal ILD MAE,0.899643490935495
P0294,294,50,HYBRID,Hybrid E190,FullSphereERB,Full-sphere ERB,0.875018145126935
P0294,294,50,HYBRID,Hybrid E190,Contralateral25ERB,Contralateral 25-deg ERB,1.44247096080114
P0294,294,50,HYBRID,Hybrid E190,ContralateralHighFrequency,Contralateral HF,3.82442626683911
P0294,294,50,HYBRID,Hybrid E190,HorizontalILDMAE,Horizontal ILD MAE,0.78625837342722
P0294,294,50,BOUNDED,Bounded E25,FullSphereERB,Full-sphere ERB,0.865181573513106
P0294,294,50,BOUNDED,Bounded E25,Contralateral25ERB,Contralateral 25-deg ERB,1.40131221790571
P0294,294,50,BOUNDED,Bounded E25,ContralateralHighFrequency,Contralateral HF,3.91965055116406
P0294,294,50,BOUNDED,Bounded E25,HorizontalILDMAE,Horizontal ILD MAE,0.72726457700022
P0295,295,14,SHOnly,SH only,FullSphereERB,Full-sphere ERB,2.83927162683778
P0295,295,14,SHOnly,SH only,Contralateral25ERB,Contralateral 25-deg ERB,5.40267433260954
P0295,295,14,SHOnly,SH only,ContralateralHighFrequency,Contralateral HF,10.5166414602079
P0295,295,14,SHOnly,SH only,HorizontalILDMAE,Horizontal ILD MAE,3.92666274809586
P0295,295,14,SUpDEqSH,SUpDEq + SH,FullSphereERB,Full-sphere ERB,1.57095455031351
P0295,295,14,SUpDEqSH,SUpDEq + SH,Contralateral25ERB,Contralateral 25-deg ERB,2.57125835156985
P0295,295,14,SUpDEqSH,SUpDEq + SH,ContralateralHighFrequency,Contralateral HF,6.49015725790498
P0295,295,14,SUpDEqSH,SUpDEq + SH,HorizontalILDMAE,Horizontal ILD MAE,1.49618366967225
P0295,295,14,SUpDEqNN,SUpDEq + Natural Neighbor,FullSphereERB,Full-sphere ERB,1.65333427966113
P0295,295,14,SUpDEqNN,SUpDEq + Natural Neighbor,Contralateral25ERB,Contralateral 25-deg ERB,2.36809068087716
P0295,295,14,SUpDEqNN,SUpDEq + Natural Neighbor,ContralateralHighFrequency,Contralateral HF,6.25729046789561
P0295,295,14,SUpDEqNN,SUpDEq + Natural Neighbor,HorizontalILDMAE,Horizontal ILD MAE,1.82313314014694
P0295,295,14,SUpDEqBary,SUpDEq + Barycentric,FullSphereERB,Full-sphere ERB,1.60089085662979
P0295,295,14,SUpDEqBary,SUpDEq + Barycentric,Contralateral25ERB,Contralateral 25-deg ERB,2.33646422905166
P0295,295,14,SUpDEqBary,SUpDEq + Barycentric,ContralateralHighFrequency,Contralateral HF,6.02229408680085
P0295,295,14,SUpDEqBary,SUpDEq + Barycentric,HorizontalILDMAE,Horizontal ILD MAE,1.68363015162056
P0295,295,14,MCA,MCA,FullSphereERB,Full-sphere ERB,1.24255480470796
P0295,295,14,MCA,MCA,Contralateral25ERB,Contralateral 25-deg ERB,2.29219135975442
P0295,295,14,MCA,MCA,ContralateralHighFrequency,Contralateral HF,5.16879430985376
P0295,295,14,MCA,MCA,HorizontalILDMAE,Horizontal ILD MAE,0.932891790266205
P0295,295,14,MCARv351,MCAR v3.5.1,FullSphereERB,Full-sphere ERB,1.06057872741268
P0295,295,14,MCARv351,MCAR v3.5.1,Contralateral25ERB,Contralateral 25-deg ERB,1.72622173204431
P0295,295,14,MCARv351,MCAR v3.5.1,ContralateralHighFrequency,Contralateral HF,3.98804721448092
P0295,295,14,MCARv351,MCAR v3.5.1,HorizontalILDMAE,Horizontal ILD MAE,0.905067330013549
P0295,295,14,FSPAE,FSP-AE,FullSphereERB,Full-sphere ERB,1.87255054565611
P0295,295,14,FSPAE,FSP-AE,Contralateral25ERB,Contralateral 25-deg ERB,2.5909761571716
P0295,295,14,FSPAE,FSP-AE,ContralateralHighFrequency,Contralateral HF,3.86198662591434
P0295,295,14,FSPAE,FSP-AE,HorizontalILDMAE,Horizontal ILD MAE,1.18408794560785
P0295,295,14,RANF,RANF,FullSphereERB,Full-sphere ERB,1.03379846337578
P0295,295,14,RANF,RANF,Contralateral25ERB,Contralateral 25-deg ERB,1.56047507128316
P0295,295,14,RANF,RANF,ContralateralHighFrequency,Contralateral HF,3.25968262689683
P0295,295,14,RANF,RANF,HorizontalILDMAE,Horizontal ILD MAE,0.717074460021865
P0295,295,14,HYBRID,Hybrid E190,FullSphereERB,Full-sphere ERB,0.992328149821373
P0295,295,14,HYBRID,Hybrid E190,Contralateral25ERB,Contralateral 25-deg ERB,1.58334568811533
P0295,295,14,HYBRID,Hybrid E190,ContralateralHighFrequency,Contralateral HF,3.6147643445803
P0295,295,14,HYBRID,Hybrid E190,HorizontalILDMAE,Horizontal ILD MAE,0.838131492616431
P0295,295,14,BOUNDED,Bounded E25,FullSphereERB,Full-sphere ERB,0.995898949004971
P0295,295,14,BOUNDED,Bounded E25,Contralateral25ERB,Contralateral 25-deg ERB,1.6153737358974
P0295,295,14,BOUNDED,Bounded E25,ContralateralHighFrequency,Contralateral HF,3.71262559194527
P0295,295,14,BOUNDED,Bounded E25,HorizontalILDMAE,Horizontal ILD MAE,0.861499661264967
P0295,295,26,SHOnly,SH only,FullSphereERB,Full-sphere ERB,2.60744890719843
P0295,295,26,SHOnly,SH only,Contralateral25ERB,Contralateral 25-deg ERB,3.87236994959994
P0295,295,26,SHOnly,SH only,ContralateralHighFrequency,Contralateral HF,8.74429989378788
P0295,295,26,SHOnly,SH only,HorizontalILDMAE,Horizontal ILD MAE,3.84932068285975
P0295,295,26,SUpDEqSH,SUpDEq + SH,FullSphereERB,Full-sphere ERB,1.42315368086421
P0295,295,26,SUpDEqSH,SUpDEq + SH,Contralateral25ERB,Contralateral 25-deg ERB,2.14790275527114
P0295,295,26,SUpDEqSH,SUpDEq + SH,ContralateralHighFrequency,Contralateral HF,5.97341942075769
P0295,295,26,SUpDEqSH,SUpDEq + SH,HorizontalILDMAE,Horizontal ILD MAE,2.09637284492933
P0295,295,26,SUpDEqNN,SUpDEq + Natural Neighbor,FullSphereERB,Full-sphere ERB,1.36689543443634
P0295,295,26,SUpDEqNN,SUpDEq + Natural Neighbor,Contralateral25ERB,Contralateral 25-deg ERB,2.11491519732853
P0295,295,26,SUpDEqNN,SUpDEq + Natural Neighbor,ContralateralHighFrequency,Contralateral HF,5.57537135599389
P0295,295,26,SUpDEqNN,SUpDEq + Natural Neighbor,HorizontalILDMAE,Horizontal ILD MAE,1.88853160523272
P0295,295,26,SUpDEqBary,SUpDEq + Barycentric,FullSphereERB,Full-sphere ERB,1.33232498248966
P0295,295,26,SUpDEqBary,SUpDEq + Barycentric,Contralateral25ERB,Contralateral 25-deg ERB,2.1130018622461
P0295,295,26,SUpDEqBary,SUpDEq + Barycentric,ContralateralHighFrequency,Contralateral HF,5.48537346147121
P0295,295,26,SUpDEqBary,SUpDEq + Barycentric,HorizontalILDMAE,Horizontal ILD MAE,1.83521636409053
P0295,295,26,MCA,MCA,FullSphereERB,Full-sphere ERB,0.980284359687623
P0295,295,26,MCA,MCA,Contralateral25ERB,Contralateral 25-deg ERB,1.7089886673899
P0295,295,26,MCA,MCA,ContralateralHighFrequency,Contralateral HF,4.82988269520471
P0295,295,26,MCA,MCA,HorizontalILDMAE,Horizontal ILD MAE,0.757778226037286
P0295,295,26,MCARv351,MCAR v3.5.1,FullSphereERB,Full-sphere ERB,0.73743021147044
P0295,295,26,MCARv351,MCAR v3.5.1,Contralateral25ERB,Contralateral 25-deg ERB,1.25542773983806
P0295,295,26,MCARv351,MCAR v3.5.1,ContralateralHighFrequency,Contralateral HF,3.3695121907549
P0295,295,26,MCARv351,MCAR v3.5.1,HorizontalILDMAE,Horizontal ILD MAE,0.635859351354365
P0295,295,26,FSPAE,FSP-AE,FullSphereERB,Full-sphere ERB,1.21708467335593
P0295,295,26,FSPAE,FSP-AE,Contralateral25ERB,Contralateral 25-deg ERB,1.88932095519276
P0295,295,26,FSPAE,FSP-AE,ContralateralHighFrequency,Contralateral HF,2.9014623662363
P0295,295,26,FSPAE,FSP-AE,HorizontalILDMAE,Horizontal ILD MAE,0.614984724230648
P0295,295,26,RANF,RANF,FullSphereERB,Full-sphere ERB,1.00781181640119
P0295,295,26,RANF,RANF,Contralateral25ERB,Contralateral 25-deg ERB,1.64197068395594
P0295,295,26,RANF,RANF,ContralateralHighFrequency,Contralateral HF,3.31539258171596
P0295,295,26,RANF,RANF,HorizontalILDMAE,Horizontal ILD MAE,0.673769571514288
P0295,295,26,HYBRID,Hybrid E190,FullSphereERB,Full-sphere ERB,0.701666015068172
P0295,295,26,HYBRID,Hybrid E190,Contralateral25ERB,Contralateral 25-deg ERB,1.14279849076182
P0295,295,26,HYBRID,Hybrid E190,ContralateralHighFrequency,Contralateral HF,3.17666624332872
P0295,295,26,HYBRID,Hybrid E190,HorizontalILDMAE,Horizontal ILD MAE,0.733819608211113
P0295,295,26,BOUNDED,Bounded E25,FullSphereERB,Full-sphere ERB,0.694445232213123
P0295,295,26,BOUNDED,Bounded E25,Contralateral25ERB,Contralateral 25-deg ERB,1.16973735136151
P0295,295,26,BOUNDED,Bounded E25,ContralateralHighFrequency,Contralateral HF,3.24637887888327
P0295,295,26,BOUNDED,Bounded E25,HorizontalILDMAE,Horizontal ILD MAE,0.649279826273313
P0295,295,50,SHOnly,SH only,FullSphereERB,Full-sphere ERB,2.80148847545675
P0295,295,50,SHOnly,SH only,Contralateral25ERB,Contralateral 25-deg ERB,3.7676142256718
P0295,295,50,SHOnly,SH only,ContralateralHighFrequency,Contralateral HF,7.18114018061791
P0295,295,50,SHOnly,SH only,HorizontalILDMAE,Horizontal ILD MAE,3.81169934703037
P0295,295,50,SUpDEqSH,SUpDEq + SH,FullSphereERB,Full-sphere ERB,1.49896213868404
P0295,295,50,SUpDEqSH,SUpDEq + SH,Contralateral25ERB,Contralateral 25-deg ERB,2.47054538658125
P0295,295,50,SUpDEqSH,SUpDEq + SH,ContralateralHighFrequency,Contralateral HF,5.85934704695477
P0295,295,50,SUpDEqSH,SUpDEq + SH,HorizontalILDMAE,Horizontal ILD MAE,1.96117892912143
P0295,295,50,SUpDEqNN,SUpDEq + Natural Neighbor,FullSphereERB,Full-sphere ERB,1.1708645240971
P0295,295,50,SUpDEqNN,SUpDEq + Natural Neighbor,Contralateral25ERB,Contralateral 25-deg ERB,2.01961058013185
P0295,295,50,SUpDEqNN,SUpDEq + Natural Neighbor,ContralateralHighFrequency,Contralateral HF,5.25779465076882
P0295,295,50,SUpDEqNN,SUpDEq + Natural Neighbor,HorizontalILDMAE,Horizontal ILD MAE,1.6418191796431
P0295,295,50,SUpDEqBary,SUpDEq + Barycentric,FullSphereERB,Full-sphere ERB,1.11810777187888
P0295,295,50,SUpDEqBary,SUpDEq + Barycentric,Contralateral25ERB,Contralateral 25-deg ERB,1.95880508070675
P0295,295,50,SUpDEqBary,SUpDEq + Barycentric,ContralateralHighFrequency,Contralateral HF,5.08336130681325
P0295,295,50,SUpDEqBary,SUpDEq + Barycentric,HorizontalILDMAE,Horizontal ILD MAE,1.7068328375444
P0295,295,50,MCA,MCA,FullSphereERB,Full-sphere ERB,0.908238757780953
P0295,295,50,MCA,MCA,Contralateral25ERB,Contralateral 25-deg ERB,1.59702787076928
P0295,295,50,MCA,MCA,ContralateralHighFrequency,Contralateral HF,4.52170797916532
P0295,295,50,MCA,MCA,HorizontalILDMAE,Horizontal ILD MAE,0.916401596757999
P0295,295,50,MCARv351,MCAR v3.5.1,FullSphereERB,Full-sphere ERB,0.745264602263472
P0295,295,50,MCARv351,MCAR v3.5.1,Contralateral25ERB,Contralateral 25-deg ERB,1.33915610299317
P0295,295,50,MCARv351,MCAR v3.5.1,ContralateralHighFrequency,Contralateral HF,3.33414774408507
P0295,295,50,MCARv351,MCAR v3.5.1,HorizontalILDMAE,Horizontal ILD MAE,0.792750104318165
P0295,295,50,FSPAE,FSP-AE,FullSphereERB,Full-sphere ERB,2.02522379519367
P0295,295,50,FSPAE,FSP-AE,Contralateral25ERB,Contralateral 25-deg ERB,2.02876370693138
P0295,295,50,FSPAE,FSP-AE,ContralateralHighFrequency,Contralateral HF,3.31070440036773
P0295,295,50,FSPAE,FSP-AE,HorizontalILDMAE,Horizontal ILD MAE,1.67292824369836
P0295,295,50,RANF,RANF,FullSphereERB,Full-sphere ERB,1.13230143791456
P0295,295,50,RANF,RANF,Contralateral25ERB,Contralateral 25-deg ERB,1.77371440876041
P0295,295,50,RANF,RANF,ContralateralHighFrequency,Contralateral HF,3.25857928952482
P0295,295,50,RANF,RANF,HorizontalILDMAE,Horizontal ILD MAE,0.457684992860294
P0295,295,50,HYBRID,Hybrid E190,FullSphereERB,Full-sphere ERB,0.751035165136424
P0295,295,50,HYBRID,Hybrid E190,Contralateral25ERB,Contralateral 25-deg ERB,1.25483151644737
P0295,295,50,HYBRID,Hybrid E190,ContralateralHighFrequency,Contralateral HF,3.33228490757496
P0295,295,50,HYBRID,Hybrid E190,HorizontalILDMAE,Horizontal ILD MAE,0.857313632553834
P0295,295,50,BOUNDED,Bounded E25,FullSphereERB,Full-sphere ERB,0.724574605555006
P0295,295,50,BOUNDED,Bounded E25,Contralateral25ERB,Contralateral 25-deg ERB,1.24379270433691
P0295,295,50,BOUNDED,Bounded E25,ContralateralHighFrequency,Contralateral HF,3.31731657091807
P0295,295,50,BOUNDED,Bounded E25,HorizontalILDMAE,Horizontal ILD MAE,0.792434948652577
P0307,307,14,SHOnly,SH only,FullSphereERB,Full-sphere ERB,2.78381476234791
P0307,307,14,SHOnly,SH only,Contralateral25ERB,Contralateral 25-deg ERB,5.80049607793756
P0307,307,14,SHOnly,SH only,ContralateralHighFrequency,Contralateral HF,10.0042975007818
P0307,307,14,SHOnly,SH only,HorizontalILDMAE,Horizontal ILD MAE,4.59170010958216
P0307,307,14,SUpDEqSH,SUpDEq + SH,FullSphereERB,Full-sphere ERB,1.7188805026968
P0307,307,14,SUpDEqSH,SUpDEq + SH,Contralateral25ERB,Contralateral 25-deg ERB,2.82504734709551
P0307,307,14,SUpDEqSH,SUpDEq + SH,ContralateralHighFrequency,Contralateral HF,6.04505667326294
P0307,307,14,SUpDEqSH,SUpDEq + SH,HorizontalILDMAE,Horizontal ILD MAE,1.44763857476546
P0307,307,14,SUpDEqNN,SUpDEq + Natural Neighbor,FullSphereERB,Full-sphere ERB,1.80670903315101
P0307,307,14,SUpDEqNN,SUpDEq + Natural Neighbor,Contralateral25ERB,Contralateral 25-deg ERB,2.36929462652654
P0307,307,14,SUpDEqNN,SUpDEq + Natural Neighbor,ContralateralHighFrequency,Contralateral HF,5.75963419601067
P0307,307,14,SUpDEqNN,SUpDEq + Natural Neighbor,HorizontalILDMAE,Horizontal ILD MAE,1.65171060626374
P0307,307,14,SUpDEqBary,SUpDEq + Barycentric,FullSphereERB,Full-sphere ERB,1.79375385061183
P0307,307,14,SUpDEqBary,SUpDEq + Barycentric,Contralateral25ERB,Contralateral 25-deg ERB,2.39013835275099
P0307,307,14,SUpDEqBary,SUpDEq + Barycentric,ContralateralHighFrequency,Contralateral HF,5.57946406275753
P0307,307,14,SUpDEqBary,SUpDEq + Barycentric,HorizontalILDMAE,Horizontal ILD MAE,1.55171517782959
P0307,307,14,MCA,MCA,FullSphereERB,Full-sphere ERB,1.44491572106405
P0307,307,14,MCA,MCA,Contralateral25ERB,Contralateral 25-deg ERB,2.49887001004453
P0307,307,14,MCA,MCA,ContralateralHighFrequency,Contralateral HF,4.80737543875408
P0307,307,14,MCA,MCA,HorizontalILDMAE,Horizontal ILD MAE,1.04910142164319
P0307,307,14,MCARv351,MCAR v3.5.1,FullSphereERB,Full-sphere ERB,1.22733427583729
P0307,307,14,MCARv351,MCAR v3.5.1,Contralateral25ERB,Contralateral 25-deg ERB,1.55839574001536
P0307,307,14,MCARv351,MCAR v3.5.1,ContralateralHighFrequency,Contralateral HF,4.13744788171851
P0307,307,14,MCARv351,MCAR v3.5.1,HorizontalILDMAE,Horizontal ILD MAE,0.487342058807333
P0307,307,14,FSPAE,FSP-AE,FullSphereERB,Full-sphere ERB,1.96370779690829
P0307,307,14,FSPAE,FSP-AE,Contralateral25ERB,Contralateral 25-deg ERB,2.53980019521638
P0307,307,14,FSPAE,FSP-AE,ContralateralHighFrequency,Contralateral HF,4.08499271370165
P0307,307,14,FSPAE,FSP-AE,HorizontalILDMAE,Horizontal ILD MAE,1.1574720885467
P0307,307,14,RANF,RANF,FullSphereERB,Full-sphere ERB,1.12098624390032
P0307,307,14,RANF,RANF,Contralateral25ERB,Contralateral 25-deg ERB,1.37697720655371
P0307,307,14,RANF,RANF,ContralateralHighFrequency,Contralateral HF,3.61397566817496
P0307,307,14,RANF,RANF,HorizontalILDMAE,Horizontal ILD MAE,0.660635813225565
P0307,307,14,HYBRID,Hybrid E190,FullSphereERB,Full-sphere ERB,1.19097046419275
P0307,307,14,HYBRID,Hybrid E190,Contralateral25ERB,Contralateral 25-deg ERB,1.52946933986109
P0307,307,14,HYBRID,Hybrid E190,ContralateralHighFrequency,Contralateral HF,3.92849475984601
P0307,307,14,HYBRID,Hybrid E190,HorizontalILDMAE,Horizontal ILD MAE,0.59173404579503
P0307,307,14,BOUNDED,Bounded E25,FullSphereERB,Full-sphere ERB,1.18469194320779
P0307,307,14,BOUNDED,Bounded E25,Contralateral25ERB,Contralateral 25-deg ERB,1.51429335136392
P0307,307,14,BOUNDED,Bounded E25,ContralateralHighFrequency,Contralateral HF,3.98246442516108
P0307,307,14,BOUNDED,Bounded E25,HorizontalILDMAE,Horizontal ILD MAE,0.507693261775716
P0307,307,26,SHOnly,SH only,FullSphereERB,Full-sphere ERB,2.5765977288611
P0307,307,26,SHOnly,SH only,Contralateral25ERB,Contralateral 25-deg ERB,3.85311314547614
P0307,307,26,SHOnly,SH only,ContralateralHighFrequency,Contralateral HF,8.70777192767351
P0307,307,26,SHOnly,SH only,HorizontalILDMAE,Horizontal ILD MAE,4.05159334438158
P0307,307,26,SUpDEqSH,SUpDEq + SH,FullSphereERB,Full-sphere ERB,1.49432532927146
P0307,307,26,SUpDEqSH,SUpDEq + SH,Contralateral25ERB,Contralateral 25-deg ERB,2.37518109562154
P0307,307,26,SUpDEqSH,SUpDEq + SH,ContralateralHighFrequency,Contralateral HF,5.95547428311376
P0307,307,26,SUpDEqSH,SUpDEq + SH,HorizontalILDMAE,Horizontal ILD MAE,1.27969924158425
P0307,307,26,SUpDEqNN,SUpDEq + Natural Neighbor,FullSphereERB,Full-sphere ERB,1.46152273254406
P0307,307,26,SUpDEqNN,SUpDEq + Natural Neighbor,Contralateral25ERB,Contralateral 25-deg ERB,2.18315751468071
P0307,307,26,SUpDEqNN,SUpDEq + Natural Neighbor,ContralateralHighFrequency,Contralateral HF,5.76754671677234
P0307,307,26,SUpDEqNN,SUpDEq + Natural Neighbor,HorizontalILDMAE,Horizontal ILD MAE,0.854163690308357
P0307,307,26,SUpDEqBary,SUpDEq + Barycentric,FullSphereERB,Full-sphere ERB,1.41552059399982
P0307,307,26,SUpDEqBary,SUpDEq + Barycentric,Contralateral25ERB,Contralateral 25-deg ERB,2.14076805083606
P0307,307,26,SUpDEqBary,SUpDEq + Barycentric,ContralateralHighFrequency,Contralateral HF,5.58771911932863
P0307,307,26,SUpDEqBary,SUpDEq + Barycentric,HorizontalILDMAE,Horizontal ILD MAE,0.855325300605038
P0307,307,26,MCA,MCA,FullSphereERB,Full-sphere ERB,1.08683979292583
P0307,307,26,MCA,MCA,Contralateral25ERB,Contralateral 25-deg ERB,1.93260304521376
P0307,307,26,MCA,MCA,ContralateralHighFrequency,Contralateral HF,4.52911468381335
P0307,307,26,MCA,MCA,HorizontalILDMAE,Horizontal ILD MAE,0.962237379198236
P0307,307,26,MCARv351,MCAR v3.5.1,FullSphereERB,Full-sphere ERB,0.845677513331353
P0307,307,26,MCARv351,MCAR v3.5.1,Contralateral25ERB,Contralateral 25-deg ERB,1.16218038015259
P0307,307,26,MCARv351,MCAR v3.5.1,ContralateralHighFrequency,Contralateral HF,3.58628978276842
P0307,307,26,MCARv351,MCAR v3.5.1,HorizontalILDMAE,Horizontal ILD MAE,0.531958637526226
P0307,307,26,FSPAE,FSP-AE,FullSphereERB,Full-sphere ERB,1.28914042618021
P0307,307,26,FSPAE,FSP-AE,Contralateral25ERB,Contralateral 25-deg ERB,1.82498546653115
P0307,307,26,FSPAE,FSP-AE,ContralateralHighFrequency,Contralateral HF,3.0013113630335
P0307,307,26,FSPAE,FSP-AE,HorizontalILDMAE,Horizontal ILD MAE,0.483805651510035
P0307,307,26,RANF,RANF,FullSphereERB,Full-sphere ERB,1.15300962551552
P0307,307,26,RANF,RANF,Contralateral25ERB,Contralateral 25-deg ERB,1.71842953271717
P0307,307,26,RANF,RANF,ContralateralHighFrequency,Contralateral HF,3.54874218038684
P0307,307,26,RANF,RANF,HorizontalILDMAE,Horizontal ILD MAE,0.466717490845027
P0307,307,26,HYBRID,Hybrid E190,FullSphereERB,Full-sphere ERB,0.872927799795713
P0307,307,26,HYBRID,Hybrid E190,Contralateral25ERB,Contralateral 25-deg ERB,1.18066853557773
P0307,307,26,HYBRID,Hybrid E190,ContralateralHighFrequency,Contralateral HF,3.6647141162062
P0307,307,26,HYBRID,Hybrid E190,HorizontalILDMAE,Horizontal ILD MAE,0.708015085050573
P0307,307,26,BOUNDED,Bounded E25,FullSphereERB,Full-sphere ERB,0.843824401945664
P0307,307,26,BOUNDED,Bounded E25,Contralateral25ERB,Contralateral 25-deg ERB,1.15062889577278
P0307,307,26,BOUNDED,Bounded E25,ContralateralHighFrequency,Contralateral HF,3.61388838909586
P0307,307,26,BOUNDED,Bounded E25,HorizontalILDMAE,Horizontal ILD MAE,0.585522478048239
P0307,307,50,SHOnly,SH only,FullSphereERB,Full-sphere ERB,2.75044193290329
P0307,307,50,SHOnly,SH only,Contralateral25ERB,Contralateral 25-deg ERB,3.37579387251528
P0307,307,50,SHOnly,SH only,ContralateralHighFrequency,Contralateral HF,7.24394187287655
P0307,307,50,SHOnly,SH only,HorizontalILDMAE,Horizontal ILD MAE,3.16076809119866
P0307,307,50,SUpDEqSH,SUpDEq + SH,FullSphereERB,Full-sphere ERB,1.57607935231768
P0307,307,50,SUpDEqSH,SUpDEq + SH,Contralateral25ERB,Contralateral 25-deg ERB,2.59758253584415
P0307,307,50,SUpDEqSH,SUpDEq + SH,ContralateralHighFrequency,Contralateral HF,6.413742962569
P0307,307,50,SUpDEqSH,SUpDEq + SH,HorizontalILDMAE,Horizontal ILD MAE,1.44412098402517
P0307,307,50,SUpDEqNN,SUpDEq + Natural Neighbor,FullSphereERB,Full-sphere ERB,1.2748425474785
P0307,307,50,SUpDEqNN,SUpDEq + Natural Neighbor,Contralateral25ERB,Contralateral 25-deg ERB,2.20787480651925
P0307,307,50,SUpDEqNN,SUpDEq + Natural Neighbor,ContralateralHighFrequency,Contralateral HF,5.61185696721534
P0307,307,50,SUpDEqNN,SUpDEq + Natural Neighbor,HorizontalILDMAE,Horizontal ILD MAE,0.803791734016257
P0307,307,50,SUpDEqBary,SUpDEq + Barycentric,FullSphereERB,Full-sphere ERB,1.18363299378996
P0307,307,50,SUpDEqBary,SUpDEq + Barycentric,Contralateral25ERB,Contralateral 25-deg ERB,2.07294012182235
P0307,307,50,SUpDEqBary,SUpDEq + Barycentric,ContralateralHighFrequency,Contralateral HF,5.29177916426876
P0307,307,50,SUpDEqBary,SUpDEq + Barycentric,HorizontalILDMAE,Horizontal ILD MAE,0.772685402206403
P0307,307,50,MCA,MCA,FullSphereERB,Full-sphere ERB,0.990575792809001
P0307,307,50,MCA,MCA,Contralateral25ERB,Contralateral 25-deg ERB,1.83788516887327
P0307,307,50,MCA,MCA,ContralateralHighFrequency,Contralateral HF,4.39029071683647
P0307,307,50,MCA,MCA,HorizontalILDMAE,Horizontal ILD MAE,0.884805380616993
P0307,307,50,MCARv351,MCAR v3.5.1,FullSphereERB,Full-sphere ERB,0.843588367008046
P0307,307,50,MCARv351,MCAR v3.5.1,Contralateral25ERB,Contralateral 25-deg ERB,1.17607802373121
P0307,307,50,MCARv351,MCAR v3.5.1,ContralateralHighFrequency,Contralateral HF,3.57353529871799
P0307,307,50,MCARv351,MCAR v3.5.1,HorizontalILDMAE,Horizontal ILD MAE,0.52626489075271
P0307,307,50,FSPAE,FSP-AE,FullSphereERB,Full-sphere ERB,2.03085853441778
P0307,307,50,FSPAE,FSP-AE,Contralateral25ERB,Contralateral 25-deg ERB,2.00044079587345
P0307,307,50,FSPAE,FSP-AE,ContralateralHighFrequency,Contralateral HF,3.56125663072242
P0307,307,50,FSPAE,FSP-AE,HorizontalILDMAE,Horizontal ILD MAE,1.31805793215939
P0307,307,50,RANF,RANF,FullSphereERB,Full-sphere ERB,1.14733399941089
P0307,307,50,RANF,RANF,Contralateral25ERB,Contralateral 25-deg ERB,1.59291198871984
P0307,307,50,RANF,RANF,ContralateralHighFrequency,Contralateral HF,3.31291202360915
P0307,307,50,RANF,RANF,HorizontalILDMAE,Horizontal ILD MAE,0.663123914402591
P0307,307,50,HYBRID,Hybrid E190,FullSphereERB,Full-sphere ERB,0.861718556774077
P0307,307,50,HYBRID,Hybrid E190,Contralateral25ERB,Contralateral 25-deg ERB,1.20710248750048
P0307,307,50,HYBRID,Hybrid E190,ContralateralHighFrequency,Contralateral HF,3.58593848588591
P0307,307,50,HYBRID,Hybrid E190,HorizontalILDMAE,Horizontal ILD MAE,0.663203987365411
P0307,307,50,BOUNDED,Bounded E25,FullSphereERB,Full-sphere ERB,0.834226454462805
P0307,307,50,BOUNDED,Bounded E25,Contralateral25ERB,Contralateral 25-deg ERB,1.16146420374106
P0307,307,50,BOUNDED,Bounded E25,ContralateralHighFrequency,Contralateral HF,3.58920908147668
P0307,307,50,BOUNDED,Bounded E25,HorizontalILDMAE,Horizontal ILD MAE,0.578904253328795
P0313,313,14,SHOnly,SH only,FullSphereERB,Full-sphere ERB,2.60567531248047
P0313,313,14,SHOnly,SH only,Contralateral25ERB,Contralateral 25-deg ERB,4.96311703962051
P0313,313,14,SHOnly,SH only,ContralateralHighFrequency,Contralateral HF,9.28223089590275
P0313,313,14,SHOnly,SH only,HorizontalILDMAE,Horizontal ILD MAE,4.44363799526486
P0313,313,14,SUpDEqSH,SUpDEq + SH,FullSphereERB,Full-sphere ERB,1.59564579772275
P0313,313,14,SUpDEqSH,SUpDEq + SH,Contralateral25ERB,Contralateral 25-deg ERB,2.38031883682951
P0313,313,14,SUpDEqSH,SUpDEq + SH,ContralateralHighFrequency,Contralateral HF,6.08605131777732
P0313,313,14,SUpDEqSH,SUpDEq + SH,HorizontalILDMAE,Horizontal ILD MAE,1.55468113370884
P0313,313,14,SUpDEqNN,SUpDEq + Natural Neighbor,FullSphereERB,Full-sphere ERB,1.85646036314605
P0313,313,14,SUpDEqNN,SUpDEq + Natural Neighbor,Contralateral25ERB,Contralateral 25-deg ERB,2.54688561808218
P0313,313,14,SUpDEqNN,SUpDEq + Natural Neighbor,ContralateralHighFrequency,Contralateral HF,6.40986631782842
P0313,313,14,SUpDEqNN,SUpDEq + Natural Neighbor,HorizontalILDMAE,Horizontal ILD MAE,2.12008591011857
P0313,313,14,SUpDEqBary,SUpDEq + Barycentric,FullSphereERB,Full-sphere ERB,1.78308821480446
P0313,313,14,SUpDEqBary,SUpDEq + Barycentric,Contralateral25ERB,Contralateral 25-deg ERB,2.52220650477298
P0313,313,14,SUpDEqBary,SUpDEq + Barycentric,ContralateralHighFrequency,Contralateral HF,6.16183770423631
P0313,313,14,SUpDEqBary,SUpDEq + Barycentric,HorizontalILDMAE,Horizontal ILD MAE,1.83166964379445
P0313,313,14,MCA,MCA,FullSphereERB,Full-sphere ERB,1.31884846310121
P0313,313,14,MCA,MCA,Contralateral25ERB,Contralateral 25-deg ERB,2.42573725079758
P0313,313,14,MCA,MCA,ContralateralHighFrequency,Contralateral HF,5.423898302325
P0313,313,14,MCA,MCA,HorizontalILDMAE,Horizontal ILD MAE,1.21765728849923
P0313,313,14,MCARv351,MCAR v3.5.1,FullSphereERB,Full-sphere ERB,1.14295638431024
P0313,313,14,MCARv351,MCAR v3.5.1,Contralateral25ERB,Contralateral 25-deg ERB,1.88862594163448
P0313,313,14,MCARv351,MCAR v3.5.1,ContralateralHighFrequency,Contralateral HF,4.29901378539614
P0313,313,14,MCARv351,MCAR v3.5.1,HorizontalILDMAE,Horizontal ILD MAE,1.0111351381231
P0313,313,14,FSPAE,FSP-AE,FullSphereERB,Full-sphere ERB,1.97132217932993
P0313,313,14,FSPAE,FSP-AE,Contralateral25ERB,Contralateral 25-deg ERB,2.78001067713045
P0313,313,14,FSPAE,FSP-AE,ContralateralHighFrequency,Contralateral HF,4.34480308491846
P0313,313,14,FSPAE,FSP-AE,HorizontalILDMAE,Horizontal ILD MAE,1.33438326070128
P0313,313,14,RANF,RANF,FullSphereERB,Full-sphere ERB,1.15095973256762
P0313,313,14,RANF,RANF,Contralateral25ERB,Contralateral 25-deg ERB,1.63970299638948
P0313,313,14,RANF,RANF,ContralateralHighFrequency,Contralateral HF,3.75286884665617
P0313,313,14,RANF,RANF,HorizontalILDMAE,Horizontal ILD MAE,0.912353128132178
P0313,313,14,HYBRID,Hybrid E190,FullSphereERB,Full-sphere ERB,1.21332566362584
P0313,313,14,HYBRID,Hybrid E190,Contralateral25ERB,Contralateral 25-deg ERB,2.18144421395942
P0313,313,14,HYBRID,Hybrid E190,ContralateralHighFrequency,Contralateral HF,4.55477376616553
P0313,313,14,HYBRID,Hybrid E190,HorizontalILDMAE,Horizontal ILD MAE,1.17810147051148
P0313,313,14,BOUNDED,Bounded E25,FullSphereERB,Full-sphere ERB,1.13647829595106
P0313,313,14,BOUNDED,Bounded E25,Contralateral25ERB,Contralateral 25-deg ERB,1.95743044986556
P0313,313,14,BOUNDED,Bounded E25,ContralateralHighFrequency,Contralateral HF,4.31954078932092
P0313,313,14,BOUNDED,Bounded E25,HorizontalILDMAE,Horizontal ILD MAE,1.01028463146719
P0313,313,26,SHOnly,SH only,FullSphereERB,Full-sphere ERB,2.33830308083881
P0313,313,26,SHOnly,SH only,Contralateral25ERB,Contralateral 25-deg ERB,3.27108291310223
P0313,313,26,SHOnly,SH only,ContralateralHighFrequency,Contralateral HF,8.53633204394459
P0313,313,26,SHOnly,SH only,HorizontalILDMAE,Horizontal ILD MAE,3.64842623757315
P0313,313,26,SUpDEqSH,SUpDEq + SH,FullSphereERB,Full-sphere ERB,1.51732538506947
P0313,313,26,SUpDEqSH,SUpDEq + SH,Contralateral25ERB,Contralateral 25-deg ERB,2.21659559685789
P0313,313,26,SUpDEqSH,SUpDEq + SH,ContralateralHighFrequency,Contralateral HF,5.69723282995957
P0313,313,26,SUpDEqSH,SUpDEq + SH,HorizontalILDMAE,Horizontal ILD MAE,2.40110740761782
P0313,313,26,SUpDEqNN,SUpDEq + Natural Neighbor,FullSphereERB,Full-sphere ERB,1.53579484889314
P0313,313,26,SUpDEqNN,SUpDEq + Natural Neighbor,Contralateral25ERB,Contralateral 25-deg ERB,2.10978825674272
P0313,313,26,SUpDEqNN,SUpDEq + Natural Neighbor,ContralateralHighFrequency,Contralateral HF,5.72296436697159
P0313,313,26,SUpDEqNN,SUpDEq + Natural Neighbor,HorizontalILDMAE,Horizontal ILD MAE,2.28296441307038
P0313,313,26,SUpDEqBary,SUpDEq + Barycentric,FullSphereERB,Full-sphere ERB,1.48398980258259
P0313,313,26,SUpDEqBary,SUpDEq + Barycentric,Contralateral25ERB,Contralateral 25-deg ERB,2.04501246463239
P0313,313,26,SUpDEqBary,SUpDEq + Barycentric,ContralateralHighFrequency,Contralateral HF,5.61604749752508
P0313,313,26,SUpDEqBary,SUpDEq + Barycentric,HorizontalILDMAE,Horizontal ILD MAE,1.90769243883717
P0313,313,26,MCA,MCA,FullSphereERB,Full-sphere ERB,1.06473216248017
P0313,313,26,MCA,MCA,Contralateral25ERB,Contralateral 25-deg ERB,1.43757785609112
P0313,313,26,MCA,MCA,ContralateralHighFrequency,Contralateral HF,4.87994333623751
P0313,313,26,MCA,MCA,HorizontalILDMAE,Horizontal ILD MAE,0.910840691091963
P0313,313,26,MCARv351,MCAR v3.5.1,FullSphereERB,Full-sphere ERB,0.854809240053712
P0313,313,26,MCARv351,MCAR v3.5.1,Contralateral25ERB,Contralateral 25-deg ERB,1.34672645173904
P0313,313,26,MCARv351,MCAR v3.5.1,ContralateralHighFrequency,Contralateral HF,3.73772900993814
P0313,313,26,MCARv351,MCAR v3.5.1,HorizontalILDMAE,Horizontal ILD MAE,0.631897444019846
P0313,313,26,FSPAE,FSP-AE,FullSphereERB,Full-sphere ERB,1.31513554613755
P0313,313,26,FSPAE,FSP-AE,Contralateral25ERB,Contralateral 25-deg ERB,2.02878767294044
P0313,313,26,FSPAE,FSP-AE,ContralateralHighFrequency,Contralateral HF,3.26053596983913
P0313,313,26,FSPAE,FSP-AE,HorizontalILDMAE,Horizontal ILD MAE,0.857441535411139
P0313,313,26,RANF,RANF,FullSphereERB,Full-sphere ERB,1.13709535708276
P0313,313,26,RANF,RANF,Contralateral25ERB,Contralateral 25-deg ERB,1.63801911573795
P0313,313,26,RANF,RANF,ContralateralHighFrequency,Contralateral HF,3.72277042731063
P0313,313,26,RANF,RANF,HorizontalILDMAE,Horizontal ILD MAE,1.05612596027295
P0313,313,26,HYBRID,Hybrid E190,FullSphereERB,Full-sphere ERB,0.934058147230278
P0313,313,26,HYBRID,Hybrid E190,Contralateral25ERB,Contralateral 25-deg ERB,1.36634198183599
P0313,313,26,HYBRID,Hybrid E190,ContralateralHighFrequency,Contralateral HF,3.92133773280242
P0313,313,26,HYBRID,Hybrid E190,HorizontalILDMAE,Horizontal ILD MAE,0.770478298196364
P0313,313,26,BOUNDED,Bounded E25,FullSphereERB,Full-sphere ERB,0.851171283252633
P0313,313,26,BOUNDED,Bounded E25,Contralateral25ERB,Contralateral 25-deg ERB,1.29951054371137
P0313,313,26,BOUNDED,Bounded E25,ContralateralHighFrequency,Contralateral HF,3.80443079666709
P0313,313,26,BOUNDED,Bounded E25,HorizontalILDMAE,Horizontal ILD MAE,0.627872567649329
P0313,313,50,SHOnly,SH only,FullSphereERB,Full-sphere ERB,2.7709966942476
P0313,313,50,SHOnly,SH only,Contralateral25ERB,Contralateral 25-deg ERB,2.56979010126835
P0313,313,50,SHOnly,SH only,ContralateralHighFrequency,Contralateral HF,6.91190837527208
P0313,313,50,SHOnly,SH only,HorizontalILDMAE,Horizontal ILD MAE,3.28942837848307
P0313,313,50,SUpDEqSH,SUpDEq + SH,FullSphereERB,Full-sphere ERB,1.61604959957115
P0313,313,50,SUpDEqSH,SUpDEq + SH,Contralateral25ERB,Contralateral 25-deg ERB,2.51397348364703
P0313,313,50,SUpDEqSH,SUpDEq + SH,ContralateralHighFrequency,Contralateral HF,6.15687160309209
P0313,313,50,SUpDEqSH,SUpDEq + SH,HorizontalILDMAE,Horizontal ILD MAE,2.78327631484729
P0313,313,50,SUpDEqNN,SUpDEq + Natural Neighbor,FullSphereERB,Full-sphere ERB,1.34269587823252
P0313,313,50,SUpDEqNN,SUpDEq + Natural Neighbor,Contralateral25ERB,Contralateral 25-deg ERB,2.09007011127933
P0313,313,50,SUpDEqNN,SUpDEq + Natural Neighbor,ContralateralHighFrequency,Contralateral HF,5.73966355541777
P0313,313,50,SUpDEqNN,SUpDEq + Natural Neighbor,HorizontalILDMAE,Horizontal ILD MAE,2.09288293748549
P0313,313,50,SUpDEqBary,SUpDEq + Barycentric,FullSphereERB,Full-sphere ERB,1.25874834533927
P0313,313,50,SUpDEqBary,SUpDEq + Barycentric,Contralateral25ERB,Contralateral 25-deg ERB,1.97024845026139
P0313,313,50,SUpDEqBary,SUpDEq + Barycentric,ContralateralHighFrequency,Contralateral HF,5.50896181252922
P0313,313,50,SUpDEqBary,SUpDEq + Barycentric,HorizontalILDMAE,Horizontal ILD MAE,2.13596465150785
P0313,313,50,MCA,MCA,FullSphereERB,Full-sphere ERB,0.958848859920075
P0313,313,50,MCA,MCA,Contralateral25ERB,Contralateral 25-deg ERB,1.41084716758184
P0313,313,50,MCA,MCA,ContralateralHighFrequency,Contralateral HF,4.7530571488781
P0313,313,50,MCA,MCA,HorizontalILDMAE,Horizontal ILD MAE,0.799686615665652
P0313,313,50,MCARv351,MCAR v3.5.1,FullSphereERB,Full-sphere ERB,0.8408848258869
P0313,313,50,MCARv351,MCAR v3.5.1,Contralateral25ERB,Contralateral 25-deg ERB,1.34019019089681
P0313,313,50,MCARv351,MCAR v3.5.1,ContralateralHighFrequency,Contralateral HF,3.73779264817253
P0313,313,50,MCARv351,MCAR v3.5.1,HorizontalILDMAE,Horizontal ILD MAE,0.677961303286051
P0313,313,50,FSPAE,FSP-AE,FullSphereERB,Full-sphere ERB,2.05531256809659
P0313,313,50,FSPAE,FSP-AE,Contralateral25ERB,Contralateral 25-deg ERB,2.38395591064736
P0313,313,50,FSPAE,FSP-AE,ContralateralHighFrequency,Contralateral HF,3.54499216245618
P0313,313,50,FSPAE,FSP-AE,HorizontalILDMAE,Horizontal ILD MAE,1.20763377162187
P0313,313,50,RANF,RANF,FullSphereERB,Full-sphere ERB,1.15289982774848
P0313,313,50,RANF,RANF,Contralateral25ERB,Contralateral 25-deg ERB,1.62360821953505
P0313,313,50,RANF,RANF,ContralateralHighFrequency,Contralateral HF,3.63989318565882
P0313,313,50,RANF,RANF,HorizontalILDMAE,Horizontal ILD MAE,0.821059378671355
P0313,313,50,HYBRID,Hybrid E190,FullSphereERB,Full-sphere ERB,0.876399869806588
P0313,313,50,HYBRID,Hybrid E190,Contralateral25ERB,Contralateral 25-deg ERB,1.35671127738463
P0313,313,50,HYBRID,Hybrid E190,ContralateralHighFrequency,Contralateral HF,3.75352767910989
P0313,313,50,HYBRID,Hybrid E190,HorizontalILDMAE,Horizontal ILD MAE,0.720094625748781
P0313,313,50,BOUNDED,Bounded E25,FullSphereERB,Full-sphere ERB,0.821091845755822
P0313,313,50,BOUNDED,Bounded E25,Contralateral25ERB,Contralateral 25-deg ERB,1.27554430745567
P0313,313,50,BOUNDED,Bounded E25,ContralateralHighFrequency,Contralateral HF,3.75088639131635
P0313,313,50,BOUNDED,Bounded E25,HorizontalILDMAE,Horizontal ILD MAE,0.59635701326426
P0335,335,14,SHOnly,SH only,FullSphereERB,Full-sphere ERB,3.47807792010205
P0335,335,14,SHOnly,SH only,Contralateral25ERB,Contralateral 25-deg ERB,5.28905791717726
P0335,335,14,SHOnly,SH only,ContralateralHighFrequency,Contralateral HF,10.8132585844993
P0335,335,14,SHOnly,SH only,HorizontalILDMAE,Horizontal ILD MAE,4.08257832837271
P0335,335,14,SUpDEqSH,SUpDEq + SH,FullSphereERB,Full-sphere ERB,2.73751309166972
P0335,335,14,SUpDEqSH,SUpDEq + SH,Contralateral25ERB,Contralateral 25-deg ERB,3.27145263644484
P0335,335,14,SUpDEqSH,SUpDEq + SH,ContralateralHighFrequency,Contralateral HF,6.55860626363183
P0335,335,14,SUpDEqSH,SUpDEq + SH,HorizontalILDMAE,Horizontal ILD MAE,1.84896160839093
P0335,335,14,SUpDEqNN,SUpDEq + Natural Neighbor,FullSphereERB,Full-sphere ERB,2.70487086880344
P0335,335,14,SUpDEqNN,SUpDEq + Natural Neighbor,Contralateral25ERB,Contralateral 25-deg ERB,3.55167079691597
P0335,335,14,SUpDEqNN,SUpDEq + Natural Neighbor,ContralateralHighFrequency,Contralateral HF,6.38168997577524
P0335,335,14,SUpDEqNN,SUpDEq + Natural Neighbor,HorizontalILDMAE,Horizontal ILD MAE,1.67277939885067
P0335,335,14,SUpDEqBary,SUpDEq + Barycentric,FullSphereERB,Full-sphere ERB,2.71710160404327
P0335,335,14,SUpDEqBary,SUpDEq + Barycentric,Contralateral25ERB,Contralateral 25-deg ERB,3.49761194781455
P0335,335,14,SUpDEqBary,SUpDEq + Barycentric,ContralateralHighFrequency,Contralateral HF,6.44378703814274
P0335,335,14,SUpDEqBary,SUpDEq + Barycentric,HorizontalILDMAE,Horizontal ILD MAE,1.54125021524616
P0335,335,14,MCA,MCA,FullSphereERB,Full-sphere ERB,2.59366252013407
P0335,335,14,MCA,MCA,Contralateral25ERB,Contralateral 25-deg ERB,4.29039344278589
P0335,335,14,MCA,MCA,ContralateralHighFrequency,Contralateral HF,5.60165689396498
P0335,335,14,MCA,MCA,HorizontalILDMAE,Horizontal ILD MAE,2.0483008350712
P0335,335,14,MCARv351,MCAR v3.5.1,FullSphereERB,Full-sphere ERB,2.3125637674818
P0335,335,14,MCARv351,MCAR v3.5.1,Contralateral25ERB,Contralateral 25-deg ERB,3.15063014832346
P0335,335,14,MCARv351,MCAR v3.5.1,ContralateralHighFrequency,Contralateral HF,4.48254839632872
P0335,335,14,MCARv351,MCAR v3.5.1,HorizontalILDMAE,Horizontal ILD MAE,1.33654940313043
P0335,335,14,FSPAE,FSP-AE,FullSphereERB,Full-sphere ERB,2.49246567124768
P0335,335,14,FSPAE,FSP-AE,Contralateral25ERB,Contralateral 25-deg ERB,2.81868815660191
P0335,335,14,FSPAE,FSP-AE,ContralateralHighFrequency,Contralateral HF,4.55704246243609
P0335,335,14,FSPAE,FSP-AE,HorizontalILDMAE,Horizontal ILD MAE,1.12469732067955
P0335,335,14,RANF,RANF,FullSphereERB,Full-sphere ERB,2.08675175022849
P0335,335,14,RANF,RANF,Contralateral25ERB,Contralateral 25-deg ERB,2.68791502158451
P0335,335,14,RANF,RANF,ContralateralHighFrequency,Contralateral HF,4.31490647969297
P0335,335,14,RANF,RANF,HorizontalILDMAE,Horizontal ILD MAE,1.20652585953018
P0335,335,14,HYBRID,Hybrid E190,FullSphereERB,Full-sphere ERB,2.19471367495149
P0335,335,14,HYBRID,Hybrid E190,Contralateral25ERB,Contralateral 25-deg ERB,2.97724474250877
P0335,335,14,HYBRID,Hybrid E190,ContralateralHighFrequency,Contralateral HF,4.31044262927471
P0335,335,14,HYBRID,Hybrid E190,HorizontalILDMAE,Horizontal ILD MAE,1.11229734696954
P0335,335,14,BOUNDED,Bounded E25,FullSphereERB,Full-sphere ERB,2.22911619485589
P0335,335,14,BOUNDED,Bounded E25,Contralateral25ERB,Contralateral 25-deg ERB,3.02515445398203
P0335,335,14,BOUNDED,Bounded E25,ContralateralHighFrequency,Contralateral HF,4.31901808372781
P0335,335,14,BOUNDED,Bounded E25,HorizontalILDMAE,Horizontal ILD MAE,1.23944682550157
P0335,335,26,SHOnly,SH only,FullSphereERB,Full-sphere ERB,3.28589594714476
P0335,335,26,SHOnly,SH only,Contralateral25ERB,Contralateral 25-deg ERB,4.48835396322708
P0335,335,26,SHOnly,SH only,ContralateralHighFrequency,Contralateral HF,9.96695896797301
P0335,335,26,SHOnly,SH only,HorizontalILDMAE,Horizontal ILD MAE,4.30860848590269
P0335,335,26,SUpDEqSH,SUpDEq + SH,FullSphereERB,Full-sphere ERB,2.4543174472051
P0335,335,26,SUpDEqSH,SUpDEq + SH,Contralateral25ERB,Contralateral 25-deg ERB,2.65710514905839
P0335,335,26,SUpDEqSH,SUpDEq + SH,ContralateralHighFrequency,Contralateral HF,6.53623662305265
P0335,335,26,SUpDEqSH,SUpDEq + SH,HorizontalILDMAE,Horizontal ILD MAE,1.65790179927036
P0335,335,26,SUpDEqNN,SUpDEq + Natural Neighbor,FullSphereERB,Full-sphere ERB,2.2384945967723
P0335,335,26,SUpDEqNN,SUpDEq + Natural Neighbor,Contralateral25ERB,Contralateral 25-deg ERB,2.21255849738888
P0335,335,26,SUpDEqNN,SUpDEq + Natural Neighbor,ContralateralHighFrequency,Contralateral HF,5.72825579675431
P0335,335,26,SUpDEqNN,SUpDEq + Natural Neighbor,HorizontalILDMAE,Horizontal ILD MAE,1.40986455015135
P0335,335,26,SUpDEqBary,SUpDEq + Barycentric,FullSphereERB,Full-sphere ERB,2.16680153704232
P0335,335,26,SUpDEqBary,SUpDEq + Barycentric,Contralateral25ERB,Contralateral 25-deg ERB,2.18911873463376
P0335,335,26,SUpDEqBary,SUpDEq + Barycentric,ContralateralHighFrequency,Contralateral HF,5.61780478585619
P0335,335,26,SUpDEqBary,SUpDEq + Barycentric,HorizontalILDMAE,Horizontal ILD MAE,1.47857211070751
P0335,335,26,MCA,MCA,FullSphereERB,Full-sphere ERB,1.98011210552659
P0335,335,26,MCA,MCA,Contralateral25ERB,Contralateral 25-deg ERB,2.36845842142395
P0335,335,26,MCA,MCA,ContralateralHighFrequency,Contralateral HF,5.20032732146156
P0335,335,26,MCA,MCA,HorizontalILDMAE,Horizontal ILD MAE,1.0565623983574
P0335,335,26,MCARv351,MCAR v3.5.1,FullSphereERB,Full-sphere ERB,1.7583698711984
P0335,335,26,MCARv351,MCAR v3.5.1,Contralateral25ERB,Contralateral 25-deg ERB,2.14823678856016
P0335,335,26,MCARv351,MCAR v3.5.1,ContralateralHighFrequency,Contralateral HF,4.00943261377899
P0335,335,26,MCARv351,MCAR v3.5.1,HorizontalILDMAE,Horizontal ILD MAE,0.762688057681192
P0335,335,26,FSPAE,FSP-AE,FullSphereERB,Full-sphere ERB,1.88106840298699
P0335,335,26,FSPAE,FSP-AE,Contralateral25ERB,Contralateral 25-deg ERB,2.31940010269603
P0335,335,26,FSPAE,FSP-AE,ContralateralHighFrequency,Contralateral HF,3.48959320257042
P0335,335,26,FSPAE,FSP-AE,HorizontalILDMAE,Horizontal ILD MAE,0.559757489842687
P0335,335,26,RANF,RANF,FullSphereERB,Full-sphere ERB,1.79878577331956
P0335,335,26,RANF,RANF,Contralateral25ERB,Contralateral 25-deg ERB,1.87799732751723
P0335,335,26,RANF,RANF,ContralateralHighFrequency,Contralateral HF,4.11754605364779
P0335,335,26,RANF,RANF,HorizontalILDMAE,Horizontal ILD MAE,0.952340266511191
P0335,335,26,HYBRID,Hybrid E190,FullSphereERB,Full-sphere ERB,1.74727102066778
P0335,335,26,HYBRID,Hybrid E190,Contralateral25ERB,Contralateral 25-deg ERB,2.14691935281465
P0335,335,26,HYBRID,Hybrid E190,ContralateralHighFrequency,Contralateral HF,3.94661585714381
P0335,335,26,HYBRID,Hybrid E190,HorizontalILDMAE,Horizontal ILD MAE,0.62807308509054
P0335,335,26,BOUNDED,Bounded E25,FullSphereERB,Full-sphere ERB,1.74142784270253
P0335,335,26,BOUNDED,Bounded E25,Contralateral25ERB,Contralateral 25-deg ERB,2.12896079354769
P0335,335,26,BOUNDED,Bounded E25,ContralateralHighFrequency,Contralateral HF,3.9694880452888
P0335,335,26,BOUNDED,Bounded E25,HorizontalILDMAE,Horizontal ILD MAE,0.644075792039455
P0335,335,50,SHOnly,SH only,FullSphereERB,Full-sphere ERB,3.46591286578018
P0335,335,50,SHOnly,SH only,Contralateral25ERB,Contralateral 25-deg ERB,3.91817574024386
P0335,335,50,SHOnly,SH only,ContralateralHighFrequency,Contralateral HF,8.25708622772983
P0335,335,50,SHOnly,SH only,HorizontalILDMAE,Horizontal ILD MAE,3.94464997251306
P0335,335,50,SUpDEqSH,SUpDEq + SH,FullSphereERB,Full-sphere ERB,2.37312300052643
P0335,335,50,SUpDEqSH,SUpDEq + SH,Contralateral25ERB,Contralateral 25-deg ERB,2.96738602475539
P0335,335,50,SUpDEqSH,SUpDEq + SH,ContralateralHighFrequency,Contralateral HF,6.40930811388602
P0335,335,50,SUpDEqSH,SUpDEq + SH,HorizontalILDMAE,Horizontal ILD MAE,1.5561486169788
P0335,335,50,SUpDEqNN,SUpDEq + Natural Neighbor,FullSphereERB,Full-sphere ERB,1.85395130336841
P0335,335,50,SUpDEqNN,SUpDEq + Natural Neighbor,Contralateral25ERB,Contralateral 25-deg ERB,2.2200803174964
P0335,335,50,SUpDEqNN,SUpDEq + Natural Neighbor,ContralateralHighFrequency,Contralateral HF,5.86610929645999
P0335,335,50,SUpDEqNN,SUpDEq + Natural Neighbor,HorizontalILDMAE,Horizontal ILD MAE,1.20086767108217
P0335,335,50,SUpDEqBary,SUpDEq + Barycentric,FullSphereERB,Full-sphere ERB,1.80810964715519
P0335,335,50,SUpDEqBary,SUpDEq + Barycentric,Contralateral25ERB,Contralateral 25-deg ERB,2.06457410171488
P0335,335,50,SUpDEqBary,SUpDEq + Barycentric,ContralateralHighFrequency,Contralateral HF,5.51842480338876
P0335,335,50,SUpDEqBary,SUpDEq + Barycentric,HorizontalILDMAE,Horizontal ILD MAE,1.29546891487256
P0335,335,50,MCA,MCA,FullSphereERB,Full-sphere ERB,1.80507335654722
P0335,335,50,MCA,MCA,Contralateral25ERB,Contralateral 25-deg ERB,2.39660282629525
P0335,335,50,MCA,MCA,ContralateralHighFrequency,Contralateral HF,5.17172915859616
P0335,335,50,MCA,MCA,HorizontalILDMAE,Horizontal ILD MAE,0.87015932311219
P0335,335,50,MCARv351,MCAR v3.5.1,FullSphereERB,Full-sphere ERB,1.68585890726528
P0335,335,50,MCARv351,MCAR v3.5.1,Contralateral25ERB,Contralateral 25-deg ERB,2.21013999784873
P0335,335,50,MCARv351,MCAR v3.5.1,ContralateralHighFrequency,Contralateral HF,4.01919149369718
P0335,335,50,MCARv351,MCAR v3.5.1,HorizontalILDMAE,Horizontal ILD MAE,0.716451800232243
P0335,335,50,FSPAE,FSP-AE,FullSphereERB,Full-sphere ERB,2.40278182130875
P0335,335,50,FSPAE,FSP-AE,Contralateral25ERB,Contralateral 25-deg ERB,2.59047158041437
P0335,335,50,FSPAE,FSP-AE,ContralateralHighFrequency,Contralateral HF,3.89093534280718
P0335,335,50,FSPAE,FSP-AE,HorizontalILDMAE,Horizontal ILD MAE,1.01331392204005
P0335,335,50,RANF,RANF,FullSphereERB,Full-sphere ERB,1.54797376174476
P0335,335,50,RANF,RANF,Contralateral25ERB,Contralateral 25-deg ERB,1.9779822154032
P0335,335,50,RANF,RANF,ContralateralHighFrequency,Contralateral HF,3.66880446113575
P0335,335,50,RANF,RANF,HorizontalILDMAE,Horizontal ILD MAE,0.798977536018107
P0335,335,50,HYBRID,Hybrid E190,FullSphereERB,Full-sphere ERB,1.69243082555125
P0335,335,50,HYBRID,Hybrid E190,Contralateral25ERB,Contralateral 25-deg ERB,2.19357924955636
P0335,335,50,HYBRID,Hybrid E190,ContralateralHighFrequency,Contralateral HF,3.9589706109532
P0335,335,50,HYBRID,Hybrid E190,HorizontalILDMAE,Horizontal ILD MAE,0.579072411930715
P0335,335,50,BOUNDED,Bounded E25,FullSphereERB,Full-sphere ERB,1.68150314717219
P0335,335,50,BOUNDED,Bounded E25,Contralateral25ERB,Contralateral 25-deg ERB,2.18626925239548
P0335,335,50,BOUNDED,Bounded E25,ContralateralHighFrequency,Contralateral HF,4.01133582679601
P0335,335,50,BOUNDED,Bounded E25,HorizontalILDMAE,Horizontal ILD MAE,0.591324078385319
P0338,338,14,SHOnly,SH only,FullSphereERB,Full-sphere ERB,2.67250812131498
P0338,338,14,SHOnly,SH only,Contralateral25ERB,Contralateral 25-deg ERB,5.13263544925332
P0338,338,14,SHOnly,SH only,ContralateralHighFrequency,Contralateral HF,9.20261187817898
P0338,338,14,SHOnly,SH only,HorizontalILDMAE,Horizontal ILD MAE,5.44596189103012
P0338,338,14,SUpDEqSH,SUpDEq + SH,FullSphereERB,Full-sphere ERB,1.70711335154829
P0338,338,14,SUpDEqSH,SUpDEq + SH,Contralateral25ERB,Contralateral 25-deg ERB,2.42664880976823
P0338,338,14,SUpDEqSH,SUpDEq + SH,ContralateralHighFrequency,Contralateral HF,5.88282873220412
P0338,338,14,SUpDEqSH,SUpDEq + SH,HorizontalILDMAE,Horizontal ILD MAE,1.82616106755726
P0338,338,14,SUpDEqNN,SUpDEq + Natural Neighbor,FullSphereERB,Full-sphere ERB,2.18975287065712
P0338,338,14,SUpDEqNN,SUpDEq + Natural Neighbor,Contralateral25ERB,Contralateral 25-deg ERB,2.892763754976
P0338,338,14,SUpDEqNN,SUpDEq + Natural Neighbor,ContralateralHighFrequency,Contralateral HF,6.39343350621405
P0338,338,14,SUpDEqNN,SUpDEq + Natural Neighbor,HorizontalILDMAE,Horizontal ILD MAE,2.06954255966772
P0338,338,14,SUpDEqBary,SUpDEq + Barycentric,FullSphereERB,Full-sphere ERB,2.07456897701867
P0338,338,14,SUpDEqBary,SUpDEq + Barycentric,Contralateral25ERB,Contralateral 25-deg ERB,2.85879311602152
P0338,338,14,SUpDEqBary,SUpDEq + Barycentric,ContralateralHighFrequency,Contralateral HF,6.18720615905441
P0338,338,14,SUpDEqBary,SUpDEq + Barycentric,HorizontalILDMAE,Horizontal ILD MAE,2.07018468575835
P0338,338,14,MCA,MCA,FullSphereERB,Full-sphere ERB,1.33654525210515
P0338,338,14,MCA,MCA,Contralateral25ERB,Contralateral 25-deg ERB,2.4703708993889
P0338,338,14,MCA,MCA,ContralateralHighFrequency,Contralateral HF,5.50894734511678
P0338,338,14,MCA,MCA,HorizontalILDMAE,Horizontal ILD MAE,1.1666391001052
P0338,338,14,MCARv351,MCAR v3.5.1,FullSphereERB,Full-sphere ERB,1.17931701230272
P0338,338,14,MCARv351,MCAR v3.5.1,Contralateral25ERB,Contralateral 25-deg ERB,1.89058028227961
P0338,338,14,MCARv351,MCAR v3.5.1,ContralateralHighFrequency,Contralateral HF,4.59710593868208
P0338,338,14,MCARv351,MCAR v3.5.1,HorizontalILDMAE,Horizontal ILD MAE,0.728439527349958
P0338,338,14,FSPAE,FSP-AE,FullSphereERB,Full-sphere ERB,2.24714373799476
P0338,338,14,FSPAE,FSP-AE,Contralateral25ERB,Contralateral 25-deg ERB,2.89204797575759
P0338,338,14,FSPAE,FSP-AE,ContralateralHighFrequency,Contralateral HF,4.49664698810513
P0338,338,14,FSPAE,FSP-AE,HorizontalILDMAE,Horizontal ILD MAE,2.29676051044708
P0338,338,14,RANF,RANF,FullSphereERB,Full-sphere ERB,1.15651865809024
P0338,338,14,RANF,RANF,Contralateral25ERB,Contralateral 25-deg ERB,1.62550962280081
P0338,338,14,RANF,RANF,ContralateralHighFrequency,Contralateral HF,4.2365278317857
P0338,338,14,RANF,RANF,HorizontalILDMAE,Horizontal ILD MAE,0.793534286230598
P0338,338,14,HYBRID,Hybrid E190,FullSphereERB,Full-sphere ERB,1.1883405733794
P0338,338,14,HYBRID,Hybrid E190,Contralateral25ERB,Contralateral 25-deg ERB,1.6574802602017
P0338,338,14,HYBRID,Hybrid E190,ContralateralHighFrequency,Contralateral HF,4.67965258925889
P0338,338,14,HYBRID,Hybrid E190,HorizontalILDMAE,Horizontal ILD MAE,0.821379492310528
P0338,338,14,BOUNDED,Bounded E25,FullSphereERB,Full-sphere ERB,1.15622639080044
P0338,338,14,BOUNDED,Bounded E25,Contralateral25ERB,Contralateral 25-deg ERB,1.73972106251031
P0338,338,14,BOUNDED,Bounded E25,ContralateralHighFrequency,Contralateral HF,4.58300289282609
P0338,338,14,BOUNDED,Bounded E25,HorizontalILDMAE,Horizontal ILD MAE,0.72853631563573
P0338,338,26,SHOnly,SH only,FullSphereERB,Full-sphere ERB,2.49283356593714
P0338,338,26,SHOnly,SH only,Contralateral25ERB,Contralateral 25-deg ERB,3.85404040167604
P0338,338,26,SHOnly,SH only,ContralateralHighFrequency,Contralateral HF,8.5999303487282
P0338,338,26,SHOnly,SH only,HorizontalILDMAE,Horizontal ILD MAE,4.62613887590459
P0338,338,26,SUpDEqSH,SUpDEq + SH,FullSphereERB,Full-sphere ERB,1.72368720350223
P0338,338,26,SUpDEqSH,SUpDEq + SH,Contralateral25ERB,Contralateral 25-deg ERB,2.15355033776874
P0338,338,26,SUpDEqSH,SUpDEq + SH,ContralateralHighFrequency,Contralateral HF,6.20360474655763
P0338,338,26,SUpDEqSH,SUpDEq + SH,HorizontalILDMAE,Horizontal ILD MAE,2.26793822172196
P0338,338,26,SUpDEqNN,SUpDEq + Natural Neighbor,FullSphereERB,Full-sphere ERB,1.83867142062669
P0338,338,26,SUpDEqNN,SUpDEq + Natural Neighbor,Contralateral25ERB,Contralateral 25-deg ERB,2.29157325568383
P0338,338,26,SUpDEqNN,SUpDEq + Natural Neighbor,ContralateralHighFrequency,Contralateral HF,6.07504643019913
P0338,338,26,SUpDEqNN,SUpDEq + Natural Neighbor,HorizontalILDMAE,Horizontal ILD MAE,1.59946431241837
P0338,338,26,SUpDEqBary,SUpDEq + Barycentric,FullSphereERB,Full-sphere ERB,1.71451959621096
P0338,338,26,SUpDEqBary,SUpDEq + Barycentric,Contralateral25ERB,Contralateral 25-deg ERB,2.23207111467661
P0338,338,26,SUpDEqBary,SUpDEq + Barycentric,ContralateralHighFrequency,Contralateral HF,5.95420297166924
P0338,338,26,SUpDEqBary,SUpDEq + Barycentric,HorizontalILDMAE,Horizontal ILD MAE,1.58243504061382
P0338,338,26,MCA,MCA,FullSphereERB,Full-sphere ERB,1.10144857437606
P0338,338,26,MCA,MCA,Contralateral25ERB,Contralateral 25-deg ERB,1.70761485225451
P0338,338,26,MCA,MCA,ContralateralHighFrequency,Contralateral HF,5.21289043374022
P0338,338,26,MCA,MCA,HorizontalILDMAE,Horizontal ILD MAE,0.900330212909065
P0338,338,26,MCARv351,MCAR v3.5.1,FullSphereERB,Full-sphere ERB,0.912705863264494
P0338,338,26,MCARv351,MCAR v3.5.1,Contralateral25ERB,Contralateral 25-deg ERB,1.38204811265072
P0338,338,26,MCARv351,MCAR v3.5.1,ContralateralHighFrequency,Contralateral HF,4.28260818185766
P0338,338,26,MCARv351,MCAR v3.5.1,HorizontalILDMAE,Horizontal ILD MAE,0.642826509545072
P0338,338,26,FSPAE,FSP-AE,FullSphereERB,Full-sphere ERB,1.40882864595047
P0338,338,26,FSPAE,FSP-AE,Contralateral25ERB,Contralateral 25-deg ERB,2.13202038643336
P0338,338,26,FSPAE,FSP-AE,ContralateralHighFrequency,Contralateral HF,3.90234215511921
P0338,338,26,FSPAE,FSP-AE,HorizontalILDMAE,Horizontal ILD MAE,0.837649363869551
P0338,338,26,RANF,RANF,FullSphereERB,Full-sphere ERB,1.17964974003135
P0338,338,26,RANF,RANF,Contralateral25ERB,Contralateral 25-deg ERB,1.78057957088672
P0338,338,26,RANF,RANF,ContralateralHighFrequency,Contralateral HF,4.19132714518832
P0338,338,26,RANF,RANF,HorizontalILDMAE,Horizontal ILD MAE,1.0390347240813
P0338,338,26,HYBRID,Hybrid E190,FullSphereERB,Full-sphere ERB,0.928270985116697
P0338,338,26,HYBRID,Hybrid E190,Contralateral25ERB,Contralateral 25-deg ERB,1.3548728300418
P0338,338,26,HYBRID,Hybrid E190,ContralateralHighFrequency,Contralateral HF,4.32794222992916
P0338,338,26,HYBRID,Hybrid E190,HorizontalILDMAE,Horizontal ILD MAE,0.866737999479799
P0338,338,26,BOUNDED,Bounded E25,FullSphereERB,Full-sphere ERB,0.904806828272761
P0338,338,26,BOUNDED,Bounded E25,Contralateral25ERB,Contralateral 25-deg ERB,1.3311208670855
P0338,338,26,BOUNDED,Bounded E25,ContralateralHighFrequency,Contralateral HF,4.33160096961404
P0338,338,26,BOUNDED,Bounded E25,HorizontalILDMAE,Horizontal ILD MAE,0.685447781747002
P0338,338,50,SHOnly,SH only,FullSphereERB,Full-sphere ERB,2.81714573144186
P0338,338,50,SHOnly,SH only,Contralateral25ERB,Contralateral 25-deg ERB,3.28971612321016
P0338,338,50,SHOnly,SH only,ContralateralHighFrequency,Contralateral HF,7.09578356182061
P0338,338,50,SHOnly,SH only,HorizontalILDMAE,Horizontal ILD MAE,3.94624530840676
P0338,338,50,SUpDEqSH,SUpDEq + SH,FullSphereERB,Full-sphere ERB,2.03434689280579
P0338,338,50,SUpDEqSH,SUpDEq + SH,Contralateral25ERB,Contralateral 25-deg ERB,2.68202389920555
P0338,338,50,SUpDEqSH,SUpDEq + SH,ContralateralHighFrequency,Contralateral HF,7.21687716709576
P0338,338,50,SUpDEqSH,SUpDEq + SH,HorizontalILDMAE,Horizontal ILD MAE,2.32399908591907
P0338,338,50,SUpDEqNN,SUpDEq + Natural Neighbor,FullSphereERB,Full-sphere ERB,1.62266391177945
P0338,338,50,SUpDEqNN,SUpDEq + Natural Neighbor,Contralateral25ERB,Contralateral 25-deg ERB,2.43073859489379
P0338,338,50,SUpDEqNN,SUpDEq + Natural Neighbor,ContralateralHighFrequency,Contralateral HF,5.93719950036019
P0338,338,50,SUpDEqNN,SUpDEq + Natural Neighbor,HorizontalILDMAE,Horizontal ILD MAE,1.60719373858162
P0338,338,50,SUpDEqBary,SUpDEq + Barycentric,FullSphereERB,Full-sphere ERB,1.47523232730691
P0338,338,50,SUpDEqBary,SUpDEq + Barycentric,Contralateral25ERB,Contralateral 25-deg ERB,2.33393636500329
P0338,338,50,SUpDEqBary,SUpDEq + Barycentric,ContralateralHighFrequency,Contralateral HF,5.62863917115383
P0338,338,50,SUpDEqBary,SUpDEq + Barycentric,HorizontalILDMAE,Horizontal ILD MAE,1.66298709628212
P0338,338,50,MCA,MCA,FullSphereERB,Full-sphere ERB,1.02879287823375
P0338,338,50,MCA,MCA,Contralateral25ERB,Contralateral 25-deg ERB,1.73278778754744
P0338,338,50,MCA,MCA,ContralateralHighFrequency,Contralateral HF,5.10559513671223
P0338,338,50,MCA,MCA,HorizontalILDMAE,Horizontal ILD MAE,0.835648796591063
P0338,338,50,MCARv351,MCAR v3.5.1,FullSphereERB,Full-sphere ERB,0.927036950173894
P0338,338,50,MCARv351,MCAR v3.5.1,Contralateral25ERB,Contralateral 25-deg ERB,1.43801168814156
P0338,338,50,MCARv351,MCAR v3.5.1,ContralateralHighFrequency,Contralateral HF,4.21733943379289
P0338,338,50,MCARv351,MCAR v3.5.1,HorizontalILDMAE,Horizontal ILD MAE,0.5215987001561
P0338,338,50,FSPAE,FSP-AE,FullSphereERB,Full-sphere ERB,2.1542546000366
P0338,338,50,FSPAE,FSP-AE,Contralateral25ERB,Contralateral 25-deg ERB,2.45354786439694
P0338,338,50,FSPAE,FSP-AE,ContralateralHighFrequency,Contralateral HF,4.12360132395607
P0338,338,50,FSPAE,FSP-AE,HorizontalILDMAE,Horizontal ILD MAE,1.38541603555828
P0338,338,50,RANF,RANF,FullSphereERB,Full-sphere ERB,1.14453953650074
P0338,338,50,RANF,RANF,Contralateral25ERB,Contralateral 25-deg ERB,1.83479147320566
P0338,338,50,RANF,RANF,ContralateralHighFrequency,Contralateral HF,3.64801068755722
P0338,338,50,RANF,RANF,HorizontalILDMAE,Horizontal ILD MAE,0.907224875757954
P0338,338,50,HYBRID,Hybrid E190,FullSphereERB,Full-sphere ERB,0.936037670363887
P0338,338,50,HYBRID,Hybrid E190,Contralateral25ERB,Contralateral 25-deg ERB,1.38194889873541
P0338,338,50,HYBRID,Hybrid E190,ContralateralHighFrequency,Contralateral HF,4.28469349161492
P0338,338,50,HYBRID,Hybrid E190,HorizontalILDMAE,Horizontal ILD MAE,0.79894787892632
P0338,338,50,BOUNDED,Bounded E25,FullSphereERB,Full-sphere ERB,0.919674035127142
P0338,338,50,BOUNDED,Bounded E25,Contralateral25ERB,Contralateral 25-deg ERB,1.39291631459595
P0338,338,50,BOUNDED,Bounded E25,ContralateralHighFrequency,Contralateral HF,4.29762545423707
P0338,338,50,BOUNDED,Bounded E25,HorizontalILDMAE,Horizontal ILD MAE,0.638276489150084
P0341,341,14,SHOnly,SH only,FullSphereERB,Full-sphere ERB,2.69319958666374
P0341,341,14,SHOnly,SH only,Contralateral25ERB,Contralateral 25-deg ERB,5.38613573469018
P0341,341,14,SHOnly,SH only,ContralateralHighFrequency,Contralateral HF,9.28484872840194
P0341,341,14,SHOnly,SH only,HorizontalILDMAE,Horizontal ILD MAE,4.65501144638458
P0341,341,14,SUpDEqSH,SUpDEq + SH,FullSphereERB,Full-sphere ERB,1.85364951644512
P0341,341,14,SUpDEqSH,SUpDEq + SH,Contralateral25ERB,Contralateral 25-deg ERB,2.62987237726447
P0341,341,14,SUpDEqSH,SUpDEq + SH,ContralateralHighFrequency,Contralateral HF,5.73072947846982
P0341,341,14,SUpDEqSH,SUpDEq + SH,HorizontalILDMAE,Horizontal ILD MAE,1.90274234375407
P0341,341,14,SUpDEqNN,SUpDEq + Natural Neighbor,FullSphereERB,Full-sphere ERB,2.20879406034526
P0341,341,14,SUpDEqNN,SUpDEq + Natural Neighbor,Contralateral25ERB,Contralateral 25-deg ERB,2.6627780778541
P0341,341,14,SUpDEqNN,SUpDEq + Natural Neighbor,ContralateralHighFrequency,Contralateral HF,6.05497927893555
P0341,341,14,SUpDEqNN,SUpDEq + Natural Neighbor,HorizontalILDMAE,Horizontal ILD MAE,2.21122344896874
P0341,341,14,SUpDEqBary,SUpDEq + Barycentric,FullSphereERB,Full-sphere ERB,2.11940003445585
P0341,341,14,SUpDEqBary,SUpDEq + Barycentric,Contralateral25ERB,Contralateral 25-deg ERB,2.63142617596595
P0341,341,14,SUpDEqBary,SUpDEq + Barycentric,ContralateralHighFrequency,Contralateral HF,5.83470058490751
P0341,341,14,SUpDEqBary,SUpDEq + Barycentric,HorizontalILDMAE,Horizontal ILD MAE,2.14378120923152
P0341,341,14,MCA,MCA,FullSphereERB,Full-sphere ERB,1.4504670629858
P0341,341,14,MCA,MCA,Contralateral25ERB,Contralateral 25-deg ERB,3.00743938845646
P0341,341,14,MCA,MCA,ContralateralHighFrequency,Contralateral HF,5.36922528659407
P0341,341,14,MCA,MCA,HorizontalILDMAE,Horizontal ILD MAE,1.14272541700055
P0341,341,14,MCARv351,MCAR v3.5.1,FullSphereERB,Full-sphere ERB,1.21883881987497
P0341,341,14,MCARv351,MCAR v3.5.1,Contralateral25ERB,Contralateral 25-deg ERB,1.88933823262304
P0341,341,14,MCARv351,MCAR v3.5.1,ContralateralHighFrequency,Contralateral HF,4.03842630087875
P0341,341,14,MCARv351,MCAR v3.5.1,HorizontalILDMAE,Horizontal ILD MAE,0.713495174163907
P0341,341,14,FSPAE,FSP-AE,FullSphereERB,Full-sphere ERB,2.0019934152976
P0341,341,14,FSPAE,FSP-AE,Contralateral25ERB,Contralateral 25-deg ERB,2.75893667928151
P0341,341,14,FSPAE,FSP-AE,ContralateralHighFrequency,Contralateral HF,3.83905548882327
P0341,341,14,FSPAE,FSP-AE,HorizontalILDMAE,Horizontal ILD MAE,1.26869813331716
P0341,341,14,RANF,RANF,FullSphereERB,Full-sphere ERB,1.14734902788484
P0341,341,14,RANF,RANF,Contralateral25ERB,Contralateral 25-deg ERB,1.61881526805344
P0341,341,14,RANF,RANF,ContralateralHighFrequency,Contralateral HF,3.21700748344172
P0341,341,14,RANF,RANF,HorizontalILDMAE,Horizontal ILD MAE,1.0932532173398
P0341,341,14,HYBRID,Hybrid E190,FullSphereERB,Full-sphere ERB,1.108660873833
P0341,341,14,HYBRID,Hybrid E190,Contralateral25ERB,Contralateral 25-deg ERB,1.52568413195993
P0341,341,14,HYBRID,Hybrid E190,ContralateralHighFrequency,Contralateral HF,3.82565828998654
P0341,341,14,HYBRID,Hybrid E190,HorizontalILDMAE,Horizontal ILD MAE,0.643834307546286
P0341,341,14,BOUNDED,Bounded E25,FullSphereERB,Full-sphere ERB,1.13210119800026
P0341,341,14,BOUNDED,Bounded E25,Contralateral25ERB,Contralateral 25-deg ERB,1.62917647708175
P0341,341,14,BOUNDED,Bounded E25,ContralateralHighFrequency,Contralateral HF,3.82850800171937
P0341,341,14,BOUNDED,Bounded E25,HorizontalILDMAE,Horizontal ILD MAE,0.652674871974282
P0341,341,26,SHOnly,SH only,FullSphereERB,Full-sphere ERB,2.6262984270472
P0341,341,26,SHOnly,SH only,Contralateral25ERB,Contralateral 25-deg ERB,3.63882681102183
P0341,341,26,SHOnly,SH only,ContralateralHighFrequency,Contralateral HF,8.30792455720943
P0341,341,26,SHOnly,SH only,HorizontalILDMAE,Horizontal ILD MAE,4.56454997620811
P0341,341,26,SUpDEqSH,SUpDEq + SH,FullSphereERB,Full-sphere ERB,1.90149567995614
P0341,341,26,SUpDEqSH,SUpDEq + SH,Contralateral25ERB,Contralateral 25-deg ERB,2.33394717096328
P0341,341,26,SUpDEqSH,SUpDEq + SH,ContralateralHighFrequency,Contralateral HF,5.90045804679384
P0341,341,26,SUpDEqSH,SUpDEq + SH,HorizontalILDMAE,Horizontal ILD MAE,2.16479173362534
P0341,341,26,SUpDEqNN,SUpDEq + Natural Neighbor,FullSphereERB,Full-sphere ERB,2.07952450437905
P0341,341,26,SUpDEqNN,SUpDEq + Natural Neighbor,Contralateral25ERB,Contralateral 25-deg ERB,2.23556384633829
P0341,341,26,SUpDEqNN,SUpDEq + Natural Neighbor,ContralateralHighFrequency,Contralateral HF,5.93121694106246
P0341,341,26,SUpDEqNN,SUpDEq + Natural Neighbor,HorizontalILDMAE,Horizontal ILD MAE,1.73008184388738
P0341,341,26,SUpDEqBary,SUpDEq + Barycentric,FullSphereERB,Full-sphere ERB,1.91927883843653
P0341,341,26,SUpDEqBary,SUpDEq + Barycentric,Contralateral25ERB,Contralateral 25-deg ERB,2.1419642474195
P0341,341,26,SUpDEqBary,SUpDEq + Barycentric,ContralateralHighFrequency,Contralateral HF,5.75614352111352
P0341,341,26,SUpDEqBary,SUpDEq + Barycentric,HorizontalILDMAE,Horizontal ILD MAE,1.54747098750125
P0341,341,26,MCA,MCA,FullSphereERB,Full-sphere ERB,1.08479089883562
P0341,341,26,MCA,MCA,Contralateral25ERB,Contralateral 25-deg ERB,1.78114105303224
P0341,341,26,MCA,MCA,ContralateralHighFrequency,Contralateral HF,4.58973520109262
P0341,341,26,MCA,MCA,HorizontalILDMAE,Horizontal ILD MAE,1.05611486476588
P0341,341,26,MCARv351,MCAR v3.5.1,FullSphereERB,Full-sphere ERB,0.82327053904869
P0341,341,26,MCARv351,MCAR v3.5.1,Contralateral25ERB,Contralateral 25-deg ERB,1.13848567541792
P0341,341,26,MCARv351,MCAR v3.5.1,ContralateralHighFrequency,Contralateral HF,3.2764339508774
P0341,341,26,MCARv351,MCAR v3.5.1,HorizontalILDMAE,Horizontal ILD MAE,0.60591520726479
P0341,341,26,FSPAE,FSP-AE,FullSphereERB,Full-sphere ERB,1.32375288900085
P0341,341,26,FSPAE,FSP-AE,Contralateral25ERB,Contralateral 25-deg ERB,1.94757841317026
P0341,341,26,FSPAE,FSP-AE,ContralateralHighFrequency,Contralateral HF,3.03333535439494
P0341,341,26,FSPAE,FSP-AE,HorizontalILDMAE,Horizontal ILD MAE,0.833750766907722
P0341,341,26,RANF,RANF,FullSphereERB,Full-sphere ERB,1.15242249395967
P0341,341,26,RANF,RANF,Contralateral25ERB,Contralateral 25-deg ERB,1.51807890307272
P0341,341,26,RANF,RANF,ContralateralHighFrequency,Contralateral HF,3.28373911030888
P0341,341,26,RANF,RANF,HorizontalILDMAE,Horizontal ILD MAE,0.888534997644275
P0341,341,26,HYBRID,Hybrid E190,FullSphereERB,Full-sphere ERB,0.792681153597819
P0341,341,26,HYBRID,Hybrid E190,Contralateral25ERB,Contralateral 25-deg ERB,1.07486705023567
P0341,341,26,HYBRID,Hybrid E190,ContralateralHighFrequency,Contralateral HF,3.31171028361783
P0341,341,26,HYBRID,Hybrid E190,HorizontalILDMAE,Horizontal ILD MAE,0.476558472797798
P0341,341,26,BOUNDED,Bounded E25,FullSphereERB,Full-sphere ERB,0.787351374750273
P0341,341,26,BOUNDED,Bounded E25,Contralateral25ERB,Contralateral 25-deg ERB,1.07754007017067
P0341,341,26,BOUNDED,Bounded E25,ContralateralHighFrequency,Contralateral HF,3.28826419985259
P0341,341,26,BOUNDED,Bounded E25,HorizontalILDMAE,Horizontal ILD MAE,0.512405988017349
P0341,341,50,SHOnly,SH only,FullSphereERB,Full-sphere ERB,2.84993785792336
P0341,341,50,SHOnly,SH only,Contralateral25ERB,Contralateral 25-deg ERB,3.21020232175503
P0341,341,50,SHOnly,SH only,ContralateralHighFrequency,Contralateral HF,7.42213815525431
P0341,341,50,SHOnly,SH only,HorizontalILDMAE,Horizontal ILD MAE,3.83163354976532
P0341,341,50,SUpDEqSH,SUpDEq + SH,FullSphereERB,Full-sphere ERB,2.25398044743357
P0341,341,50,SUpDEqSH,SUpDEq + SH,Contralateral25ERB,Contralateral 25-deg ERB,2.5254002556154
P0341,341,50,SUpDEqSH,SUpDEq + SH,ContralateralHighFrequency,Contralateral HF,6.5136179666744
P0341,341,50,SUpDEqSH,SUpDEq + SH,HorizontalILDMAE,Horizontal ILD MAE,1.85349373740197
P0341,341,50,SUpDEqNN,SUpDEq + Natural Neighbor,FullSphereERB,Full-sphere ERB,1.81469171674703
P0341,341,50,SUpDEqNN,SUpDEq + Natural Neighbor,Contralateral25ERB,Contralateral 25-deg ERB,2.26249194932803
P0341,341,50,SUpDEqNN,SUpDEq + Natural Neighbor,ContralateralHighFrequency,Contralateral HF,5.79800976152615
P0341,341,50,SUpDEqNN,SUpDEq + Natural Neighbor,HorizontalILDMAE,Horizontal ILD MAE,1.41444971575786
P0341,341,50,SUpDEqBary,SUpDEq + Barycentric,FullSphereERB,Full-sphere ERB,1.63688537825802
P0341,341,50,SUpDEqBary,SUpDEq + Barycentric,Contralateral25ERB,Contralateral 25-deg ERB,2.1204609454596
P0341,341,50,SUpDEqBary,SUpDEq + Barycentric,ContralateralHighFrequency,Contralateral HF,5.38484345667724
P0341,341,50,SUpDEqBary,SUpDEq + Barycentric,HorizontalILDMAE,Horizontal ILD MAE,1.33892892591677
P0341,341,50,MCA,MCA,FullSphereERB,Full-sphere ERB,1.00201893639393
P0341,341,50,MCA,MCA,Contralateral25ERB,Contralateral 25-deg ERB,1.74951120831124
P0341,341,50,MCA,MCA,ContralateralHighFrequency,Contralateral HF,4.39471582972567
P0341,341,50,MCA,MCA,HorizontalILDMAE,Horizontal ILD MAE,0.918889413686409
P0341,341,50,MCARv351,MCAR v3.5.1,FullSphereERB,Full-sphere ERB,0.822661095092575
P0341,341,50,MCARv351,MCAR v3.5.1,Contralateral25ERB,Contralateral 25-deg ERB,1.15890362224847
P0341,341,50,MCARv351,MCAR v3.5.1,ContralateralHighFrequency,Contralateral HF,3.26595148251249
P0341,341,50,MCARv351,MCAR v3.5.1,HorizontalILDMAE,Horizontal ILD MAE,0.696863730441188
P0341,341,50,FSPAE,FSP-AE,FullSphereERB,Full-sphere ERB,2.13463141956548
P0341,341,50,FSPAE,FSP-AE,Contralateral25ERB,Contralateral 25-deg ERB,2.20269156446005
P0341,341,50,FSPAE,FSP-AE,ContralateralHighFrequency,Contralateral HF,3.38200982120675
P0341,341,50,FSPAE,FSP-AE,HorizontalILDMAE,Horizontal ILD MAE,1.4128227991931
P0341,341,50,RANF,RANF,FullSphereERB,Full-sphere ERB,1.17095005996959
P0341,341,50,RANF,RANF,Contralateral25ERB,Contralateral 25-deg ERB,1.75080578000352
P0341,341,50,RANF,RANF,ContralateralHighFrequency,Contralateral HF,3.2222503628871
P0341,341,50,RANF,RANF,HorizontalILDMAE,Horizontal ILD MAE,1.02307009359353
P0341,341,50,HYBRID,Hybrid E190,FullSphereERB,Full-sphere ERB,0.792668534670347
P0341,341,50,HYBRID,Hybrid E190,Contralateral25ERB,Contralateral 25-deg ERB,1.10396724963702
P0341,341,50,HYBRID,Hybrid E190,ContralateralHighFrequency,Contralateral HF,3.27447371998942
P0341,341,50,HYBRID,Hybrid E190,HorizontalILDMAE,Horizontal ILD MAE,0.516365241603506
P0341,341,50,BOUNDED,Bounded E25,FullSphereERB,Full-sphere ERB,0.789896550070385
P0341,341,50,BOUNDED,Bounded E25,Contralateral25ERB,Contralateral 25-deg ERB,1.09729093859951
P0341,341,50,BOUNDED,Bounded E25,ContralateralHighFrequency,Contralateral HF,3.29049965818986
P0341,341,50,BOUNDED,Bounded E25,HorizontalILDMAE,Horizontal ILD MAE,0.605012671777278
P0354,354,14,SHOnly,SH only,FullSphereERB,Full-sphere ERB,2.863607205033
P0354,354,14,SHOnly,SH only,Contralateral25ERB,Contralateral 25-deg ERB,5.31248186550815
P0354,354,14,SHOnly,SH only,ContralateralHighFrequency,Contralateral HF,11.0445372722259
P0354,354,14,SHOnly,SH only,HorizontalILDMAE,Horizontal ILD MAE,4.0587701101348
P0354,354,14,SUpDEqSH,SUpDEq + SH,FullSphereERB,Full-sphere ERB,1.91474047440679
P0354,354,14,SUpDEqSH,SUpDEq + SH,Contralateral25ERB,Contralateral 25-deg ERB,2.77285954954309
P0354,354,14,SUpDEqSH,SUpDEq + SH,ContralateralHighFrequency,Contralateral HF,7.43446057351895
P0354,354,14,SUpDEqSH,SUpDEq + SH,HorizontalILDMAE,Horizontal ILD MAE,1.89733445585792
P0354,354,14,SUpDEqNN,SUpDEq + Natural Neighbor,FullSphereERB,Full-sphere ERB,2.09579101897939
P0354,354,14,SUpDEqNN,SUpDEq + Natural Neighbor,Contralateral25ERB,Contralateral 25-deg ERB,2.70404147741963
P0354,354,14,SUpDEqNN,SUpDEq + Natural Neighbor,ContralateralHighFrequency,Contralateral HF,6.82440186190724
P0354,354,14,SUpDEqNN,SUpDEq + Natural Neighbor,HorizontalILDMAE,Horizontal ILD MAE,1.42517124172647
P0354,354,14,SUpDEqBary,SUpDEq + Barycentric,FullSphereERB,Full-sphere ERB,2.04115066514646
P0354,354,14,SUpDEqBary,SUpDEq + Barycentric,Contralateral25ERB,Contralateral 25-deg ERB,2.65313040642361
P0354,354,14,SUpDEqBary,SUpDEq + Barycentric,ContralateralHighFrequency,Contralateral HF,6.68158676669597
P0354,354,14,SUpDEqBary,SUpDEq + Barycentric,HorizontalILDMAE,Horizontal ILD MAE,1.36542185551995
P0354,354,14,MCA,MCA,FullSphereERB,Full-sphere ERB,1.43896791412804
P0354,354,14,MCA,MCA,Contralateral25ERB,Contralateral 25-deg ERB,2.41656147266662
P0354,354,14,MCA,MCA,ContralateralHighFrequency,Contralateral HF,5.61014111876999
P0354,354,14,MCA,MCA,HorizontalILDMAE,Horizontal ILD MAE,1.17197179985332
P0354,354,14,MCARv351,MCAR v3.5.1,FullSphereERB,Full-sphere ERB,1.24477358707315
P0354,354,14,MCARv351,MCAR v3.5.1,Contralateral25ERB,Contralateral 25-deg ERB,1.9240291564693
P0354,354,14,MCARv351,MCAR v3.5.1,ContralateralHighFrequency,Contralateral HF,4.71581970766165
P0354,354,14,MCARv351,MCAR v3.5.1,HorizontalILDMAE,Horizontal ILD MAE,0.8248226999186
P0354,354,14,FSPAE,FSP-AE,FullSphereERB,Full-sphere ERB,2.04700209663025
P0354,354,14,FSPAE,FSP-AE,Contralateral25ERB,Contralateral 25-deg ERB,2.52305932052629
P0354,354,14,FSPAE,FSP-AE,ContralateralHighFrequency,Contralateral HF,4.59623373878215
P0354,354,14,FSPAE,FSP-AE,HorizontalILDMAE,Horizontal ILD MAE,1.72455777111552
P0354,354,14,RANF,RANF,FullSphereERB,Full-sphere ERB,1.14176070524776
P0354,354,14,RANF,RANF,Contralateral25ERB,Contralateral 25-deg ERB,1.39703435227994
P0354,354,14,RANF,RANF,ContralateralHighFrequency,Contralateral HF,3.9251623453354
P0354,354,14,RANF,RANF,HorizontalILDMAE,Horizontal ILD MAE,0.520493360374853
P0354,354,14,HYBRID,Hybrid E190,FullSphereERB,Full-sphere ERB,1.14153443625859
P0354,354,14,HYBRID,Hybrid E190,Contralateral25ERB,Contralateral 25-deg ERB,1.59192523505526
P0354,354,14,HYBRID,Hybrid E190,ContralateralHighFrequency,Contralateral HF,4.30804746660036
P0354,354,14,HYBRID,Hybrid E190,HorizontalILDMAE,Horizontal ILD MAE,0.659119822920176
P0354,354,14,BOUNDED,Bounded E25,FullSphereERB,Full-sphere ERB,1.1710892530438
P0354,354,14,BOUNDED,Bounded E25,Contralateral25ERB,Contralateral 25-deg ERB,1.70937637219235
P0354,354,14,BOUNDED,Bounded E25,ContralateralHighFrequency,Contralateral HF,4.44896757764308
P0354,354,14,BOUNDED,Bounded E25,HorizontalILDMAE,Horizontal ILD MAE,0.68028146649323
P0354,354,26,SHOnly,SH only,FullSphereERB,Full-sphere ERB,2.62723199564335
P0354,354,26,SHOnly,SH only,Contralateral25ERB,Contralateral 25-deg ERB,3.99525083489996
P0354,354,26,SHOnly,SH only,ContralateralHighFrequency,Contralateral HF,9.47523473808572
P0354,354,26,SHOnly,SH only,HorizontalILDMAE,Horizontal ILD MAE,3.75339307114637
P0354,354,26,SUpDEqSH,SUpDEq + SH,FullSphereERB,Full-sphere ERB,1.66698839384269
P0354,354,26,SUpDEqSH,SUpDEq + SH,Contralateral25ERB,Contralateral 25-deg ERB,2.30871673331757
P0354,354,26,SUpDEqSH,SUpDEq + SH,ContralateralHighFrequency,Contralateral HF,6.76249065255904
P0354,354,26,SUpDEqSH,SUpDEq + SH,HorizontalILDMAE,Horizontal ILD MAE,2.08405008389924
P0354,354,26,SUpDEqNN,SUpDEq + Natural Neighbor,FullSphereERB,Full-sphere ERB,1.72249667848014
P0354,354,26,SUpDEqNN,SUpDEq + Natural Neighbor,Contralateral25ERB,Contralateral 25-deg ERB,2.13851358455262
P0354,354,26,SUpDEqNN,SUpDEq + Natural Neighbor,ContralateralHighFrequency,Contralateral HF,6.1160198651485
P0354,354,26,SUpDEqNN,SUpDEq + Natural Neighbor,HorizontalILDMAE,Horizontal ILD MAE,1.77117967469423
P0354,354,26,SUpDEqBary,SUpDEq + Barycentric,FullSphereERB,Full-sphere ERB,1.63068084253573
P0354,354,26,SUpDEqBary,SUpDEq + Barycentric,Contralateral25ERB,Contralateral 25-deg ERB,2.11549919081258
P0354,354,26,SUpDEqBary,SUpDEq + Barycentric,ContralateralHighFrequency,Contralateral HF,5.95604588884989
P0354,354,26,SUpDEqBary,SUpDEq + Barycentric,HorizontalILDMAE,Horizontal ILD MAE,1.73326106420161
P0354,354,26,MCA,MCA,FullSphereERB,Full-sphere ERB,1.04070900571745
P0354,354,26,MCA,MCA,Contralateral25ERB,Contralateral 25-deg ERB,1.64026854723297
P0354,354,26,MCA,MCA,ContralateralHighFrequency,Contralateral HF,4.95599649493623
P0354,354,26,MCA,MCA,HorizontalILDMAE,Horizontal ILD MAE,0.731528382289346
P0354,354,26,MCARv351,MCAR v3.5.1,FullSphereERB,Full-sphere ERB,0.830541114689188
P0354,354,26,MCARv351,MCAR v3.5.1,Contralateral25ERB,Contralateral 25-deg ERB,1.32072502405918
P0354,354,26,MCARv351,MCAR v3.5.1,ContralateralHighFrequency,Contralateral HF,3.71302599549216
P0354,354,26,MCARv351,MCAR v3.5.1,HorizontalILDMAE,Horizontal ILD MAE,0.477481066677651
P0354,354,26,FSPAE,FSP-AE,FullSphereERB,Full-sphere ERB,1.24821448094433
P0354,354,26,FSPAE,FSP-AE,Contralateral25ERB,Contralateral 25-deg ERB,1.94639641869929
P0354,354,26,FSPAE,FSP-AE,ContralateralHighFrequency,Contralateral HF,3.54952153784906
P0354,354,26,FSPAE,FSP-AE,HorizontalILDMAE,Horizontal ILD MAE,0.564110008006886
P0354,354,26,RANF,RANF,FullSphereERB,Full-sphere ERB,1.10972837352567
P0354,354,26,RANF,RANF,Contralateral25ERB,Contralateral 25-deg ERB,1.38554810268812
P0354,354,26,RANF,RANF,ContralateralHighFrequency,Contralateral HF,3.80014243021331
P0354,354,26,RANF,RANF,HorizontalILDMAE,Horizontal ILD MAE,0.585612910470312
P0354,354,26,HYBRID,Hybrid E190,FullSphereERB,Full-sphere ERB,0.790234769827955
P0354,354,26,HYBRID,Hybrid E190,Contralateral25ERB,Contralateral 25-deg ERB,1.22359213193407
P0354,354,26,HYBRID,Hybrid E190,ContralateralHighFrequency,Contralateral HF,3.71544718762277
P0354,354,26,HYBRID,Hybrid E190,HorizontalILDMAE,Horizontal ILD MAE,0.556762786543537
P0354,354,26,BOUNDED,Bounded E25,FullSphereERB,Full-sphere ERB,0.797715733082536
P0354,354,26,BOUNDED,Bounded E25,Contralateral25ERB,Contralateral 25-deg ERB,1.24547554446066
P0354,354,26,BOUNDED,Bounded E25,ContralateralHighFrequency,Contralateral HF,3.74222170777081
P0354,354,26,BOUNDED,Bounded E25,HorizontalILDMAE,Horizontal ILD MAE,0.440431725384677
P0354,354,50,SHOnly,SH only,FullSphereERB,Full-sphere ERB,2.83199679408109
P0354,354,50,SHOnly,SH only,Contralateral25ERB,Contralateral 25-deg ERB,3.5809584154549
P0354,354,50,SHOnly,SH only,ContralateralHighFrequency,Contralateral HF,7.93535250399512
P0354,354,50,SHOnly,SH only,HorizontalILDMAE,Horizontal ILD MAE,3.88018734288183
P0354,354,50,SUpDEqSH,SUpDEq + SH,FullSphereERB,Full-sphere ERB,1.71188141860387
P0354,354,50,SUpDEqSH,SUpDEq + SH,Contralateral25ERB,Contralateral 25-deg ERB,2.46892370333689
P0354,354,50,SUpDEqSH,SUpDEq + SH,ContralateralHighFrequency,Contralateral HF,6.85605605965989
P0354,354,50,SUpDEqSH,SUpDEq + SH,HorizontalILDMAE,Horizontal ILD MAE,1.97399079896951
P0354,354,50,SUpDEqNN,SUpDEq + Natural Neighbor,FullSphereERB,Full-sphere ERB,1.4162955975066
P0354,354,50,SUpDEqNN,SUpDEq + Natural Neighbor,Contralateral25ERB,Contralateral 25-deg ERB,1.87957720608708
P0354,354,50,SUpDEqNN,SUpDEq + Natural Neighbor,ContralateralHighFrequency,Contralateral HF,5.70274112557429
P0354,354,50,SUpDEqNN,SUpDEq + Natural Neighbor,HorizontalILDMAE,Horizontal ILD MAE,1.58006507100915
P0354,354,50,SUpDEqBary,SUpDEq + Barycentric,FullSphereERB,Full-sphere ERB,1.30108405818601
P0354,354,50,SUpDEqBary,SUpDEq + Barycentric,Contralateral25ERB,Contralateral 25-deg ERB,1.9112789268444
P0354,354,50,SUpDEqBary,SUpDEq + Barycentric,ContralateralHighFrequency,Contralateral HF,5.39026502048997
P0354,354,50,SUpDEqBary,SUpDEq + Barycentric,HorizontalILDMAE,Horizontal ILD MAE,1.65504584555269
P0354,354,50,MCA,MCA,FullSphereERB,Full-sphere ERB,0.979361184128714
P0354,354,50,MCA,MCA,Contralateral25ERB,Contralateral 25-deg ERB,1.56920993801372
P0354,354,50,MCA,MCA,ContralateralHighFrequency,Contralateral HF,4.69188207300254
P0354,354,50,MCA,MCA,HorizontalILDMAE,Horizontal ILD MAE,0.804491458978315
P0354,354,50,MCARv351,MCAR v3.5.1,FullSphereERB,Full-sphere ERB,0.831858477660782
P0354,354,50,MCARv351,MCAR v3.5.1,Contralateral25ERB,Contralateral 25-deg ERB,1.3540935640605
P0354,354,50,MCARv351,MCAR v3.5.1,ContralateralHighFrequency,Contralateral HF,3.7018540273116
P0354,354,50,MCARv351,MCAR v3.5.1,HorizontalILDMAE,Horizontal ILD MAE,0.55055392254115
P0354,354,50,FSPAE,FSP-AE,FullSphereERB,Full-sphere ERB,2.04740736907344
P0354,354,50,FSPAE,FSP-AE,Contralateral25ERB,Contralateral 25-deg ERB,2.1179315976091
P0354,354,50,FSPAE,FSP-AE,ContralateralHighFrequency,Contralateral HF,4.1010554307835
P0354,354,50,FSPAE,FSP-AE,HorizontalILDMAE,Horizontal ILD MAE,0.889011944857491
P0354,354,50,RANF,RANF,FullSphereERB,Full-sphere ERB,0.971221348619178
P0354,354,50,RANF,RANF,Contralateral25ERB,Contralateral 25-deg ERB,1.33768287646185
P0354,354,50,RANF,RANF,ContralateralHighFrequency,Contralateral HF,3.49936128957031
P0354,354,50,RANF,RANF,HorizontalILDMAE,Horizontal ILD MAE,0.500765092331886
P0354,354,50,HYBRID,Hybrid E190,FullSphereERB,Full-sphere ERB,0.830571133965539
P0354,354,50,HYBRID,Hybrid E190,Contralateral25ERB,Contralateral 25-deg ERB,1.32626712924802
P0354,354,50,HYBRID,Hybrid E190,ContralateralHighFrequency,Contralateral HF,3.79543840834227
P0354,354,50,HYBRID,Hybrid E190,HorizontalILDMAE,Horizontal ILD MAE,0.506479889611656
P0354,354,50,BOUNDED,Bounded E25,FullSphereERB,Full-sphere ERB,0.821846663071653
P0354,354,50,BOUNDED,Bounded E25,Contralateral25ERB,Contralateral 25-deg ERB,1.32960719616201
P0354,354,50,BOUNDED,Bounded E25,ContralateralHighFrequency,Contralateral HF,3.78624132568704
P0354,354,50,BOUNDED,Bounded E25,HorizontalILDMAE,Horizontal ILD MAE,0.497361798493478
P0360,360,14,SHOnly,SH only,FullSphereERB,Full-sphere ERB,2.68312701611818
P0360,360,14,SHOnly,SH only,Contralateral25ERB,Contralateral 25-deg ERB,5.7303887504855
P0360,360,14,SHOnly,SH only,ContralateralHighFrequency,Contralateral HF,10.1362613975607
P0360,360,14,SHOnly,SH only,HorizontalILDMAE,Horizontal ILD MAE,4.07535161436859
P0360,360,14,SUpDEqSH,SUpDEq + SH,FullSphereERB,Full-sphere ERB,1.8163187821587
P0360,360,14,SUpDEqSH,SUpDEq + SH,Contralateral25ERB,Contralateral 25-deg ERB,2.58680691780051
P0360,360,14,SUpDEqSH,SUpDEq + SH,ContralateralHighFrequency,Contralateral HF,6.54384991953451
P0360,360,14,SUpDEqSH,SUpDEq + SH,HorizontalILDMAE,Horizontal ILD MAE,1.66815733514174
P0360,360,14,SUpDEqNN,SUpDEq + Natural Neighbor,FullSphereERB,Full-sphere ERB,1.70937320390129
P0360,360,14,SUpDEqNN,SUpDEq + Natural Neighbor,Contralateral25ERB,Contralateral 25-deg ERB,2.40223242193408
P0360,360,14,SUpDEqNN,SUpDEq + Natural Neighbor,ContralateralHighFrequency,Contralateral HF,5.92188693234405
P0360,360,14,SUpDEqNN,SUpDEq + Natural Neighbor,HorizontalILDMAE,Horizontal ILD MAE,1.5740860746456
P0360,360,14,SUpDEqBary,SUpDEq + Barycentric,FullSphereERB,Full-sphere ERB,1.61347331425986
P0360,360,14,SUpDEqBary,SUpDEq + Barycentric,Contralateral25ERB,Contralateral 25-deg ERB,2.39147615261914
P0360,360,14,SUpDEqBary,SUpDEq + Barycentric,ContralateralHighFrequency,Contralateral HF,5.63677317091231
P0360,360,14,SUpDEqBary,SUpDEq + Barycentric,HorizontalILDMAE,Horizontal ILD MAE,1.36668930993567
P0360,360,14,MCA,MCA,FullSphereERB,Full-sphere ERB,1.19866346933056
P0360,360,14,MCA,MCA,Contralateral25ERB,Contralateral 25-deg ERB,2.02317036837121
P0360,360,14,MCA,MCA,ContralateralHighFrequency,Contralateral HF,4.90583811251282
P0360,360,14,MCA,MCA,HorizontalILDMAE,Horizontal ILD MAE,0.825941187426076
P0360,360,14,MCARv351,MCAR v3.5.1,FullSphereERB,Full-sphere ERB,0.986889942443971
P0360,360,14,MCARv351,MCAR v3.5.1,Contralateral25ERB,Contralateral 25-deg ERB,1.63852347809807
P0360,360,14,MCARv351,MCAR v3.5.1,ContralateralHighFrequency,Contralateral HF,4.06653870624358
P0360,360,14,MCARv351,MCAR v3.5.1,HorizontalILDMAE,Horizontal ILD MAE,0.574472798821508
P0360,360,14,FSPAE,FSP-AE,FullSphereERB,Full-sphere ERB,1.84474016263983
P0360,360,14,FSPAE,FSP-AE,Contralateral25ERB,Contralateral 25-deg ERB,2.39055621908593
P0360,360,14,FSPAE,FSP-AE,ContralateralHighFrequency,Contralateral HF,3.87264804781085
P0360,360,14,FSPAE,FSP-AE,HorizontalILDMAE,Horizontal ILD MAE,1.14390725443809
P0360,360,14,RANF,RANF,FullSphereERB,Full-sphere ERB,0.996905075799913
P0360,360,14,RANF,RANF,Contralateral25ERB,Contralateral 25-deg ERB,1.35771532656218
P0360,360,14,RANF,RANF,ContralateralHighFrequency,Contralateral HF,3.29461562655711
P0360,360,14,RANF,RANF,HorizontalILDMAE,Horizontal ILD MAE,0.538042304160115
P0360,360,14,HYBRID,Hybrid E190,FullSphereERB,Full-sphere ERB,0.903703398174783
P0360,360,14,HYBRID,Hybrid E190,Contralateral25ERB,Contralateral 25-deg ERB,1.48889366775994
P0360,360,14,HYBRID,Hybrid E190,ContralateralHighFrequency,Contralateral HF,3.82751787029102
P0360,360,14,HYBRID,Hybrid E190,HorizontalILDMAE,Horizontal ILD MAE,0.444037210179963
P0360,360,14,BOUNDED,Bounded E25,FullSphereERB,Full-sphere ERB,0.922843939010005
P0360,360,14,BOUNDED,Bounded E25,Contralateral25ERB,Contralateral 25-deg ERB,1.52267755657553
P0360,360,14,BOUNDED,Bounded E25,ContralateralHighFrequency,Contralateral HF,3.87236312906399
P0360,360,14,BOUNDED,Bounded E25,HorizontalILDMAE,Horizontal ILD MAE,0.492891848016039
P0360,360,26,SHOnly,SH only,FullSphereERB,Full-sphere ERB,2.58178725804786
P0360,360,26,SHOnly,SH only,Contralateral25ERB,Contralateral 25-deg ERB,3.65697196891387
P0360,360,26,SHOnly,SH only,ContralateralHighFrequency,Contralateral HF,9.23491238509924
P0360,360,26,SHOnly,SH only,HorizontalILDMAE,Horizontal ILD MAE,3.90550837802403
P0360,360,26,SUpDEqSH,SUpDEq + SH,FullSphereERB,Full-sphere ERB,1.54562853951494
P0360,360,26,SUpDEqSH,SUpDEq + SH,Contralateral25ERB,Contralateral 25-deg ERB,2.03225252670097
P0360,360,26,SUpDEqSH,SUpDEq + SH,ContralateralHighFrequency,Contralateral HF,5.54604475341998
P0360,360,26,SUpDEqSH,SUpDEq + SH,HorizontalILDMAE,Horizontal ILD MAE,1.54331405858365
P0360,360,26,SUpDEqNN,SUpDEq + Natural Neighbor,FullSphereERB,Full-sphere ERB,1.46557275447313
P0360,360,26,SUpDEqNN,SUpDEq + Natural Neighbor,Contralateral25ERB,Contralateral 25-deg ERB,1.89399642053578
P0360,360,26,SUpDEqNN,SUpDEq + Natural Neighbor,ContralateralHighFrequency,Contralateral HF,5.52178451584025
P0360,360,26,SUpDEqNN,SUpDEq + Natural Neighbor,HorizontalILDMAE,Horizontal ILD MAE,1.30876031260157
P0360,360,26,SUpDEqBary,SUpDEq + Barycentric,FullSphereERB,Full-sphere ERB,1.40404613836177
P0360,360,26,SUpDEqBary,SUpDEq + Barycentric,Contralateral25ERB,Contralateral 25-deg ERB,1.85888208339126
P0360,360,26,SUpDEqBary,SUpDEq + Barycentric,ContralateralHighFrequency,Contralateral HF,5.38923516570195
P0360,360,26,SUpDEqBary,SUpDEq + Barycentric,HorizontalILDMAE,Horizontal ILD MAE,1.28574109256119
P0360,360,26,MCA,MCA,FullSphereERB,Full-sphere ERB,0.966614423521851
P0360,360,26,MCA,MCA,Contralateral25ERB,Contralateral 25-deg ERB,1.5061880820389
P0360,360,26,MCA,MCA,ContralateralHighFrequency,Contralateral HF,4.35949030774279
P0360,360,26,MCA,MCA,HorizontalILDMAE,Horizontal ILD MAE,0.789799288224513
P0360,360,26,MCARv351,MCAR v3.5.1,FullSphereERB,Full-sphere ERB,0.719656690046519
P0360,360,26,MCARv351,MCAR v3.5.1,Contralateral25ERB,Contralateral 25-deg ERB,1.12562200009268
P0360,360,26,MCARv351,MCAR v3.5.1,ContralateralHighFrequency,Contralateral HF,3.28373874405443
P0360,360,26,MCARv351,MCAR v3.5.1,HorizontalILDMAE,Horizontal ILD MAE,0.462716450655187
P0360,360,26,FSPAE,FSP-AE,FullSphereERB,Full-sphere ERB,1.1237232871271
P0360,360,26,FSPAE,FSP-AE,Contralateral25ERB,Contralateral 25-deg ERB,1.68897779223368
P0360,360,26,FSPAE,FSP-AE,ContralateralHighFrequency,Contralateral HF,2.94055039663784
P0360,360,26,FSPAE,FSP-AE,HorizontalILDMAE,Horizontal ILD MAE,0.479735027424013
P0360,360,26,RANF,RANF,FullSphereERB,Full-sphere ERB,1.04339721779633
P0360,360,26,RANF,RANF,Contralateral25ERB,Contralateral 25-deg ERB,1.50578141094134
P0360,360,26,RANF,RANF,ContralateralHighFrequency,Contralateral HF,3.20961510331277
P0360,360,26,RANF,RANF,HorizontalILDMAE,Horizontal ILD MAE,0.715868345776825
P0360,360,26,HYBRID,Hybrid E190,FullSphereERB,Full-sphere ERB,0.67919147343127
P0360,360,26,HYBRID,Hybrid E190,Contralateral25ERB,Contralateral 25-deg ERB,1.05756097287271
P0360,360,26,HYBRID,Hybrid E190,ContralateralHighFrequency,Contralateral HF,3.18183515081
P0360,360,26,HYBRID,Hybrid E190,HorizontalILDMAE,Horizontal ILD MAE,0.348802932060236
P0360,360,26,BOUNDED,Bounded E25,FullSphereERB,Full-sphere ERB,0.678154328237206
P0360,360,26,BOUNDED,Bounded E25,Contralateral25ERB,Contralateral 25-deg ERB,1.04942512067144
P0360,360,26,BOUNDED,Bounded E25,ContralateralHighFrequency,Contralateral HF,3.20943652696789
P0360,360,26,BOUNDED,Bounded E25,HorizontalILDMAE,Horizontal ILD MAE,0.364945359727164
P0360,360,50,SHOnly,SH only,FullSphereERB,Full-sphere ERB,2.82586839787319
P0360,360,50,SHOnly,SH only,Contralateral25ERB,Contralateral 25-deg ERB,3.40743016452145
P0360,360,50,SHOnly,SH only,ContralateralHighFrequency,Contralateral HF,8.08254689344705
P0360,360,50,SHOnly,SH only,HorizontalILDMAE,Horizontal ILD MAE,3.52010739213283
P0360,360,50,SUpDEqSH,SUpDEq + SH,FullSphereERB,Full-sphere ERB,1.58019648877876
P0360,360,50,SUpDEqSH,SUpDEq + SH,Contralateral25ERB,Contralateral 25-deg ERB,2.05201830754687
P0360,360,50,SUpDEqSH,SUpDEq + SH,ContralateralHighFrequency,Contralateral HF,5.90133635921496
P0360,360,50,SUpDEqSH,SUpDEq + SH,HorizontalILDMAE,Horizontal ILD MAE,1.50622601937761
P0360,360,50,SUpDEqNN,SUpDEq + Natural Neighbor,FullSphereERB,Full-sphere ERB,1.28085604822632
P0360,360,50,SUpDEqNN,SUpDEq + Natural Neighbor,Contralateral25ERB,Contralateral 25-deg ERB,1.82896133897863
P0360,360,50,SUpDEqNN,SUpDEq + Natural Neighbor,ContralateralHighFrequency,Contralateral HF,5.41484059129149
P0360,360,50,SUpDEqNN,SUpDEq + Natural Neighbor,HorizontalILDMAE,Horizontal ILD MAE,1.22531776611154
P0360,360,50,SUpDEqBary,SUpDEq + Barycentric,FullSphereERB,Full-sphere ERB,1.17854907515848
P0360,360,50,SUpDEqBary,SUpDEq + Barycentric,Contralateral25ERB,Contralateral 25-deg ERB,1.73067625236274
P0360,360,50,SUpDEqBary,SUpDEq + Barycentric,ContralateralHighFrequency,Contralateral HF,5.13660072116169
P0360,360,50,SUpDEqBary,SUpDEq + Barycentric,HorizontalILDMAE,Horizontal ILD MAE,1.28499180749371
P0360,360,50,MCA,MCA,FullSphereERB,Full-sphere ERB,0.887701303817607
P0360,360,50,MCA,MCA,Contralateral25ERB,Contralateral 25-deg ERB,1.46970386214494
P0360,360,50,MCA,MCA,ContralateralHighFrequency,Contralateral HF,4.34535259596055
P0360,360,50,MCA,MCA,HorizontalILDMAE,Horizontal ILD MAE,0.807033129757434
P0360,360,50,MCARv351,MCAR v3.5.1,FullSphereERB,Full-sphere ERB,0.733061006921828
P0360,360,50,MCARv351,MCAR v3.5.1,Contralateral25ERB,Contralateral 25-deg ERB,1.22468599250506
P0360,360,50,MCARv351,MCAR v3.5.1,ContralateralHighFrequency,Contralateral HF,3.30228213653914
P0360,360,50,MCARv351,MCAR v3.5.1,HorizontalILDMAE,Horizontal ILD MAE,0.562317457978724
P0360,360,50,FSPAE,FSP-AE,FullSphereERB,Full-sphere ERB,1.94232285126904
P0360,360,50,FSPAE,FSP-AE,Contralateral25ERB,Contralateral 25-deg ERB,1.91645579813433
P0360,360,50,FSPAE,FSP-AE,ContralateralHighFrequency,Contralateral HF,3.28944179473104
P0360,360,50,FSPAE,FSP-AE,HorizontalILDMAE,Horizontal ILD MAE,1.40112190261511
P0360,360,50,RANF,RANF,FullSphereERB,Full-sphere ERB,0.963475611465396
P0360,360,50,RANF,RANF,Contralateral25ERB,Contralateral 25-deg ERB,1.44775524961892
P0360,360,50,RANF,RANF,ContralateralHighFrequency,Contralateral HF,3.18958571019997
P0360,360,50,RANF,RANF,HorizontalILDMAE,Horizontal ILD MAE,0.691027724124644
P0360,360,50,HYBRID,Hybrid E190,FullSphereERB,Full-sphere ERB,0.70893106624737
P0360,360,50,HYBRID,Hybrid E190,Contralateral25ERB,Contralateral 25-deg ERB,1.12789016295204
P0360,360,50,HYBRID,Hybrid E190,ContralateralHighFrequency,Contralateral HF,3.19708436374265
P0360,360,50,HYBRID,Hybrid E190,HorizontalILDMAE,Horizontal ILD MAE,0.401106610068981
P0360,360,50,BOUNDED,Bounded E25,FullSphereERB,Full-sphere ERB,0.702933232305829
P0360,360,50,BOUNDED,Bounded E25,Contralateral25ERB,Contralateral 25-deg ERB,1.13163325024114
P0360,360,50,BOUNDED,Bounded E25,ContralateralHighFrequency,Contralateral HF,3.25536069377324
P0360,360,50,BOUNDED,Bounded E25,HorizontalILDMAE,Horizontal ILD MAE,0.433621635580246
P0369,369,14,SHOnly,SH only,FullSphereERB,Full-sphere ERB,2.95338282183958
P0369,369,14,SHOnly,SH only,Contralateral25ERB,Contralateral 25-deg ERB,5.81766644374469
P0369,369,14,SHOnly,SH only,ContralateralHighFrequency,Contralateral HF,10.7941068561575
P0369,369,14,SHOnly,SH only,HorizontalILDMAE,Horizontal ILD MAE,4.65375285935893
P0369,369,14,SUpDEqSH,SUpDEq + SH,FullSphereERB,Full-sphere ERB,1.63516252089464
P0369,369,14,SUpDEqSH,SUpDEq + SH,Contralateral25ERB,Contralateral 25-deg ERB,2.68104275665345
P0369,369,14,SUpDEqSH,SUpDEq + SH,ContralateralHighFrequency,Contralateral HF,6.53155431557648
P0369,369,14,SUpDEqSH,SUpDEq + SH,HorizontalILDMAE,Horizontal ILD MAE,2.07326440374766
P0369,369,14,SUpDEqNN,SUpDEq + Natural Neighbor,FullSphereERB,Full-sphere ERB,1.58052507552543
P0369,369,14,SUpDEqNN,SUpDEq + Natural Neighbor,Contralateral25ERB,Contralateral 25-deg ERB,2.15215624609557
P0369,369,14,SUpDEqNN,SUpDEq + Natural Neighbor,ContralateralHighFrequency,Contralateral HF,6.03465672722589
P0369,369,14,SUpDEqNN,SUpDEq + Natural Neighbor,HorizontalILDMAE,Horizontal ILD MAE,2.01892693729285
P0369,369,14,SUpDEqBary,SUpDEq + Barycentric,FullSphereERB,Full-sphere ERB,1.58296111543034
P0369,369,14,SUpDEqBary,SUpDEq + Barycentric,Contralateral25ERB,Contralateral 25-deg ERB,2.12756591272239
P0369,369,14,SUpDEqBary,SUpDEq + Barycentric,ContralateralHighFrequency,Contralateral HF,5.81887712649489
P0369,369,14,SUpDEqBary,SUpDEq + Barycentric,HorizontalILDMAE,Horizontal ILD MAE,1.98296118994824
P0369,369,14,MCA,MCA,FullSphereERB,Full-sphere ERB,1.30247263135134
P0369,369,14,MCA,MCA,Contralateral25ERB,Contralateral 25-deg ERB,2.56408719207037
P0369,369,14,MCA,MCA,ContralateralHighFrequency,Contralateral HF,4.76116582252797
P0369,369,14,MCA,MCA,HorizontalILDMAE,Horizontal ILD MAE,0.921686388077901
P0369,369,14,MCARv351,MCAR v3.5.1,FullSphereERB,Full-sphere ERB,1.12689401961152
P0369,369,14,MCARv351,MCAR v3.5.1,Contralateral25ERB,Contralateral 25-deg ERB,1.74728725477931
P0369,369,14,MCARv351,MCAR v3.5.1,ContralateralHighFrequency,Contralateral HF,4.10455908434959
P0369,369,14,MCARv351,MCAR v3.5.1,HorizontalILDMAE,Horizontal ILD MAE,0.567256015159314
P0369,369,14,FSPAE,FSP-AE,FullSphereERB,Full-sphere ERB,1.93721889049783
P0369,369,14,FSPAE,FSP-AE,Contralateral25ERB,Contralateral 25-deg ERB,2.53092682163369
P0369,369,14,FSPAE,FSP-AE,ContralateralHighFrequency,Contralateral HF,3.78743784322058
P0369,369,14,FSPAE,FSP-AE,HorizontalILDMAE,Horizontal ILD MAE,1.27325107802188
P0369,369,14,RANF,RANF,FullSphereERB,Full-sphere ERB,1.00126547772857
P0369,369,14,RANF,RANF,Contralateral25ERB,Contralateral 25-deg ERB,1.76536729864165
P0369,369,14,RANF,RANF,ContralateralHighFrequency,Contralateral HF,3.30273062932725
P0369,369,14,RANF,RANF,HorizontalILDMAE,Horizontal ILD MAE,0.766468167691777
P0369,369,14,HYBRID,Hybrid E190,FullSphereERB,Full-sphere ERB,1.05676784715003
P0369,369,14,HYBRID,Hybrid E190,Contralateral25ERB,Contralateral 25-deg ERB,1.61557855740547
P0369,369,14,HYBRID,Hybrid E190,ContralateralHighFrequency,Contralateral HF,3.85372318120081
P0369,369,14,HYBRID,Hybrid E190,HorizontalILDMAE,Horizontal ILD MAE,0.676249758541868
P0369,369,14,BOUNDED,Bounded E25,FullSphereERB,Full-sphere ERB,1.06155367727697
P0369,369,14,BOUNDED,Bounded E25,Contralateral25ERB,Contralateral 25-deg ERB,1.6471526410587
P0369,369,14,BOUNDED,Bounded E25,ContralateralHighFrequency,Contralateral HF,3.93181755022266
P0369,369,14,BOUNDED,Bounded E25,HorizontalILDMAE,Horizontal ILD MAE,0.479700601418842
P0369,369,26,SHOnly,SH only,FullSphereERB,Full-sphere ERB,2.65214031007161
P0369,369,26,SHOnly,SH only,Contralateral25ERB,Contralateral 25-deg ERB,3.92612082330342
P0369,369,26,SHOnly,SH only,ContralateralHighFrequency,Contralateral HF,8.68420367686124
P0369,369,26,SHOnly,SH only,HorizontalILDMAE,Horizontal ILD MAE,4.01662428731605
P0369,369,26,SUpDEqSH,SUpDEq + SH,FullSphereERB,Full-sphere ERB,1.34998102560419
P0369,369,26,SUpDEqSH,SUpDEq + SH,Contralateral25ERB,Contralateral 25-deg ERB,2.03671771090658
P0369,369,26,SUpDEqSH,SUpDEq + SH,ContralateralHighFrequency,Contralateral HF,5.71615003229906
P0369,369,26,SUpDEqSH,SUpDEq + SH,HorizontalILDMAE,Horizontal ILD MAE,1.04170471127962
P0369,369,26,SUpDEqNN,SUpDEq + Natural Neighbor,FullSphereERB,Full-sphere ERB,1.28572286026588
P0369,369,26,SUpDEqNN,SUpDEq + Natural Neighbor,Contralateral25ERB,Contralateral 25-deg ERB,2.11040614197492
P0369,369,26,SUpDEqNN,SUpDEq + Natural Neighbor,ContralateralHighFrequency,Contralateral HF,5.41939309624937
P0369,369,26,SUpDEqNN,SUpDEq + Natural Neighbor,HorizontalILDMAE,Horizontal ILD MAE,1.07066830672313
P0369,369,26,SUpDEqBary,SUpDEq + Barycentric,FullSphereERB,Full-sphere ERB,1.24906607755553
P0369,369,26,SUpDEqBary,SUpDEq + Barycentric,Contralateral25ERB,Contralateral 25-deg ERB,2.1220408503295
P0369,369,26,SUpDEqBary,SUpDEq + Barycentric,ContralateralHighFrequency,Contralateral HF,5.23203632088721
P0369,369,26,SUpDEqBary,SUpDEq + Barycentric,HorizontalILDMAE,Horizontal ILD MAE,1.07125177169998
P0369,369,26,MCA,MCA,FullSphereERB,Full-sphere ERB,1.04544910315079
P0369,369,26,MCA,MCA,Contralateral25ERB,Contralateral 25-deg ERB,1.99184783977265
P0369,369,26,MCA,MCA,ContralateralHighFrequency,Contralateral HF,4.45356656118534
P0369,369,26,MCA,MCA,HorizontalILDMAE,Horizontal ILD MAE,1.31847530035861
P0369,369,26,MCARv351,MCAR v3.5.1,FullSphereERB,Full-sphere ERB,0.759379339124639
P0369,369,26,MCARv351,MCAR v3.5.1,Contralateral25ERB,Contralateral 25-deg ERB,1.17961453217124
P0369,369,26,MCARv351,MCAR v3.5.1,ContralateralHighFrequency,Contralateral HF,3.41537394719538
P0369,369,26,MCARv351,MCAR v3.5.1,HorizontalILDMAE,Horizontal ILD MAE,0.629683123742276
P0369,369,26,FSPAE,FSP-AE,FullSphereERB,Full-sphere ERB,1.12615139046333
P0369,369,26,FSPAE,FSP-AE,Contralateral25ERB,Contralateral 25-deg ERB,1.81546672896483
P0369,369,26,FSPAE,FSP-AE,ContralateralHighFrequency,Contralateral HF,2.82856125028491
P0369,369,26,FSPAE,FSP-AE,HorizontalILDMAE,Horizontal ILD MAE,0.499686768950746
P0369,369,26,RANF,RANF,FullSphereERB,Full-sphere ERB,1.04848387156118
P0369,369,26,RANF,RANF,Contralateral25ERB,Contralateral 25-deg ERB,1.69055651755384
P0369,369,26,RANF,RANF,ContralateralHighFrequency,Contralateral HF,3.0736952631394
P0369,369,26,RANF,RANF,HorizontalILDMAE,Horizontal ILD MAE,0.822836771378632
P0369,369,26,HYBRID,Hybrid E190,FullSphereERB,Full-sphere ERB,0.717506424024046
P0369,369,26,HYBRID,Hybrid E190,Contralateral25ERB,Contralateral 25-deg ERB,1.15484211216444
P0369,369,26,HYBRID,Hybrid E190,ContralateralHighFrequency,Contralateral HF,3.35379725459914
P0369,369,26,HYBRID,Hybrid E190,HorizontalILDMAE,Horizontal ILD MAE,0.571157405867117
P0369,369,26,BOUNDED,Bounded E25,FullSphereERB,Full-sphere ERB,0.717202327535685
P0369,369,26,BOUNDED,Bounded E25,Contralateral25ERB,Contralateral 25-deg ERB,1.13172713365797
P0369,369,26,BOUNDED,Bounded E25,ContralateralHighFrequency,Contralateral HF,3.40074442508222
P0369,369,26,BOUNDED,Bounded E25,HorizontalILDMAE,Horizontal ILD MAE,0.555644051551473
P0369,369,50,SHOnly,SH only,FullSphereERB,Full-sphere ERB,2.95488723633018
P0369,369,50,SHOnly,SH only,Contralateral25ERB,Contralateral 25-deg ERB,3.39300210320798
P0369,369,50,SHOnly,SH only,ContralateralHighFrequency,Contralateral HF,7.43890064415563
P0369,369,50,SHOnly,SH only,HorizontalILDMAE,Horizontal ILD MAE,4.14805780069271
P0369,369,50,SUpDEqSH,SUpDEq + SH,FullSphereERB,Full-sphere ERB,1.32805537421913
P0369,369,50,SUpDEqSH,SUpDEq + SH,Contralateral25ERB,Contralateral 25-deg ERB,2.27498554566964
P0369,369,50,SUpDEqSH,SUpDEq + SH,ContralateralHighFrequency,Contralateral HF,6.36212554315136
P0369,369,50,SUpDEqSH,SUpDEq + SH,HorizontalILDMAE,Horizontal ILD MAE,1.26897978069065
P0369,369,50,SUpDEqNN,SUpDEq + Natural Neighbor,FullSphereERB,Full-sphere ERB,1.06966430248485
P0369,369,50,SUpDEqNN,SUpDEq + Natural Neighbor,Contralateral25ERB,Contralateral 25-deg ERB,1.84145329331256
P0369,369,50,SUpDEqNN,SUpDEq + Natural Neighbor,ContralateralHighFrequency,Contralateral HF,5.47627547040117
P0369,369,50,SUpDEqNN,SUpDEq + Natural Neighbor,HorizontalILDMAE,Horizontal ILD MAE,0.866137108709292
P0369,369,50,SUpDEqBary,SUpDEq + Barycentric,FullSphereERB,Full-sphere ERB,0.998049900521446
P0369,369,50,SUpDEqBary,SUpDEq + Barycentric,Contralateral25ERB,Contralateral 25-deg ERB,1.83261858154813
P0369,369,50,SUpDEqBary,SUpDEq + Barycentric,ContralateralHighFrequency,Contralateral HF,5.07265429902291
P0369,369,50,SUpDEqBary,SUpDEq + Barycentric,HorizontalILDMAE,Horizontal ILD MAE,0.808840202690036
P0369,369,50,MCA,MCA,FullSphereERB,Full-sphere ERB,0.92129178460931
P0369,369,50,MCA,MCA,Contralateral25ERB,Contralateral 25-deg ERB,1.8567650549545
P0369,369,50,MCA,MCA,ContralateralHighFrequency,Contralateral HF,4.46989777565023
P0369,369,50,MCA,MCA,HorizontalILDMAE,Horizontal ILD MAE,0.846416823599022
P0369,369,50,MCARv351,MCAR v3.5.1,FullSphereERB,Full-sphere ERB,0.751980707569642
P0369,369,50,MCARv351,MCAR v3.5.1,Contralateral25ERB,Contralateral 25-deg ERB,1.24279632195001
P0369,369,50,MCARv351,MCAR v3.5.1,ContralateralHighFrequency,Contralateral HF,3.55230477418598
P0369,369,50,MCARv351,MCAR v3.5.1,HorizontalILDMAE,Horizontal ILD MAE,0.476903013081748
P0369,369,50,FSPAE,FSP-AE,FullSphereERB,Full-sphere ERB,1.96782909610281
P0369,369,50,FSPAE,FSP-AE,Contralateral25ERB,Contralateral 25-deg ERB,2.02610698957963
P0369,369,50,FSPAE,FSP-AE,ContralateralHighFrequency,Contralateral HF,3.42615627245725
P0369,369,50,FSPAE,FSP-AE,HorizontalILDMAE,Horizontal ILD MAE,1.12604437482829
P0369,369,50,RANF,RANF,FullSphereERB,Full-sphere ERB,1.01225257191235
P0369,369,50,RANF,RANF,Contralateral25ERB,Contralateral 25-deg ERB,1.51388297037125
P0369,369,50,RANF,RANF,ContralateralHighFrequency,Contralateral HF,2.96360784727998
P0369,369,50,RANF,RANF,HorizontalILDMAE,Horizontal ILD MAE,0.590366346665868
P0369,369,50,HYBRID,Hybrid E190,FullSphereERB,Full-sphere ERB,0.7413265645635
P0369,369,50,HYBRID,Hybrid E190,Contralateral25ERB,Contralateral 25-deg ERB,1.17307654801661
P0369,369,50,HYBRID,Hybrid E190,ContralateralHighFrequency,Contralateral HF,3.47108293786059
P0369,369,50,HYBRID,Hybrid E190,HorizontalILDMAE,Horizontal ILD MAE,0.641434731016565
P0369,369,50,BOUNDED,Bounded E25,FullSphereERB,Full-sphere ERB,0.726277754739764
P0369,369,50,BOUNDED,Bounded E25,Contralateral25ERB,Contralateral 25-deg ERB,1.16260336779444
P0369,369,50,BOUNDED,Bounded E25,ContralateralHighFrequency,Contralateral HF,3.54527400075921
P0369,369,50,BOUNDED,Bounded E25,HorizontalILDMAE,Horizontal ILD MAE,0.486831104954368
