SparseOrder,Method,Ear,FrequencyHz,MeanERBError_dB,SD_ERBError_dB
1,SH,Left,49.9999999999997,0.0121797338281571,0.00227289216419507
1,SH,Left,81.4427085053407,0.0242093791436614,0.00467025379542459
1,SH,Left,116.431067138464,0.0526227551900054,0.00810335732051421
1,SH,Left,155.364902613614,0.0991871137736872,0.0122011002428173
1,SH,Left,198.689128271089,0.16664516370958,0.0181104508522842
1,SH,Left,246.898828289411,0.256800981396931,0.0258363331012548
1,SH,Left,300.544915220817,0.368755893367597,0.0351876044657757
1,SH,Left,360.240425501075,0.5059723484181,0.0462161318887049
1,SH,Left,426.667524875106,0.67319587504314,0.0591944730805557
1,SH,Left,500.585303792335,0.875414458712078,0.0746808829906746
1,SH,Left,582.838451853057,1.12238709292467,0.0936268645269368
1,SH,Left,674.366910432351,1.43094288050084,0.118714335537623
1,SH,Left,776.216613786162,1.8379365890378,0.171414111396601
1,SH,Left,889.551441382679,2.42785811867316,0.24098547593843
1,SH,Left,1015.66651804335,3.01670656214563,0.229682421789358
1,SH,Left,1156.00301387982,3.31002668715891,0.197091090089691
1,SH,Left,1312.16461315198,3.70298325384236,0.394560158219672
1,SH,Left,1485.93584024358,4.97824058974847,0.664426652536367
1,SH,Left,1679.30245217416,6.60644834344749,0.663191815672471
1,SH,Left,1894.47413068111,7.75069154667176,0.417609924281449
1,SH,Left,2133.90973318379,7.83270414772301,0.413614008319921
1,SH,Left,2400.34539118311,6.59040644539167,0.802873725447078
1,SH,Left,2696.82577718896,4.48134305931123,0.942814490748463
1,SH,Left,3026.73889747556,2.93385419134104,0.586830020737223
1,SH,Left,3393.85480825658,2.41333273433274,0.303225596704227
1,SH,Left,3802.36869770572,2.35253638738662,0.232470891191783
1,SH,Left,4256.94882613932,2.80110224868679,0.438657941312459
1,SH,Left,4762.78987219375,3.84489225237377,0.68835635643737
1,SH,Left,5325.67229460656,5.07032896630912,0.750091525442851
1,SH,Left,5952.02838795379,5.94234709178815,0.519941078517561
1,SH,Left,6649.01578718983,5.78125491153385,0.528177735441085
1,SH,Left,7424.59926095756,5.0154035128444,0.703535771368363
1,SH,Left,8287.64172835503,4.78625578880924,0.73031416230434
1,SH,Left,9248.00553924585,5.03234622286978,0.537343067079971
1,SH,Left,10316.6651754859,5.20668347541935,0.450300342611645
1,SH,Left,11505.8326609511,5.52647156877327,0.547473451609017
1,SH,Left,12829.0971134787,5.90400371756267,0.601956583623776
1,SH,Left,14301.580033442,6.17268617069567,0.727841121463859
1,SH,Left,15940.1081035055,6.43375327846414,0.642980524989492
1,SH,Left,17763.4054742165,6.5713315328013,0.601654125394985
1,SH,Left,19792.3077327617,6.58646884667237,0.630268327962044
1,SH,Right,49.9999999999997,0.0133842584180876,0.0024888412150401
1,SH,Right,81.4427085053407,0.0265554035803735,0.00517960167490638
1,SH,Right,116.431067138464,0.057698668614675,0.00922987063186224
1,SH,Right,155.364902613614,0.108831952644921,0.0141617862377315
1,SH,Right,198.689128271089,0.1827446879676,0.0214413804887484
1,SH,Right,246.898828289411,0.281265727683469,0.0309652830757107
1,SH,Right,300.544915220817,0.402888398371461,0.0424756092824211
1,SH,Right,360.240425501075,0.551407483799298,0.0559405894662335
1,SH,Right,426.667524875106,0.731676489625795,0.0719783283852438
1,SH,Right,500.585303792335,0.948745833215327,0.0914276241076592
1,SH,Right,582.838451853057,1.21264118847671,0.115857944937862
1,SH,Right,674.366910432351,1.54439749933055,0.150956640300535
1,SH,Right,776.216613786162,2.00067607916907,0.227341754371921
1,SH,Right,889.551441382679,2.64293274857826,0.291824477889546
1,SH,Right,1015.66651804335,3.21095313319502,0.238936824500991
1,SH,Right,1156.00301387982,3.52280948680492,0.263976140900507
1,SH,Right,1312.16461315198,4.19050312207862,0.602277578312688
1,SH,Right,1485.93584024358,5.65106521466857,0.81319461180652
1,SH,Right,1679.30245217416,7.18106266581822,0.694587217206305
1,SH,Right,1894.47413068111,7.96256870566381,0.351137951821986
1,SH,Right,2133.90973318379,7.54122603357602,0.593200917112575
1,SH,Right,2400.34539118311,5.88664924412398,1.07290806667103
1,SH,Right,2696.82577718896,3.77521558576501,1.04496781512061
1,SH,Right,3026.73889747556,2.50759703572651,0.565006167918247
1,SH,Right,3393.85480825658,2.17698404416566,0.302016535448268
1,SH,Right,3802.36869770572,2.41871038163869,0.388974987451836
1,SH,Right,4256.94882613932,3.31270038383119,0.759599602528878
1,SH,Right,4762.78987219375,4.63836500586206,0.917486348080836
1,SH,Right,5325.67229460656,5.69432809181166,0.669000350708313
1,SH,Right,5952.02838795379,5.86077747721674,0.521997385023822
1,SH,Right,6649.01578718983,5.23512965334373,0.67724804327397
1,SH,Right,7424.59926095756,4.49193591092941,0.522637988039469
1,SH,Right,8287.64172835503,4.5678854936156,0.466821361636254
1,SH,Right,9248.00553924585,5.03909245411256,0.438341542398899
1,SH,Right,10316.6651754859,5.19263559605574,0.481001667226766
1,SH,Right,11505.8326609511,5.52580461656567,0.539667178783022
1,SH,Right,12829.0971134787,5.85804118133081,0.609356051084016
1,SH,Right,14301.580033442,6.13248196647092,0.701033818343367
1,SH,Right,15940.1081035055,6.41724847094084,0.686492620849257
1,SH,Right,17763.4054742165,6.58791786280154,0.592573825869511
1,SH,Right,19792.3077327617,6.38390820087936,0.577404953079934
1,Conventional,Left,49.9999999999997,0.0251656292283825,0.00590878477769652
1,Conventional,Left,81.4427085053407,0.0305527359103995,0.00674382826082178
1,Conventional,Left,116.431067138464,0.0390200760187502,0.00817782722744275
1,Conventional,Left,155.364902613614,0.0478552197667065,0.00983149562478674
1,Conventional,Left,198.689128271089,0.0606425875570263,0.0117131816692777
1,Conventional,Left,246.898828289411,0.0836672022789953,0.0148671669127524
1,Conventional,Left,300.544915220817,0.123684542134966,0.0193224507497671
1,Conventional,Left,360.240425501075,0.173396734619081,0.0237831286028005
1,Conventional,Left,426.667524875106,0.222775416531101,0.0275045557066975
1,Conventional,Left,500.585303792335,0.269236980172251,0.0303154967838728
1,Conventional,Left,582.838451853057,0.312532626767274,0.0323129888635591
1,Conventional,Left,674.366910432351,0.348488034751617,0.0327911107738449
1,Conventional,Left,776.216613786162,0.384587677667145,0.0327477413879052
1,Conventional,Left,889.551441382679,0.437407924362433,0.0381592886622619
1,Conventional,Left,1015.66651804335,0.520055638409974,0.0495303611336795
1,Conventional,Left,1156.00301387982,0.628139107445711,0.0605837001275019
1,Conventional,Left,1312.16461315198,0.737804448712279,0.0713683335131694
1,Conventional,Left,1485.93584024358,0.831222835147206,0.0856608527762137
1,Conventional,Left,1679.30245217416,0.926154164895664,0.105722818346438
1,Conventional,Left,1894.47413068111,1.06451623139248,0.11703523864392
1,Conventional,Left,2133.90973318379,1.2170424522603,0.117247537387449
1,Conventional,Left,2400.34539118311,1.32182395530284,0.133609748040359
1,Conventional,Left,2696.82577718896,1.39013177014122,0.168135997588704
1,Conventional,Left,3026.73889747556,1.52645586988702,0.212965073967542
1,Conventional,Left,3393.85480825658,1.79815734864146,0.278466714968624
1,Conventional,Left,3802.36869770572,2.14497807644637,0.346280072664028
1,Conventional,Left,4256.94882613932,2.50219575352954,0.416358454312446
1,Conventional,Left,4762.78987219375,2.87149721270057,0.498418649632992
1,Conventional,Left,5325.67229460656,3.04071226843688,0.523498796073317
1,Conventional,Left,5952.02838795379,2.95062961296779,0.465857296571457
1,Conventional,Left,6649.01578718983,2.88518763585148,0.448722040369205
1,Conventional,Left,7424.59926095756,3.00290362907804,0.591049333974048
1,Conventional,Left,8287.64172835503,3.38743718823115,0.758464629532603
1,Conventional,Left,9248.00553924585,3.46247618593922,0.783095128566453
1,Conventional,Left,10316.6651754859,3.12010878316241,0.713912571336838
1,Conventional,Left,11505.8326609511,2.99071747944738,0.540851631243156
1,Conventional,Left,12829.0971134787,3.12504321793631,0.558590072809097
1,Conventional,Left,14301.580033442,3.34201098521417,0.644943171379967
1,Conventional,Left,15940.1081035055,3.67940937415929,0.676972195283419
1,Conventional,Left,17763.4054742165,3.7016981120662,0.683985490052801
1,Conventional,Left,19792.3077327617,3.47367417628622,0.62648608942606
1,Conventional,Right,49.9999999999997,0.0266882666423934,0.00709884903809096
1,Conventional,Right,81.4427085053407,0.0324384982259481,0.00808176408396324
1,Conventional,Right,116.431067138464,0.0415122235228692,0.00976438750638291
1,Conventional,Right,155.364902613614,0.0508519965100173,0.0115180550524568
1,Conventional,Right,198.689128271089,0.0637524373618395,0.0132289946153958
1,Conventional,Right,246.898828289411,0.0865905701680496,0.0161895772465294
1,Conventional,Right,300.544915220817,0.126513622017012,0.0207546111590771
1,Conventional,Right,360.240425501075,0.175978558713883,0.0253715187469613
1,Conventional,Right,426.667524875106,0.224599846093203,0.02918437961325
1,Conventional,Right,500.585303792335,0.269454355065654,0.0322458310556176
1,Conventional,Right,582.838451853057,0.310286172719469,0.0348053689210978
1,Conventional,Right,674.366910432351,0.343699203977439,0.0363495350123888
1,Conventional,Right,776.216613786162,0.37818377923118,0.0365734797189457
1,Conventional,Right,889.551441382679,0.429787975632787,0.0412024992370622
1,Conventional,Right,1015.66651804335,0.509674900847271,0.0532371459990443
1,Conventional,Right,1156.00301387982,0.611701906499916,0.0662359451109915
1,Conventional,Right,1312.16461315198,0.717320075705837,0.0747792359037251
1,Conventional,Right,1485.93584024358,0.81509343700146,0.0863195136132492
1,Conventional,Right,1679.30245217416,0.91985530380207,0.107470755225692
1,Conventional,Right,1894.47413068111,1.06515781880465,0.125630124843738
1,Conventional,Right,2133.90973318379,1.23047365897944,0.127347418600259
1,Conventional,Right,2400.34539118311,1.34897773752692,0.139352995551164
1,Conventional,Right,2696.82577718896,1.44333257104201,0.177678210981537
1,Conventional,Right,3026.73889747556,1.59771935464744,0.230708013027652
1,Conventional,Right,3393.85480825658,1.84981446576185,0.293406065941056
1,Conventional,Right,3802.36869770572,2.13566478464723,0.356292399584086
1,Conventional,Right,4256.94882613932,2.41140829470262,0.416384752252661
1,Conventional,Right,4762.78987219375,2.72042049280227,0.49602078703828
1,Conventional,Right,5325.67229460656,2.95028225488957,0.530816574723492
1,Conventional,Right,5952.02838795379,3.01395208289091,0.471821208454449
1,Conventional,Right,6649.01578718983,2.93702227634979,0.397901235152194
1,Conventional,Right,7424.59926095756,2.92228632909361,0.430353154516628
1,Conventional,Right,8287.64172835503,3.18872876099897,0.521989512606695
1,Conventional,Right,9248.00553924585,3.3621164384479,0.606403525726459
1,Conventional,Right,10316.6651754859,3.14372659708692,0.635364394956004
1,Conventional,Right,11505.8326609511,3.0627459155847,0.452401004488988
1,Conventional,Right,12829.0971134787,3.13820946202676,0.597789424938979
1,Conventional,Right,14301.580033442,3.34008951887974,0.733515663250802
1,Conventional,Right,15940.1081035055,3.52493417683096,0.711207560212626
1,Conventional,Right,17763.4054742165,3.61341484590603,0.663549094375987
1,Conventional,Right,19792.3077327617,3.58762750898454,0.664578568323423
1,MCA,Left,49.9999999999997,0.0297525230369317,0.00728797417106341
1,MCA,Left,81.4427085053407,0.0374188391562611,0.00783763453776634
1,MCA,Left,116.431067138464,0.0455592615365988,0.00877893366106457
1,MCA,Left,155.364902613614,0.0481090327879326,0.00978257148229417
1,MCA,Left,198.689128271089,0.0561513372862501,0.0113795853423939
1,MCA,Left,246.898828289411,0.081783593726861,0.0154378724431028
1,MCA,Left,300.544915220817,0.132001406733322,0.0203107965749713
1,MCA,Left,360.240425501075,0.179009087653197,0.0238065452755567
1,MCA,Left,426.667524875106,0.247658951485019,0.0351679825966376
1,MCA,Left,500.585303792335,0.453865599437936,0.0670839777121327
1,MCA,Left,582.838451853057,0.801899319742662,0.0862207403240763
1,MCA,Left,674.366910432351,1.06867252045617,0.0796271396476715
1,MCA,Left,776.216613786162,1.20290746399907,0.0805233985350125
1,MCA,Left,889.551441382679,1.29573573957953,0.0847796244727452
1,MCA,Left,1015.66651804335,1.34741484817873,0.0902167810372462
1,MCA,Left,1156.00301387982,1.37789661681612,0.0971798656127651
1,MCA,Left,1312.16461315198,1.40062647035109,0.111382229817552
1,MCA,Left,1485.93584024358,1.43907881923742,0.130711013074761
1,MCA,Left,1679.30245217416,1.48413038491207,0.146691741766254
1,MCA,Left,1894.47413068111,1.52053121157966,0.165755136063561
1,MCA,Left,2133.90973318379,1.55842628417281,0.19926405413372
1,MCA,Left,2400.34539118311,1.61774755617077,0.237688867343585
1,MCA,Left,2696.82577718896,1.68893543107299,0.255674510335193
1,MCA,Left,3026.73889747556,1.74297866055365,0.246556701509545
1,MCA,Left,3393.85480825658,1.80181431188511,0.228702533344854
1,MCA,Left,3802.36869770572,1.91848028060526,0.237985601615054
1,MCA,Left,4256.94882613932,2.05572881397537,0.323100659889815
1,MCA,Left,4762.78987219375,2.23260413973208,0.432187951958702
1,MCA,Left,5325.67229460656,2.31989047248321,0.434893737074372
1,MCA,Left,5952.02838795379,2.26505388959236,0.404119841583575
1,MCA,Left,6649.01578718983,2.27453521426454,0.457197313063233
1,MCA,Left,7424.59926095756,2.45578901110453,0.498791772108191
1,MCA,Left,8287.64172835503,2.90462364197379,0.532544562683164
1,MCA,Left,9248.00553924585,3.02688348059387,0.56285236674095
1,MCA,Left,10316.6651754859,2.89323028053538,0.484546240110645
1,MCA,Left,11505.8326609511,3.0026462396408,0.49469045098305
1,MCA,Left,12829.0971134787,3.18319105187096,0.442092243497667
1,MCA,Left,14301.580033442,3.27983725401639,0.407574207064934
1,MCA,Left,15940.1081035055,3.50474564597458,0.377293255722504
1,MCA,Left,17763.4054742165,3.64085783106904,0.435388429038823
1,MCA,Left,19792.3077327617,3.50658811962537,0.454733182252728
1,MCA,Right,49.9999999999997,0.0313365760808117,0.0077790620159467
1,MCA,Right,81.4427085053407,0.0393547247455469,0.00837029705045561
1,MCA,Right,116.431067138464,0.0480775726547158,0.00976749589086087
1,MCA,Right,155.364902613614,0.0510866485784229,0.0113255255442777
1,MCA,Right,198.689128271089,0.0593431427551125,0.0127671734572106
1,MCA,Right,246.898828289411,0.0848387805045078,0.0166341285957355
1,MCA,Right,300.544915220817,0.134839057665986,0.0217867000762058
1,MCA,Right,360.240425501075,0.181585746252207,0.025569415380616
1,MCA,Right,426.667524875106,0.249528510784104,0.0359454937788795
1,MCA,Right,500.585303792335,0.455152320425063,0.0667518327505529
1,MCA,Right,582.838451853057,0.804922486008351,0.0853251589606075
1,MCA,Right,674.366910432351,1.07353341408848,0.0789857778581171
1,MCA,Right,776.216613786162,1.20876242087617,0.0803710805885691
1,MCA,Right,889.551441382679,1.30261990264163,0.0850701290657921
1,MCA,Right,1015.66651804335,1.35423236237453,0.0912672924481342
1,MCA,Right,1156.00301387982,1.38152702154063,0.100430817401208
1,MCA,Right,1312.16461315198,1.39759307312713,0.115277568089776
1,MCA,Right,1485.93584024358,1.42252168247327,0.13477203287284
1,MCA,Right,1679.30245217416,1.45067477313652,0.151649343071329
1,MCA,Right,1894.47413068111,1.4799645132831,0.168924587083947
1,MCA,Right,2133.90973318379,1.52617914546518,0.192765460683009
1,MCA,Right,2400.34539118311,1.59013109137512,0.215073360312947
1,MCA,Right,2696.82577718896,1.6428611381923,0.217318179869902
1,MCA,Right,3026.73889747556,1.67567341708757,0.204950985761329
1,MCA,Right,3393.85480825658,1.74045662588368,0.192732798965981
1,MCA,Right,3802.36869770572,1.86516163445153,0.173312544768294
1,MCA,Right,4256.94882613932,2.00889773995923,0.237454470178127
1,MCA,Right,4762.78987219375,2.1754805732066,0.370361462171444
1,MCA,Right,5325.67229460656,2.25191302294429,0.414094129449288
1,MCA,Right,5952.02838795379,2.20027528691571,0.364113763890317
1,MCA,Right,6649.01578718983,2.16901364671029,0.369651129616584
1,MCA,Right,7424.59926095756,2.3277127711292,0.421808396913492
1,MCA,Right,8287.64172835503,2.75810289470348,0.484383996615189
1,MCA,Right,9248.00553924585,2.9427486150046,0.484647063398222
1,MCA,Right,10316.6651754859,2.80026021982461,0.570035905431973
1,MCA,Right,11505.8326609511,2.9294099582742,0.462964937445215
1,MCA,Right,12829.0971134787,3.08051760462888,0.455515063967252
1,MCA,Right,14301.580033442,3.22061934518149,0.397777397252575
1,MCA,Right,15940.1081035055,3.39471803628086,0.46150068907327
1,MCA,Right,17763.4054742165,3.53830856710412,0.501082121858273
1,MCA,Right,19792.3077327617,3.46433560676889,0.577272324364067
2,SH,Left,49.9999999999997,0.00128918916631421,0.000186033652148699
2,SH,Left,81.4427085053407,0.00132038920730148,0.000224734602078435
2,SH,Left,116.431067138464,0.00255291128732738,0.00048475323111933
2,SH,Left,155.364902613614,0.00456709069173395,0.000944742596819852
2,SH,Left,198.689128271089,0.00756903151524251,0.00161550361034151
2,SH,Left,246.898828289411,0.0135922733438327,0.00236099498964998
2,SH,Left,300.544915220817,0.0174556062396267,0.0035802720689728
2,SH,Left,360.240425501075,0.0268950740907569,0.00532522784461438
2,SH,Left,426.667524875106,0.0454430217910501,0.00881470380761995
2,SH,Left,500.585303792335,0.0790755093164721,0.0151111207375718
2,SH,Left,582.838451853057,0.136043392661805,0.0250368617547414
2,SH,Left,674.366910432351,0.227690662382678,0.0395989260550169
2,SH,Left,776.216613786162,0.371086676763643,0.060133792913994
2,SH,Left,889.551441382679,0.58449696589695,0.0877237252016007
2,SH,Left,1015.66651804335,0.901071726364554,0.124873991220506
2,SH,Left,1156.00301387982,1.35879267257531,0.172507260486982
2,SH,Left,1312.16461315198,1.97379272430446,0.222439001108252
2,SH,Left,1485.93584024358,2.68431531209924,0.253775855373113
2,SH,Left,1679.30245217416,3.35566078503566,0.261234152905363
2,SH,Left,1894.47413068111,3.95827488008014,0.298397798823019
2,SH,Left,2133.90973318379,4.58320609798645,0.36758518369001
2,SH,Left,2400.34539118311,5.32880547054062,0.425885226376512
2,SH,Left,2696.82577718896,6.05381497353132,0.39687450317765
2,SH,Left,3026.73889747556,6.62205408078846,0.404690783587251
2,SH,Left,3393.85480825658,7.37860839320629,0.496212412572865
2,SH,Left,3802.36869770572,7.87439701270101,0.42740913728563
2,SH,Left,4256.94882613932,7.10041964365027,0.747830155248431
2,SH,Left,4762.78987219375,5.5281473847068,0.855808607525614
2,SH,Left,5325.67229460656,4.60383377103968,0.586199917445245
2,SH,Left,5952.02838795379,4.37677771833755,0.584758009637166
2,SH,Left,6649.01578718983,4.17758023520688,0.569109298661894
2,SH,Left,7424.59926095756,4.04693177667895,0.557477901333089
2,SH,Left,8287.64172835503,4.07265089590757,0.523673558781779
2,SH,Left,9248.00553924585,4.0787167237547,0.563296230728172
2,SH,Left,10316.6651754859,4.07816309777034,0.515535995021237
2,SH,Left,11505.8326609511,4.23956930101274,0.446683377988
2,SH,Left,12829.0971134787,4.34051656302037,0.484766202294192
2,SH,Left,14301.580033442,4.6709525644371,0.511606138334858
2,SH,Left,15940.1081035055,5.35593900523389,0.524143472894366
2,SH,Left,17763.4054742165,5.65658899066943,0.567655581358446
2,SH,Left,19792.3077327617,5.30587776305444,0.643315737861075
2,SH,Right,49.9999999999997,0.00135561819444351,0.000195616964880764
2,SH,Right,81.4427085053407,0.00156536884359842,0.00032454901074914
2,SH,Right,116.431067138464,0.00311294040879025,0.000699231846480881
2,SH,Right,155.364902613614,0.00559307037859323,0.0013429750202883
2,SH,Right,198.689128271089,0.00923142500188059,0.00227847953222927
2,SH,Right,246.898828289411,0.0159683985183232,0.00331818220054141
2,SH,Right,300.544915220817,0.0213168574188844,0.00496017453531713
2,SH,Right,360.240425501075,0.0328931067678968,0.00746699859254838
2,SH,Right,426.667524875106,0.0552888196538567,0.012210060577036
2,SH,Right,500.585303792335,0.0954597486873782,0.0206117766040339
2,SH,Right,582.838451853057,0.162654267766876,0.0337686196455068
2,SH,Right,674.366910432351,0.269163050398957,0.0527495826132256
2,SH,Right,776.216613786162,0.432756450131206,0.0787022561058152
2,SH,Right,889.551441382679,0.671454723498963,0.112691613116922
2,SH,Right,1015.66651804335,1.01693823112072,0.157075296262976
2,SH,Right,1156.00301387982,1.50562910856085,0.21313680832739
2,SH,Right,1312.16461315198,2.15223126811145,0.273280327274392
2,SH,Right,1485.93584024358,2.89337226218837,0.317275731474845
2,SH,Right,1679.30245217416,3.60281773230026,0.343057800497013
2,SH,Right,1894.47413068111,4.25931533668361,0.378035267423724
2,SH,Right,2133.90973318379,4.9428835883435,0.430420137177212
2,SH,Right,2400.34539118311,5.71415532285012,0.484391096439655
2,SH,Right,2696.82577718896,6.40311557384865,0.466283006356405
2,SH,Right,3026.73889747556,6.98665905650008,0.514452703783738
2,SH,Right,3393.85480825658,7.61184346839445,0.506604806614924
2,SH,Right,3802.36869770572,7.51243055128387,0.644445601487231
2,SH,Right,4256.94882613932,6.24795455404793,1.05320948745834
2,SH,Right,4762.78987219375,4.83362667599828,0.881018903033876
2,SH,Right,5325.67229460656,4.1993144180736,0.521433528507138
2,SH,Right,5952.02838795379,3.98745224565702,0.492766712007098
2,SH,Right,6649.01578718983,3.80925642169835,0.494220190100648
2,SH,Right,7424.59926095756,3.79768119531641,0.465782071807221
2,SH,Right,8287.64172835503,4.0412840911458,0.494277524089371
2,SH,Right,9248.00553924585,4.22625002763977,0.645193686770432
2,SH,Right,10316.6651754859,4.25532652263402,0.581651743932606
2,SH,Right,11505.8326609511,4.31673770361493,0.39904797044211
2,SH,Right,12829.0971134787,4.42984030458112,0.466380798370672
2,SH,Right,14301.580033442,4.91194827799043,0.605948205678296
2,SH,Right,15940.1081035055,5.39367509755535,0.607798737547724
2,SH,Right,17763.4054742165,5.3457464061261,0.586118431310142
2,SH,Right,19792.3077327617,4.93137484211326,0.589328909828075
2,Conventional,Left,49.9999999999997,0.0103775445102007,0.00312334720456805
2,Conventional,Left,81.4427085053407,0.0101045372298113,0.00316183902595602
2,Conventional,Left,116.431067138464,0.00863510603218671,0.00271687257166807
2,Conventional,Left,155.364902613614,0.00524315240257811,0.00138342445453046
2,Conventional,Left,198.689128271089,0.00504136972207388,0.000972515700132244
2,Conventional,Left,246.898828289411,0.00744420344083883,0.00118324451565546
2,Conventional,Left,300.544915220817,0.013663796794624,0.00288039202027299
2,Conventional,Left,360.240425501075,0.0294380353782628,0.00675758821461568
2,Conventional,Left,426.667524875106,0.0580653029541835,0.0120404355420834
2,Conventional,Left,500.585303792335,0.101322993283976,0.0180090838162712
2,Conventional,Left,582.838451853057,0.159310386192496,0.0238379645623797
2,Conventional,Left,674.366910432351,0.227922719791359,0.0296719078516398
2,Conventional,Left,776.216613786162,0.302812291864852,0.036764880873097
2,Conventional,Left,889.551441382679,0.378223770025604,0.0434435214845712
2,Conventional,Left,1015.66651804335,0.447077921861808,0.0480015375021749
2,Conventional,Left,1156.00301387982,0.520444246223539,0.0504407839854907
2,Conventional,Left,1312.16461315198,0.602740977272501,0.0570470539376727
2,Conventional,Left,1485.93584024358,0.690021433184726,0.0737357759132683
2,Conventional,Left,1679.30245217416,0.785270355720695,0.0823326835209965
2,Conventional,Left,1894.47413068111,0.896070431290918,0.0905523129667781
2,Conventional,Left,2133.90973318379,1.02028552594265,0.106757036098364
2,Conventional,Left,2400.34539118311,1.10840827875038,0.127957559461271
2,Conventional,Left,2696.82577718896,1.18373210963246,0.143288819936869
2,Conventional,Left,3026.73889747556,1.30439671440722,0.164272636720647
2,Conventional,Left,3393.85480825658,1.49512384629137,0.182813207813657
2,Conventional,Left,3802.36869770572,1.68476837754742,0.177661416649148
2,Conventional,Left,4256.94882613932,1.75447093461354,0.174076733135006
2,Conventional,Left,4762.78987219375,1.75811009848635,0.188648773872405
2,Conventional,Left,5325.67229460656,1.78267705091895,0.225239247408657
2,Conventional,Left,5952.02838795379,1.88282460642232,0.289246485022613
2,Conventional,Left,6649.01578718983,2.00740381142625,0.370990192887642
2,Conventional,Left,7424.59926095756,2.29146091440494,0.495080846039711
2,Conventional,Left,8287.64172835503,2.76950574354571,0.587796230945155
2,Conventional,Left,9248.00553924585,2.98431815668144,0.512362999313598
2,Conventional,Left,10316.6651754859,2.83514244297106,0.483502859066292
2,Conventional,Left,11505.8326609511,2.96911205547085,0.530832544225145
2,Conventional,Left,12829.0971134787,3.29380912940364,0.550648286400273
2,Conventional,Left,14301.580033442,3.48450923304353,0.544455082493236
2,Conventional,Left,15940.1081035055,3.63629119908261,0.623127103279565
2,Conventional,Left,17763.4054742165,3.72310060228713,0.709246821548479
2,Conventional,Left,19792.3077327617,3.7431748292545,0.676507980779116
2,Conventional,Right,49.9999999999997,0.0113907962786708,0.00367187336664413
2,Conventional,Right,81.4427085053407,0.0111176066214152,0.00369990605922882
2,Conventional,Right,116.431067138464,0.00949482660164564,0.00317189772228638
2,Conventional,Right,155.364902613614,0.00589724650555236,0.00176955233705627
2,Conventional,Right,198.689128271089,0.00539775719723748,0.00114699097343921
2,Conventional,Right,246.898828289411,0.00757079118811285,0.00110452425791685
2,Conventional,Right,300.544915220817,0.0133154956942886,0.00224080556000227
2,Conventional,Right,360.240425501075,0.0282418143489875,0.00603953777896935
2,Conventional,Right,426.667524875106,0.0557165701398869,0.0114843597798372
2,Conventional,Right,500.585303792335,0.0973244201743563,0.0178975966537824
2,Conventional,Right,582.838451853057,0.153127796188065,0.0240175965838397
2,Conventional,Right,674.366910432351,0.218666878895591,0.0294177551642316
2,Conventional,Right,776.216613786162,0.289690551142353,0.0348262683388858
2,Conventional,Right,889.551441382679,0.362778160288604,0.0408512795428922
2,Conventional,Right,1015.66651804335,0.436289033770817,0.0479989552621288
2,Conventional,Right,1156.00301387982,0.517542196117178,0.0516579122827642
2,Conventional,Right,1312.16461315198,0.60117132491804,0.0595323754699238
2,Conventional,Right,1485.93584024358,0.686346238228236,0.0798852720050526
2,Conventional,Right,1679.30245217416,0.777299559636162,0.0887332955300959
2,Conventional,Right,1894.47413068111,0.876990165543596,0.0924822472306195
2,Conventional,Right,2133.90973318379,0.991255502163333,0.0982074676996395
2,Conventional,Right,2400.34539118311,1.06864157636454,0.106086158803419
2,Conventional,Right,2696.82577718896,1.13258352917517,0.113188630151948
2,Conventional,Right,3026.73889747556,1.22659414088516,0.12406091122274
2,Conventional,Right,3393.85480825658,1.39860220409607,0.142437880120998
2,Conventional,Right,3802.36869770572,1.60762364789009,0.148483426646228
2,Conventional,Right,4256.94882613932,1.71927590006549,0.157154399098844
2,Conventional,Right,4762.78987219375,1.75846319235157,0.174296078089252
2,Conventional,Right,5325.67229460656,1.79166636672598,0.20146245966164
2,Conventional,Right,5952.02838795379,1.8478905241833,0.211109440725454
2,Conventional,Right,6649.01578718983,1.94059604699871,0.253653138356343
2,Conventional,Right,7424.59926095756,2.26286039836758,0.427796168484257
2,Conventional,Right,8287.64172835503,2.81046737555204,0.568830565333815
2,Conventional,Right,9248.00553924585,3.03140422345172,0.494658695760688
2,Conventional,Right,10316.6651754859,2.83345550932876,0.468809522747754
2,Conventional,Right,11505.8326609511,2.79447259399794,0.465451218101239
2,Conventional,Right,12829.0971134787,2.92142988384485,0.523366447628824
2,Conventional,Right,14301.580033442,3.10398223225528,0.548652978501846
2,Conventional,Right,15940.1081035055,3.12636958098717,0.496101983636654
2,Conventional,Right,17763.4054742165,3.11991053900439,0.490488475712929
2,Conventional,Right,19792.3077327617,3.23031839012663,0.49824327467909
2,MCA,Left,49.9999999999997,0.0152607847689016,0.00538994350168554
2,MCA,Left,81.4427085053407,0.0149860188612717,0.0055514464511584
2,MCA,Left,116.431067138464,0.0129124554542017,0.00480827714289433
2,MCA,Left,155.364902613614,0.00776368137608189,0.00245027986667334
2,MCA,Left,198.689128271089,0.00666297903948744,0.00153591595190979
2,MCA,Left,246.898828289411,0.0078341408648821,0.00158857107408493
2,MCA,Left,300.544915220817,0.0151883638445991,0.00307859876286335
2,MCA,Left,360.240425501075,0.0311876070774517,0.00656853166163287
2,MCA,Left,426.667524875106,0.0594384640629162,0.0117445788238774
2,MCA,Left,500.585303792335,0.10246738753829,0.0178768839659774
2,MCA,Left,582.838451853057,0.159982076253772,0.0237951707366658
2,MCA,Left,674.366910432351,0.229188425684696,0.029737105787402
2,MCA,Left,776.216613786162,0.307360048241693,0.0365450594952858
2,MCA,Left,889.551441382679,0.395813020673909,0.0427413062202729
2,MCA,Left,1015.66651804335,0.5291527316369,0.0496387716619331
2,MCA,Left,1156.00301387982,0.723549521856256,0.050444932310073
2,MCA,Left,1312.16461315198,0.833381261706113,0.0381341160238748
2,MCA,Left,1485.93584024358,0.883807788381861,0.0502883104551897
2,MCA,Left,1679.30245217416,0.935762145393233,0.0610847140857991
2,MCA,Left,1894.47413068111,0.960081454497717,0.0618823384887997
2,MCA,Left,2133.90973318379,0.980063276989669,0.0665032000897965
2,MCA,Left,2400.34539118311,1.00684139122198,0.0830569768646584
2,MCA,Left,2696.82577718896,1.02672210207823,0.0932006801674082
2,MCA,Left,3026.73889747556,1.05337686073196,0.112435082507744
2,MCA,Left,3393.85480825658,1.13222533118319,0.134488999894285
2,MCA,Left,3802.36869770572,1.24327622871169,0.150624655130476
2,MCA,Left,4256.94882613932,1.32912029525616,0.17280773234656
2,MCA,Left,4762.78987219375,1.40384931911653,0.185134803950716
2,MCA,Left,5325.67229460656,1.40783756883753,0.180211961370975
2,MCA,Left,5952.02838795379,1.44258995066633,0.177275141742704
2,MCA,Left,6649.01578718983,1.54361055839398,0.218687215977338
2,MCA,Left,7424.59926095756,1.73283662924671,0.278917890004499
2,MCA,Left,8287.64172835503,2.07730637272023,0.351668243645086
2,MCA,Left,9248.00553924585,2.22837951388639,0.372652140183552
2,MCA,Left,10316.6651754859,2.13235279554496,0.306995005244028
2,MCA,Left,11505.8326609511,2.1884644986693,0.312742389272407
2,MCA,Left,12829.0971134787,2.34489559787868,0.322157600053687
2,MCA,Left,14301.580033442,2.41606743589118,0.313751196860944
2,MCA,Left,15940.1081035055,2.50323582466449,0.285564866389345
2,MCA,Left,17763.4054742165,2.52794913118503,0.288224160578214
2,MCA,Left,19792.3077327617,2.51926332842762,0.34288261721224
2,MCA,Right,49.9999999999997,0.0146590330359796,0.0053759126994871
2,MCA,Right,81.4427085053407,0.014406640349801,0.00537839280596109
2,MCA,Right,116.431067138464,0.0123989173293577,0.00459055725499339
2,MCA,Right,155.364902613614,0.00768832610435842,0.00255189031249562
2,MCA,Right,198.689128271089,0.00650220463995408,0.00140764738813292
2,MCA,Right,246.898828289411,0.0075745312010374,0.00140584298910974
2,MCA,Right,300.544915220817,0.0141839390636211,0.0025433973882167
2,MCA,Right,360.240425501075,0.0293342620223175,0.00592133418308314
2,MCA,Right,426.667524875106,0.0565543066447935,0.0112188725928099
2,MCA,Right,500.585303792335,0.098229309492267,0.0178018456775918
2,MCA,Right,582.838451853057,0.153752530822411,0.0239552169246884
2,MCA,Right,674.366910432351,0.220002633046452,0.0294662149695396
2,MCA,Right,776.216613786162,0.294549509539669,0.0346032370758837
2,MCA,Right,889.551441382679,0.380302137749796,0.0399420934743432
2,MCA,Right,1015.66651804335,0.518358160299721,0.0510955685859419
2,MCA,Right,1156.00301387982,0.724751287415477,0.0534046843411855
2,MCA,Right,1312.16461315198,0.838145074810324,0.0461326172029161
2,MCA,Right,1485.93584024358,0.886921096315317,0.0578527783419186
2,MCA,Right,1679.30245217416,0.936124721528792,0.0674433301195685
2,MCA,Right,1894.47413068111,0.953105585613229,0.0705162125138657
2,MCA,Right,2133.90973318379,0.961081384795127,0.0739327049670102
2,MCA,Right,2400.34539118311,0.978348744416364,0.0823552800612533
2,MCA,Right,2696.82577718896,0.995467247778705,0.0857019956818677
2,MCA,Right,3026.73889747556,1.02407497509983,0.101896869437112
2,MCA,Right,3393.85480825658,1.09722411683442,0.123015273915964
2,MCA,Right,3802.36869770572,1.19329244071282,0.123620742208191
2,MCA,Right,4256.94882613932,1.27541806050522,0.138005523645717
2,MCA,Right,4762.78987219375,1.36815329875233,0.162515118928931
2,MCA,Right,5325.67229460656,1.40239921637251,0.169640263427283
2,MCA,Right,5952.02838795379,1.44475016394212,0.161144515603687
2,MCA,Right,6649.01578718983,1.53613459701481,0.20939932815564
2,MCA,Right,7424.59926095756,1.74489314524544,0.283417502692924
2,MCA,Right,8287.64172835503,2.11077871471567,0.367507321160336
2,MCA,Right,9248.00553924585,2.22791042125312,0.36813966301376
2,MCA,Right,10316.6651754859,2.11546141752644,0.373504225577666
2,MCA,Right,11505.8326609511,2.12253880915087,0.302179082351467
2,MCA,Right,12829.0971134787,2.21539056693056,0.347468176988441
2,MCA,Right,14301.580033442,2.31320712939895,0.347333623747216
2,MCA,Right,15940.1081035055,2.39135316278022,0.315667733431408
2,MCA,Right,17763.4054742165,2.43476011294439,0.290722324658428
2,MCA,Right,19792.3077327617,2.43439629012231,0.297114846821185
3,SH,Left,49.9999999999997,0.000853061414286935,0.000148277254582018
3,SH,Left,81.4427085053407,0.000496133313313956,0.000100895169986597
3,SH,Left,116.431067138464,0.000471231383378837,8.94384141687562e-05
3,SH,Left,155.364902613614,0.000189649724980931,5.15807030777742e-05
3,SH,Left,198.689128271089,0.00019591068220176,8.41153323536018e-05
3,SH,Left,246.898828289411,0.00470568924018926,0.000691554201695473
3,SH,Left,300.544915220817,0.00153726811310702,0.000249493588094832
3,SH,Left,360.240425501075,0.00191043256999313,0.000502667397440089
3,SH,Left,426.667524875106,0.00384564387644779,0.000933391812096676
3,SH,Left,500.585303792335,0.00706623155792523,0.00160046628560408
3,SH,Left,582.838451853057,0.0123588099480722,0.00259782219870937
3,SH,Left,674.366910432351,0.0226064668337072,0.00458470518630385
3,SH,Left,776.216613786162,0.0441878957696124,0.00861379577865421
3,SH,Left,889.551441382679,0.0857634599330392,0.0159842729312286
3,SH,Left,1015.66651804335,0.162082870864507,0.0285476001500394
3,SH,Left,1156.00301387982,0.292442720623027,0.0487425795907335
3,SH,Left,1312.16461315198,0.505586413593015,0.0820576320479805
3,SH,Left,1485.93584024358,0.864672473394637,0.145580690288146
3,SH,Left,1679.30245217416,1.43535157977056,0.227570286330689
3,SH,Left,1894.47413068111,2.16946696968497,0.299905616632432
3,SH,Left,2133.90973318379,2.94338833680843,0.340503948040466
3,SH,Left,2400.34539118311,3.61796094003201,0.305981728216551
3,SH,Left,2696.82577718896,4.09900703845024,0.248037010606271
3,SH,Left,3026.73889747556,4.61424271936018,0.237210065946203
3,SH,Left,3393.85480825658,5.02148779368049,0.180502854562796
3,SH,Left,3802.36869770572,4.85611079337909,0.333243172304761
3,SH,Left,4256.94882613932,4.30244341423402,0.412951022221028
3,SH,Left,4762.78987219375,3.72738040372903,0.387638880729059
3,SH,Left,5325.67229460656,3.41320682535709,0.352134088999979
3,SH,Left,5952.02838795379,3.35203395623008,0.318943129757415
3,SH,Left,6649.01578718983,3.38768779376482,0.284239779459938
3,SH,Left,7424.59926095756,3.66828085889318,0.411944082308448
3,SH,Left,8287.64172835503,4.12111081844483,0.473990427738643
3,SH,Left,9248.00553924585,4.192518435052,0.461108280999428
3,SH,Left,10316.6651754859,4.01309670840971,0.382250613005796
3,SH,Left,11505.8326609511,4.05307466302479,0.386979973488064
3,SH,Left,12829.0971134787,4.21859361516949,0.462314244176676
3,SH,Left,14301.580033442,4.63523194818009,0.550618427175906
3,SH,Left,15940.1081035055,5.17034615874823,0.615452350042523
3,SH,Left,17763.4054742165,5.4881873650993,0.460956413750723
3,SH,Left,19792.3077327617,5.25693563016771,0.516971958152787
3,SH,Right,49.9999999999997,0.000828992347695011,0.000138261216561663
3,SH,Right,81.4427085053407,0.000465732736799305,0.000102896674025349
3,SH,Right,116.431067138464,0.000460228125213163,7.58668995451645e-05
3,SH,Right,155.364902613614,0.000205144110245627,7.59479225579185e-05
3,SH,Right,198.689128271089,0.000241943523171938,0.000128937436756751
3,SH,Right,246.898828289411,0.0047760088870835,0.000661665059258687
3,SH,Right,300.544915220817,0.00180126475337878,0.000375656389660636
3,SH,Right,360.240425501075,0.00251029639884697,0.000757560987513855
3,SH,Right,426.667524875106,0.00497333358306052,0.00139119119431155
3,SH,Right,500.585303792335,0.00903129769779186,0.0023773769228875
3,SH,Right,582.838451853057,0.0155911210230054,0.00383093189244485
3,SH,Right,674.366910432351,0.028039329877861,0.00676499631310284
3,SH,Right,776.216613786162,0.0533931807510238,0.0123902202059523
3,SH,Right,889.551441382679,0.101016083755939,0.0223892619492838
3,SH,Right,1015.66651804335,0.187243666694677,0.0392684189367004
3,SH,Right,1156.00301387982,0.333892715617379,0.0668280830754405
3,SH,Right,1312.16461315198,0.578563059550612,0.117863042935206
3,SH,Right,1485.93584024358,0.994491919240062,0.204575098635469
3,SH,Right,1679.30245217416,1.63381479204035,0.306387547657273
3,SH,Right,1894.47413068111,2.44234489565525,0.392160070881833
3,SH,Right,2133.90973318379,3.25672107390922,0.404382694829899
3,SH,Right,2400.34539118311,3.88703490733246,0.315482257094175
3,SH,Right,2696.82577718896,4.32638478591624,0.26373679340934
3,SH,Right,3026.73889747556,4.74975737388998,0.204819221230879
3,SH,Right,3393.85480825658,4.89165099491997,0.221008797522065
3,SH,Right,3802.36869770572,4.535637479081,0.43502256617519
3,SH,Right,4256.94882613932,3.94239505628497,0.503173130493751
3,SH,Right,4762.78987219375,3.42358599598312,0.401532656764005
3,SH,Right,5325.67229460656,3.26782130742236,0.26674016672916
3,SH,Right,5952.02838795379,3.32532004654707,0.274956430968453
3,SH,Right,6649.01578718983,3.44987312370911,0.328697566793419
3,SH,Right,7424.59926095756,3.86658596521729,0.44163352900288
3,SH,Right,8287.64172835503,4.25798153007754,0.46689852160823
3,SH,Right,9248.00553924585,4.24948649429295,0.492725699283031
3,SH,Right,10316.6651754859,4.06811359936075,0.368038582878058
3,SH,Right,11505.8326609511,4.03606557732848,0.356359217277821
3,SH,Right,12829.0971134787,4.23224828724731,0.432167517936182
3,SH,Right,14301.580033442,4.70704988249288,0.571248135714439
3,SH,Right,15940.1081035055,5.19610702011469,0.581484915786814
3,SH,Right,17763.4054742165,5.35732899081206,0.481187694871461
3,SH,Right,19792.3077327617,5.06558185004755,0.560962178873129
3,Conventional,Left,49.9999999999997,0.0107156357455934,0.00313688551803835
3,Conventional,Left,81.4427085053407,0.0106663070583511,0.00314395105820845
3,Conventional,Left,116.431067138464,0.00913965339681934,0.00268511800201867
3,Conventional,Left,155.364902613614,0.00485811161886545,0.00138383753106549
3,Conventional,Left,198.689128271089,0.00374791047097287,0.0010325726194954
3,Conventional,Left,246.898828289411,0.00510998634031594,0.00113677630372631
3,Conventional,Left,300.544915220817,0.00781497492705498,0.00166126704917977
3,Conventional,Left,360.240425501075,0.0117444652870905,0.00215007523618318
3,Conventional,Left,426.667524875106,0.0161681385816542,0.00251905804866805
3,Conventional,Left,500.585303792335,0.0235251068165566,0.00385945514687119
3,Conventional,Left,582.838451853057,0.0461839207965178,0.009121820794053
3,Conventional,Left,674.366910432351,0.0909054709599866,0.0165771641347225
3,Conventional,Left,776.216613786162,0.15806746412559,0.0245918491665611
3,Conventional,Left,889.551441382679,0.250150275192174,0.0316912323049977
3,Conventional,Left,1015.66651804335,0.365634231766296,0.038829847005053
3,Conventional,Left,1156.00301387982,0.503326801015918,0.0507686541713869
3,Conventional,Left,1312.16461315198,0.645046903851794,0.0606414948045542
3,Conventional,Left,1485.93584024358,0.728089622711309,0.0629362243915179
3,Conventional,Left,1679.30245217416,0.743416487948578,0.0627395381005166
3,Conventional,Left,1894.47413068111,0.760739319384103,0.0699411765834371
3,Conventional,Left,2133.90973318379,0.832343757278497,0.0878633894198738
3,Conventional,Left,2400.34539118311,0.895939683339988,0.0878543229450416
3,Conventional,Left,2696.82577718896,0.946966558875634,0.0912913427050562
3,Conventional,Left,3026.73889747556,1.0726559982324,0.0992810236456427
3,Conventional,Left,3393.85480825658,1.18434104031999,0.10830932787255
3,Conventional,Left,3802.36869770572,1.2544476690845,0.118272047785403
3,Conventional,Left,4256.94882613932,1.35219308744993,0.133464217182632
3,Conventional,Left,4762.78987219375,1.48147592365535,0.15701609312775
3,Conventional,Left,5325.67229460656,1.58895254327908,0.171220553388065
3,Conventional,Left,5952.02838795379,1.67788258694813,0.179892584174941
3,Conventional,Left,6649.01578718983,1.77120625485499,0.211233676886704
3,Conventional,Left,7424.59926095756,1.91048945773914,0.256677163211899
3,Conventional,Left,8287.64172835503,2.20192956756489,0.375959800331796
3,Conventional,Left,9248.00553924585,2.387310847953,0.398244357468451
3,Conventional,Left,10316.6651754859,2.31515609488587,0.316841842805745
3,Conventional,Left,11505.8326609511,2.41046919322026,0.411075338005744
3,Conventional,Left,12829.0971134787,2.73112040550153,0.51572395637226
3,Conventional,Left,14301.580033442,2.98551123273205,0.506123182531625
3,Conventional,Left,15940.1081035055,3.14430521159528,0.489206488341192
3,Conventional,Left,17763.4054742165,3.21288644799586,0.55981032847526
3,Conventional,Left,19792.3077327617,3.26169662889932,0.50515708469358
3,Conventional,Right,49.9999999999997,0.0113511288215761,0.00319334412885737
3,Conventional,Right,81.4427085053407,0.0111781388416709,0.00312743082643127
3,Conventional,Right,116.431067138464,0.00951564744306763,0.00264440708917296
3,Conventional,Right,155.364902613614,0.00519618181630806,0.0014527540526625
3,Conventional,Right,198.689128271089,0.0040329549522885,0.00103964365489849
3,Conventional,Right,246.898828289411,0.00504975726797266,0.00108531946303464
3,Conventional,Right,300.544915220817,0.00801344797811191,0.00158511130562017
3,Conventional,Right,360.240425501075,0.0119382490788451,0.00204555561149507
3,Conventional,Right,426.667524875106,0.0163062553580279,0.00237936836369568
3,Conventional,Right,500.585303792335,0.0233600920586554,0.00356360425376281
3,Conventional,Right,582.838451853057,0.0449284208616466,0.00881849444683274
3,Conventional,Right,674.366910432351,0.0877386665044721,0.0158874311371998
3,Conventional,Right,776.216613786162,0.152139077538253,0.0234471760749452
3,Conventional,Right,889.551441382679,0.241360704771423,0.0308372395188206
3,Conventional,Right,1015.66651804335,0.35373465605195,0.0388901115758129
3,Conventional,Right,1156.00301387982,0.489935866294169,0.0511980671750847
3,Conventional,Right,1312.16461315198,0.625716680157635,0.0601229593332275
3,Conventional,Right,1485.93584024358,0.69893672850899,0.0592220283040815
3,Conventional,Right,1679.30245217416,0.715518571320456,0.0583557953873134
3,Conventional,Right,1894.47413068111,0.747466705507287,0.0714075522063339
3,Conventional,Right,2133.90973318379,0.830643311359604,0.0919058138026306
3,Conventional,Right,2400.34539118311,0.896366947466565,0.0883102687371732
3,Conventional,Right,2696.82577718896,0.940246058240138,0.0882790579283378
3,Conventional,Right,3026.73889747556,1.04675091101236,0.0950364466660318
3,Conventional,Right,3393.85480825658,1.13771721420003,0.104483444808698
3,Conventional,Right,3802.36869770572,1.19823813317117,0.113589121443497
3,Conventional,Right,4256.94882613932,1.2792664596713,0.119039325431703
3,Conventional,Right,4762.78987219375,1.37613939282327,0.134887838948462
3,Conventional,Right,5325.67229460656,1.48219509974448,0.145810942526694
3,Conventional,Right,5952.02838795379,1.60892823156378,0.159432644746031
3,Conventional,Right,6649.01578718983,1.72790372962151,0.176417309592838
3,Conventional,Right,7424.59926095756,1.89133913404801,0.24769190039925
3,Conventional,Right,8287.64172835503,2.17437066481964,0.34631208907593
3,Conventional,Right,9248.00553924585,2.34568647148575,0.327651980616169
3,Conventional,Right,10316.6651754859,2.21754262226397,0.319915682191157
3,Conventional,Right,11505.8326609511,2.16169908341334,0.339630578563928
3,Conventional,Right,12829.0971134787,2.34473437504773,0.400616241154408
3,Conventional,Right,14301.580033442,2.61913945326866,0.462289740205571
3,Conventional,Right,15940.1081035055,2.74418802582904,0.436344958014548
3,Conventional,Right,17763.4054742165,2.79132610870204,0.454458017067528
3,Conventional,Right,19792.3077327617,2.88402851405334,0.475544817849924
3,MCA,Left,49.9999999999997,0.0141155052767474,0.00432956793006713
3,MCA,Left,81.4427085053407,0.0141681364357913,0.00436479562127771
3,MCA,Left,116.431067138464,0.0123314736648165,0.00372759945136316
3,MCA,Left,155.364902613614,0.00667649631453912,0.00190581508838816
3,MCA,Left,198.689128271089,0.00495331686479078,0.00134627739873197
3,MCA,Left,246.898828289411,0.00578881389608497,0.00154038129739786
3,MCA,Left,300.544915220817,0.00939888875097336,0.00225716069647161
3,MCA,Left,360.240425501075,0.0139989281760486,0.00308172432695058
3,MCA,Left,426.667524875106,0.0189885779315805,0.00357491495134959
3,MCA,Left,500.585303792335,0.0251024744887041,0.00402557016855055
3,MCA,Left,582.838451853057,0.0465234474073532,0.00910072856358956
3,MCA,Left,674.366910432351,0.0910059143798392,0.0165678841704577
3,MCA,Left,776.216613786162,0.158896007858555,0.024722323933849
3,MCA,Left,889.551441382679,0.25092239540181,0.0317749716776734
3,MCA,Left,1015.66651804335,0.367346750099076,0.0389786711084031
3,MCA,Left,1156.00301387982,0.506171186807711,0.0506363914143273
3,MCA,Left,1312.16461315198,0.647464995319559,0.0590049895410469
3,MCA,Left,1485.93584024358,0.70625774419662,0.0567061056483382
3,MCA,Left,1679.30245217416,0.699089881307685,0.0430470464681258
3,MCA,Left,1894.47413068111,0.753829940402383,0.0526752813591158
3,MCA,Left,2133.90973318379,0.805000757196917,0.0707662935285858
3,MCA,Left,2400.34539118311,0.814274025765913,0.0701191491164718
3,MCA,Left,2696.82577718896,0.807201452627149,0.0703907123000438
3,MCA,Left,3026.73889747556,0.855758030753668,0.0780908722736272
3,MCA,Left,3393.85480825658,0.909911523687375,0.079140221226666
3,MCA,Left,3802.36869770572,0.933589885566678,0.0972792490379671
3,MCA,Left,4256.94882613932,0.989719518938216,0.135414745721543
3,MCA,Left,4762.78987219375,1.09207674565449,0.171579497925489
3,MCA,Left,5325.67229460656,1.15920962915048,0.161657348615967
3,MCA,Left,5952.02838795379,1.21117811852433,0.158111929098977
3,MCA,Left,6649.01578718983,1.29367337319332,0.186571843053054
3,MCA,Left,7424.59926095756,1.40585700198756,0.216156028251591
3,MCA,Left,8287.64172835503,1.62742578237331,0.274874692383542
3,MCA,Left,9248.00553924585,1.73566928028041,0.312016627658032
3,MCA,Left,10316.6651754859,1.62219680640684,0.271872736309246
3,MCA,Left,11505.8326609511,1.64960352101001,0.284657539098808
3,MCA,Left,12829.0971134787,1.81709850409402,0.260051428688932
3,MCA,Left,14301.580033442,1.91175631807656,0.227653200947092
3,MCA,Left,15940.1081035055,1.96446729789841,0.205332121476151
3,MCA,Left,17763.4054742165,1.98223655867667,0.222804430276863
3,MCA,Left,19792.3077327617,2.00912649164926,0.250393234049724
3,MCA,Right,49.9999999999997,0.0136897446709505,0.00419201309185534
3,MCA,Right,81.4427085053407,0.0135958063581089,0.00414022496812693
3,MCA,Right,116.431067138464,0.0117715222750791,0.00350362114086158
3,MCA,Right,155.364902613614,0.00652355431187979,0.00186350614410212
3,MCA,Right,198.689128271089,0.00491632599346904,0.00132782439232498
3,MCA,Right,246.898828289411,0.00552978546049316,0.00150650866154309
3,MCA,Right,300.544915220817,0.00903559100872227,0.00221578450903846
3,MCA,Right,360.240425501075,0.0133742108219411,0.0029466029956729
3,MCA,Right,426.667524875106,0.018235803886696,0.0033676189085368
3,MCA,Right,500.585303792335,0.0245450094515181,0.0036151200696777
3,MCA,Right,582.838451853057,0.0452400578609279,0.00878544580961742
3,MCA,Right,674.366910432351,0.0878220236529768,0.0158644468549165
3,MCA,Right,776.216613786162,0.152909072822659,0.0235332259061922
3,MCA,Right,889.551441382679,0.24216412146512,0.0308831608136161
3,MCA,Right,1015.66651804335,0.3555915123624,0.0390088962792638
3,MCA,Right,1156.00301387982,0.493217016582312,0.0511477813331391
3,MCA,Right,1312.16461315198,0.629811532119583,0.059199778017601
3,MCA,Right,1485.93584024358,0.684435054557696,0.0544228477662749
3,MCA,Right,1679.30245217416,0.683934667964627,0.0405871273489384
3,MCA,Right,1894.47413068111,0.738040970746947,0.0502902818168555
3,MCA,Right,2133.90973318379,0.785562718055483,0.0656247360551144
3,MCA,Right,2400.34539118311,0.790141244839441,0.0658142502904257
3,MCA,Right,2696.82577718896,0.782010367434623,0.0666182955806288
3,MCA,Right,3026.73889747556,0.835742781491275,0.0767733927329867
3,MCA,Right,3393.85480825658,0.885402609322792,0.0788812411586814
3,MCA,Right,3802.36869770572,0.898867592324607,0.0946061081360626
3,MCA,Right,4256.94882613932,0.947872330314677,0.122807958946597
3,MCA,Right,4762.78987219375,1.04346166743317,0.152967263081418
3,MCA,Right,5325.67229460656,1.1160426528252,0.155349902163951
3,MCA,Right,5952.02838795379,1.17709542389598,0.146826727769216
3,MCA,Right,6649.01578718983,1.25084901291607,0.160915225159735
3,MCA,Right,7424.59926095756,1.368183827143,0.190157776926819
3,MCA,Right,8287.64172835503,1.60613966431907,0.286696120277873
3,MCA,Right,9248.00553924585,1.74596166371421,0.299419512690986
3,MCA,Right,10316.6651754859,1.61986088441871,0.281159882265792
3,MCA,Right,11505.8326609511,1.61320170487489,0.26736913278692
3,MCA,Right,12829.0971134787,1.74579755235238,0.282065766088655
3,MCA,Right,14301.580033442,1.86015388297175,0.27396878771505
3,MCA,Right,15940.1081035055,1.91897657827981,0.22959410888289
3,MCA,Right,17763.4054742165,1.92230212410669,0.2012949415598
3,MCA,Right,19792.3077327617,1.95394037860792,0.249505343311132
4,SH,Left,49.9999999999997,0.000757557020882807,0.000133033389054259
4,SH,Left,81.4427085053407,0.000431320295976136,9.20599430740667e-05
4,SH,Left,116.431067138464,0.000407349051400488,7.8947145546189e-05
4,SH,Left,155.364902613614,0.000131976844598385,4.35536668798503e-05
4,SH,Left,198.689128271089,0.000125141913241584,3.10327358765999e-05
4,SH,Left,246.898828289411,0.00390337823188855,0.000614865931533288
4,SH,Left,300.544915220817,0.000897345046641014,0.000140063230015949
4,SH,Left,360.240425501075,0.00025416664313098,4.6919347538154e-05
4,SH,Left,426.667524875106,0.00045266206758338,9.06847014709817e-05
4,SH,Left,500.585303792335,0.000899834452472278,0.000166284212622185
4,SH,Left,582.838451853057,0.00172416607550915,0.000331371770456772
4,SH,Left,674.366910432351,0.0032952169249355,0.000673134119992743
4,SH,Left,776.216613786162,0.00642779064880411,0.00139370533225273
4,SH,Left,889.551441382679,0.0121915749104615,0.00276905274180125
4,SH,Left,1015.66651804335,0.0240307756748985,0.00567598791569811
4,SH,Left,1156.00301387982,0.0493843202305474,0.0121092477277757
4,SH,Left,1312.16461315198,0.104625387076495,0.0257663157553415
4,SH,Left,1485.93584024358,0.219677784876455,0.050549180924394
4,SH,Left,1679.30245217416,0.428195375650273,0.0860288315666006
4,SH,Left,1894.47413068111,0.758220402780086,0.129605646647695
4,SH,Left,2133.90973318379,1.21710038701273,0.17587237744715
4,SH,Left,2400.34539118311,1.76980765328172,0.220355175677668
4,SH,Left,2696.82577718896,2.39715254319738,0.267192178096783
4,SH,Left,3026.73889747556,3.06250461101576,0.287988153031513
4,SH,Left,3393.85480825658,3.66209175257532,0.256241990463543
4,SH,Left,3802.36869770572,4.07373005427999,0.171878270575122
4,SH,Left,4256.94882613932,4.15631910609754,0.140564218981053
4,SH,Left,4762.78987219375,3.96977892648358,0.194672796537137
4,SH,Left,5325.67229460656,3.78753413438701,0.208448235608917
4,SH,Left,5952.02838795379,3.6147491494667,0.262433690049947
4,SH,Left,6649.01578718983,3.2575719219816,0.316231407447203
4,SH,Left,7424.59926095756,3.05879774273018,0.300541747993622
4,SH,Left,8287.64172835503,3.23645592663451,0.393006372127438
4,SH,Left,9248.00553924585,3.3796166040014,0.422975484479755
4,SH,Left,10316.6651754859,3.35528485379246,0.361612248955917
4,SH,Left,11505.8326609511,3.60222138708838,0.332988506709146
4,SH,Left,12829.0971134787,4.04640722533403,0.342008558593143
4,SH,Left,14301.580033442,4.3675765443041,0.419490234110941
4,SH,Left,15940.1081035055,4.69519714272178,0.431962506127788
4,SH,Left,17763.4054742165,4.90422035296878,0.454827757949046
4,SH,Left,19792.3077327617,4.65213154679372,0.500850246167323
4,SH,Right,49.9999999999997,0.000758302311328007,0.000138820193405357
4,SH,Right,81.4427085053407,0.000417132902134742,0.000108372696042986
4,SH,Right,116.431067138464,0.000390807552091276,8.91152176419272e-05
4,SH,Right,155.364902613614,0.000127199661790352,5.67175259375486e-05
4,SH,Right,198.689128271089,0.000122696093875294,3.94669248952915e-05
4,SH,Right,246.898828289411,0.00395423526896615,0.000566611803331643
4,SH,Right,300.544915220817,0.000908815188906284,0.000126476865718454
4,SH,Right,360.240425501075,0.000298171812042555,6.84809969672995e-05
4,SH,Right,426.667524875106,0.000538766653935179,0.000129558304821428
4,SH,Right,500.585303792335,0.00104877232526634,0.000229310523065888
4,SH,Right,582.838451853057,0.00202597949206369,0.00047466046072604
4,SH,Right,674.366910432351,0.00392172051981293,0.000998173124589687
4,SH,Right,776.216613786162,0.00778329872165435,0.00210245225236693
4,SH,Right,889.551441382679,0.0150180148521857,0.00420684928164812
4,SH,Right,1015.66651804335,0.0300462345578277,0.00861773457184868
4,SH,Right,1156.00301387982,0.0624873226630508,0.0184597346543699
4,SH,Right,1312.16461315198,0.131849283335966,0.0383129175020118
4,SH,Right,1485.93584024358,0.269420932719227,0.0712084350145947
4,SH,Right,1679.30245217416,0.507546649110152,0.114976534095594
4,SH,Right,1894.47413068111,0.875542497323578,0.17106373345103
4,SH,Right,2133.90973318379,1.37830521121872,0.231632120716055
4,SH,Right,2400.34539118311,1.97300151913608,0.287661567598985
4,SH,Right,2696.82577718896,2.63386711028415,0.334940793842234
4,SH,Right,3026.73889747556,3.29791793502689,0.327720106449773
4,SH,Right,3393.85480825658,3.84788966250271,0.251782084189624
4,SH,Right,3802.36869770572,4.1458428692422,0.140568752193286
4,SH,Right,4256.94882613932,4.10992932481881,0.171891529852655
4,SH,Right,4762.78987219375,3.89591007902438,0.222429588105376
4,SH,Right,5325.67229460656,3.7399652643659,0.217848218986271
4,SH,Right,5952.02838795379,3.51897879681126,0.266429259319589
4,SH,Right,6649.01578718983,3.13271830660023,0.276315770077501
4,SH,Right,7424.59926095756,2.99286744658413,0.312735726617497
4,SH,Right,8287.64172835503,3.29602228386589,0.446154621027939
4,SH,Right,9248.00553924585,3.53597867946653,0.503321123657901
4,SH,Right,10316.6651754859,3.46751132873743,0.43191239028661
4,SH,Right,11505.8326609511,3.59807460943517,0.333150795125352
4,SH,Right,12829.0971134787,3.9110454433605,0.401822572062778
4,SH,Right,14301.580033442,4.23331013562732,0.439225144713005
4,SH,Right,15940.1081035055,4.58043986199352,0.450023322827161
4,SH,Right,17763.4054742165,4.72288883058591,0.423595088161023
4,SH,Right,19792.3077327617,4.42805783150869,0.483998325371946
4,Conventional,Left,49.9999999999997,0.0118117305956275,0.00314156334240897
4,Conventional,Left,81.4427085053407,0.011635422233129,0.00316975641812084
4,Conventional,Left,116.431067138464,0.00986640990668616,0.0027362345856204
4,Conventional,Left,155.364902613614,0.00524226060725929,0.00144126280423039
4,Conventional,Left,198.689128271089,0.00395728941742775,0.00106889650568466
4,Conventional,Left,246.898828289411,0.00488761906473917,0.00123784087411842
4,Conventional,Left,300.544915220817,0.00715834411799954,0.00181344927050171
4,Conventional,Left,360.240425501075,0.00991083884092684,0.00231658918209773
4,Conventional,Left,426.667524875106,0.0130950557817183,0.0025413778008919
4,Conventional,Left,500.585303792335,0.0165244079559483,0.00232676294871949
4,Conventional,Left,582.838451853057,0.0243001594783288,0.00341533805012302
4,Conventional,Left,674.366910432351,0.0398917453884056,0.00588902813963316
4,Conventional,Left,776.216613786162,0.0701850686372171,0.0109305203253199
4,Conventional,Left,889.551441382679,0.119893553005237,0.0179515648071914
4,Conventional,Left,1015.66651804335,0.186108309241329,0.0237689775356895
4,Conventional,Left,1156.00301387982,0.274379527997661,0.0325546100400113
4,Conventional,Left,1312.16461315198,0.399871392303047,0.0439542029310402
4,Conventional,Left,1485.93584024358,0.552570627044215,0.0568469129314419
4,Conventional,Left,1679.30245217416,0.707152938778744,0.0746870138422132
4,Conventional,Left,1894.47413068111,0.86114399271633,0.0799023337061238
4,Conventional,Left,2133.90973318379,0.967217188372328,0.0818467991224505
4,Conventional,Left,2400.34539118311,0.995298463977466,0.108689940176483
4,Conventional,Left,2696.82577718896,1.02079038432689,0.114418464788142
4,Conventional,Left,3026.73889747556,1.04717450533055,0.11148248155436
4,Conventional,Left,3393.85480825658,1.07389598215718,0.117699885495595
4,Conventional,Left,3802.36869770572,1.1125539573354,0.116606437558598
4,Conventional,Left,4256.94882613932,1.19439478606095,0.113701597569487
4,Conventional,Left,4762.78987219375,1.29985333052823,0.121773959058795
4,Conventional,Left,5325.67229460656,1.4011076826325,0.132671591211498
4,Conventional,Left,5952.02838795379,1.54805058513856,0.150600652711106
4,Conventional,Left,6649.01578718983,1.6554216599317,0.17045423973423
4,Conventional,Left,7424.59926095756,1.7066128462538,0.203097913070398
4,Conventional,Left,8287.64172835503,1.81951099182891,0.254196233318246
4,Conventional,Left,9248.00553924585,1.85613270379846,0.312988690686873
4,Conventional,Left,10316.6651754859,1.74734593289342,0.277649578967633
4,Conventional,Left,11505.8326609511,1.83467826518283,0.288690650867826
4,Conventional,Left,12829.0971134787,2.09674119177349,0.377828358706825
4,Conventional,Left,14301.580033442,2.31393341072829,0.413216725604875
4,Conventional,Left,15940.1081035055,2.46333754415327,0.397514605430437
4,Conventional,Left,17763.4054742165,2.54141912821082,0.447521388057036
4,Conventional,Left,19792.3077327617,2.59818837125163,0.421991285382811
4,Conventional,Right,49.9999999999997,0.012038945287527,0.00326870291499515
4,Conventional,Right,81.4427085053407,0.0118219063673039,0.00325617731964598
4,Conventional,Right,116.431067138464,0.00999400085218156,0.00278429615366166
4,Conventional,Right,155.364902613614,0.00539041736993486,0.00148368404170958
4,Conventional,Right,198.689128271089,0.00400368927642057,0.00103886699062081
4,Conventional,Right,246.898828289411,0.00480102095317429,0.00129359387734058
4,Conventional,Right,300.544915220817,0.00705566088481002,0.00186850421621006
4,Conventional,Right,360.240425501075,0.00986567468019348,0.00234857212002921
4,Conventional,Right,426.667524875106,0.0130108510079203,0.00249024817447725
4,Conventional,Right,500.585303792335,0.0162949953002515,0.00216372400737099
4,Conventional,Right,582.838451853057,0.0235436398199262,0.00317703633180737
4,Conventional,Right,674.366910432351,0.0381676256712397,0.0054401786444804
4,Conventional,Right,776.216613786162,0.0668262697905449,0.0101646638652508
4,Conventional,Right,889.551441382679,0.11392299005895,0.0167024863625802
4,Conventional,Right,1015.66651804335,0.18045278673687,0.0236529418063352
4,Conventional,Right,1156.00301387982,0.271284213987859,0.0331105976347871
4,Conventional,Right,1312.16461315198,0.395896975928795,0.0430949202177773
4,Conventional,Right,1485.93584024358,0.54340759783853,0.0548203104148365
4,Conventional,Right,1679.30245217416,0.690680410158063,0.0703219761110787
4,Conventional,Right,1894.47413068111,0.835351235617395,0.078194075245901
4,Conventional,Right,2133.90973318379,0.9239640358025,0.0838785821832943
4,Conventional,Right,2400.34539118311,0.946697114416126,0.10143732243076
4,Conventional,Right,2696.82577718896,1.01451820955593,0.111190152662615
4,Conventional,Right,3026.73889747556,1.08782653571018,0.122649951402459
4,Conventional,Right,3393.85480825658,1.13126787500698,0.127585057415016
4,Conventional,Right,3802.36869770572,1.15734829230115,0.118745580254524
4,Conventional,Right,4256.94882613932,1.20944401739139,0.12155186465671
4,Conventional,Right,4762.78987219375,1.30394484315799,0.137840496120475
4,Conventional,Right,5325.67229460656,1.41910667297796,0.144032099486603
4,Conventional,Right,5952.02838795379,1.57061403587707,0.163297008149007
4,Conventional,Right,6649.01578718983,1.64451812090321,0.163102393678941
4,Conventional,Right,7424.59926095756,1.65818392102719,0.188637927922595
4,Conventional,Right,8287.64172835503,1.77728618059653,0.234780169479165
4,Conventional,Right,9248.00553924585,1.77512968841772,0.242897695769597
4,Conventional,Right,10316.6651754859,1.61526542118257,0.270525587261077
4,Conventional,Right,11505.8326609511,1.62673320300246,0.271210386087626
4,Conventional,Right,12829.0971134787,1.8286085245435,0.31722774693039
4,Conventional,Right,14301.580033442,2.05126201749589,0.387345289676532
4,Conventional,Right,15940.1081035055,2.14221456346899,0.386486226808068
4,Conventional,Right,17763.4054742165,2.18538302222079,0.413185672592795
4,Conventional,Right,19792.3077327617,2.29393511844087,0.453505712032117
4,MCA,Left,49.9999999999997,0.0138419800405019,0.00400406455961137
4,MCA,Left,81.4427085053407,0.0137090399384212,0.00408016397403805
4,MCA,Left,116.431067138464,0.0116798532104961,0.00352962841500546
4,MCA,Left,155.364902613614,0.00620656179470343,0.00180613884198792
4,MCA,Left,198.689128271089,0.004591607666295,0.00129328049917853
4,MCA,Left,246.898828289411,0.00544942282499382,0.00155905245534863
4,MCA,Left,300.544915220817,0.00825392549205283,0.00226799736590768
4,MCA,Left,360.240425501075,0.0114752894249114,0.00304174075748538
4,MCA,Left,426.667524875106,0.0149392235323048,0.00344864271686396
4,MCA,Left,500.585303792335,0.0176533952767151,0.00273789237481687
4,MCA,Left,582.838451853057,0.0244979244483232,0.00342358846882522
4,MCA,Left,674.366910432351,0.0399998276992625,0.00590713335358076
4,MCA,Left,776.216613786162,0.070559863861527,0.0109592627181827
4,MCA,Left,889.551441382679,0.120076819632782,0.0179698907160871
4,MCA,Left,1015.66651804335,0.186321903880168,0.0238110323471663
4,MCA,Left,1156.00301387982,0.274838742656552,0.0326752158505395
4,MCA,Left,1312.16461315198,0.400750082838454,0.044120891731889
4,MCA,Left,1485.93584024358,0.554567332035559,0.0569166074648015
4,MCA,Left,1679.30245217416,0.711161627183893,0.0738558217902581
4,MCA,Left,1894.47413068111,0.8574243134172,0.0702209115339577
4,MCA,Left,2133.90973318379,0.911197249434528,0.0552287052249493
4,MCA,Left,2400.34539118311,0.869427352611946,0.0736467608390762
4,MCA,Left,2696.82577718896,0.839929488114199,0.0891872972186915
4,MCA,Left,3026.73889747556,0.858074529875403,0.0931077855995042
4,MCA,Left,3393.85480825658,0.868792398095494,0.08715906294433
4,MCA,Left,3802.36869770572,0.852899579717274,0.0849452339968718
4,MCA,Left,4256.94882613932,0.86957892430059,0.0850837866633126
4,MCA,Left,4762.78987219375,0.920081810982433,0.0887536169242666
4,MCA,Left,5325.67229460656,0.937658254202545,0.0954913740870299
4,MCA,Left,5952.02838795379,0.963795451345241,0.106090661987855
4,MCA,Left,6649.01578718983,1.05817048515913,0.144759543743149
4,MCA,Left,7424.59926095756,1.22068682351396,0.188807056556362
4,MCA,Left,8287.64172835503,1.45456351701092,0.245831765609345
4,MCA,Left,9248.00553924585,1.54766883654764,0.274463291390765
4,MCA,Left,10316.6651754859,1.42145588638868,0.262487718156762
4,MCA,Left,11505.8326609511,1.36246088151334,0.197516004219309
4,MCA,Left,12829.0971134787,1.44187735031154,0.20315225636687
4,MCA,Left,14301.580033442,1.53790663733619,0.215101325043644
4,MCA,Left,15940.1081035055,1.58134480578992,0.180574895314873
4,MCA,Left,17763.4054742165,1.5868575917662,0.18890316687225
4,MCA,Left,19792.3077327617,1.68784158090018,0.214165992633392
4,MCA,Right,49.9999999999997,0.0132121016157295,0.00375944960426154
4,MCA,Right,81.4427085053407,0.0130151494380737,0.0037525055946763
4,MCA,Right,116.431067138464,0.0110524950053454,0.00321345568392019
4,MCA,Right,155.364902613614,0.00599666787220431,0.0016881852536143
4,MCA,Right,198.689128271089,0.00438627678332829,0.00119606507952661
4,MCA,Right,246.898828289411,0.00499371892946981,0.00152622037611236
4,MCA,Right,300.544915220817,0.00760014553728846,0.00224225417861346
4,MCA,Right,360.240425501075,0.0106806173123123,0.00284198418452014
4,MCA,Right,426.667524875106,0.0140034529286334,0.00304688904750032
4,MCA,Right,500.585303792335,0.016968504279819,0.00243718902169929
4,MCA,Right,582.838451853057,0.0236967564567847,0.00318239320885999
4,MCA,Right,674.366910432351,0.0381967941803162,0.00543530229361708
4,MCA,Right,776.216613786162,0.0670616889620518,0.010111274939439
4,MCA,Right,889.551441382679,0.114074374496054,0.0166920178052189
4,MCA,Right,1015.66651804335,0.180705275228043,0.0236996269866791
4,MCA,Right,1156.00301387982,0.271883094371929,0.0332542578490401
4,MCA,Right,1312.16461315198,0.397137476238745,0.0433616968600215
4,MCA,Right,1485.93584024358,0.546298169880516,0.0551028979476647
4,MCA,Right,1679.30245217416,0.697381374202425,0.0701744250422056
4,MCA,Right,1894.47413068111,0.843184038420016,0.0703078663014615
4,MCA,Right,2133.90973318379,0.904825507199314,0.0517202689568352
4,MCA,Right,2400.34539118311,0.863609387480817,0.0644332887541745
4,MCA,Right,2696.82577718896,0.824250505321303,0.0866708972752137
4,MCA,Right,3026.73889747556,0.841725638126608,0.0989265615338272
4,MCA,Right,3393.85480825658,0.858495772883246,0.0954629317384039
4,MCA,Right,3802.36869770572,0.840797438261129,0.0897499429968361
4,MCA,Right,4256.94882613932,0.84771951836568,0.0909643607904844
4,MCA,Right,4762.78987219375,0.89960819821584,0.0946545050125461
4,MCA,Right,5325.67229460656,0.919153828146347,0.0948561276017922
4,MCA,Right,5952.02838795379,0.944090475177375,0.112491192999942
4,MCA,Right,6649.01578718983,1.03614674579713,0.14100564848823
4,MCA,Right,7424.59926095756,1.21282748712368,0.181395538178794
4,MCA,Right,8287.64172835503,1.47046917739852,0.237221838369941
4,MCA,Right,9248.00553924585,1.56733804193452,0.258097991356327
4,MCA,Right,10316.6651754859,1.42277136816479,0.268603611740293
4,MCA,Right,11505.8326609511,1.32435076133794,0.200408098686269
4,MCA,Right,12829.0971134787,1.38251952117602,0.220220195846152
4,MCA,Right,14301.580033442,1.52211076523143,0.227998508088972
4,MCA,Right,15940.1081035055,1.56002428669591,0.219308946140328
4,MCA,Right,17763.4054742165,1.55337433752275,0.196491165840224
4,MCA,Right,19792.3077327617,1.63522728298966,0.217781276101534
5,SH,Left,49.9999999999997,0.000653538755840487,0.000109769356621784
5,SH,Left,81.4427085053407,0.000346233546032139,6.3528557926645e-05
5,SH,Left,116.431067138464,0.000371398340979032,6.2457113307711e-05
5,SH,Left,155.364902613614,0.000115186113355341,4.01438206233463e-05
5,SH,Left,198.689128271089,7.5433270917199e-05,2.05367045537038e-05
5,SH,Left,246.898828289411,0.00364046604914915,0.000605938753061946
5,SH,Left,300.544915220817,0.000869119757423669,0.000143696472201065
5,SH,Left,360.240425501075,0.000196730056408597,5.45547634729486e-05
5,SH,Left,426.667524875106,0.000229098675040285,5.55814677196045e-05
5,SH,Left,500.585303792335,0.000248999566173469,4.68841750141662e-05
5,SH,Left,582.838451853057,0.000335561065579932,6.50032511662281e-05
5,SH,Left,674.366910432351,0.000803791147383484,0.000115914927141114
5,SH,Left,776.216613786162,0.00154886173398232,0.000245393465717971
5,SH,Left,889.551441382679,0.00233608039714331,0.00063664033782898
5,SH,Left,1015.66651804335,0.00491321939605423,0.00149386607857417
5,SH,Left,1156.00301387982,0.0102270744729155,0.00319251469673292
5,SH,Left,1312.16461315198,0.0212261566723703,0.00634844319260838
5,SH,Left,1485.93584024358,0.0464978097074137,0.013145550074791
5,SH,Left,1679.30245217416,0.102956546150699,0.0259291033269046
5,SH,Left,1894.47413068111,0.223118881220972,0.0510674191468189
5,SH,Left,2133.90973318379,0.455423610020288,0.0921367540626827
5,SH,Left,2400.34539118311,0.828037599669833,0.142741244046811
5,SH,Left,2696.82577718896,1.3340695869985,0.196210034928566
5,SH,Left,3026.73889747556,1.93773611889332,0.250955901254661
5,SH,Left,3393.85480825658,2.57032621524708,0.287185343147594
5,SH,Left,3802.36869770572,3.22631313507243,0.314460636792239
5,SH,Left,4256.94882613932,3.79516482316977,0.278734569320337
5,SH,Left,4762.78987219375,4.180746360735,0.240207130997341
5,SH,Left,5325.67229460656,4.42500970659586,0.205425493215619
5,SH,Left,5952.02838795379,4.54085030293295,0.1736897228229
5,SH,Left,6649.01578718983,4.53666114951001,0.209588091313577
5,SH,Left,7424.59926095756,4.47721423162815,0.280646496462202
5,SH,Left,8287.64172835503,4.48086472179341,0.354425236966816
5,SH,Left,9248.00553924585,4.27798948426212,0.383113545406205
5,SH,Left,10316.6651754859,3.77499654113546,0.377841903868631
5,SH,Left,11505.8326609511,3.44388104734778,0.305779444688231
5,SH,Left,12829.0971134787,3.52499796952089,0.345851291077418
5,SH,Left,14301.580033442,3.87051341770613,0.47820065034603
5,SH,Left,15940.1081035055,4.34081950315161,0.488444020963269
5,SH,Left,17763.4054742165,4.65859470512,0.435847035832715
5,SH,Left,19792.3077327617,4.49058431127254,0.429736376325007
5,SH,Right,49.9999999999997,0.000689759312149076,0.000120840834089697
5,SH,Right,81.4427085053407,0.00035496714733096,7.49835301203754e-05
5,SH,Right,116.431067138464,0.000373466471610722,7.19135678461929e-05
5,SH,Right,155.364902613614,0.000105050281898891,5.0622942190704e-05
5,SH,Right,198.689128271089,7.44402438461323e-05,2.32895374287606e-05
5,SH,Right,246.898828289411,0.0038682355871981,0.000652215062455368
5,SH,Right,300.544915220817,0.000918354984394152,0.000156026008186139
5,SH,Right,360.240425501075,0.00019789329353908,7.22938731474516e-05
5,SH,Right,426.667524875106,0.000233483305583807,6.89128461995156e-05
5,SH,Right,500.585303792335,0.000265815568382309,4.6970328045719e-05
5,SH,Right,582.838451853057,0.000380799969225397,6.99474439782537e-05
5,SH,Right,674.366910432351,0.000880275899381884,0.000138553332631146
5,SH,Right,776.216613786162,0.0016992967444024,0.000290987612423386
5,SH,Right,889.551441382679,0.00253496171983989,0.000701494125560473
5,SH,Right,1015.66651804335,0.00524865963808564,0.00156993254593547
5,SH,Right,1156.00301387982,0.010945120627822,0.00329825573027017
5,SH,Right,1312.16461315198,0.0234044269154597,0.0070033191371118
5,SH,Right,1485.93584024358,0.0529503832376755,0.0159137294779068
5,SH,Right,1679.30245217416,0.120303219226084,0.0348413923047237
5,SH,Right,1894.47413068111,0.26276916546356,0.0707867971337746
5,SH,Right,2133.90973318379,0.52883339930187,0.125171042061984
5,SH,Right,2400.34539118311,0.945618137232179,0.192095323693274
5,SH,Right,2696.82577718896,1.50884113031021,0.274410592176994
5,SH,Right,3026.73889747556,2.18087415642465,0.340163352098238
5,SH,Right,3393.85480825658,2.8679245824054,0.368488794267463
5,SH,Right,3802.36869770572,3.54551147769347,0.370377368678543
5,SH,Right,4256.94882613932,4.07435873415878,0.312521206199571
5,SH,Right,4762.78987219375,4.39457695956193,0.250138990431146
5,SH,Right,5325.67229460656,4.56690075233629,0.186098472352663
5,SH,Right,5952.02838795379,4.56726474878253,0.158300198439695
5,SH,Right,6649.01578718983,4.44989923804181,0.188797634110017
5,SH,Right,7424.59926095756,4.34952264864139,0.295644147108355
5,SH,Right,8287.64172835503,4.29503437045675,0.367370093129529
5,SH,Right,9248.00553924585,4.05780484152293,0.38891958941391
5,SH,Right,10316.6651754859,3.57915982965185,0.382692905697463
5,SH,Right,11505.8326609511,3.30395331951058,0.332151555320908
5,SH,Right,12829.0971134787,3.41849391704108,0.360374946707451
5,SH,Right,14301.580033442,3.8628067396702,0.470669112848284
5,SH,Right,15940.1081035055,4.32095701353239,0.504965281126611
5,SH,Right,17763.4054742165,4.53135642829411,0.402111661695446
5,SH,Right,19792.3077327617,4.27082635938336,0.375973445985096
5,Conventional,Left,49.9999999999997,0.0119301273452952,0.00332536175137053
5,Conventional,Left,81.4427085053407,0.0118613204545919,0.00330405836241231
5,Conventional,Left,116.431067138464,0.0100975802622412,0.00281325590130665
5,Conventional,Left,155.364902613614,0.00536354713141986,0.00151429883516642
5,Conventional,Left,198.689128271089,0.00386813290618307,0.00112070808858829
5,Conventional,Left,246.898828289411,0.00453547777429425,0.00131068569472293
5,Conventional,Left,300.544915220817,0.00673147843748398,0.00190500009320652
5,Conventional,Left,360.240425501075,0.0090149561488103,0.00249791550626016
5,Conventional,Left,426.667524875106,0.0100948579999843,0.00276387516082348
5,Conventional,Left,500.585303792335,0.00903865198614348,0.00198919219986869
5,Conventional,Left,582.838451853057,0.0128564968588457,0.00240541491474858
5,Conventional,Left,674.366910432351,0.0232972576321326,0.00351522603974022
5,Conventional,Left,776.216613786162,0.0393756185579121,0.00531770267680056
5,Conventional,Left,889.551441382679,0.0654498424172855,0.00951338592748876
5,Conventional,Left,1015.66651804335,0.115310344877851,0.01784140761404
5,Conventional,Left,1156.00301387982,0.18856376024412,0.0253341221644642
5,Conventional,Left,1312.16461315198,0.270285716618438,0.0263889523428096
5,Conventional,Left,1485.93584024358,0.344105643653013,0.0289396757630724
5,Conventional,Left,1679.30245217416,0.435570620379483,0.0460161391220332
5,Conventional,Left,1894.47413068111,0.544655900006841,0.0603297293247172
5,Conventional,Left,2133.90973318379,0.62767243534148,0.0634926089416348
5,Conventional,Left,2400.34539118311,0.675003976822557,0.0736828033855591
5,Conventional,Left,2696.82577718896,0.730877478252252,0.0752782437049561
5,Conventional,Left,3026.73889747556,0.782483813666481,0.0825314474776446
5,Conventional,Left,3393.85480825658,0.842289672017634,0.104731946383304
5,Conventional,Left,3802.36869770572,0.933419763341332,0.120824099378976
5,Conventional,Left,4256.94882613932,0.994159466284287,0.129546809384321
5,Conventional,Left,4762.78987219375,1.00734149693528,0.126740606790348
5,Conventional,Left,5325.67229460656,1.00237638698726,0.128055222512859
5,Conventional,Left,5952.02838795379,1.03371384626608,0.134417921851856
5,Conventional,Left,6649.01578718983,1.11460072061015,0.154976246581184
5,Conventional,Left,7424.59926095756,1.23066102158811,0.179401515991418
5,Conventional,Left,8287.64172835503,1.43335496377653,0.244130577227461
5,Conventional,Left,9248.00553924585,1.57216800732864,0.253056505227231
5,Conventional,Left,10316.6651754859,1.50595201644641,0.202265319365469
5,Conventional,Left,11505.8326609511,1.5420956705707,0.199281009158731
5,Conventional,Left,12829.0971134787,1.74189368658359,0.251953757980655
5,Conventional,Left,14301.580033442,1.9379533074835,0.32107725931371
5,Conventional,Left,15940.1081035055,2.04877616617892,0.346447598738094
5,Conventional,Left,17763.4054742165,2.08684579351609,0.387756683295754
5,Conventional,Left,19792.3077327617,2.22549870975358,0.387510129954865
5,Conventional,Right,49.9999999999997,0.0120957761943535,0.00327366406510875
5,Conventional,Right,81.4427085053407,0.0119137496575249,0.00317018485609275
5,Conventional,Right,116.431067138464,0.0100951909501171,0.00266054803518269
5,Conventional,Right,155.364902613614,0.00548191228149644,0.00153844014126028
5,Conventional,Right,198.689128271089,0.00406303198217431,0.0010690124749657
5,Conventional,Right,246.898828289411,0.00441261251249064,0.00118612393444722
5,Conventional,Right,300.544915220817,0.00682300172402057,0.00186830347344428
5,Conventional,Right,360.240425501075,0.00909132089478965,0.00251496226006034
5,Conventional,Right,426.667524875106,0.0100314937974259,0.00274900951646554
5,Conventional,Right,500.585303792335,0.00910686816098729,0.00191414433482928
5,Conventional,Right,582.838451853057,0.0126382613257106,0.00208640633016279
5,Conventional,Right,674.366910432351,0.0223053001172981,0.00337274093328821
5,Conventional,Right,776.216613786162,0.0374281002079085,0.00480073890775076
5,Conventional,Right,889.551441382679,0.0628616374535194,0.0087713555502325
5,Conventional,Right,1015.66651804335,0.111168041900461,0.0166600968777376
5,Conventional,Right,1156.00301387982,0.181792460275299,0.0232745981022665
5,Conventional,Right,1312.16461315198,0.260592609259154,0.0246236108913942
5,Conventional,Right,1485.93584024358,0.332739635319144,0.0272719667942126
5,Conventional,Right,1679.30245217416,0.419256952095549,0.0426430153753397
5,Conventional,Right,1894.47413068111,0.524779533973793,0.0552548484907483
5,Conventional,Right,2133.90973318379,0.607672436774924,0.0559795549927811
5,Conventional,Right,2400.34539118311,0.657276600237509,0.0600187990637192
5,Conventional,Right,2696.82577718896,0.719152794904095,0.0676977419691282
5,Conventional,Right,3026.73889747556,0.775321400036728,0.0782508192795562
5,Conventional,Right,3393.85480825658,0.838175712014543,0.106578425693986
5,Conventional,Right,3802.36869770572,0.923824050826203,0.122114826208836
5,Conventional,Right,4256.94882613932,0.96967817717184,0.123754656708135
5,Conventional,Right,4762.78987219375,0.97705911733729,0.115581743810857
5,Conventional,Right,5325.67229460656,0.97771620053083,0.120669893366197
5,Conventional,Right,5952.02838795379,1.01568449528384,0.134481516585688
5,Conventional,Right,6649.01578718983,1.08833810309069,0.14995936177263
5,Conventional,Right,7424.59926095756,1.18708035029939,0.174894924392244
5,Conventional,Right,8287.64172835503,1.38698673372782,0.208148125344527
5,Conventional,Right,9248.00553924585,1.50976319694588,0.205109477595058
5,Conventional,Right,10316.6651754859,1.43953720409008,0.20584151185805
5,Conventional,Right,11505.8326609511,1.45240017237423,0.187817865948181
5,Conventional,Right,12829.0971134787,1.59963564404998,0.258740532915631
5,Conventional,Right,14301.580033442,1.77144065583002,0.29987214483898
5,Conventional,Right,15940.1081035055,1.83092883557582,0.32138240173563
5,Conventional,Right,17763.4054742165,1.84776319664077,0.340972752326158
5,Conventional,Right,19792.3077327617,1.96697755647825,0.381452778545743
5,MCA,Left,49.9999999999997,0.0130742781434965,0.00379382939895551
5,MCA,Left,81.4427085053407,0.0130300123933355,0.00377832633093442
5,MCA,Left,116.431067138464,0.0111203868755963,0.00321225474418437
5,MCA,Left,155.364902613614,0.00589613532344706,0.00169179228909014
5,MCA,Left,198.689128271089,0.0042377454016242,0.00123861828896063
5,MCA,Left,246.898828289411,0.00494303450762851,0.00153547054859368
5,MCA,Left,300.544915220817,0.00737193410226499,0.00224274843009693
5,MCA,Left,360.240425501075,0.00990575917230189,0.00294127857309184
5,MCA,Left,426.667524875106,0.0111043116989526,0.00325353031492178
5,MCA,Left,500.585303792335,0.0097251576469894,0.00225216832343017
5,MCA,Left,582.838451853057,0.0130599282023488,0.00241467292537122
5,MCA,Left,674.366910432351,0.0234146142267038,0.00353333409127142
5,MCA,Left,776.216613786162,0.0397492752940386,0.00542990254828324
5,MCA,Left,889.551441382679,0.0656034142001307,0.00953665250128817
5,MCA,Left,1015.66651804335,0.115325338747711,0.0178268423630458
5,MCA,Left,1156.00301387982,0.18862666789632,0.0253365912520986
5,MCA,Left,1312.16461315198,0.270385268693733,0.0264134247334658
5,MCA,Left,1485.93584024358,0.344424781965338,0.0289725370929683
5,MCA,Left,1679.30245217416,0.436430183788144,0.0460956710069259
5,MCA,Left,1894.47413068111,0.546737196489484,0.0605282898666958
5,MCA,Left,2133.90973318379,0.632119706387656,0.0639011163886199
5,MCA,Left,2400.34539118311,0.677497183993032,0.0740981567835434
5,MCA,Left,2696.82577718896,0.726833965583452,0.0826144493892721
5,MCA,Left,3026.73889747556,0.803207963897551,0.105593630998659
5,MCA,Left,3393.85480825658,0.875988107902862,0.133366577423611
5,MCA,Left,3802.36869770572,0.92149310798205,0.138993734803436
5,MCA,Left,4256.94882613932,0.93764306206409,0.140297741209631
5,MCA,Left,4762.78987219375,0.925468365669635,0.134822127923657
5,MCA,Left,5325.67229460656,0.912758125006108,0.137785668458276
5,MCA,Left,5952.02838795379,0.915180868612857,0.139853781139149
5,MCA,Left,6649.01578718983,0.940513830077626,0.128992204550693
5,MCA,Left,7424.59926095756,1.01924612680911,0.160355172381042
5,MCA,Left,8287.64172835503,1.19119781051349,0.239801121523205
5,MCA,Left,9248.00553924585,1.28477748044887,0.249643942272505
5,MCA,Left,10316.6651754859,1.16861620248983,0.207336848013146
5,MCA,Left,11505.8326609511,1.13724293184965,0.165183039243499
5,MCA,Left,12829.0971134787,1.22788763254122,0.179771417321108
5,MCA,Left,14301.580033442,1.31272453235286,0.195349085677779
5,MCA,Left,15940.1081035055,1.35878130817054,0.164511967886279
5,MCA,Left,17763.4054742165,1.34792502052327,0.16293598643601
5,MCA,Left,19792.3077327617,1.44184388362995,0.174741723690412
5,MCA,Right,49.9999999999997,0.0127538165636541,0.0034716470760929
5,MCA,Right,81.4427085053407,0.0125757703933944,0.00336123496333831
5,MCA,Right,116.431067138464,0.0106775394111513,0.00281654562731063
5,MCA,Right,155.364902613614,0.00581362509217214,0.00160436556111411
5,MCA,Right,198.689128271089,0.004299023730379,0.00112258518801519
5,MCA,Right,246.898828289411,0.00463527152874918,0.0013043681530953
5,MCA,Right,300.544915220817,0.00718109371823676,0.00204671908410658
5,MCA,Right,360.240425501075,0.00957687792509688,0.002740959719655
5,MCA,Right,426.667524875106,0.0105559556248288,0.00298528009826933
5,MCA,Right,500.585303792335,0.00952536659992865,0.00206049705242978
5,MCA,Right,582.838451853057,0.012780414462117,0.00210025373436347
5,MCA,Right,674.366910432351,0.0223523204612074,0.00338210286486443
5,MCA,Right,776.216613786162,0.0376025989338253,0.0048571294102428
5,MCA,Right,889.551441382679,0.0629620593996789,0.00876487142332588
5,MCA,Right,1015.66651804335,0.111175479287648,0.0166478605685704
5,MCA,Right,1156.00301387982,0.18183315791593,0.0232771868244381
5,MCA,Right,1312.16461315198,0.260698361191681,0.0246373062735041
5,MCA,Right,1485.93584024358,0.333099110667269,0.0273233607384994
5,MCA,Right,1679.30245217416,0.420187959967788,0.0427812142514322
5,MCA,Right,1894.47413068111,0.526950833091236,0.0556794932339268
5,MCA,Right,2133.90973318379,0.612142386841737,0.057256220038794
5,MCA,Right,2400.34539118311,0.659287497849643,0.0644428157485128
5,MCA,Right,2696.82577718896,0.716004455078924,0.0879870094415299
5,MCA,Right,3026.73889747556,0.802816489657189,0.115254172686886
5,MCA,Right,3393.85480825658,0.875800063774364,0.136055969237115
5,MCA,Right,3802.36869770572,0.909050230336859,0.136602301187858
5,MCA,Right,4256.94882613932,0.906529342823398,0.131537767859907
5,MCA,Right,4762.78987219375,0.886360084362277,0.127986758859671
5,MCA,Right,5325.67229460656,0.878707983850033,0.124876179130669
5,MCA,Right,5952.02838795379,0.884271547198076,0.123833007667976
5,MCA,Right,6649.01578718983,0.905179272158909,0.126719918038268
5,MCA,Right,7424.59926095756,0.992803436739854,0.157659914751482
5,MCA,Right,8287.64172835503,1.19757609650785,0.217968270266603
5,MCA,Right,9248.00553924585,1.30277846283575,0.222677673823728
5,MCA,Right,10316.6651754859,1.18023176830187,0.226701125360164
5,MCA,Right,11505.8326609511,1.12362848843513,0.162165267996845
5,MCA,Right,12829.0971134787,1.19384114134959,0.179218721257335
5,MCA,Right,14301.580033442,1.29434086668666,0.201061183798395
5,MCA,Right,15940.1081035055,1.32372081522491,0.185246041995508
5,MCA,Right,17763.4054742165,1.32870191733036,0.162621385605716
5,MCA,Right,19792.3077327617,1.42971591267294,0.184321720219318
6,SH,Left,49.9999999999997,0.000716290273464609,0.000149923257196718
6,SH,Left,81.4427085053407,0.000396584571336571,8.57339271118055e-05
6,SH,Left,116.431067138464,0.000675391757075228,0.000182043779168818
6,SH,Left,155.364902613614,6.15539939868231e-05,2.364117409134e-05
6,SH,Left,198.689128271089,5.51246844698421e-05,1.94829772269801e-05
6,SH,Left,246.898828289411,0.00570068508727859,0.00134862384320038
6,SH,Left,300.544915220817,0.00143807020389851,0.000346213452075587
6,SH,Left,360.240425501075,0.000196997206070533,4.99272609782499e-05
6,SH,Left,426.667524875106,0.000153036687699011,3.77658022418338e-05
6,SH,Left,500.585303792335,0.000136938092361972,3.41120770808977e-05
6,SH,Left,582.838451853057,0.000159256395401022,3.64351357463505e-05
6,SH,Left,674.366910432351,0.000916067661385845,0.00017778631237912
6,SH,Left,776.216613786162,0.0016644691017973,0.000336961972441413
6,SH,Left,889.551441382679,0.000556992949768901,0.000132453741597705
6,SH,Left,1015.66651804335,0.00109504626354711,0.000308080506960208
6,SH,Left,1156.00301387982,0.00244237529593612,0.000815814517985626
6,SH,Left,1312.16461315198,0.00584584784834293,0.00211013220242014
6,SH,Left,1485.93584024358,0.0136063991029839,0.0048261909546434
6,SH,Left,1679.30245217416,0.0302003078300616,0.00962932939941889
6,SH,Left,1894.47413068111,0.0660801134648571,0.0197486885408279
6,SH,Left,2133.90973318379,0.150556083049193,0.0401786581485136
6,SH,Left,2400.34539118311,0.323579201834033,0.0733728792150311
6,SH,Left,2696.82577718896,0.642745453005448,0.12656464162231
6,SH,Left,3026.73889747556,1.11957944833401,0.187448932639672
6,SH,Left,3393.85480825658,1.71516590375013,0.25091574058621
6,SH,Left,3802.36869770572,2.40214775017177,0.315917237038342
6,SH,Left,4256.94882613932,3.13052962646048,0.359288810169847
6,SH,Left,4762.78987219375,3.78008232860744,0.309614440494545
6,SH,Left,5325.67229460656,4.16734224418543,0.217277113527729
6,SH,Left,5952.02838795379,4.35795178911164,0.181074689600299
6,SH,Left,6649.01578718983,4.46562103312054,0.19339260336964
6,SH,Left,7424.59926095756,4.72740608860173,0.293278643865492
6,SH,Left,8287.64172835503,5.09384493973339,0.33164669355263
6,SH,Left,9248.00553924585,5.16141118172105,0.332269385661988
6,SH,Left,10316.6651754859,5.02717716441895,0.402582693427364
6,SH,Left,11505.8326609511,5.18306493605721,0.450393786846881
6,SH,Left,12829.0971134787,5.69125136122441,0.577300582710409
6,SH,Left,14301.580033442,6.26150706676061,0.564036893314386
6,SH,Left,15940.1081035055,6.56792049070869,0.541144452600917
6,SH,Left,17763.4054742165,6.57918428296325,0.480609187390944
6,SH,Left,19792.3077327617,6.42019808185787,0.419497455511175
6,SH,Right,49.9999999999997,0.000781585552260334,0.000151216334153513
6,SH,Right,81.4427085053407,0.000415792624715477,8.56306251966434e-05
6,SH,Right,116.431067138464,0.000694534680058118,0.000187557240753408
6,SH,Right,155.364902613614,6.03457868869026e-05,1.91169627023627e-05
6,SH,Right,198.689128271089,5.8160156802037e-05,2.10674247482875e-05
6,SH,Right,246.898828289411,0.00602905011974505,0.00140953240833993
6,SH,Right,300.544915220817,0.00151467658283568,0.000364159607307749
6,SH,Right,360.240425501075,0.000197402592613797,6.35030377734972e-05
6,SH,Right,426.667524875106,0.000157855673000823,4.30057277111582e-05
6,SH,Right,500.585303792335,0.000151072220153756,3.11048466853044e-05
6,SH,Right,582.838451853057,0.000186854898655483,4.07527117942963e-05
6,SH,Right,674.366910432351,0.000991500482265319,0.000192647912283987
6,SH,Right,776.216613786162,0.00178820945851623,0.000353765897740958
6,SH,Right,889.551441382679,0.00064559431376241,0.000147564941413567
6,SH,Right,1015.66651804335,0.00126032752895271,0.000349403088724473
6,SH,Right,1156.00301387982,0.00272836825698547,0.000885190149890345
6,SH,Right,1312.16461315198,0.00627636123048999,0.0021518960565386
6,SH,Right,1485.93584024358,0.0142442824737867,0.0047424449316938
6,SH,Right,1679.30245217416,0.0319948147435257,0.00994698791874097
6,SH,Right,1894.47413068111,0.0730616366636648,0.0226412972433057
6,SH,Right,2133.90973318379,0.170418648141799,0.0492979728230038
6,SH,Right,2400.34539118311,0.376496764593986,0.101743682085922
6,SH,Right,2696.82577718896,0.756556338765559,0.185591734304995
6,SH,Right,3026.73889747556,1.31750731716554,0.275528318557896
6,SH,Right,3393.85480825658,1.98961005907451,0.351141544566771
6,SH,Right,3802.36869770572,2.73698397742433,0.419464666146483
6,SH,Right,4256.94882613932,3.46963807674732,0.4102051714303
6,SH,Right,4762.78987219375,4.01203172650647,0.285515477050193
6,SH,Right,5325.67229460656,4.29392304113496,0.183500677493032
6,SH,Right,5952.02838795379,4.42707641164925,0.178337230602334
6,SH,Right,6649.01578718983,4.53574254740508,0.215840257699127
6,SH,Right,7424.59926095756,4.80698078760902,0.306244538987579
6,SH,Right,8287.64172835503,5.11452600605642,0.317974797372207
6,SH,Right,9248.00553924585,5.2134405121539,0.399684006723337
6,SH,Right,10316.6651754859,5.18067392437915,0.465644311909579
6,SH,Right,11505.8326609511,5.30907816176439,0.422927068699653
6,SH,Right,12829.0971134787,5.70529858666032,0.500687535329948
6,SH,Right,14301.580033442,6.21381159894286,0.534675168986832
6,SH,Right,15940.1081035055,6.4986840998431,0.498125748210537
6,SH,Right,17763.4054742165,6.51064235887903,0.411970854634881
6,SH,Right,19792.3077327617,6.27431067880096,0.45606364380084
6,Conventional,Left,49.9999999999997,0.0149199336056295,0.00372852793527521
6,Conventional,Left,81.4427085053407,0.0147718494080458,0.00374512189003464
6,Conventional,Left,116.431067138464,0.01254306969518,0.00321250949502503
6,Conventional,Left,155.364902613614,0.00668250390094478,0.00171265625843975
6,Conventional,Left,198.689128271089,0.00483263348987435,0.00131269373885907
6,Conventional,Left,246.898828289411,0.00572822644109652,0.00156264269606523
6,Conventional,Left,300.544915220817,0.00848874517336526,0.00213212632757154
6,Conventional,Left,360.240425501075,0.0112578994894077,0.00274408018084916
6,Conventional,Left,426.667524875106,0.0123488819454011,0.00303889101226775
6,Conventional,Left,500.585303792335,0.00908890695484335,0.00208905587023157
6,Conventional,Left,582.838451853057,0.00710095647544685,0.00136383089536067
6,Conventional,Left,674.366910432351,0.010828868290859,0.00219852801289831
6,Conventional,Left,776.216613786162,0.0254966755468824,0.00440538230340821
6,Conventional,Left,889.551441382679,0.0488044575442142,0.00734259932392845
6,Conventional,Left,1015.66651804335,0.0841293093878435,0.0115367802029324
6,Conventional,Left,1156.00301387982,0.131711846725565,0.0176321599784384
6,Conventional,Left,1312.16461315198,0.184357371267811,0.0228948905537101
6,Conventional,Left,1485.93584024358,0.251152799986535,0.0311429387612689
6,Conventional,Left,1679.30245217416,0.35939451915037,0.0390263005002848
6,Conventional,Left,1894.47413068111,0.499247964781717,0.0487089370836155
6,Conventional,Left,2133.90973318379,0.624941555113922,0.0633045347565286
6,Conventional,Left,2400.34539118311,0.737756407091303,0.0721690332745179
6,Conventional,Left,2696.82577718896,0.829239368569065,0.0632682719780806
6,Conventional,Left,3026.73889747556,0.882096351523302,0.0718565347797754
6,Conventional,Left,3393.85480825658,0.946616682815402,0.0858516136480476
6,Conventional,Left,3802.36869770572,1.08377948246323,0.0894358507976202
6,Conventional,Left,4256.94882613932,1.17617596228852,0.114154961751708
6,Conventional,Left,4762.78987219375,1.11187954354563,0.114785896977843
6,Conventional,Left,5325.67229460656,1.01426824625301,0.0995482547071763
6,Conventional,Left,5952.02838795379,0.989278992763652,0.0929886168109792
6,Conventional,Left,6649.01578718983,0.988334601636747,0.105964610976777
6,Conventional,Left,7424.59926095756,1.02609801242865,0.135363511805351
6,Conventional,Left,8287.64172835503,1.20166529099678,0.204585198876275
6,Conventional,Left,9248.00553924585,1.34313735929274,0.235901069350402
6,Conventional,Left,10316.6651754859,1.29130511277282,0.20158004395589
6,Conventional,Left,11505.8326609511,1.31743608415568,0.207217603288691
6,Conventional,Left,12829.0971134787,1.495459668798,0.250925809478539
6,Conventional,Left,14301.580033442,1.67269363701328,0.305017636927101
6,Conventional,Left,15940.1081035055,1.76567315492958,0.30316657480042
6,Conventional,Left,17763.4054742165,1.77329978195815,0.319926976691758
6,Conventional,Left,19792.3077327617,2.00426359466212,0.325168994396119
6,Conventional,Right,49.9999999999997,0.0147107029264359,0.00358001139769777
6,Conventional,Right,81.4427085053407,0.0144691579070445,0.00356107355050269
6,Conventional,Right,116.431067138464,0.0121954739872121,0.00301377840953537
6,Conventional,Right,155.364902613614,0.00653593107894963,0.00155279200774599
6,Conventional,Right,198.689128271089,0.00491687705938507,0.00119209468798465
6,Conventional,Right,246.898828289411,0.00563876166591039,0.00150426704471914
6,Conventional,Right,300.544915220817,0.00854121680561904,0.0022491326067938
6,Conventional,Right,360.240425501075,0.0111514795325383,0.00284704414569873
6,Conventional,Right,426.667524875106,0.011990825552559,0.00298473177825944
6,Conventional,Right,500.585303792335,0.00902982064315942,0.00204380494851459
6,Conventional,Right,582.838451853057,0.00723386056451341,0.00135511762302364
6,Conventional,Right,674.366910432351,0.010448321852628,0.00186663646656375
6,Conventional,Right,776.216613786162,0.0244404042598958,0.00400884405015866
6,Conventional,Right,889.551441382679,0.0472868310350016,0.00704350896973017
6,Conventional,Right,1015.66651804335,0.0806853677978642,0.0107842593065346
6,Conventional,Right,1156.00301387982,0.124577537158657,0.0155130835193208
6,Conventional,Right,1312.16461315198,0.174079795620079,0.0217878888539137
6,Conventional,Right,1485.93584024358,0.245679544129002,0.0307978136522222
6,Conventional,Right,1679.30245217416,0.354864373536553,0.0368687261812606
6,Conventional,Right,1894.47413068111,0.488301609634527,0.0450485772188678
6,Conventional,Right,2133.90973318379,0.60738448497397,0.0539025332258368
6,Conventional,Right,2400.34539118311,0.710485506462372,0.0640837211763228
6,Conventional,Right,2696.82577718896,0.790531965355361,0.0621293504477422
6,Conventional,Right,3026.73889747556,0.832345085721176,0.0708559325216268
6,Conventional,Right,3393.85480825658,0.921207638713223,0.0853962923508327
6,Conventional,Right,3802.36869770572,1.1197256102145,0.100958743645008
6,Conventional,Right,4256.94882613932,1.22161866984709,0.111743195957972
6,Conventional,Right,4762.78987219375,1.11674155123789,0.114573384349494
6,Conventional,Right,5325.67229460656,0.989688216106583,0.104135845295722
6,Conventional,Right,5952.02838795379,0.962243736557344,0.096847505078677
6,Conventional,Right,6649.01578718983,0.954722593511916,0.102470589602985
6,Conventional,Right,7424.59926095756,0.988970306563857,0.139241149011748
6,Conventional,Right,8287.64172835503,1.17853101213534,0.192751080433579
6,Conventional,Right,9248.00553924585,1.31759841977364,0.202687052881244
6,Conventional,Right,10316.6651754859,1.26032274418751,0.19818798922711
6,Conventional,Right,11505.8326609511,1.2434928319595,0.193618802650249
6,Conventional,Right,12829.0971134787,1.36290233990125,0.229094670650868
6,Conventional,Right,14301.580033442,1.51997051742596,0.282246821852421
6,Conventional,Right,15940.1081035055,1.56722333969681,0.295787424560764
6,Conventional,Right,17763.4054742165,1.59463583807736,0.303646462209061
6,Conventional,Right,19792.3077327617,1.83484147786605,0.342869788745962
6,MCA,Left,49.9999999999997,0.0150725926335891,0.00394086392478953
6,MCA,Left,81.4427085053407,0.0149537840490916,0.003957640098064
6,MCA,Left,116.431067138464,0.0127359522261435,0.00339075562227979
6,MCA,Left,155.364902613614,0.00680742153604889,0.0017987521874366
6,MCA,Left,198.689128271089,0.0048636007470256,0.00133132394181902
6,MCA,Left,246.898828289411,0.00569783947837209,0.00158905507786857
6,MCA,Left,300.544915220817,0.00849206457685966,0.00222431504695867
6,MCA,Left,360.240425501075,0.0113636037509211,0.00292979462115109
6,MCA,Left,426.667524875106,0.0125468235049572,0.00327644239114851
6,MCA,Left,500.585303792335,0.00928447036138975,0.00222443243859343
6,MCA,Left,582.838451853057,0.00705889636173861,0.00133714643702331
6,MCA,Left,674.366910432351,0.0108417813368661,0.00219941777850344
6,MCA,Left,776.216613786162,0.0255957419455701,0.00445120612548978
6,MCA,Left,889.551441382679,0.0488174992610317,0.00734398417293774
6,MCA,Left,1015.66651804335,0.0840760233038348,0.0115374877607669
6,MCA,Left,1156.00301387982,0.131758250419315,0.0176482239731207
6,MCA,Left,1312.16461315198,0.184403303455408,0.0229035412631353
6,MCA,Left,1485.93584024358,0.251349439230823,0.0311836808849884
6,MCA,Left,1679.30245217416,0.359849899946005,0.0391380423062974
6,MCA,Left,1894.47413068111,0.500481095118817,0.0489610695583058
6,MCA,Left,2133.90973318379,0.627944130892141,0.0637000454462976
6,MCA,Left,2400.34539118311,0.74351966697329,0.0721953382029596
6,MCA,Left,2696.82577718896,0.827754112683386,0.0603913086770092
6,MCA,Left,3026.73889747556,0.826991903213046,0.0614335958701252
6,MCA,Left,3393.85480825658,0.80877372367264,0.0932739963421717
6,MCA,Left,3802.36869770572,0.859786416588572,0.118550320634376
6,MCA,Left,4256.94882613932,0.902904872273654,0.114975446424665
6,MCA,Left,4762.78987219375,0.889995179111406,0.111514070300815
6,MCA,Left,5325.67229460656,0.86444970460588,0.111472450815552
6,MCA,Left,5952.02838795379,0.862586010288116,0.104655299127447
6,MCA,Left,6649.01578718983,0.915162648812849,0.114402727224794
6,MCA,Left,7424.59926095756,0.98269464370786,0.12976969432969
6,MCA,Left,8287.64172835503,1.10247819597344,0.178267485865139
6,MCA,Left,9248.00553924585,1.16983469909838,0.202650928446509
6,MCA,Left,10316.6651754859,1.09261105126756,0.176339172225134
6,MCA,Left,11505.8326609511,1.12063746940731,0.197232176458472
6,MCA,Left,12829.0971134787,1.24787289181859,0.222801849170758
6,MCA,Left,14301.580033442,1.32882772406565,0.224819919491245
6,MCA,Left,15940.1081035055,1.35144174733523,0.189819130956137
6,MCA,Left,17763.4054742165,1.34083658189136,0.169317825538392
6,MCA,Left,19792.3077327617,1.46901491149452,0.203828794724472
6,MCA,Right,49.9999999999997,0.014654087332753,0.003610534425249
6,MCA,Right,81.4427085053407,0.0144376761312893,0.00358939546376189
6,MCA,Right,116.431067138464,0.0122055335846847,0.00303500331907279
6,MCA,Right,155.364902613614,0.00658119287668676,0.00156352380651716
6,MCA,Right,198.689128271089,0.00488924848531127,0.0011846341053498
6,MCA,Right,246.898828289411,0.00552298459351624,0.00149330899368486
6,MCA,Right,300.544915220817,0.00840784458182125,0.00228300310617917
6,MCA,Right,360.240425501075,0.0110650196304376,0.00291389417418782
6,MCA,Right,426.667524875106,0.0119865913703108,0.00307687649910213
6,MCA,Right,500.585303792335,0.00909294547508061,0.00208875241663631
6,MCA,Right,582.838451853057,0.00714427576297239,0.00128595250762111
6,MCA,Right,674.366910432351,0.0103923510989298,0.00185101291969115
6,MCA,Right,776.216613786162,0.0244296007501654,0.00402032140465469
6,MCA,Right,889.551441382679,0.0472586062337758,0.00705486200047588
6,MCA,Right,1015.66651804335,0.0806203039299997,0.0107843303634229
6,MCA,Right,1156.00301387982,0.124579614216734,0.015505817769485
6,MCA,Right,1312.16461315198,0.174121078117155,0.0217942767870314
6,MCA,Right,1485.93584024358,0.245912394970939,0.0308493815731991
6,MCA,Right,1679.30245217416,0.3554694335572,0.0370122322603769
6,MCA,Right,1894.47413068111,0.489961371123103,0.04535180367077
6,MCA,Right,2133.90973318379,0.611363282622325,0.0544150277543161
6,MCA,Right,2400.34539118311,0.719153400567918,0.0649938706836847
6,MCA,Right,2696.82577718896,0.797362252023008,0.059797980421608
6,MCA,Right,3026.73889747556,0.798703955803387,0.0574692839943771
6,MCA,Right,3393.85480825658,0.786178663212667,0.0864146643933649
6,MCA,Right,3802.36869770572,0.83619638321953,0.118105343318773
6,MCA,Right,4256.94882613932,0.877877155571711,0.120881477347873
6,MCA,Right,4762.78987219375,0.870105675575911,0.112343667948098
6,MCA,Right,5325.67229460656,0.852415072114873,0.108466876296086
6,MCA,Right,5952.02838795379,0.850957918447503,0.103248001118672
6,MCA,Right,6649.01578718983,0.89183027207627,0.108073103636709
6,MCA,Right,7424.59926095756,0.965838528043439,0.132747781031942
6,MCA,Right,8287.64172835503,1.10886152498579,0.179099547070546
6,MCA,Right,9248.00553924585,1.1847861972588,0.190577655441433
6,MCA,Right,10316.6651754859,1.10139469675953,0.201497452368745
6,MCA,Right,11505.8326609511,1.08454122674983,0.175669352921747
6,MCA,Right,12829.0971134787,1.17412833206094,0.202769333993466
6,MCA,Right,14301.580033442,1.29344542787536,0.234703365846948
6,MCA,Right,15940.1081035055,1.33578157494928,0.205741097659426
6,MCA,Right,17763.4054742165,1.34391787346372,0.184550694703983
6,MCA,Right,19792.3077327617,1.45052311194123,0.235257258852176
7,SH,Left,49.9999999999997,0.000330875890633835,7.02482165800125e-05
7,SH,Left,81.4427085053407,0.00016421615893454,3.44668790583042e-05
7,SH,Left,116.431067138464,0.000240435499066851,4.83009758707534e-05
7,SH,Left,155.364902613614,4.22172404050111e-05,1.97503612565282e-05
7,SH,Left,198.689128271089,3.24369854655082e-05,1.28553341933333e-05
7,SH,Left,246.898828289411,0.00219943259916192,0.00042723883249704
7,SH,Left,300.544915220817,0.00054630336472337,0.000105558539358352
7,SH,Left,360.240425501075,7.89230963154705e-05,2.46372341526206e-05
7,SH,Left,426.667524875106,8.18347585129071e-05,2.43997303325951e-05
7,SH,Left,500.585303792335,8.42283932465524e-05,2.46629607457263e-05
7,SH,Left,582.838451853057,8.9181672263983e-05,2.22743807738241e-05
7,SH,Left,674.366910432351,0.000379113346412172,7.66420132625432e-05
7,SH,Left,776.216613786162,0.000598803366333455,0.000112640534745793
7,SH,Left,889.551441382679,0.000187287365071723,4.50463673955679e-05
7,SH,Left,1015.66651804335,0.000314892584484504,7.93599894996262e-05
7,SH,Left,1156.00301387982,0.000599409539633687,0.000181578926720172
7,SH,Left,1312.16461315198,0.00138218038728441,0.000498032928474986
7,SH,Left,1485.93584024358,0.0034473145616018,0.00136406441518772
7,SH,Left,1679.30245217416,0.00854371949144047,0.00346965486109354
7,SH,Left,1894.47413068111,0.0204144762272278,0.00809644504117986
7,SH,Left,2133.90973318379,0.0478956514844007,0.0170573959280938
7,SH,Left,2400.34539118311,0.10868564086054,0.0327977004168785
7,SH,Left,2696.82577718896,0.244366308822857,0.0625424588914469
7,SH,Left,3026.73889747556,0.503096122663403,0.104810579026258
7,SH,Left,3393.85480825658,0.903143565307329,0.152678838816656
7,SH,Left,3802.36869770572,1.36269335868705,0.180012539479717
7,SH,Left,4256.94882613932,1.84335943884683,0.24769561333389
7,SH,Left,4762.78987219375,2.48096603110828,0.345815935870545
7,SH,Left,5325.67229460656,3.18950696423381,0.372035462636206
7,SH,Left,5952.02838795379,3.76668101382022,0.331419040170841
7,SH,Left,6649.01578718983,4.08521784358298,0.267392545790815
7,SH,Left,7424.59926095756,4.13254077059279,0.259685959954779
7,SH,Left,8287.64172835503,4.04755234286036,0.263977463518095
7,SH,Left,9248.00553924585,3.84413336407709,0.296688385415651
7,SH,Left,10316.6651754859,3.48356728030914,0.311972138324734
7,SH,Left,11505.8326609511,3.31857391977769,0.3131972011333
7,SH,Left,12829.0971134787,3.52655763741864,0.327910842114534
7,SH,Left,14301.580033442,4.05069998017569,0.410499880491659
7,SH,Left,15940.1081035055,4.60702628333589,0.471745492619523
7,SH,Left,17763.4054742165,4.75638969220833,0.517563355926086
7,SH,Left,19792.3077327617,4.21418130593428,0.630657594563563
7,SH,Right,49.9999999999997,0.000381216682290356,8.81451200159482e-05
7,SH,Right,81.4427085053407,0.000183551959719624,4.10505074898586e-05
7,SH,Right,116.431067138464,0.00025571622479254,5.33216623412742e-05
7,SH,Right,155.364902613614,4.19223853036032e-05,1.83380909338274e-05
7,SH,Right,198.689128271089,3.38385454961626e-05,1.22879549511763e-05
7,SH,Right,246.898828289411,0.00246364269471417,0.000530534263624747
7,SH,Right,300.544915220817,0.000607102419061746,0.000129951393271197
7,SH,Right,360.240425501075,8.59294152763712e-05,3.23842868830712e-05
7,SH,Right,426.667524875106,9.01435199876858e-05,3.19643438435674e-05
7,SH,Right,500.585303792335,9.38088560328628e-05,2.47404471825918e-05
7,SH,Right,582.838451853057,0.000103491458776139,2.45274926183802e-05
7,SH,Right,674.366910432351,0.000430152655366499,9.46403939302926e-05
7,SH,Right,776.216613786162,0.000675045384494726,0.000138926297205126
7,SH,Right,889.551441382679,0.000226951040630859,5.53000542868228e-05
7,SH,Right,1015.66651804335,0.000376899736859589,9.6843364496642e-05
7,SH,Right,1156.00301387982,0.000699788087235121,0.000209351224216048
7,SH,Right,1312.16461315198,0.00154629929478571,0.000541442179877976
7,SH,Right,1485.93584024358,0.00370055622658652,0.00141188201976883
7,SH,Right,1679.30245217416,0.00898710563139757,0.00351336464051219
7,SH,Right,1894.47413068111,0.0216530284249622,0.00809669275965754
7,SH,Right,2133.90973318379,0.0516658163630386,0.0172864406770314
7,SH,Right,2400.34539118311,0.122137501036854,0.0372414486714003
7,SH,Right,2696.82577718896,0.281080452551069,0.0777246652939794
7,SH,Right,3026.73889747556,0.588748788583878,0.148931707769628
7,SH,Right,3393.85480825658,1.05694900364156,0.221993249308653
7,SH,Right,3802.36869770572,1.5606694498526,0.266290889981078
7,SH,Right,4256.94882613932,2.12496651257153,0.36926318381788
7,SH,Right,4762.78987219375,2.83913454885895,0.450337331343864
7,SH,Right,5325.67229460656,3.5604085718472,0.436690246244115
7,SH,Right,5952.02838795379,4.05883326898678,0.347611611935187
7,SH,Right,6649.01578718983,4.25408558488346,0.271936386520663
7,SH,Right,7424.59926095756,4.13521101011903,0.253905644867479
7,SH,Right,8287.64172835503,3.94673829993894,0.246558358434221
7,SH,Right,9248.00553924585,3.75331422080178,0.285035705615492
7,SH,Right,10316.6651754859,3.44265937400194,0.322194774395407
7,SH,Right,11505.8326609511,3.35255568139983,0.308182068212681
7,SH,Right,12829.0971134787,3.67515047034908,0.388772786949777
7,SH,Right,14301.580033442,4.23718282213044,0.443038218357038
7,SH,Right,15940.1081035055,4.61513809349387,0.478904547177622
7,SH,Right,17763.4054742165,4.49206210253525,0.560971773651298
7,SH,Right,19792.3077327617,3.8424228401413,0.595409869308074
7,Conventional,Left,49.9999999999997,0.0121327698610926,0.00308953461398419
7,Conventional,Left,81.4427085053407,0.0119944057033191,0.00312368506673923
7,Conventional,Left,116.431067138464,0.0101655829449395,0.00268717157906878
7,Conventional,Left,155.364902613614,0.00541037537951474,0.00136840615229412
7,Conventional,Left,198.689128271089,0.00397086668003344,0.00104874961417982
7,Conventional,Left,246.898828289411,0.00462137791218801,0.00131939790284708
7,Conventional,Left,300.544915220817,0.00699903136124825,0.00183871104645613
7,Conventional,Left,360.240425501075,0.00925931448503656,0.0023786374955906
7,Conventional,Left,426.667524875106,0.010054232370861,0.00260162978852308
7,Conventional,Left,500.585303792335,0.00728566874115398,0.00172529918019833
7,Conventional,Left,582.838451853057,0.00510745022564994,0.000990733763065169
7,Conventional,Left,674.366910432351,0.00601065885064398,0.000943271467627826
7,Conventional,Left,776.216613786162,0.013424847112122,0.00219291607469725
7,Conventional,Left,889.551441382679,0.0270120349389633,0.00465080552633961
7,Conventional,Left,1015.66651804335,0.0501198547833919,0.00712755010512994
7,Conventional,Left,1156.00301387982,0.0870574160009879,0.0107973521027009
7,Conventional,Left,1312.16461315198,0.132861916990523,0.0143072959867866
7,Conventional,Left,1485.93584024358,0.19227698265763,0.0207115733583505
7,Conventional,Left,1679.30245217416,0.271648545311226,0.0284848267158976
7,Conventional,Left,1894.47413068111,0.37304040808171,0.0400291282577096
7,Conventional,Left,2133.90973318379,0.535679854004311,0.0585322658424493
7,Conventional,Left,2400.34539118311,0.679970797660741,0.0531420419985
7,Conventional,Left,2696.82577718896,0.698952390754071,0.0599669042419092
7,Conventional,Left,3026.73889747556,0.671963775807904,0.0664539316050982
7,Conventional,Left,3393.85480825658,0.743092513831851,0.0590933740470357
7,Conventional,Left,3802.36869770572,0.798570483786687,0.0693484095232095
7,Conventional,Left,4256.94882613932,0.800681187055024,0.0656475859701338
7,Conventional,Left,4762.78987219375,0.787677219830187,0.0642008088737806
7,Conventional,Left,5325.67229460656,0.749658078277455,0.0714402662329136
7,Conventional,Left,5952.02838795379,0.715308236627018,0.0752400283838258
7,Conventional,Left,6649.01578718983,0.737735200290494,0.0903311689217538
7,Conventional,Left,7424.59926095756,0.822080117360034,0.111042454679705
7,Conventional,Left,8287.64172835503,0.953805498085186,0.141496924724417
7,Conventional,Left,9248.00553924585,1.03424810909069,0.152381690279232
7,Conventional,Left,10316.6651754859,1.01728433373637,0.145181535204597
7,Conventional,Left,11505.8326609511,1.06051537858269,0.146584743904585
7,Conventional,Left,12829.0971134787,1.2081211743292,0.185675161082525
7,Conventional,Left,14301.580033442,1.32739473605591,0.221433860724016
7,Conventional,Left,15940.1081035055,1.36819176589955,0.217797775065292
7,Conventional,Left,17763.4054742165,1.37490213996547,0.237375256627626
7,Conventional,Left,19792.3077327617,1.51054302576802,0.2614339844575
7,Conventional,Right,49.9999999999997,0.0124909667555996,0.0030211438498089
7,Conventional,Right,81.4427085053407,0.0122566835129771,0.00298852329294923
7,Conventional,Right,116.431067138464,0.0103446665190289,0.00251875174850772
7,Conventional,Right,155.364902613614,0.00567306975831055,0.00134225216097331
7,Conventional,Right,198.689128271089,0.00414135234115102,0.00109151712522927
7,Conventional,Right,246.898828289411,0.00446893426999583,0.00130675831644894
7,Conventional,Right,300.544915220817,0.00701003050165939,0.00185223482365175
7,Conventional,Right,360.240425501075,0.00934573415758419,0.00242682850337809
7,Conventional,Right,426.667524875106,0.0101554176092416,0.00264593863476658
7,Conventional,Right,500.585303792335,0.00764066003645315,0.00180747923352975
7,Conventional,Right,582.838451853057,0.00542781733485952,0.00104102565972929
7,Conventional,Right,674.366910432351,0.00577219148900727,0.000887461181604977
7,Conventional,Right,776.216613786162,0.0130770000741425,0.00196304189465741
7,Conventional,Right,889.551441382679,0.0261490004787026,0.0043343323833606
7,Conventional,Right,1015.66651804335,0.0486285824117751,0.00681303615415962
7,Conventional,Right,1156.00301387982,0.0841710095588407,0.0100252156287093
7,Conventional,Right,1312.16461315198,0.126824920086436,0.0131193694840351
7,Conventional,Right,1485.93584024358,0.184571672065263,0.0199143363610902
7,Conventional,Right,1679.30245217416,0.261413027460735,0.02625727202389
7,Conventional,Right,1894.47413068111,0.372315813903257,0.0429224641160022
7,Conventional,Right,2133.90973318379,0.533066238928017,0.0563332645593019
7,Conventional,Right,2400.34539118311,0.66006970435416,0.0499687857954376
7,Conventional,Right,2696.82577718896,0.657231743524168,0.0604399599666402
7,Conventional,Right,3026.73889747556,0.645759543272111,0.0519396908664034
7,Conventional,Right,3393.85480825658,0.772364987587249,0.0810350129628704
7,Conventional,Right,3802.36869770572,0.838207065391904,0.0737335147087476
7,Conventional,Right,4256.94882613932,0.818752582560197,0.0616667415133961
7,Conventional,Right,4762.78987219375,0.779049335571388,0.0634018082253594
7,Conventional,Right,5325.67229460656,0.736019543600254,0.0744947436733401
7,Conventional,Right,5952.02838795379,0.703524886294335,0.0721214924657226
7,Conventional,Right,6649.01578718983,0.721364828384064,0.084510037943904
7,Conventional,Right,7424.59926095756,0.803604198266628,0.112469560594608
7,Conventional,Right,8287.64172835503,0.950509507579552,0.131379925327053
7,Conventional,Right,9248.00553924585,1.01533582603168,0.130701006525953
7,Conventional,Right,10316.6651754859,0.993902354779019,0.155418955880321
7,Conventional,Right,11505.8326609511,1.02103304598936,0.14275179140321
7,Conventional,Right,12829.0971134787,1.11932835326669,0.172649283038184
7,Conventional,Right,14301.580033442,1.2214609769761,0.194756412849301
7,Conventional,Right,15940.1081035055,1.23285778293367,0.192473797300156
7,Conventional,Right,17763.4054742165,1.25515166596261,0.211838769457793
7,Conventional,Right,19792.3077327617,1.37835376466667,0.250090040451932
7,MCA,Left,49.9999999999997,0.0125819244278962,0.00339959941694919
7,MCA,Left,81.4427085053407,0.0124655300751932,0.00343241644606415
7,MCA,Left,116.431067138464,0.0106071102172532,0.00294140870591664
7,MCA,Left,155.364902613614,0.00565180187656403,0.00148708964602197
7,MCA,Left,198.689128271089,0.00413289489025016,0.00113216689216013
7,MCA,Left,246.898828289411,0.00484870188667893,0.00143850300112844
7,MCA,Left,300.544915220817,0.00727338692627252,0.00202847256821225
7,MCA,Left,360.240425501075,0.00963921296146671,0.0026403282818185
7,MCA,Left,426.667524875106,0.0104413075473796,0.00291217454420783
7,MCA,Left,500.585303792335,0.00758955452708858,0.00191314223866766
7,MCA,Left,582.838451853057,0.00521712308305985,0.00103222261959594
7,MCA,Left,674.366910432351,0.00613651361489165,0.00102795997244846
7,MCA,Left,776.216613786162,0.0136618327474022,0.00234336015078931
7,MCA,Left,889.551441382679,0.0270990558167445,0.0046929236362222
7,MCA,Left,1015.66651804335,0.0501007963264755,0.00713303213285296
7,MCA,Left,1156.00301387982,0.0870370159960293,0.0108106131985674
7,MCA,Left,1312.16461315198,0.132774696307688,0.0142990921318481
7,MCA,Left,1485.93584024358,0.192183752741993,0.0207153848166325
7,MCA,Left,1679.30245217416,0.271672102517733,0.0285134777009748
7,MCA,Left,1894.47413068111,0.373600853045025,0.0402207566903986
7,MCA,Left,2133.90973318379,0.537696139002707,0.0590149894582823
7,MCA,Left,2400.34539118311,0.684454179846696,0.0539037765107444
7,MCA,Left,2696.82577718896,0.70547083000397,0.059961889415154
7,MCA,Left,3026.73889747556,0.67110516422402,0.0672363914352326
7,MCA,Left,3393.85480825658,0.687478613256545,0.060187728515349
7,MCA,Left,3802.36869770572,0.659512742837867,0.0647394156591977
7,MCA,Left,4256.94882613932,0.654817958878662,0.0779878503744109
7,MCA,Left,4762.78987219375,0.683008754175956,0.0958573421553034
7,MCA,Left,5325.67229460656,0.691620958194388,0.0980944291428906
7,MCA,Left,5952.02838795379,0.703141421436016,0.0904225138992338
7,MCA,Left,6649.01578718983,0.730411450453173,0.10605752504344
7,MCA,Left,7424.59926095756,0.768458982279102,0.112482402738402
7,MCA,Left,8287.64172835503,0.867868245864376,0.134583571179486
7,MCA,Left,9248.00553924585,0.930059092642948,0.155135776407616
7,MCA,Left,10316.6651754859,0.879809405650088,0.151086137082453
7,MCA,Left,11505.8326609511,0.86165476287845,0.124450469405864
7,MCA,Left,12829.0971134787,0.949048780759411,0.142199049120168
7,MCA,Left,14301.580033442,1.03125755344074,0.154826092527602
7,MCA,Left,15940.1081035055,1.03943229669243,0.139685978079629
7,MCA,Left,17763.4054742165,1.01620139697874,0.119219856395991
7,MCA,Left,19792.3077327617,1.12075728568426,0.140264823748066
7,MCA,Right,49.9999999999997,0.012787860473846,0.00312005943990405
7,MCA,Right,81.4427085053407,0.0125695157779006,0.00308856210219173
7,MCA,Right,116.431067138464,0.0106519261573052,0.00259332839217007
7,MCA,Right,155.364902613614,0.00585963585874264,0.00136565809824501
7,MCA,Right,198.689128271089,0.00427009894764845,0.00110921442108635
7,MCA,Right,246.898828289411,0.00464530162192402,0.00136468441482656
7,MCA,Right,300.544915220817,0.00719324616507434,0.00193326372666059
7,MCA,Right,360.240425501075,0.00958990557186888,0.00252726102485754
7,MCA,Right,426.667524875106,0.0103777711737717,0.00276089783223306
7,MCA,Right,500.585303792335,0.00785892907624597,0.00187234783508248
7,MCA,Right,582.838451853057,0.00552486579381061,0.00105613461289213
7,MCA,Right,674.366910432351,0.00584175022994104,0.000917801233741754
7,MCA,Right,776.216613786162,0.013214566680005,0.00199443690549173
7,MCA,Right,889.551441382679,0.026199511434744,0.00432041244426838
7,MCA,Right,1015.66651804335,0.0486150028099475,0.00681043597791116
7,MCA,Right,1156.00301387982,0.0841125627286039,0.0100145392792341
7,MCA,Right,1312.16461315198,0.126710184495703,0.0131148833542076
7,MCA,Right,1485.93584024358,0.184469047366585,0.0199113427635264
7,MCA,Right,1679.30245217416,0.261431792071698,0.0262708175831114
7,MCA,Right,1894.47413068111,0.372965856061036,0.0431117886395552
7,MCA,Right,2133.90973318379,0.535312479073864,0.0568902987780824
7,MCA,Right,2400.34539118311,0.665023594543737,0.0506371412038879
7,MCA,Right,2696.82577718896,0.664407036012901,0.060684731607905
7,MCA,Right,3026.73889747556,0.64129653574215,0.0509696090293114
7,MCA,Right,3393.85480825658,0.697199634929923,0.06653715810033
7,MCA,Right,3802.36869770572,0.660620395845615,0.0693459197469578
7,MCA,Right,4256.94882613932,0.646143113611035,0.0829196581919814
7,MCA,Right,4762.78987219375,0.670318262998008,0.102781660000303
7,MCA,Right,5325.67229460656,0.687536573900928,0.109874558757083
7,MCA,Right,5952.02838795379,0.704330281195794,0.101082437151532
7,MCA,Right,6649.01578718983,0.719626384648471,0.101332247663028
7,MCA,Right,7424.59926095756,0.75350280483684,0.111538978875286
7,MCA,Right,8287.64172835503,0.858101502376044,0.136372948895186
7,MCA,Right,9248.00553924585,0.923816196217804,0.1537241268201
7,MCA,Right,10316.6651754859,0.872470696369704,0.157629251826275
7,MCA,Right,11505.8326609511,0.842411237921774,0.124297245434334
7,MCA,Right,12829.0971134787,0.908771354394181,0.139312999306521
7,MCA,Right,14301.580033442,0.997783400969464,0.156004171121709
7,MCA,Right,15940.1081035055,1.01007464018929,0.141821754496603
7,MCA,Right,17763.4054742165,1.01638085563,0.12323386926582
7,MCA,Right,19792.3077327617,1.1113393044948,0.15650924440358
8,SH,Left,49.9999999999997,0.000274738557539824,6.25499597667448e-05
8,SH,Left,81.4427085053407,0.000134817590091524,2.86874942963849e-05
8,SH,Left,116.431067138464,0.000221687786777812,4.59755785900829e-05
8,SH,Left,155.364902613614,2.66784399846088e-05,1.64894164326144e-05
8,SH,Left,198.689128271089,2.05324761342443e-05,9.74146211417984e-06
8,SH,Left,246.898828289411,0.00194482516359664,0.000390320880348028
8,SH,Left,300.544915220817,0.000493799862365299,9.76503189754497e-05
8,SH,Left,360.240425501075,6.24991663700291e-05,1.78694912449826e-05
8,SH,Left,426.667524875106,5.43164246671369e-05,1.64795674891841e-05
8,SH,Left,500.585303792335,5.16466074617706e-05,1.80279806612121e-05
8,SH,Left,582.838451853057,5.52501461733143e-05,1.42499039266803e-05
8,SH,Left,674.366910432351,0.000318352331602761,6.62035178095395e-05
8,SH,Left,776.216613786162,0.000503968051028677,9.70432039861449e-05
8,SH,Left,889.551441382679,0.000112395549518781,2.78384128977638e-05
8,SH,Left,1015.66651804335,0.000167313660088311,4.35748586405601e-05
8,SH,Left,1156.00301387982,0.000258488045559445,6.85113150426837e-05
8,SH,Left,1312.16461315198,0.000465945050195903,0.000127197341046861
8,SH,Left,1485.93584024358,0.000979899495054794,0.000328090753061322
8,SH,Left,1679.30245217416,0.00261787196247497,0.000935586626657716
8,SH,Left,1894.47413068111,0.00650029666594749,0.00282510211563085
8,SH,Left,2133.90973318379,0.0173092715381419,0.007328220616812
8,SH,Left,2400.34539118311,0.04315438199824,0.0160737915167571
8,SH,Left,2696.82577718896,0.100828461551302,0.0313060948460286
8,SH,Left,3026.73889747556,0.219234322831321,0.0545982335095864
8,SH,Left,3393.85480825658,0.43755698068137,0.0871937946298563
8,SH,Left,3802.36869770572,0.769553950242881,0.125203200814624
8,SH,Left,4256.94882613932,1.18431076182048,0.178054464984607
8,SH,Left,4762.78987219375,1.67531461919602,0.236681894882636
8,SH,Left,5325.67229460656,2.2435465900097,0.304133323497197
8,SH,Left,5952.02838795379,2.91871016797798,0.38647189899705
8,SH,Left,6649.01578718983,3.55876295228524,0.405425820886562
8,SH,Left,7424.59926095756,4.03598949484029,0.37123249534936
8,SH,Left,8287.64172835503,4.39038788857491,0.335422407345694
8,SH,Left,9248.00553924585,4.41068365681585,0.361701423158218
8,SH,Left,10316.6651754859,4.05784480220211,0.347891206700677
8,SH,Left,11505.8326609511,3.90612150368651,0.276055487475269
8,SH,Left,12829.0971134787,4.08675456656747,0.346611986715269
8,SH,Left,14301.580033442,4.29417036208074,0.409306877288601
8,SH,Left,15940.1081035055,4.38829528905036,0.384873920693782
8,SH,Left,17763.4054742165,4.23626025791273,0.458367824840372
8,SH,Left,19792.3077327617,3.75953735301037,0.480612015951699
8,SH,Right,49.9999999999997,0.000309675709712966,7.39780195129832e-05
8,SH,Right,81.4427085053407,0.000146913644745829,3.20692616851838e-05
8,SH,Right,116.431067138464,0.000229610283675136,4.74166001814421e-05
8,SH,Right,155.364902613614,2.5356653707058e-05,1.00244820399111e-05
8,SH,Right,198.689128271089,2.17694442535432e-05,8.27047970983113e-06
8,SH,Right,246.898828289411,0.00210569892133758,0.000450259436596567
8,SH,Right,300.544915220817,0.000530703902530693,0.000112027254608325
8,SH,Right,360.240425501075,6.57590823025186e-05,2.30708985661651e-05
8,SH,Right,426.667524875106,5.78176434262939e-05,2.0936965216865e-05
8,SH,Right,500.585303792335,5.6876384349175e-05,1.47607411960358e-05
8,SH,Right,582.838451853057,6.49736022697836e-05,1.64484149285027e-05
8,SH,Right,674.366910432351,0.00035308099459781,7.83256339012867e-05
8,SH,Right,776.216613786162,0.000549040141312489,0.000111878115474552
8,SH,Right,889.551441382679,0.000136245430234921,3.47872747083129e-05
8,SH,Right,1015.66651804335,0.000206395386522959,5.6074697391892e-05
8,SH,Right,1156.00301387982,0.000317753077773294,8.90740749882014e-05
8,SH,Right,1312.16461315198,0.000556681773592765,0.000159038672649752
8,SH,Right,1485.93584024358,0.0011262072876825,0.000375407963851503
8,SH,Right,1679.30245217416,0.00287601773954971,0.00103962791448222
8,SH,Right,1894.47413068111,0.0069567844496115,0.00298291604085302
8,SH,Right,2133.90973318379,0.018123938292716,0.00760336510291681
8,SH,Right,2400.34539118311,0.0452711320249449,0.0168538470161283
8,SH,Right,2696.82577718896,0.107432752400653,0.0342057496575246
8,SH,Right,3026.73889747556,0.242279871617444,0.0674813905085163
8,SH,Right,3393.85480825658,0.498471332337641,0.120796015439828
8,SH,Right,3802.36869770572,0.885117813671966,0.188427586567465
8,SH,Right,4256.94882613932,1.37321397233729,0.266517641725786
8,SH,Right,4762.78987219375,1.92415471976239,0.319413411301314
8,SH,Right,5325.67229460656,2.54569737692448,0.384235282152847
8,SH,Right,5952.02838795379,3.19140239651044,0.400819996074424
8,SH,Right,6649.01578718983,3.72513964806698,0.329369408103443
8,SH,Right,7424.59926095756,4.14023426778541,0.307908227239072
8,SH,Right,8287.64172835503,4.4232959150369,0.319679438473916
8,SH,Right,9248.00553924585,4.42541786733484,0.333853726361159
8,SH,Right,10316.6651754859,4.05351450337669,0.365118469564843
8,SH,Right,11505.8326609511,3.89702113263914,0.273850809997845
8,SH,Right,12829.0971134787,4.00192673437187,0.34573525957829
8,SH,Right,14301.580033442,4.1619382006456,0.442490947620814
8,SH,Right,15940.1081035055,4.19437801314949,0.452749327313346
8,SH,Right,17763.4054742165,3.99524329919171,0.420935548923865
8,SH,Right,19792.3077327617,3.55909494901555,0.391146852597432
8,Conventional,Left,49.9999999999997,0.0119944425124773,0.00326261542337169
8,Conventional,Left,81.4427085053407,0.0118355989318174,0.00326416523709372
8,Conventional,Left,116.431067138464,0.0100177362338251,0.00277826190443782
8,Conventional,Left,155.364902613614,0.00534031894009281,0.00144055162843441
8,Conventional,Left,198.689128271089,0.00391548753683427,0.00100679576454701
8,Conventional,Left,246.898828289411,0.00455890122938789,0.00132806875193004
8,Conventional,Left,300.544915220817,0.00697791964743027,0.00188870937898356
8,Conventional,Left,360.240425501075,0.0092199249726084,0.00251599781654031
8,Conventional,Left,426.667524875106,0.0100003237826123,0.00278361387527116
8,Conventional,Left,500.585303792335,0.00712086801246988,0.00187617035160748
8,Conventional,Left,582.838451853057,0.00447771539586302,0.00106653316710455
8,Conventional,Left,674.366910432351,0.0046789495686949,0.000937082833253173
8,Conventional,Left,776.216613786162,0.00941568925137143,0.00166886380287012
8,Conventional,Left,889.551441382679,0.0145981885535324,0.00247617374508045
8,Conventional,Left,1015.66651804335,0.0276108464914633,0.00497475888554274
8,Conventional,Left,1156.00301387982,0.0520598105818749,0.00686520037705716
8,Conventional,Left,1312.16461315198,0.0829230790551051,0.00896260881014897
8,Conventional,Left,1485.93584024358,0.122862204464179,0.0149127487092381
8,Conventional,Left,1679.30245217416,0.190015379671696,0.0256111017841536
8,Conventional,Left,1894.47413068111,0.28176200319436,0.030728183987994
8,Conventional,Left,2133.90973318379,0.368424366312869,0.0268241607940813
8,Conventional,Left,2400.34539118311,0.417925660674448,0.0307620629888359
8,Conventional,Left,2696.82577718896,0.448435144365103,0.0428840390253363
8,Conventional,Left,3026.73889747556,0.516894462482943,0.0495614813969459
8,Conventional,Left,3393.85480825658,0.576668243171592,0.0532332333690242
8,Conventional,Left,3802.36869770572,0.612052413575338,0.05879402351597
8,Conventional,Left,4256.94882613932,0.648252490861117,0.0619161951378739
8,Conventional,Left,4762.78987219375,0.673538988914237,0.0660283539855192
8,Conventional,Left,5325.67229460656,0.682046453476226,0.077119485605034
8,Conventional,Left,5952.02838795379,0.693762484271618,0.0802301864526282
8,Conventional,Left,6649.01578718983,0.70956005582433,0.0846970748160719
8,Conventional,Left,7424.59926095756,0.746938564500132,0.0939411945829022
8,Conventional,Left,8287.64172835503,0.82135159684136,0.108646443604191
8,Conventional,Left,9248.00553924585,0.867409018032776,0.120737973438879
8,Conventional,Left,10316.6651754859,0.837644770337748,0.124875298599515
8,Conventional,Left,11505.8326609511,0.893702243083991,0.132530935384908
8,Conventional,Left,12829.0971134787,1.03304076735264,0.155702992551517
8,Conventional,Left,14301.580033442,1.14355755390498,0.17790476265292
8,Conventional,Left,15940.1081035055,1.16921669092553,0.170519888836733
8,Conventional,Left,17763.4054742165,1.14110398173431,0.177344044747035
8,Conventional,Left,19792.3077327617,1.26918359661316,0.213119852438181
8,Conventional,Right,49.9999999999997,0.0120467605747597,0.00324035878050253
8,Conventional,Right,81.4427085053407,0.0118814311779718,0.00325451461287237
8,Conventional,Right,116.431067138464,0.0100394704947628,0.00276037939547925
8,Conventional,Right,155.364902613614,0.00542273654492012,0.00142753088194225
8,Conventional,Right,198.689128271089,0.00392659356488311,0.000968810824446492
8,Conventional,Right,246.898828289411,0.00436478168939616,0.00130877310876313
8,Conventional,Right,300.544915220817,0.00675579250384122,0.00183395665653361
8,Conventional,Right,360.240425501075,0.00902132547431081,0.00252353385094915
8,Conventional,Right,426.667524875106,0.00984282608649851,0.00285054126101155
8,Conventional,Right,500.585303792335,0.00716765848774831,0.00192020669372008
8,Conventional,Right,582.838451853057,0.00470672125715406,0.0011004992968898
8,Conventional,Right,674.366910432351,0.004480906298074,0.000846272463417944
8,Conventional,Right,776.216613786162,0.00908060944004566,0.00153247998746205
8,Conventional,Right,889.551441382679,0.0142361072163725,0.00216101512911753
8,Conventional,Right,1015.66651804335,0.02671547410342,0.00461362058179661
8,Conventional,Right,1156.00301387982,0.0503749456949722,0.00636471556434165
8,Conventional,Right,1312.16461315198,0.0790777247455619,0.00833923153504352
8,Conventional,Right,1485.93584024358,0.117280722329736,0.0141555337322756
8,Conventional,Right,1679.30245217416,0.185513926690848,0.0248583052053346
8,Conventional,Right,1894.47413068111,0.279486574199306,0.0296856950273202
8,Conventional,Right,2133.90973318379,0.359323283168348,0.0249343343336537
8,Conventional,Right,2400.34539118311,0.403552905858405,0.024998321490371
8,Conventional,Right,2696.82577718896,0.437493466400716,0.0359737118753739
8,Conventional,Right,3026.73889747556,0.513043311742196,0.0457600167973249
8,Conventional,Right,3393.85480825658,0.56811889631802,0.0481718285411944
8,Conventional,Right,3802.36869770572,0.600598207458213,0.0504406559818536
8,Conventional,Right,4256.94882613932,0.631644860193148,0.0549921241639853
8,Conventional,Right,4762.78987219375,0.660847911645062,0.064548095624481
8,Conventional,Right,5325.67229460656,0.683001683281134,0.0816426070760697
8,Conventional,Right,5952.02838795379,0.697655617305189,0.0811447361657654
8,Conventional,Right,6649.01578718983,0.697026660975994,0.079628939825775
8,Conventional,Right,7424.59926095756,0.729221604027386,0.0977969523150059
8,Conventional,Right,8287.64172835503,0.806875431229022,0.109412474456394
8,Conventional,Right,9248.00553924585,0.848608053420423,0.114415277910251
8,Conventional,Right,10316.6651754859,0.816757928361855,0.138361410761357
8,Conventional,Right,11505.8326609511,0.854728155237795,0.128050974966698
8,Conventional,Right,12829.0971134787,0.966516700606268,0.153103419021283
8,Conventional,Right,14301.580033442,1.06105701303646,0.166707106055814
8,Conventional,Right,15940.1081035055,1.06444673245493,0.154774362352947
8,Conventional,Right,17763.4054742165,1.07133713412763,0.156431769420902
8,Conventional,Right,19792.3077327617,1.193483676829,0.209445029789136
8,MCA,Left,49.9999999999997,0.0122351102402788,0.00342386310167762
8,MCA,Left,81.4427085053407,0.0120768734974563,0.00342820209965532
8,MCA,Left,116.431067138464,0.0102297169616433,0.00291821264384622
8,MCA,Left,155.364902613614,0.00545773942714722,0.00150816986818781
8,MCA,Left,198.689128271089,0.00400984740566572,0.00105908848507155
8,MCA,Left,246.898828289411,0.00468084258656432,0.00139356834075983
8,MCA,Left,300.544915220817,0.00713246208269966,0.00199082847938988
8,MCA,Left,360.240425501075,0.00941340732966977,0.00265093040271379
8,MCA,Left,426.667524875106,0.0101980219868518,0.00293538626353814
8,MCA,Left,500.585303792335,0.00729037471115923,0.00198007503190325
8,MCA,Left,582.838451853057,0.0045482040318589,0.00109420633275226
8,MCA,Left,674.366910432351,0.00473059471071155,0.00097805294200689
8,MCA,Left,776.216613786162,0.00953892770387176,0.00176843002993311
8,MCA,Left,889.551441382679,0.0146813694136113,0.00251368065859358
8,MCA,Left,1015.66651804335,0.0276312138864737,0.00497795436477993
8,MCA,Left,1156.00301387982,0.0520957502468581,0.00687875641004711
8,MCA,Left,1312.16461315198,0.0829239394321036,0.00896572704461377
8,MCA,Left,1485.93584024358,0.122853798432196,0.0149124785496578
8,MCA,Left,1679.30245217416,0.189997869857968,0.0256026969069835
8,MCA,Left,1894.47413068111,0.281737268770475,0.030718134629213
8,MCA,Left,2133.90973318379,0.368508168696294,0.0268276193895804
8,MCA,Left,2400.34539118311,0.418221897071174,0.0307554825587687
8,MCA,Left,2696.82577718896,0.449030868980887,0.0429557181496382
8,MCA,Left,3026.73889747556,0.51791888219377,0.0497395765372604
8,MCA,Left,3393.85480825658,0.577721129983072,0.0534289934118671
8,MCA,Left,3802.36869770572,0.605337498668013,0.0596639746002624
8,MCA,Left,4256.94882613932,0.627108907683613,0.0729527665362157
8,MCA,Left,4762.78987219375,0.65495434970649,0.0860484049596025
8,MCA,Left,5325.67229460656,0.653479041781009,0.0832468599829033
8,MCA,Left,5952.02838795379,0.639942909646227,0.0829617319050667
8,MCA,Left,6649.01578718983,0.646058034444024,0.0919722850065481
8,MCA,Left,7424.59926095756,0.678631423752841,0.0930534991411221
8,MCA,Left,8287.64172835503,0.759288177312912,0.120528294931192
8,MCA,Left,9248.00553924585,0.798794821725938,0.143974027912253
8,MCA,Left,10316.6651754859,0.742320784317991,0.133279558257051
8,MCA,Left,11505.8326609511,0.746653879575622,0.112445233097649
8,MCA,Left,12829.0971134787,0.827757500271244,0.132486647545733
8,MCA,Left,14301.580033442,0.910882090103661,0.138437852799695
8,MCA,Left,15940.1081035055,0.920454278011044,0.116568587871631
8,MCA,Left,17763.4054742165,0.882679502062007,0.106628099598258
8,MCA,Left,19792.3077327617,0.984134229038729,0.140278259658065
8,MCA,Right,49.9999999999997,0.0122292339842663,0.00329046131930018
8,MCA,Right,81.4427085053407,0.0120626844042806,0.00330299900189447
8,MCA,Right,116.431067138464,0.0101994498833056,0.00280076702024268
8,MCA,Right,155.364902613614,0.00551788857043947,0.00144563337419261
8,MCA,Right,198.689128271089,0.00400994377855562,0.000990844959164616
8,MCA,Right,246.898828289411,0.00446220710311137,0.00134041850642107
8,MCA,Right,300.544915220817,0.00686588638742182,0.00188198924437635
8,MCA,Right,360.240425501075,0.0091554916016055,0.00258078683994348
8,MCA,Right,426.667524875106,0.00997716886603267,0.00290598381556186
8,MCA,Right,500.585303792335,0.007302653339521,0.0019568829908421
8,MCA,Right,582.838451853057,0.00477411418382244,0.0011110573435897
8,MCA,Right,674.366910432351,0.00450662660606486,0.000865885666357831
8,MCA,Right,776.216613786162,0.00916412431654904,0.00157115494160032
8,MCA,Right,889.551441382679,0.0143036051263427,0.00216764346831458
8,MCA,Right,1015.66651804335,0.0267288414341199,0.00461150658193063
8,MCA,Right,1156.00301387982,0.0503921038217108,0.0063620805326015
8,MCA,Right,1312.16461315198,0.0790786521139809,0.008343062701619
8,MCA,Right,1485.93584024358,0.117265791413557,0.014157401881549
8,MCA,Right,1679.30245217416,0.185505123065843,0.0248518842604986
8,MCA,Right,1894.47413068111,0.279474755232563,0.0296747772238733
8,MCA,Right,2133.90973318379,0.359420454826496,0.0249401528653631
8,MCA,Right,2400.34539118311,0.403901557545393,0.025025834159709
8,MCA,Right,2696.82577718896,0.43812222344944,0.0360181560863096
8,MCA,Right,3026.73889747556,0.514017831036456,0.0459311730189344
8,MCA,Right,3393.85480825658,0.568570088710268,0.0487690746994543
8,MCA,Right,3802.36869770572,0.590133634022565,0.0545535908576099
8,MCA,Right,4256.94882613932,0.604983050169379,0.0759043571021814
8,MCA,Right,4762.78987219375,0.643656338228418,0.097300421276116
8,MCA,Right,5325.67229460656,0.659883964268504,0.0995532471365397
8,MCA,Right,5952.02838795379,0.654500940204419,0.0893410926014032
8,MCA,Right,6649.01578718983,0.644603894781477,0.0859898185962606
8,MCA,Right,7424.59926095756,0.670325114377579,0.0947434846282493
8,MCA,Right,8287.64172835503,0.757545712912813,0.13155531975097
8,MCA,Right,9248.00553924585,0.802795203253942,0.145034664424103
8,MCA,Right,10316.6651754859,0.747912495029435,0.142810411061502
8,MCA,Right,11505.8326609511,0.727926770570358,0.108760249336079
8,MCA,Right,12829.0971134787,0.788571824199607,0.131349439777592
8,MCA,Right,14301.580033442,0.873437911401594,0.148480424558246
8,MCA,Right,15940.1081035055,0.887123732389572,0.121519203244439
8,MCA,Right,17763.4054742165,0.884900340318646,0.110339859059238
8,MCA,Right,19792.3077327617,0.98791568257481,0.145163918701209
9,SH,Left,49.9999999999997,0.000202049280698445,4.98519193011716e-05
9,SH,Left,81.4427085053407,0.000103398103316148,2.40480233127501e-05
9,SH,Left,116.431067138464,0.000187430775252622,4.12654948215282e-05
9,SH,Left,155.364902613614,2.06516185302844e-05,1.61410200144037e-05
9,SH,Left,198.689128271089,1.45295569533961e-05,8.66497841524803e-06
9,SH,Left,246.898828289411,0.00155311323583409,0.000326697140347174
9,SH,Left,300.544915220817,0.000395321341870226,8.28316992969481e-05
9,SH,Left,360.240425501075,3.93096258190409e-05,1.19765341907628e-05
9,SH,Left,426.667524875106,3.22780401267806e-05,9.56460972260878e-06
9,SH,Left,500.585303792335,3.43535785112498e-05,1.61617093067455e-05
9,SH,Left,582.838451853057,3.3956398892717e-05,8.76432779949455e-06
9,SH,Left,674.366910432351,0.000244576193842738,5.39380414960194e-05
9,SH,Left,776.216613786162,0.000407757471715518,8.383395094854e-05
9,SH,Left,889.551441382679,6.69275115201432e-05,1.73620692053835e-05
9,SH,Left,1015.66651804335,9.33802017264752e-05,2.47818329174206e-05
9,SH,Left,1156.00301387982,0.000133278388112432,3.67199196436023e-05
9,SH,Left,1312.16461315198,0.000216733722758911,5.83003037945393e-05
9,SH,Left,1485.93584024358,0.000389275226415873,0.000112215865127755
9,SH,Left,1679.30245217416,0.00111468794362045,0.000283281966623739
9,SH,Left,1894.47413068111,0.00208566009074866,0.000904847002188489
9,SH,Left,2133.90973318379,0.00569839490897519,0.00264191708443607
9,SH,Left,2400.34539118311,0.0160532131223373,0.00715706802047303
9,SH,Left,2696.82577718896,0.0424376973217518,0.0164405997496113
9,SH,Left,3026.73889747556,0.101355576161422,0.0322316801281718
9,SH,Left,3393.85480825658,0.220089371370728,0.0550479448931092
9,SH,Left,3802.36869770572,0.424897927751173,0.0847846655749639
9,SH,Left,4256.94882613932,0.727113384082386,0.123743875495551
9,SH,Left,4762.78987219375,1.13293579170253,0.18323434471517
9,SH,Left,5325.67229460656,1.67440021364109,0.280130993376765
9,SH,Left,5952.02838795379,2.41586362534369,0.383323012375715
9,SH,Left,6649.01578718983,3.12190707050333,0.389044606160348
9,SH,Left,7424.59926095756,3.73305766126525,0.373681810115464
9,SH,Left,8287.64172835503,4.21433631537472,0.341939322616762
9,SH,Left,9248.00553924585,4.21567920050126,0.371769435460701
9,SH,Left,10316.6651754859,3.68021675534786,0.461073613857606
9,SH,Left,11505.8326609511,3.19007817334863,0.332947976564113
9,SH,Left,12829.0971134787,3.09538815942062,0.341782932480858
9,SH,Left,14301.580033442,3.29947917316267,0.390925023065243
9,SH,Left,15940.1081035055,3.58477197099609,0.352794660796955
9,SH,Left,17763.4054742165,3.86974441371265,0.303275227619853
9,SH,Left,19792.3077327617,3.99633818039861,0.301108691765161
9,SH,Right,49.9999999999997,0.00022466338252498,5.68023055655855e-05
9,SH,Right,81.4427085053407,0.000110381499561752,2.53199243234731e-05
9,SH,Right,116.431067138464,0.000195222263006663,4.3547300706971e-05
9,SH,Right,155.364902613614,1.85401298734906e-05,8.05114910250521e-06
9,SH,Right,198.689128271089,1.54905120028939e-05,6.12687925095445e-06
9,SH,Right,246.898828289411,0.00167903204168293,0.000388895877663759
9,SH,Right,300.544915220817,0.000426050795476091,9.80379517238098e-05
9,SH,Right,360.240425501075,4.02049965100663e-05,1.03048370885978e-05
9,SH,Right,426.667524875106,3.21403947221997e-05,9.68921222310266e-06
9,SH,Right,500.585303792335,3.58231680303403e-05,9.36189004434732e-06
9,SH,Right,582.838451853057,4.03099216489932e-05,1.0776749140294e-05
9,SH,Right,674.366910432351,0.000274755150962122,6.81283871974351e-05
9,SH,Right,776.216613786162,0.000447169762056618,0.000104939241148001
9,SH,Right,889.551441382679,7.98614513445231e-05,2.10388571920699e-05
9,SH,Right,1015.66651804335,0.000116110793689365,3.37300364372505e-05
9,SH,Right,1156.00301387982,0.000168502185312991,5.22962292887914e-05
9,SH,Right,1312.16461315198,0.000272162800152223,8.41668381800277e-05
9,SH,Right,1485.93584024358,0.00047742009049174,0.000149827271705298
9,SH,Right,1679.30245217416,0.00126312306382735,0.000357853918254688
9,SH,Right,1894.47413068111,0.00234218876195943,0.000978873428202737
9,SH,Right,2133.90973318379,0.00616737643848975,0.00282234678665313
9,SH,Right,2400.34539118311,0.0170169618549164,0.00764139720532484
9,SH,Right,2696.82577718896,0.0445728362950179,0.0174898294922324
9,SH,Right,3026.73889747556,0.108429183084927,0.0358151325322611
9,SH,Right,3393.85480825658,0.241752974174111,0.0661183837318373
9,SH,Right,3802.36869770572,0.482062690013248,0.116771558743906
9,SH,Right,4256.94882613932,0.844837282130906,0.189006443616864
9,SH,Right,4762.78987219375,1.32163766469208,0.27206952058784
9,SH,Right,5325.67229460656,1.95596016637992,0.3799092784916
9,SH,Right,5952.02838795379,2.68494111899773,0.406392686748094
9,SH,Right,6649.01578718983,3.33096692449165,0.362916178133493
9,SH,Right,7424.59926095756,3.90087524652535,0.341309832187631
9,SH,Right,8287.64172835503,4.27376791812017,0.325244287415746
9,SH,Right,9248.00553924585,4.19259314734079,0.373542382009982
9,SH,Right,10316.6651754859,3.66244073387637,0.43711758436922
9,SH,Right,11505.8326609511,3.17939180180065,0.307062391578283
9,SH,Right,12829.0971134787,3.06018478464799,0.289740033293031
9,SH,Right,14301.580033442,3.29607326480524,0.370590377341093
9,SH,Right,15940.1081035055,3.62705254091488,0.379673125464757
9,SH,Right,17763.4054742165,3.94463651981047,0.364796544505852
9,SH,Right,19792.3077327617,3.96294464619562,0.338431566744791
9,Conventional,Left,49.9999999999997,0.0118183345096432,0.00303666258401771
9,Conventional,Left,81.4427085053407,0.0116484701691041,0.00309765475272227
9,Conventional,Left,116.431067138464,0.00984407277699859,0.00268029832051517
9,Conventional,Left,155.364902613614,0.0052483832443704,0.00137320683857606
9,Conventional,Left,198.689128271089,0.00385403364411277,0.00107184797016098
9,Conventional,Left,246.898828289411,0.0044831061828375,0.00129669942276457
9,Conventional,Left,300.544915220817,0.00688321130937951,0.00174627082525162
9,Conventional,Left,360.240425501075,0.00905257041378506,0.00225980266598668
9,Conventional,Left,426.667524875106,0.00975021549694964,0.00254476967828633
9,Conventional,Left,500.585303792335,0.00696686839717443,0.00173070882254165
9,Conventional,Left,582.838451853057,0.00429452579752179,0.00109783389118116
9,Conventional,Left,674.366910432351,0.00374435349294442,0.000897873946200225
9,Conventional,Left,776.216613786162,0.00774873458373178,0.00153426287279911
9,Conventional,Left,889.551441382679,0.0104964598114073,0.00152749466639709
9,Conventional,Left,1015.66651804335,0.0180231347853559,0.00310095986924471
9,Conventional,Left,1156.00301387982,0.035383640381052,0.00574297809219088
9,Conventional,Left,1312.16461315198,0.0590109360827692,0.00650179685155594
9,Conventional,Left,1485.93584024358,0.0890932132864314,0.0113309028463421
9,Conventional,Left,1679.30245217416,0.145312667788415,0.0205281578235838
9,Conventional,Left,1894.47413068111,0.216829551566882,0.0265454418414933
9,Conventional,Left,2133.90973318379,0.278745831927589,0.023268538039559
9,Conventional,Left,2400.34539118311,0.332153455799708,0.0236065807559599
9,Conventional,Left,2696.82577718896,0.378186140330743,0.0387948215275192
9,Conventional,Left,3026.73889747556,0.435059860062286,0.0554039348536507
9,Conventional,Left,3393.85480825658,0.486001661377124,0.0501098888075707
9,Conventional,Left,3802.36869770572,0.511141602938835,0.0445999900009864
9,Conventional,Left,4256.94882613932,0.540314013628698,0.0411126013536196
9,Conventional,Left,4762.78987219375,0.559374061231694,0.0465449949109649
9,Conventional,Left,5325.67229460656,0.578201075067673,0.0586624346863832
9,Conventional,Left,5952.02838795379,0.632941600408775,0.0751631175309288
9,Conventional,Left,6649.01578718983,0.652139655263467,0.0773265921290782
9,Conventional,Left,7424.59926095756,0.639856829353285,0.0819897440018445
9,Conventional,Left,8287.64172835503,0.676671009758796,0.0974097855445995
9,Conventional,Left,9248.00553924585,0.722509700802198,0.102772535498536
9,Conventional,Left,10316.6651754859,0.71091675589508,0.108700991497325
9,Conventional,Left,11505.8326609511,0.752535716872769,0.120533155922965
9,Conventional,Left,12829.0971134787,0.887328873930096,0.144441126031767
9,Conventional,Left,14301.580033442,0.992958178163857,0.155610226173585
9,Conventional,Left,15940.1081035055,1.0059558681958,0.143196324886202
9,Conventional,Left,17763.4054742165,0.971189085678435,0.148265446685584
9,Conventional,Left,19792.3077327617,1.08941356054362,0.177557874653988
9,Conventional,Right,49.9999999999997,0.0121938454293992,0.00300037477561983
9,Conventional,Right,81.4427085053407,0.0119839128782264,0.00298086100746587
9,Conventional,Right,116.431067138464,0.0101201187374489,0.0025331332149986
9,Conventional,Right,155.364902613614,0.00551669571156337,0.00134609751833484
9,Conventional,Right,198.689128271089,0.00405148060912098,0.00101556447307285
9,Conventional,Right,246.898828289411,0.00439160649561913,0.00117239663045994
9,Conventional,Right,300.544915220817,0.00686343608670426,0.00178653710115604
9,Conventional,Right,360.240425501075,0.00910263295145455,0.00234436452076793
9,Conventional,Right,426.667524875106,0.00984893727011055,0.00254288062996117
9,Conventional,Right,500.585303792335,0.0072898787575264,0.00181690336483063
9,Conventional,Right,582.838451853057,0.00469049699957372,0.00115453129134982
9,Conventional,Right,674.366910432351,0.00362642623680808,0.000873484128456092
9,Conventional,Right,776.216613786162,0.00755053668917624,0.00139996562895749
9,Conventional,Right,889.551441382679,0.0104551088799553,0.00139040705854099
9,Conventional,Right,1015.66651804335,0.0174740360104995,0.00286615805366579
9,Conventional,Right,1156.00301387982,0.034189947217475,0.00524875422240106
9,Conventional,Right,1312.16461315198,0.0567347478188415,0.00600631619061476
9,Conventional,Right,1485.93584024358,0.0853584042934376,0.010885373218257
9,Conventional,Right,1679.30245217416,0.139564177871289,0.0193730296122842
9,Conventional,Right,1894.47413068111,0.210980111354838,0.0242716192317829
9,Conventional,Right,2133.90973318379,0.273984089885383,0.0221639551351016
9,Conventional,Right,2400.34539118311,0.328538507670163,0.020150850895934
9,Conventional,Right,2696.82577718896,0.366745611332077,0.0348778544753467
9,Conventional,Right,3026.73889747556,0.419238917165951,0.0488062737590882
9,Conventional,Right,3393.85480825658,0.472655256710976,0.0422993051820173
9,Conventional,Right,3802.36869770572,0.509121722363443,0.0368030818296955
9,Conventional,Right,4256.94882613932,0.534935640894735,0.0352000953017692
9,Conventional,Right,4762.78987219375,0.543669368726228,0.0417032219599166
9,Conventional,Right,5325.67229460656,0.563514823317114,0.0521689123306533
9,Conventional,Right,5952.02838795379,0.617812511797236,0.0695116600369722
9,Conventional,Right,6649.01578718983,0.635469464686942,0.0731173331341673
9,Conventional,Right,7424.59926095756,0.625587363253208,0.079115890607301
9,Conventional,Right,8287.64172835503,0.670778957510577,0.0950291048226755
9,Conventional,Right,9248.00553924585,0.718875076104156,0.100452682667088
9,Conventional,Right,10316.6651754859,0.708435137328199,0.116580171393622
9,Conventional,Right,11505.8326609511,0.733967351244067,0.110713159419018
9,Conventional,Right,12829.0971134787,0.835164576044911,0.140877964730287
9,Conventional,Right,14301.580033442,0.926326013014764,0.156187611952886
9,Conventional,Right,15940.1081035055,0.913491086831688,0.142612647299648
9,Conventional,Right,17763.4054742165,0.891315922114712,0.137002926910633
9,Conventional,Right,19792.3077327617,1.03501941033597,0.179083588746977
9,MCA,Left,49.9999999999997,0.0119760979943945,0.00311359212587133
9,MCA,Left,81.4427085053407,0.0118062985839338,0.00317107249787824
9,MCA,Left,116.431067138464,0.00998328303803846,0.00274299689042735
9,MCA,Left,155.364902613614,0.00532332711297914,0.00140457837615801
9,MCA,Left,198.689128271089,0.0039179567872223,0.00110506795659028
9,MCA,Left,246.898828289411,0.00455290415864349,0.0013244182425296
9,MCA,Left,300.544915220817,0.00698432186057374,0.00180505116212615
9,MCA,Left,360.240425501075,0.00917994404905674,0.00233535963851756
9,MCA,Left,426.667524875106,0.00987633523607644,0.00262149471097585
9,MCA,Left,500.585303792335,0.00707723886427038,0.00178419303508422
9,MCA,Left,582.838451853057,0.0043458161666292,0.00110960400225282
9,MCA,Left,674.366910432351,0.00377956677882076,0.000925804426113164
9,MCA,Left,776.216613786162,0.00781938023006703,0.00158151453830265
9,MCA,Left,889.551441382679,0.0105602649593054,0.00155606022135772
9,MCA,Left,1015.66651804335,0.0180343881295572,0.00310265611667179
9,MCA,Left,1156.00301387982,0.0354076175905881,0.00574878583340273
9,MCA,Left,1312.16461315198,0.0590182332514348,0.00650733274932867
9,MCA,Left,1485.93584024358,0.0891006584678829,0.0113316053666996
9,MCA,Left,1679.30245217416,0.145324618206107,0.020533476279424
9,MCA,Left,1894.47413068111,0.216830567375401,0.026542806218495
9,MCA,Left,2133.90973318379,0.278752657021638,0.0232591085233047
9,MCA,Left,2400.34539118311,0.332205913634539,0.0236168096262442
9,MCA,Left,2696.82577718896,0.378333805995278,0.0388145264416992
9,MCA,Left,3026.73889747556,0.435378579821859,0.055490474596206
9,MCA,Left,3393.85480825658,0.486631688273369,0.0503477797906969
9,MCA,Left,3802.36869770572,0.511612917644734,0.0449558098291787
9,MCA,Left,4256.94882613932,0.531509833390391,0.0422174386085718
9,MCA,Left,4762.78987219375,0.527696906328357,0.0512421219126454
9,MCA,Left,5325.67229460656,0.526225525343354,0.0611496796317554
9,MCA,Left,5952.02838795379,0.534026458889059,0.0699564436306937
9,MCA,Left,6649.01578718983,0.547479132807416,0.0838583385618357
9,MCA,Left,7424.59926095756,0.574709294053801,0.0850278157629145
9,MCA,Left,8287.64172835503,0.643894385948934,0.107092361703648
9,MCA,Left,9248.00553924585,0.686960285595009,0.122520283457865
9,MCA,Left,10316.6651754859,0.643932103704364,0.120792788094097
9,MCA,Left,11505.8326609511,0.648130058275731,0.110005017897517
9,MCA,Left,12829.0971134787,0.719211799545516,0.118141276197774
9,MCA,Left,14301.580033442,0.777335841014547,0.128647167454383
9,MCA,Left,15940.1081035055,0.798859035041631,0.112410922927797
9,MCA,Left,17763.4054742165,0.782024635946989,0.0962986776034221
9,MCA,Left,19792.3077327617,0.873379053360285,0.124396422359373
9,MCA,Right,49.9999999999997,0.0123168213625311,0.00302969652434928
9,MCA,Right,81.4427085053407,0.0121045911775474,0.00301263159617528
9,MCA,Right,116.431067138464,0.0102278907709237,0.0025624802045826
9,MCA,Right,155.364902613614,0.00558174106693918,0.00135769488006861
9,MCA,Right,198.689128271089,0.00410472220808451,0.00102361745816437
9,MCA,Right,246.898828289411,0.00443679357672701,0.00118927508612799
9,MCA,Right,300.544915220817,0.00693072215560871,0.00181442271988609
9,MCA,Right,360.240425501075,0.00918933500512799,0.0023776755896602
9,MCA,Right,426.667524875106,0.00993528036398478,0.00257764415240116
9,MCA,Right,500.585303792335,0.00738194893953117,0.00183519715085191
9,MCA,Right,582.838451853057,0.00473931845046191,0.00115678793457366
9,MCA,Right,674.366910432351,0.00363765024625954,0.000885810971474422
9,MCA,Right,776.216613786162,0.00760087136491997,0.001423636648983
9,MCA,Right,889.551441382679,0.0105118674308185,0.00140213140311204
9,MCA,Right,1015.66651804335,0.0174803701564456,0.00286509133447531
9,MCA,Right,1156.00301387982,0.0342034048890308,0.00524848847873706
9,MCA,Right,1312.16461315198,0.0567448075522905,0.00600665536700145
9,MCA,Right,1485.93584024358,0.0853560799803018,0.0108864006217924
9,MCA,Right,1679.30245217416,0.139577148389435,0.0193810270397382
9,MCA,Right,1894.47413068111,0.210982532887147,0.0242682339865437
9,MCA,Right,2133.90973318379,0.273986869406712,0.0221599781630152
9,MCA,Right,2400.34539118311,0.328591088041964,0.0201625796726672
9,MCA,Right,2696.82577718896,0.366884629661878,0.0348885630777782
9,MCA,Right,3026.73889747556,0.419498014749814,0.0488645936955473
9,MCA,Right,3393.85480825658,0.473071978808888,0.0425480744807165
9,MCA,Right,3802.36869770572,0.508936343623844,0.0372971321787444
9,MCA,Right,4256.94882613932,0.524950395206095,0.037150378646516
9,MCA,Right,4762.78987219375,0.512111783492272,0.0501994687833844
9,MCA,Right,5325.67229460656,0.516655843044572,0.0625974624987844
9,MCA,Right,5952.02838795379,0.533197262966605,0.0648579293573793
9,MCA,Right,6649.01578718983,0.547776307273794,0.0719367342826049
9,MCA,Right,7424.59926095756,0.568488938700342,0.0872526472007776
9,MCA,Right,8287.64172835503,0.64205977061799,0.11426188960454
9,MCA,Right,9248.00553924585,0.683376332720418,0.122401076431759
9,MCA,Right,10316.6651754859,0.637629624905835,0.128413883871939
9,MCA,Right,11505.8326609511,0.626553442617127,0.0947092966319483
9,MCA,Right,12829.0971134787,0.683385181222209,0.121369652919928
9,MCA,Right,14301.580033442,0.751343497576023,0.134032419078837
9,MCA,Right,15940.1081035055,0.777228004797201,0.115710889541538
9,MCA,Right,17763.4054742165,0.783774942258453,0.105286077406923
9,MCA,Right,19792.3077327617,0.891371989152635,0.137813103248236
10,SH,Left,49.9999999999997,0.000189953877039022,4.49737717555233e-05
10,SH,Left,81.4427085053407,9.9842891762129e-05,2.23747576195028e-05
10,SH,Left,116.431067138464,0.000194093709986382,4.29989397560276e-05
10,SH,Left,155.364902613614,1.67283673137545e-05,1.45801613230891e-05
10,SH,Left,198.689128271089,9.78208352903724e-06,7.43884088866816e-06
10,SH,Left,246.898828289411,0.00156727673706548,0.00032572355572113
10,SH,Left,300.544915220817,0.000402032479275981,8.34748139503412e-05
10,SH,Left,360.240425501075,3.65877536672272e-05,1.11801504055467e-05
10,SH,Left,426.667524875106,2.63447134550526e-05,8.20609262547189e-06
10,SH,Left,500.585303792335,2.53587065791061e-05,1.38050995197309e-05
10,SH,Left,582.838451853057,2.26235039924113e-05,5.90383275375331e-06
10,SH,Left,674.366910432351,0.000231826598124674,4.66265544630262e-05
10,SH,Left,776.216613786162,0.000403377451956684,7.96748220474888e-05
10,SH,Left,889.551441382679,4.6881370345407e-05,1.20861538477221e-05
10,SH,Left,1015.66651804335,6.11239415992292e-05,1.4855267327593e-05
10,SH,Left,1156.00301387982,8.16688072601851e-05,2.05634117765306e-05
10,SH,Left,1312.16461315198,0.000126797150773875,3.17448323751619e-05
10,SH,Left,1485.93584024358,0.000197735870701522,5.17824010737029e-05
10,SH,Left,1679.30245217416,0.000755383480785497,0.000148530117515308
10,SH,Left,1894.47413068111,0.000742559780455358,0.000267675756222967
10,SH,Left,2133.90973318379,0.00180295890845872,0.000866406546244974
10,SH,Left,2400.34539118311,0.00509633833568966,0.00262072937128073
10,SH,Left,2696.82577718896,0.0148329906447241,0.0074025621669184
10,SH,Left,3026.73889747556,0.040251971790874,0.0174299603036405
10,SH,Left,3393.85480825658,0.0981867988271163,0.033473837842727
10,SH,Left,3802.36869770572,0.213150954509338,0.0553131409530294
10,SH,Left,4256.94882613932,0.417045738075242,0.0819826909494067
10,SH,Left,4762.78987219375,0.707384892367607,0.110961276066601
10,SH,Left,5325.67229460656,1.06622832983044,0.170302724251215
10,SH,Left,5952.02838795379,1.60036584040087,0.308353070292976
10,SH,Left,6649.01578718983,2.34388478308443,0.4155883735697
10,SH,Left,7424.59926095756,3.18913893007108,0.442906020999407
10,SH,Left,8287.64172835503,3.97428685615985,0.408881328267368
10,SH,Left,9248.00553924585,4.25545621453055,0.433242928504938
10,SH,Left,10316.6651754859,4.02787827811293,0.452219368376088
10,SH,Left,11505.8326609511,3.74595652028861,0.339936570541543
10,SH,Left,12829.0971134787,3.67256337503767,0.38685717311137
10,SH,Left,14301.580033442,3.84745629279971,0.457783647860004
10,SH,Left,15940.1081035055,4.08297895172378,0.390309109023844
10,SH,Left,17763.4054742165,4.16563408584252,0.327308746117747
10,SH,Left,19792.3077327617,4.00809028169436,0.344074160630405
10,SH,Right,49.9999999999997,0.000206514190138533,4.81250667209639e-05
10,SH,Right,81.4427085053407,0.00010421407471275,2.21770390678517e-05
10,SH,Right,116.431067138464,0.000197361165432727,4.21007520134922e-05
10,SH,Right,155.364902613614,1.50007131230634e-05,6.73372790893509e-06
10,SH,Right,198.689128271089,9.87603701906365e-06,4.29671033463218e-06
10,SH,Right,246.898828289411,0.00163371858009363,0.00034643608197242
10,SH,Right,300.544915220817,0.000417853309758915,8.83138085387737e-05
10,SH,Right,360.240425501075,3.70624778172059e-05,9.2641649229003e-06
10,SH,Right,426.667524875106,2.66795614426048e-05,9.27118909181164e-06
10,SH,Right,500.585303792335,2.56974885570716e-05,6.92941786797038e-06
10,SH,Right,582.838451853057,2.59905418606006e-05,7.0884997829274e-06
10,SH,Right,674.366910432351,0.000250782028552176,5.52296228647994e-05
10,SH,Right,776.216613786162,0.000426165218181181,8.99658099960264e-05
10,SH,Right,889.551441382679,5.37104081024787e-05,1.2929622534799e-05
10,SH,Right,1015.66651804335,7.30385211804133e-05,2.00829033538165e-05
10,SH,Right,1156.00301387982,9.90418451171909e-05,2.90017063715634e-05
10,SH,Right,1312.16461315198,0.000153684248471566,4.53263169936093e-05
10,SH,Right,1485.93584024358,0.000241175857496977,7.31373638469057e-05
10,SH,Right,1679.30245217416,0.000831195364009747,0.00019372217514961
10,SH,Right,1894.47413068111,0.000856568497393146,0.000316158968678596
10,SH,Right,2133.90973318379,0.00200029461978201,0.000927171033373488
10,SH,Right,2400.34539118311,0.00549989641157841,0.00280668256834042
10,SH,Right,2696.82577718896,0.0156204310588878,0.00771715433150747
10,SH,Right,3026.73889747556,0.0423624835721158,0.0181343916389803
10,SH,Right,3393.85480825658,0.104770773065411,0.0362710052917514
10,SH,Right,3802.36869770572,0.235874379841399,0.066936503972713
10,SH,Right,4256.94882613932,0.474603793442859,0.110874135877795
10,SH,Right,4762.78987219375,0.819890976336971,0.164923458955538
10,SH,Right,5325.67229460656,1.24835446119926,0.254558148968339
10,SH,Right,5952.02838795379,1.86585888866004,0.402092701865834
10,SH,Right,6649.01578718983,2.64899787152039,0.470589943494893
10,SH,Right,7424.59926095756,3.51540644520034,0.464929589454871
10,SH,Right,8287.64172835503,4.25383976255974,0.411285907052601
10,SH,Right,9248.00553924585,4.4281261905381,0.423705964516382
10,SH,Right,10316.6651754859,4.0943726581664,0.429369597353897
10,SH,Right,11505.8326609511,3.7225545283156,0.319428095826992
10,SH,Right,12829.0971134787,3.59494665574977,0.348988992266817
10,SH,Right,14301.580033442,3.78852115272565,0.444257383109477
10,SH,Right,15940.1081035055,4.0247556090096,0.413015208326986
10,SH,Right,17763.4054742165,4.09335343923786,0.354264444060986
10,SH,Right,19792.3077327617,3.81557047057451,0.353038034463153
10,Conventional,Left,49.9999999999997,0.0113289323172299,0.00286025799746364
10,Conventional,Left,81.4427085053407,0.0111575171306092,0.00289901438320296
10,Conventional,Left,116.431067138464,0.0094305290649914,0.00249423051804986
10,Conventional,Left,155.364902613614,0.00503210741086055,0.00126060416891084
10,Conventional,Left,198.689128271089,0.00368574426404589,0.000994262465660183
10,Conventional,Left,246.898828289411,0.00428111429102839,0.00125167078277157
10,Conventional,Left,300.544915220817,0.00661828522937185,0.00173242451153638
10,Conventional,Left,360.240425501075,0.00872963514402924,0.00220167028516035
10,Conventional,Left,426.667524875106,0.00941208058920262,0.00242114908102581
10,Conventional,Left,500.585303792335,0.00667654059219349,0.00160963373464976
10,Conventional,Left,582.838451853057,0.00408530353465003,0.000985917490015909
10,Conventional,Left,674.366910432351,0.00343750159978098,0.000928759019309058
10,Conventional,Left,776.216613786162,0.00633645243619657,0.00147384036575778
10,Conventional,Left,889.551441382679,0.0075882836766513,0.00125705144061097
10,Conventional,Left,1015.66651804335,0.0110876109026856,0.00158928303293439
10,Conventional,Left,1156.00301387982,0.0221655308852987,0.00345318918272182
10,Conventional,Left,1312.16461315198,0.0413275703336978,0.00615020769952409
10,Conventional,Left,1485.93584024358,0.0698221216009533,0.00843619797533792
10,Conventional,Left,1679.30245217416,0.116428146111743,0.0148973110060751
10,Conventional,Left,1894.47413068111,0.169326748219512,0.0163433916345849
10,Conventional,Left,2133.90973318379,0.207082548728047,0.0144727218293939
10,Conventional,Left,2400.34539118311,0.258938257853197,0.021533705406892
10,Conventional,Left,2696.82577718896,0.36677176801716,0.0392156999793779
10,Conventional,Left,3026.73889747556,0.486774565854375,0.0431975744686361
10,Conventional,Left,3393.85480825658,0.541182174729304,0.0379532814716426
10,Conventional,Left,3802.36869770572,0.54074340457523,0.0372910078855858
10,Conventional,Left,4256.94882613932,0.555179328540629,0.0439741693861739
10,Conventional,Left,4762.78987219375,0.600643386694679,0.0443421340079059
10,Conventional,Left,5325.67229460656,0.611745999775565,0.0589233382844443
10,Conventional,Left,5952.02838795379,0.55987632831177,0.0521245167985171
10,Conventional,Left,6649.01578718983,0.517355894349313,0.0589128518879652
10,Conventional,Left,7424.59926095756,0.522949218306013,0.0717800174172843
10,Conventional,Left,8287.64172835503,0.58135994475277,0.0885495998378011
10,Conventional,Left,9248.00553924585,0.634820853020503,0.100992220022757
10,Conventional,Left,10316.6651754859,0.631899612673321,0.10064353456426
10,Conventional,Left,11505.8326609511,0.68543840253325,0.112818413726554
10,Conventional,Left,12829.0971134787,0.790354625139376,0.135793792369366
10,Conventional,Left,14301.580033442,0.868476570015435,0.137030201379891
10,Conventional,Left,15940.1081035055,0.876848970874816,0.121228117194188
10,Conventional,Left,17763.4054742165,0.840700419330072,0.111671504142125
10,Conventional,Left,19792.3077327617,0.953305143585505,0.151499196796039
10,Conventional,Right,49.9999999999997,0.0112973763973871,0.00278274085318194
10,Conventional,Right,81.4427085053407,0.0110966841237696,0.00275961716726198
10,Conventional,Right,116.431067138464,0.00936833076346464,0.00233100735240516
10,Conventional,Right,155.364902613614,0.00510731818730438,0.00123263229409375
10,Conventional,Right,198.689128271089,0.00375807075931552,0.000931621595495445
10,Conventional,Right,246.898828289411,0.00409228157850493,0.00114917130117484
10,Conventional,Right,300.544915220817,0.00640557420126235,0.00170342337436792
10,Conventional,Right,360.240425501075,0.00849430528834117,0.00222965388169252
10,Conventional,Right,426.667524875106,0.00921166036409174,0.00243260565228672
10,Conventional,Right,500.585303792335,0.00675660170159212,0.00168895317799873
10,Conventional,Right,582.838451853057,0.0042985679491988,0.00104206645251745
10,Conventional,Right,674.366910432351,0.00324884759820844,0.000881993703592504
10,Conventional,Right,776.216613786162,0.0060537032306021,0.00142173767688225
10,Conventional,Right,889.551441382679,0.00757022878329758,0.00115204615130462
10,Conventional,Right,1015.66651804335,0.0107892928934262,0.00147734100378541
10,Conventional,Right,1156.00301387982,0.0214013994214458,0.0031259484156242
10,Conventional,Right,1312.16461315198,0.0397204145615443,0.00571065866700466
10,Conventional,Right,1485.93584024358,0.0676370226182056,0.00804204444146809
10,Conventional,Right,1679.30245217416,0.113678770245512,0.0135722497705377
10,Conventional,Right,1894.47413068111,0.161472531168925,0.0146500207620461
10,Conventional,Right,2133.90973318379,0.196677390547455,0.0139206974016213
10,Conventional,Right,2400.34539118311,0.255617354335847,0.0233391115839492
10,Conventional,Right,2696.82577718896,0.369121417337281,0.0399025276282124
10,Conventional,Right,3026.73889747556,0.471813195315392,0.0412588998295577
10,Conventional,Right,3393.85480825658,0.512407055797432,0.0374272226945441
10,Conventional,Right,3802.36869770572,0.512075944875785,0.0350675822087264
10,Conventional,Right,4256.94882613932,0.533230890603173,0.0384725752566848
10,Conventional,Right,4762.78987219375,0.611258561775097,0.0542010812951586
10,Conventional,Right,5325.67229460656,0.615886986422733,0.0565396006442262
10,Conventional,Right,5952.02838795379,0.549186660038676,0.0521432506436196
10,Conventional,Right,6649.01578718983,0.510020675488576,0.0512936016703945
10,Conventional,Right,7424.59926095756,0.522513737271159,0.0688580649871406
10,Conventional,Right,8287.64172835503,0.589453565431028,0.0916103711090687
10,Conventional,Right,9248.00553924585,0.638625043066292,0.104810877692591
10,Conventional,Right,10316.6651754859,0.623580152081402,0.116693277671398
10,Conventional,Right,11505.8326609511,0.664108920289877,0.106582260306507
10,Conventional,Right,12829.0971134787,0.748360353904751,0.129947710627493
10,Conventional,Right,14301.580033442,0.818593016247737,0.13389854018049
10,Conventional,Right,15940.1081035055,0.798361192264378,0.113241315733549
10,Conventional,Right,17763.4054742165,0.779129855431,0.111167463876789
10,Conventional,Right,19792.3077327617,0.913939962606868,0.168550409655261
10,MCA,Left,49.9999999999997,0.0114572009150959,0.0029035371088088
10,MCA,Left,81.4427085053407,0.0112856717218544,0.0029437828414112
10,MCA,Left,116.431067138464,0.00954717565113284,0.00253264382643307
10,MCA,Left,155.364902613614,0.00509916033780183,0.00127741962236977
10,MCA,Left,198.689128271089,0.00374975670611037,0.00102212838969041
10,MCA,Left,246.898828289411,0.00435814769992858,0.00127883771975563
10,MCA,Left,300.544915220817,0.00671078219835123,0.00176934341550353
10,MCA,Left,360.240425501075,0.00883417392096289,0.00224012044044127
10,MCA,Left,426.667524875106,0.00950045998420137,0.00245903203304215
10,MCA,Left,500.585303792335,0.0067703339374765,0.00163751407698506
10,MCA,Left,582.838451853057,0.00414336765615099,0.000999338865436591
10,MCA,Left,674.366910432351,0.00346554270038664,0.000942817137481053
10,MCA,Left,776.216613786162,0.0063911003291913,0.0015010974540722
10,MCA,Left,889.551441382679,0.00763613309912421,0.00126888974693233
10,MCA,Left,1015.66651804335,0.0110992091414985,0.00158788293995301
10,MCA,Left,1156.00301387982,0.022188324645643,0.00345363356576723
10,MCA,Left,1312.16461315198,0.0413350517948178,0.00614660518624023
10,MCA,Left,1485.93584024358,0.0698188384264325,0.00843823820058399
10,MCA,Left,1679.30245217416,0.116420487803039,0.0148956179618358
10,MCA,Left,1894.47413068111,0.169311667710102,0.0163402914271895
10,MCA,Left,2133.90973318379,0.207076645820792,0.0144758674015636
10,MCA,Left,2400.34539118311,0.259000478668045,0.0215453054181592
10,MCA,Left,2696.82577718896,0.366959636191595,0.0392265756349978
10,MCA,Left,3026.73889747556,0.487195423529865,0.0432207409668486
10,MCA,Left,3393.85480825658,0.541993720698384,0.0380470867030504
10,MCA,Left,3802.36869770572,0.541794642912824,0.0374215561184961
10,MCA,Left,4256.94882613932,0.553627860762551,0.044363215055382
10,MCA,Left,4762.78987219375,0.572644895918549,0.0432546925336935
10,MCA,Left,5325.67229460656,0.513652324944831,0.0554160013768649
10,MCA,Left,5952.02838795379,0.467476175347556,0.0657769288943998
10,MCA,Left,6649.01578718983,0.486324981010261,0.0819611496326708
10,MCA,Left,7424.59926095756,0.514844600735197,0.0807372216109301
10,MCA,Left,8287.64172835503,0.575644207363505,0.100065264564206
10,MCA,Left,9248.00553924585,0.614527953514053,0.115761393114341
10,MCA,Left,10316.6651754859,0.577797284326261,0.111498647938888
10,MCA,Left,11505.8326609511,0.580610175940015,0.10403055234149
10,MCA,Left,12829.0971134787,0.645507969406833,0.113442856451986
10,MCA,Left,14301.580033442,0.701374943145693,0.116845820848339
10,MCA,Left,15940.1081035055,0.709687620834306,0.0962749836194046
10,MCA,Left,17763.4054742165,0.679048276386806,0.0838611007070601
10,MCA,Left,19792.3077327617,0.783291143888531,0.121572052453831
10,MCA,Right,49.9999999999997,0.0114232830348976,0.00280652896773929
10,MCA,Right,81.4427085053407,0.0112205287139118,0.00278491247138569
10,MCA,Right,116.431067138464,0.00948038490362191,0.00235286680818757
10,MCA,Right,155.364902613614,0.00517697963764454,0.0012406833661225
10,MCA,Right,198.689128271089,0.00382374293850977,0.000949477904219149
10,MCA,Right,246.898828289411,0.00416742654598353,0.00116508523274666
10,MCA,Right,300.544915220817,0.00649331126482416,0.00172787599283725
10,MCA,Right,360.240425501075,0.00859004817308803,0.00225130689035
10,MCA,Right,426.667524875106,0.00929049663999378,0.00245202790701434
10,MCA,Right,500.585303792335,0.00685193481730548,0.00170358925021868
10,MCA,Right,582.838451853057,0.00436407870679606,0.00105527745285941
10,MCA,Right,674.366910432351,0.00326736590801017,0.000892237957343115
10,MCA,Right,776.216613786162,0.00610420477736919,0.00143580017766012
10,MCA,Right,889.551441382679,0.00761577510642158,0.00115989795913558
10,MCA,Right,1015.66651804335,0.0108052527133589,0.00147691085018033
10,MCA,Right,1156.00301387982,0.0214191236952201,0.00312238236227701
10,MCA,Right,1312.16461315198,0.0397328023223858,0.00571217193462671
10,MCA,Right,1485.93584024358,0.0676329044818632,0.00804058632712023
10,MCA,Right,1679.30245217416,0.113667669592284,0.0135702638225611
10,MCA,Right,1894.47413068111,0.161459469739417,0.0146471671104581
10,MCA,Right,2133.90973318379,0.196678360486179,0.0139268502892703
10,MCA,Right,2400.34539118311,0.255679007462607,0.0233543447658864
10,MCA,Right,2696.82577718896,0.369312277095239,0.0399232959800544
10,MCA,Right,3026.73889747556,0.472251391687687,0.0413111769388959
10,MCA,Right,3393.85480825658,0.513274265038521,0.0374796161105046
10,MCA,Right,3802.36869770572,0.513093768595569,0.0352085409962134
10,MCA,Right,4256.94882613932,0.531244897707064,0.0376556960455657
10,MCA,Right,4762.78987219375,0.580260065618989,0.0478950508472538
10,MCA,Right,5325.67229460656,0.516623279221417,0.0513849643551441
10,MCA,Right,5952.02838795379,0.458091758119225,0.0566292096567452
10,MCA,Right,6649.01578718983,0.477890322778956,0.0665207036154308
10,MCA,Right,7424.59926095756,0.509027453783552,0.0753295885331803
10,MCA,Right,8287.64172835503,0.576657822153909,0.107773168673677
10,MCA,Right,9248.00553924585,0.614676822270454,0.115697982371626
10,MCA,Right,10316.6651754859,0.571890433514056,0.11748186914121
10,MCA,Right,11505.8326609511,0.561216273058661,0.0898525925459708
10,MCA,Right,12829.0971134787,0.609928597701895,0.10361187222881
10,MCA,Right,14301.580033442,0.675944925862954,0.113479444426379
10,MCA,Right,15940.1081035055,0.679140040295764,0.103103821602413
10,MCA,Right,17763.4054742165,0.677792357536294,0.0965535152914777
10,MCA,Right,19792.3077327617,0.78829655556198,0.136175919602231
